  0
SECTION
  2
HEADER
  9
$ACADVER
  1
AC1024
  9
$ACADMAINTVER
 70
6
  9
$DWGCODEPAGE
  3
ANSI_1252
  9
$LASTSAVEDBY
  1
ezdxf
  9
$INSBASE
 10
0.0
 20
0.0
 30
0.0
  9
$EXTMIN
 10
1e+20
 20
1e+20
 30
1e+20
  9
$EXTMAX
 10
-1e+20
 20
-1e+20
 30
-1e+20
  9
$LIMMIN
 10
0.0
 20
0.0
  9
$LIMMAX
 10
420.0
 20
297.0
  9
$ORTHOMODE
 70
0
  9
$REGENMODE
 70
1
  9
$FILLMODE
 70
1
  9
$QTEXTMODE
 70
0
  9
$MIRRTEXT
 70
1
  9
$LTSCALE
 40
1.0
  9
$ATTMODE
 70
1
  9
$TEXTSIZE
 40
2.5
  9
$TRACEWID
 40
1.0
  9
$TEXTSTYLE
  7
OpenSans
  9
$CLAYER
  8
0
  9
$CELTYPE
  6
ByLayer
  9
$CECOLOR
 62
256
  9
$CELTSCALE
 40
1.0
  9
$DISPSILH
 70
0
  9
$DIMSCALE
 40
1.0
  9
$DIMASZ
 40
0.175
  9
$DIMEXO
 40
0.125
  9
$DIMDLI
 40
3.75
  9
$DIMRND
 40
0.0
  9
$DIMDLE
 40
0.0
  9
$DIMEXE
 40
0.375
  9
$DIMTP
 40
0.0
  9
$DIMTM
 40
0.0
  9
$DIMTXT
 40
0.25
  9
$DIMCEN
 40
2.5
  9
$DIMTSZ
 40
0.0
  9
$DIMTOL
 70
0
  9
$DIMLIM
 70
0
  9
$DIMTIH
 70
0
  9
$DIMTOH
 70
0
  9
$DIMSE1
 70
0
  9
$DIMSE2
 70
0
  9
$DIMTAD
 70
1
  9
$DIMZIN
 70
12
  9
$DIMBLK
  1
ARCHTICK
  9
$DIMASO
 70
1
  9
$DIMSHO
 70
1
  9
$DIMPOST
  1

  9
$DIMAPOST
  1

  9
$DIMALT
 70
0
  9
$DIMALTD
 70
3
  9
$DIMALTF
 40
0.03937007874
  9
$DIMLFAC
 40
100.0
  9
$DIMTOFL
 70
1
  9
$DIMTVP
 40
0.0
  9
$DIMTIX
 70
0
  9
$DIMSOXD
 70
0
  9
$DIMSAH
 70
0
  9
$DIMBLK1
  1

  9
$DIMBLK2
  1

  9
$DIMSTYLE
  2
EZDXF
  9
$DIMCLRD
 70
0
  9
$DIMCLRE
 70
0
  9
$DIMCLRT
 70
0
  9
$DIMTFAC
 40
0.5
  9
$DIMGAP
 40
0.1
  9
$DIMJUST
 70
0
  9
$DIMSD1
 70
0
  9
$DIMSD2
 70
0
  9
$DIMTOLJ
 70
0
  9
$DIMTZIN
 70
8
  9
$DIMALTZ
 70
0
  9
$DIMALTTZ
 70
0
  9
$DIMUPT
 70
1
  9
$DIMDEC
 70
2
  9
$DIMTDEC
 70
2
  9
$DIMALTU
 70
2
  9
$DIMALTTD
 70
3
  9
$DIMTXSTY
  7
OpenSansCondensed-Light
  9
$DIMAUNIT
 70
0
  9
$DIMADEC
 70
2
  9
$DIMALTRND
 40
0.0
  9
$DIMAZIN
 70
3
  9
$DIMDSEP
 70
46
  9
$DIMATFIT
 70
3
  9
$DIMFRAC
 70
0
  9
$DIMLDRBLK
  1

  9
$DIMLUNIT
 70
2
  9
$DIMLWD
 70
-2
  9
$DIMLWE
 70
-2
  9
$DIMTMOVE
 70
2
  9
$DIMFXL
 40
1.0
  9
$DIMFXLON
 70
0
  9
$DIMJOGANG
 40
0.785398163397
  9
$DIMTFILL
 70
0
  9
$DIMTFILLCLR
 70
0
  9
$DIMARCSYM
 70
0
  9
$DIMLTYPE
  6

  9
$DIMLTEX1
  6

  9
$DIMLTEX2
  6

  9
$DIMTXTDIRECTION
 70
0
  9
$LUNITS
 70
2
  9
$LUPREC
 70
4
  9
$SKETCHINC
 40
1.0
  9
$FILLETRAD
 40
10.0
  9
$AUNITS
 70
0
  9
$AUPREC
 70
2
  9
$MENU
  1
.
  9
$ELEVATION
 40
0.0
  9
$PELEVATION
 40
0.0
  9
$THICKNESS
 40
0.0
  9
$LIMCHECK
 70
0
  9
$CHAMFERA
 40
0.0
  9
$CHAMFERB
 40
0.0
  9
$CHAMFERC
 40
0.0
  9
$CHAMFERD
 40
0.0
  9
$SKPOLY
 70
0
  9
$TDCREATE
 40
2461301.653796296
  9
$TDUCREATE
 40
2458532.153996898
  9
$TDUPDATE
 40
2461301.653796296
  9
$TDUUPDATE
 40
2458532.1544311
  9
$TDINDWG
 40
0.0
  9
$TDUSRTIMER
 40
0.0
  9
$USRTIMER
 70
1
  9
$ANGBASE
 50
0.0
  9
$ANGDIR
 70
0
  9
$PDMODE
 70
0
  9
$PDSIZE
 40
0.0
  9
$PLINEWID
 40
0.0
  9
$SPLFRAME
 70
0
  9
$SPLINETYPE
 70
6
  9
$SPLINESEGS
 70
8
  9
$HANDSEED
  5
96D
  9
$SURFTAB1
 70
6
  9
$SURFTAB2
 70
6
  9
$SURFTYPE
 70
6
  9
$SURFU
 70
6
  9
$SURFV
 70
6
  9
$UCSBASE
  2

  9
$UCSNAME
  2

  9
$UCSORG
 10
0.0
 20
0.0
 30
0.0
  9
$UCSXDIR
 10
1.0
 20
0.0
 30
0.0
  9
$UCSYDIR
 10
0.0
 20
1.0
 30
0.0
  9
$UCSORTHOREF
  2

  9
$UCSORTHOVIEW
 70
0
  9
$UCSORGTOP
 10
0.0
 20
0.0
 30
0.0
  9
$UCSORGBOTTOM
 10
0.0
 20
0.0
 30
0.0
  9
$UCSORGLEFT
 10
0.0
 20
0.0
 30
0.0
  9
$UCSORGRIGHT
 10
0.0
 20
0.0
 30
0.0
  9
$UCSORGFRONT
 10
0.0
 20
0.0
 30
0.0
  9
$UCSORGBACK
 10
0.0
 20
0.0
 30
0.0
  9
$PUCSBASE
  2

  9
$PUCSNAME
  2

  9
$PUCSORG
 10
0.0
 20
0.0
 30
0.0
  9
$PUCSXDIR
 10
1.0
 20
0.0
 30
0.0
  9
$PUCSYDIR
 10
0.0
 20
1.0
 30
0.0
  9
$PUCSORTHOREF
  2

  9
$PUCSORTHOVIEW
 70
0
  9
$PUCSORGTOP
 10
0.0
 20
0.0
 30
0.0
  9
$PUCSORGBOTTOM
 10
0.0
 20
0.0
 30
0.0
  9
$PUCSORGLEFT
 10
0.0
 20
0.0
 30
0.0
  9
$PUCSORGRIGHT
 10
0.0
 20
0.0
 30
0.0
  9
$PUCSORGFRONT
 10
0.0
 20
0.0
 30
0.0
  9
$PUCSORGBACK
 10
0.0
 20
0.0
 30
0.0
  9
$USERI1
 70
0
  9
$USERI2
 70
0
  9
$USERI3
 70
0
  9
$USERI4
 70
0
  9
$USERI5
 70
0
  9
$USERR1
 40
0.0
  9
$USERR2
 40
0.0
  9
$USERR3
 40
0.0
  9
$USERR4
 40
0.0
  9
$USERR5
 40
0.0
  9
$WORLDVIEW
 70
1
  9
$SHADEDGE
 70
3
  9
$SHADEDIF
 70
70
  9
$TILEMODE
 70
1
  9
$MAXACTVP
 70
64
  9
$PINSBASE
 10
0.0
 20
0.0
 30
0.0
  9
$PLIMCHECK
 70
0
  9
$PEXTMIN
 10
1e+20
 20
1e+20
 30
1e+20
  9
$PEXTMAX
 10
-1e+20
 20
-1e+20
 30
-1e+20
  9
$PLIMMIN
 10
0.0
 20
0.0
  9
$PLIMMAX
 10
420.0
 20
297.0
  9
$UNITMODE
 70
0
  9
$VISRETAIN
 70
1
  9
$PLINEGEN
 70
0
  9
$PSLTSCALE
 70
1
  9
$TREEDEPTH
 70
3020
  9
$CMLSTYLE
  2
Standard
  9
$CMLJUST
 70
0
  9
$CMLSCALE
 40
20.0
  9
$PROXYGRAPHICS
 70
1
  9
$MEASUREMENT
 70
1
  9
$CELWEIGHT
370
-1
  9
$ENDCAPS
280
0
  9
$JOINSTYLE
280
0
  9
$LWDISPLAY
290
0
  9
$INSUNITS
 70
6
  9
$HYPERLINKBASE
  1

  9
$STYLESHEET
  1

  9
$XEDIT
290
1
  9
$CEPSNTYPE
380
0
  9
$PSTYLEMODE
290
1
  9
$FINGERPRINTGUID
  2
{922E3B24-DF06-43A5-B199-FE900E863806}
  9
$VERSIONGUID
  2
{0F8C768D-7A29-48CF-8699-6F5C65C22E44}
  9
$EXTNAMES
290
1
  9
$PSVPSCALE
 40
0.0
  9
$OLESTARTUP
290
0
  9
$SORTENTS
280
127
  9
$INDEXCTL
280
0
  9
$HIDETEXT
280
1
  9
$XCLIPFRAME
280
1
  9
$HALOGAP
280
0
  9
$OBSCOLOR
 70
257
  9
$OBSLTYPE
280
0
  9
$INTERSECTIONDISPLAY
280
0
  9
$INTERSECTIONCOLOR
 70
257
  9
$DIMASSOC
280
2
  9
$PROJECTNAME
  1

  9
$CAMERADISPLAY
290
0
  9
$LENSLENGTH
 40
50.0
  9
$CAMERAHEIGHT
 40
0.0
  9
$STEPSPERSEC
 40
24.0
  9
$STEPSIZE
 40
100.0
  9
$3DDWFPREC
 40
2.0
  9
$PSOLWIDTH
 40
0.005
  9
$PSOLHEIGHT
 40
0.08
  9
$LOFTANG1
 40
1.570796326795
  9
$LOFTANG2
 40
1.570796326795
  9
$LOFTMAG1
 40
0.0
  9
$LOFTMAG2
 40
0.0
  9
$LOFTPARAM
 70
7
  9
$LOFTNORMALS
280
1
  9
$LATITUDE
 40
37.795
  9
$LONGITUDE
 40
-122.394
  9
$NORTHDIRECTION
 40
0.0
  9
$TIMEZONE
 70
-8000
  9
$LIGHTGLYPHDISPLAY
280
1
  9
$TILEMODELIGHTSYNCH
280
1
  9
$CMATERIAL
347
20
  9
$SOLIDHIST
280
0
  9
$SHOWHIST
280
1
  9
$DWFFRAME
280
2
  9
$DGNFRAME
280
2
  9
$REALWORLDSCALE
290
1
  9
$INTERFERECOLOR
 62
256
  9
$CSHADOW
280
0
  9
$SHADOWPLANELOCATION
 40
0.0
  0
ENDSEC
  0
SECTION
  2
CLASSES
  0
CLASS
  1
ACDBDICTIONARYWDFLT
  2
AcDbDictionaryWithDefault
  3
ObjectDBX Classes
 90
0
 91
0
280
0
281
0
  0
CLASS
  1
SUN
  2
AcDbSun
  3
SCENEOE
 90
1153
 91
0
280
0
281
0
  0
CLASS
  1
VISUALSTYLE
  2
AcDbVisualStyle
  3
ObjectDBX Classes
 90
4095
 91
0
280
0
281
0
  0
CLASS
  1
MATERIAL
  2
AcDbMaterial
  3
ObjectDBX Classes
 90
1153
 91
0
280
0
281
0
  0
CLASS
  1
SCALE
  2
AcDbScale
  3
ObjectDBX Classes
 90
1153
 91
0
280
0
281
0
  0
CLASS
  1
TABLESTYLE
  2
AcDbTableStyle
  3
ObjectDBX Classes
 90
4095
 91
0
280
0
281
0
  0
CLASS
  1
MLEADERSTYLE
  2
AcDbMLeaderStyle
  3
ACDB_MLEADERSTYLE_CLASS
 90
4095
 91
0
280
0
281
0
  0
CLASS
  1
DICTIONARYVAR
  2
AcDbDictionaryVar
  3
ObjectDBX Classes
 90
0
 91
0
280
0
281
0
  0
CLASS
  1
CELLSTYLEMAP
  2
AcDbCellStyleMap
  3
ObjectDBX Classes
 90
1152
 91
0
280
0
281
0
  0
CLASS
  1
MENTALRAYRENDERSETTINGS
  2
AcDbMentalRayRenderSettings
  3
SCENEOE
 90
1024
 91
0
280
0
281
0
  0
CLASS
  1
ACDBDETAILVIEWSTYLE
  2
AcDbDetailViewStyle
  3
ObjectDBX Classes
 90
1025
 91
0
280
0
281
0
  0
CLASS
  1
ACDBSECTIONVIEWSTYLE
  2
AcDbSectionViewStyle
  3
ObjectDBX Classes
 90
1025
 91
0
280
0
281
0
  0
CLASS
  1
RASTERVARIABLES
  2
AcDbRasterVariables
  3
ISM
 90
0
 91
0
280
0
281
0
  0
CLASS
  1
ACDBPLACEHOLDER
  2
AcDbPlaceHolder
  3
ObjectDBX Classes
 90
0
 91
0
280
0
281
0
  0
CLASS
  1
LAYOUT
  2
AcDbLayout
  3
ObjectDBX Classes
 90
0
 91
0
280
0
281
0
  0
ENDSEC
  0
SECTION
  2
TABLES
  0
TABLE
  2
VPORT
  5
8
330
0
100
AcDbSymbolTable
 70
1
  0
VPORT
  5
23
330
8
100
AcDbSymbolTableRecord
100
AcDbViewportTableRecord
  2
*Active
 70
0
 10
0.0
 20
0.0
 11
1.0
 21
1.0
 12
0.0
 22
0.0
 13
0.0
 23
0.0
 14
0.5
 24
0.5
 15
0.5
 25
0.5
 16
0.0
 26
0.0
 36
1.0
 17
0.0
 27
0.0
 37
0.0
 40
1000.0
 41
1.34
 42
50.0
 43
0.0
 44
0.0
 50
0.0
 51
0.0
 71
0
 72
1000
 73
1
 74
3
 75
0
 76
0
 77
0
 78
0
281
0
 65
0
146
0.0
  0
ENDTAB
  0
TABLE
  2
LTYPE
  5
2
330
0
100
AcDbSymbolTable
 70
21
  0
LTYPE
  5
24
330
2
100
AcDbSymbolTableRecord
100
AcDbLinetypeTableRecord
  2
ByBlock
 70
0
  3

 72
65
 73
0
 40
0.0
  0
LTYPE
  5
25
330
2
100
AcDbSymbolTableRecord
100
AcDbLinetypeTableRecord
  2
ByLayer
 70
0
  3

 72
65
 73
0
 40
0.0
  0
LTYPE
  5
26
330
2
100
AcDbSymbolTableRecord
100
AcDbLinetypeTableRecord
  2
Continuous
 70
0
  3

 72
65
 73
0
 40
0.0
  0
LTYPE
  5
2F
330
2
100
AcDbSymbolTableRecord
100
AcDbLinetypeTableRecord
  2
CENTER
 70
0
  3
Center ____ _ ____ _ ____ _ ____ _ ____ _ ____
 72
65
 73
4
 40
5.08
 49
3.175
 74
0
 49
-0.635
 74
0
 49
0.635
 74
0
 49
-0.635
 74
0
  0
LTYPE
  5
30
330
2
100
AcDbSymbolTableRecord
100
AcDbLinetypeTableRecord
  2
CENTERX2
 70
0
  3
Center (2x) ________  __  ________  __  ________
 72
65
 73
4
 40
8.89
 49
6.35
 74
0
 49
-0.635
 74
0
 49
1.27
 74
0
 49
-0.635
 74
0
  0
LTYPE
  5
31
330
2
100
AcDbSymbolTableRecord
100
AcDbLinetypeTableRecord
  2
CENTER2
 70
0
  3
Center (.5x) ____ _ ____ _ ____ _ ____ _ ____
 72
65
 73
4
 40
2.54
 49
1.587
 74
0
 49
-0.318
 74
0
 49
0.318
 74
0
 49
-0.318
 74
0
  0
LTYPE
  5
32
330
2
100
AcDbSymbolTableRecord
100
AcDbLinetypeTableRecord
  2
DASHED
 70
0
  3
Dashed __ __ __ __ __ __ __ __ __ __ __ __ __ _
 72
65
 73
2
 40
1.524
 49
1.27
 74
0
 49
-0.254
 74
0
  0
LTYPE
  5
33
330
2
100
AcDbSymbolTableRecord
100
AcDbLinetypeTableRecord
  2
DASHEDX2
 70
0
  3
Dashed (2x) ____  ____  ____  ____  ____  ____
 72
65
 73
2
 40
3.048
 49
2.54
 74
0
 49
-0.508
 74
0
  0
LTYPE
  5
34
330
2
100
AcDbSymbolTableRecord
100
AcDbLinetypeTableRecord
  2
DASHED2
 70
0
  3
Dashed (.5x) _ _ _ _ _ _ _ _ _ _ _ _ _ _
 72
65
 73
2
 40
0.762
 49
0.635
 74
0
 49
-0.127
 74
0
  0
LTYPE
  5
35
330
2
100
AcDbSymbolTableRecord
100
AcDbLinetypeTableRecord
  2
PHANTOM
 70
0
  3
Phantom ______  __  __  ______  __  __  ______
 72
65
 73
6
 40
6.35
 49
3.175
 74
0
 49
-0.635
 74
0
 49
0.635
 74
0
 49
-0.635
 74
0
 49
0.635
 74
0
 49
-0.635
 74
0
  0
LTYPE
  5
36
330
2
100
AcDbSymbolTableRecord
100
AcDbLinetypeTableRecord
  2
PHANTOMX2
 70
0
  3
Phantom (2x)____________    ____    ____    ____________
 72
65
 73
6
 40
10.795
 49
6.35
 74
0
 49
-0.635
 74
0
 49
1.27
 74
0
 49
-0.635
 74
0
 49
1.27
 74
0
 49
-0.635
 74
0
  0
LTYPE
  5
37
330
2
100
AcDbSymbolTableRecord
100
AcDbLinetypeTableRecord
  2
PHANTOM2
 70
0
  3
Phantom (.5x) ___ _ _ ___ _ _ ___ _ _ ___ _ _ ___
 72
65
 73
6
 40
3.175
 49
1.587
 74
0
 49
-0.318
 74
0
 49
0.318
 74
0
 49
-0.318
 74
0
 49
0.318
 74
0
 49
-0.318
 74
0
  0
LTYPE
  5
38
330
2
100
AcDbSymbolTableRecord
100
AcDbLinetypeTableRecord
  2
DASHDOT
 70
0
  3
Dash dot __ . __ . __ . __ . __ . __ . __ . __
 72
65
 73
4
 40
3.556
 49
2.54
 74
0
 49
-0.508
 74
0
 49
0.0
 74
0
 49
-0.508
 74
0
  0
LTYPE
  5
39
330
2
100
AcDbSymbolTableRecord
100
AcDbLinetypeTableRecord
  2
DASHDOTX2
 70
0
  3
Dash dot (2x) ____  .  ____  .  ____  .  ____
 72
65
 73
4
 40
6.096
 49
5.08
 74
0
 49
-0.508
 74
0
 49
0.0
 74
0
 49
-0.508
 74
0
  0
LTYPE
  5
3A
330
2
100
AcDbSymbolTableRecord
100
AcDbLinetypeTableRecord
  2
DASHDOT2
 70
0
  3
Dash dot (.5x) _ . _ . _ . _ . _ . _ . _ . _
 72
65
 73
4
 40
1.778
 49
1.27
 74
0
 49
-0.254
 74
0
 49
0.0
 74
0
 49
-0.254
 74
0
  0
LTYPE
  5
3B
330
2
100
AcDbSymbolTableRecord
100
AcDbLinetypeTableRecord
  2
DOT
 70
0
  3
Dot .  .  .  .  .  .  .  .  .  .  .  .  .  .  .  .
 72
65
 73
2
 40
0.508
 49
0.0
 74
0
 49
-0.508
 74
0
  0
LTYPE
  5
3C
330
2
100
AcDbSymbolTableRecord
100
AcDbLinetypeTableRecord
  2
DOTX2
 70
0
  3
Dot (2x) .    .    .    .    .    .    .    . 
 72
65
 73
2
 40
1.016
 49
0.0
 74
0
 49
-1.016
 74
0
  0
LTYPE
  5
3D
330
2
100
AcDbSymbolTableRecord
100
AcDbLinetypeTableRecord
  2
DOT2
 70
0
  3
Dot (.5) . . . . . . . . . . . . . . . . . . . 
 72
65
 73
2
 40
0.254
 49
0.0
 74
0
 49
-0.254
 74
0
  0
LTYPE
  5
3E
330
2
100
AcDbSymbolTableRecord
100
AcDbLinetypeTableRecord
  2
DIVIDE
 70
0
  3
Divide __ . . __ . . __ . . __ . . __ . . __
 72
65
 73
6
 40
4.064
 49
2.54
 74
0
 49
-0.508
 74
0
 49
0.0
 74
0
 49
-0.508
 74
0
 49
0.0
 74
0
 49
-0.508
 74
0
  0
LTYPE
  5
3F
330
2
100
AcDbSymbolTableRecord
100
AcDbLinetypeTableRecord
  2
DIVIDEX2
 70
0
  3
Divide (2x) ____  . .  ____  . .  ____  . .  ____
 72
65
 73
6
 40
6.604
 49
5.08
 74
0
 49
-0.508
 74
0
 49
0.0
 74
0
 49
-0.508
 74
0
 49
0.0
 74
0
 49
-0.508
 74
0
  0
LTYPE
  5
40
330
2
100
AcDbSymbolTableRecord
100
AcDbLinetypeTableRecord
  2
DIVIDE2
 70
0
  3
Divide(.5x) _ . _ . _ . _ . _ . _ . _ . _
 72
65
 73
6
 40
2.032
 49
1.27
 74
0
 49
-0.254
 74
0
 49
0.0
 74
0
 49
-0.254
 74
0
 49
0.0
 74
0
 49
-0.254
 74
0
  0
ENDTAB
  0
TABLE
  2
LAYER
  5
1
330
0
100
AcDbSymbolTable
 70
17
  0
LAYER
  5
27
330
1
100
AcDbSymbolTableRecord
100
AcDbLayerTableRecord
  2
0
 70
0
 62
7
  6
Continuous
370
-3
390
13
347
21
  0
LAYER
  5
28
330
1
100
AcDbSymbolTableRecord
100
AcDbLayerTableRecord
  2
Defpoints
 70
0
 62
7
  6
Continuous
290
0
370
-3
390
13
347
21
  0
LAYER
  5
8A
330
1
100
AcDbSymbolTableRecord
100
AcDbLayerTableRecord
  2
EIXOS
 70
0
 62
8
  6
CENTER
370
-3
390
13
347
21
  0
LAYER
  5
8B
330
1
100
AcDbSymbolTableRecord
100
AcDbLayerTableRecord
  2
PAREDES
 70
0
 62
7
  6
CONTINUOUS
370
-3
390
13
347
21
  0
LAYER
  5
8C
330
1
100
AcDbSymbolTableRecord
100
AcDbLayerTableRecord
  2
ESQUADRIAS
 70
0
 62
4
  6
CONTINUOUS
370
-3
390
13
347
21
  0
LAYER
  5
8D
330
1
100
AcDbSymbolTableRecord
100
AcDbLayerTableRecord
  2
MOBILIARIO
 70
0
 62
9
  6
CONTINUOUS
370
-3
390
13
347
21
  0
LAYER
  5
8E
330
1
100
AcDbSymbolTableRecord
100
AcDbLayerTableRecord
  2
ESTRUTURA
 70
0
 62
1
  6
CONTINUOUS
370
-3
390
13
347
21
  0
LAYER
  5
8F
330
1
100
AcDbSymbolTableRecord
100
AcDbLayerTableRecord
  2
COBERTURA
 70
0
 62
3
  6
CONTINUOUS
370
-3
390
13
347
21
  0
LAYER
  5
90
330
1
100
AcDbSymbolTableRecord
100
AcDbLayerTableRecord
  2
COBERTURA_OCULTA
 70
0
 62
3
  6
CONTINUOUS
370
-3
390
13
347
21
  0
LAYER
  5
91
330
1
100
AcDbSymbolTableRecord
100
AcDbLayerTableRecord
  2
DECK
 70
0
 62
32
  6
CONTINUOUS
370
-3
390
13
347
21
  0
LAYER
  5
92
330
1
100
AcDbSymbolTableRecord
100
AcDbLayerTableRecord
  2
FUNDACAO
 70
0
 62
5
  6
CONTINUOUS
370
-3
390
13
347
21
  0
LAYER
  5
93
330
1
100
AcDbSymbolTableRecord
100
AcDbLayerTableRecord
  2
COTAS
 70
0
 62
2
  6
CONTINUOUS
370
-3
390
13
347
21
  0
LAYER
  5
94
330
1
100
AcDbSymbolTableRecord
100
AcDbLayerTableRecord
  2
TEXTO
 70
0
 62
7
  6
CONTINUOUS
370
-3
390
13
347
21
  0
LAYER
  5
95
330
1
100
AcDbSymbolTableRecord
100
AcDbLayerTableRecord
  2
HACHURA
 70
0
 62
8
  6
CONTINUOUS
370
-3
390
13
347
21
  0
LAYER
  5
96
330
1
100
AcDbSymbolTableRecord
100
AcDbLayerTableRecord
  2
MEMBRANA_3D
 70
0
 62
3
  6
CONTINUOUS
370
-3
390
13
347
21
  0
LAYER
  5
97
330
1
100
AcDbSymbolTableRecord
100
AcDbLayerTableRecord
  2
VIDRO_3D
 70
0
 62
4
  6
CONTINUOUS
370
-3
390
13
347
21
  0
LAYER
  5
98
330
1
100
AcDbSymbolTableRecord
100
AcDbLayerTableRecord
  2
ACO_3D
 70
0
 62
1
  6
CONTINUOUS
370
-3
390
13
347
21
  0
ENDTAB
  0
TABLE
  2
STYLE
  5
5
330
0
100
AcDbSymbolTable
 70
27
  0
STYLE
  5
29
330
5
100
AcDbSymbolTableRecord
100
AcDbTextStyleTableRecord
  2
Standard
 70
0
 40
0.0
 41
1.0
 50
0.0
 71
0
 42
2.5
  3
txt
  4

  0
STYLE
  5
41
330
5
100
AcDbSymbolTableRecord
100
AcDbTextStyleTableRecord
  2
OpenSans-Light
 70
0
 40
0.0
 41
1.0
 50
0.0
 71
0
 42
2.5
  3
OpenSans-Light.ttf
  4

  0
STYLE
  5
42
330
5
100
AcDbSymbolTableRecord
100
AcDbTextStyleTableRecord
  2
OpenSans-Light-Italic
 70
0
 40
0.0
 41
1.0
 50
0.0
 71
0
 42
2.5
  3
OpenSans-LightItalic.ttf
  4

  0
STYLE
  5
43
330
5
100
AcDbSymbolTableRecord
100
AcDbTextStyleTableRecord
  2
OpenSans
 70
0
 40
0.0
 41
1.0
 50
0.0
 71
0
 42
2.5
  3
OpenSans-Regular.ttf
  4

  0
STYLE
  5
44
330
5
100
AcDbSymbolTableRecord
100
AcDbTextStyleTableRecord
  2
OpenSans-Italic
 70
0
 40
0.0
 41
1.0
 50
0.0
 71
0
 42
2.5
  3
OpenSans-Italic.ttf
  4

  0
STYLE
  5
45
330
5
100
AcDbSymbolTableRecord
100
AcDbTextStyleTableRecord
  2
OpenSans-SemiBold
 70
0
 40
0.0
 41
1.0
 50
0.0
 71
0
 42
2.5
  3
OpenSans-SemiBold.ttf
  4

  0
STYLE
  5
46
330
5
100
AcDbSymbolTableRecord
100
AcDbTextStyleTableRecord
  2
OpenSans-SemiBoldItalic
 70
0
 40
0.0
 41
1.0
 50
0.0
 71
0
 42
2.5
  3
OpenSans-SemiBoldItalic.ttf
  4

  0
STYLE
  5
47
330
5
100
AcDbSymbolTableRecord
100
AcDbTextStyleTableRecord
  2
OpenSans-Bold
 70
0
 40
0.0
 41
1.0
 50
0.0
 71
0
 42
2.5
  3
OpenSans-Bold.ttf
  4

  0
STYLE
  5
48
330
5
100
AcDbSymbolTableRecord
100
AcDbTextStyleTableRecord
  2
OpenSans-BoldItalic
 70
0
 40
0.0
 41
1.0
 50
0.0
 71
0
 42
2.5
  3
OpenSans-BoldItalic.ttf
  4

  0
STYLE
  5
49
330
5
100
AcDbSymbolTableRecord
100
AcDbTextStyleTableRecord
  2
OpenSans-ExtraBold
 70
0
 40
0.0
 41
1.0
 50
0.0
 71
0
 42
2.5
  3
OpenSans-ExtraBold.ttf
  4

  0
STYLE
  5
4A
330
5
100
AcDbSymbolTableRecord
100
AcDbTextStyleTableRecord
  2
OpenSans-ExtraBoldItalic
 70
0
 40
0.0
 41
1.0
 50
0.0
 71
0
 42
2.5
  3
OpenSans-ExtraBoldItalic.ttf
  4

  0
STYLE
  5
4B
330
5
100
AcDbSymbolTableRecord
100
AcDbTextStyleTableRecord
  2
OpenSansCondensed-Bold
 70
0
 40
0.0
 41
1.0
 50
0.0
 71
0
 42
2.5
  3
OpenSansCondensed-Bold.ttf
  4

  0
STYLE
  5
4C
330
5
100
AcDbSymbolTableRecord
100
AcDbTextStyleTableRecord
  2
OpenSansCondensed-Light
 70
0
 40
0.0
 41
1.0
 50
0.0
 71
0
 42
2.5
  3
OpenSansCondensed-Light.ttf
  4

  0
STYLE
  5
4D
330
5
100
AcDbSymbolTableRecord
100
AcDbTextStyleTableRecord
  2
OpenSansCondensed-Italic
 70
0
 40
0.0
 41
1.0
 50
0.0
 71
0
 42
2.5
  3
OpenSansCondensed-LightItalic.ttf
  4

  0
STYLE
  5
4E
330
5
100
AcDbSymbolTableRecord
100
AcDbTextStyleTableRecord
  2
LiberationSans
 70
0
 40
0.0
 41
1.0
 50
0.0
 71
0
 42
2.5
  3
LiberationSans-Regular.ttf
  4

  0
STYLE
  5
4F
330
5
100
AcDbSymbolTableRecord
100
AcDbTextStyleTableRecord
  2
LiberationSans-Bold
 70
0
 40
0.0
 41
1.0
 50
0.0
 71
0
 42
2.5
  3
LiberationSans-Bold.ttf
  4

  0
STYLE
  5
50
330
5
100
AcDbSymbolTableRecord
100
AcDbTextStyleTableRecord
  2
LiberationSans-BoldItalic
 70
0
 40
0.0
 41
1.0
 50
0.0
 71
0
 42
2.5
  3
LiberationSans-BoldItalic.ttf
  4

  0
STYLE
  5
51
330
5
100
AcDbSymbolTableRecord
100
AcDbTextStyleTableRecord
  2
LiberationSans-Italic
 70
0
 40
0.0
 41
1.0
 50
0.0
 71
0
 42
2.5
  3
LiberationSans-Italic.ttf
  4

  0
STYLE
  5
52
330
5
100
AcDbSymbolTableRecord
100
AcDbTextStyleTableRecord
  2
LiberationSerif
 70
0
 40
0.0
 41
1.0
 50
0.0
 71
0
 42
2.5
  3
LiberationSerif-Regular.ttf
  4

  0
STYLE
  5
53
330
5
100
AcDbSymbolTableRecord
100
AcDbTextStyleTableRecord
  2
LiberationSerif-Bold
 70
0
 40
0.0
 41
1.0
 50
0.0
 71
0
 42
2.5
  3
LiberationSerif-Bold.ttf
  4

  0
STYLE
  5
54
330
5
100
AcDbSymbolTableRecord
100
AcDbTextStyleTableRecord
  2
LiberationSerif-BoldItalic
 70
0
 40
0.0
 41
1.0
 50
0.0
 71
0
 42
2.5
  3
LiberationSerif-BoldItalic.ttf
  4

  0
STYLE
  5
55
330
5
100
AcDbSymbolTableRecord
100
AcDbTextStyleTableRecord
  2
LiberationSerif-Italic
 70
0
 40
0.0
 41
1.0
 50
0.0
 71
0
 42
2.5
  3
LiberationSerif-Italic.ttf
  4

  0
STYLE
  5
56
330
5
100
AcDbSymbolTableRecord
100
AcDbTextStyleTableRecord
  2
LiberationMono
 70
0
 40
0.0
 41
1.0
 50
0.0
 71
0
 42
2.5
  3
LiberationMono-Regular.ttf
  4

  0
STYLE
  5
57
330
5
100
AcDbSymbolTableRecord
100
AcDbTextStyleTableRecord
  2
LiberationMono-Bold
 70
0
 40
0.0
 41
1.0
 50
0.0
 71
0
 42
2.5
  3
LiberationMono-Bold.ttf
  4

  0
STYLE
  5
58
330
5
100
AcDbSymbolTableRecord
100
AcDbTextStyleTableRecord
  2
LiberationMono-BoldItalic
 70
0
 40
0.0
 41
1.0
 50
0.0
 71
0
 42
2.5
  3
LiberationMono-BoldItalic.ttf
  4

  0
STYLE
  5
59
330
5
100
AcDbSymbolTableRecord
100
AcDbTextStyleTableRecord
  2
LiberationMono-Italic
 70
0
 40
0.0
 41
1.0
 50
0.0
 71
0
 42
2.5
  3
LiberationMono-Italic.ttf
  4

  0
STYLE
  5
99
330
5
100
AcDbSymbolTableRecord
100
AcDbTextStyleTableRecord
  2
ZION
 70
0
 40
0.0
 41
1.0
 50
0.0
 71
0
 42
2.5
  3
arial.ttf
  4

  0
ENDTAB
  0
TABLE
  2
VIEW
  5
7
330
0
100
AcDbSymbolTable
 70
0
  0
ENDTAB
  0
TABLE
  2
UCS
  5
6
330
0
100
AcDbSymbolTable
 70
0
  0
ENDTAB
  0
TABLE
  2
APPID
  5
3
330
0
100
AcDbSymbolTable
 70
3
  0
APPID
  5
2A
330
3
100
AcDbSymbolTableRecord
100
AcDbRegAppTableRecord
  2
ACAD
 70
0
  0
APPID
  5
96A
330
3
100
AcDbSymbolTableRecord
100
AcDbRegAppTableRecord
  2
HATCHBACKGROUNDCOLOR
 70
0
  0
APPID
  5
96B
330
3
100
AcDbSymbolTableRecord
100
AcDbRegAppTableRecord
  2
EZDXF
 70
0
  0
ENDTAB
  0
TABLE
  2
DIMSTYLE
  5
4
330
0
100
AcDbSymbolTable
 70
13
100
AcDbDimStyleTable
  0
DIMSTYLE
105
2B
330
4
100
AcDbSymbolTableRecord
100
AcDbDimStyleTableRecord
  2
Standard
 70
0
 40
1.0
 41
2.5
 42
0.625
 43
3.75
 44
1.25
 45
0.0
 46
0.0
 47
0.0
 48
0.0
 49
2.5
140
2.5
141
2.5
142
0.0
143
0.03937007874
144
1.0
145
0.0
146
1.0
147
0.625
148
0.0
 69
0
 70
0
 71
0
 72
0
 73
0
 74
0
 75
0
 76
0
 77
1
 78
8
 79
3
170
0
171
3
172
1
173
0
174
0
175
0
176
0
177
0
178
0
179
2
271
2
272
2
273
2
274
3
275
0
276
0
277
2
278
44
279
0
280
0
281
0
282
0
283
0
284
8
285
0
286
0
288
0
289
3
290
0
371
-2
372
-2
  0
DIMSTYLE
105
73
330
4
100
AcDbSymbolTableRecord
100
AcDbDimStyleTableRecord
  2
EZDXF
 70
0
 40
1.0
 41
0.175
 42
0.125
 43
3.75
 44
0.375
 45
0.0
 46
0.0
 47
0.0
 48
0.0
 49
2.5
140
0.25
141
2.5
142
0.0
143
0.03937007874
144
100.0
145
0.0
146
0.5
147
0.1
148
0.0
 69
0
 70
0
 71
0
 72
0
 73
0
 74
0
 75
0
 76
0
 77
1
 78
12
 79
3
170
0
171
3
172
1
173
0
174
0
175
0
176
0
177
0
178
0
179
2
271
2
272
2
273
2
274
3
275
0
276
0
277
2
278
46
279
2
280
0
281
0
282
0
283
0
284
8
285
0
286
0
288
1
289
3
290
0
340
4C
342
74
371
-2
372
-2
  0
DIMSTYLE
105
7C
330
4
100
AcDbSymbolTableRecord
100
AcDbDimStyleTableRecord
  2
EZ_M_100_H25_CM
 70
0
 40
1.0
 41
0.25
 42
0.125
 43
3.75
 44
0.375
 45
0.0
 46
0.0
 47
0.0
 48
0.0
 49
2.5
140
0.25
141
2.5
142
0.125
143
0.03937007874
144
100.0
145
0.0
146
0.5
147
0.1
148
0.0
 69
0
 70
0
 71
0
 72
0
 73
0
 74
0
 75
0
 76
0
 77
1
 78
12
 79
3
170
0
171
3
172
1
173
0
174
0
175
0
176
0
177
0
178
0
179
2
271
2
272
2
273
2
274
3
275
0
276
0
277
2
278
46
279
2
280
0
281
0
282
0
283
0
284
8
285
0
286
0
288
1
289
3
290
0
340
4C
371
-2
372
-2
  0
DIMSTYLE
105
7D
330
4
100
AcDbSymbolTableRecord
100
AcDbDimStyleTableRecord
  2
EZ_M_50_H25_CM
 70
0
 40
1.0
 41
0.125
 42
0.0625
 43
3.75
 44
0.1875
 45
0.0
 46
0.0
 47
0.0
 48
0.0
 49
2.5
140
0.125
141
2.5
142
0.0625
143
0.03937007874
144
100.0
145
0.0
146
0.5
147
0.05
148
0.0
 69
0
 70
0
 71
0
 72
0
 73
0
 74
0
 75
0
 76
0
 77
1
 78
12
 79
3
170
0
171
3
172
1
173
0
174
0
175
0
176
0
177
0
178
0
179
2
271
2
272
2
273
2
274
3
275
0
276
0
277
2
278
46
279
2
280
0
281
0
282
0
283
0
284
8
285
0
286
0
288
1
289
3
290
0
340
4C
371
-2
372
-2
  0
DIMSTYLE
105
7E
330
4
100
AcDbSymbolTableRecord
100
AcDbDimStyleTableRecord
  2
EZ_M_25_H25_CM
 70
0
 40
1.0
 41
0.0625
 42
0.03125
 43
3.75
 44
0.09375
 45
0.0
 46
0.0
 47
0.0
 48
0.0
 49
2.5
140
0.0625
141
2.5
142
0.03125
143
0.03937007874
144
100.0
145
0.0
146
0.5
147
0.025
148
0.0
 69
0
 70
0
 71
0
 72
0
 73
0
 74
0
 75
0
 76
0
 77
1
 78
12
 79
3
170
0
171
3
172
1
173
0
174
0
175
0
176
0
177
0
178
0
179
2
271
2
272
2
273
2
274
3
275
0
276
0
277
2
278
46
279
2
280
0
281
0
282
0
283
0
284
8
285
0
286
0
288
1
289
3
290
0
340
4C
371
-2
372
-2
  0
DIMSTYLE
105
7F
330
4
100
AcDbSymbolTableRecord
100
AcDbDimStyleTableRecord
  2
EZ_M_20_H25_CM
 70
0
 40
1.0
 41
0.05
 42
0.025
 43
3.75
 44
0.07500000000000001
 45
0.0
 46
0.0
 47
0.0
 48
0.0
 49
2.5
140
0.05
141
2.5
142
0.025
143
0.03937007874
144
100.0
145
0.0
146
0.5
147
0.020000000000000004
148
0.0
 69
0
 70
0
 71
0
 72
0
 73
0
 74
0
 75
0
 76
0
 77
1
 78
12
 79
3
170
0
171
3
172
1
173
0
174
0
175
0
176
0
177
0
178
0
179
2
271
2
272
2
273
2
274
3
275
0
276
0
277
2
278
46
279
2
280
0
281
0
282
0
283
0
284
8
285
0
286
0
288
1
289
3
290
0
340
4C
371
-2
372
-2
  0
DIMSTYLE
105
80
330
4
100
AcDbSymbolTableRecord
100
AcDbDimStyleTableRecord
  2
EZ_M_10_H25_CM
 70
0
 40
1.0
 41
0.025
 42
0.0125
 43
3.75
 44
0.037500000000000006
 45
0.0
 46
0.0
 47
0.0
 48
0.0
 49
2.5
140
0.025
141
2.5
142
0.0125
143
0.03937007874
144
100.0
145
0.0
146
0.5
147
0.010000000000000002
148
0.0
 69
0
 70
0
 71
0
 72
0
 73
0
 74
0
 75
0
 76
0
 77
1
 78
12
 79
3
170
0
171
3
172
1
173
0
174
0
175
0
176
0
177
0
178
0
179
2
271
2
272
2
273
2
274
3
275
0
276
0
277
2
278
46
279
2
280
0
281
0
282
0
283
0
284
8
285
0
286
0
288
1
289
3
290
0
340
4C
371
-2
372
-2
  0
DIMSTYLE
105
81
330
4
100
AcDbSymbolTableRecord
100
AcDbDimStyleTableRecord
  2
EZ_M_5_H25_CM
 70
0
 40
1.0
 41
0.0125
 42
0.00625
 43
3.75
 44
0.018750000000000003
 45
0.0
 46
0.0
 47
0.0
 48
0.0
 49
2.5
140
0.0125
141
2.5
142
0.00625
143
0.03937007874
144
100.0
145
0.0
146
0.5
147
0.005000000000000001
148
0.0
 69
0
 70
0
 71
0
 72
0
 73
0
 74
0
 75
0
 76
0
 77
1
 78
12
 79
3
170
0
171
3
172
1
173
0
174
0
175
0
176
0
177
0
178
0
179
2
271
2
272
2
273
2
274
3
275
0
276
0
277
2
278
46
279
2
280
0
281
0
282
0
283
0
284
8
285
0
286
0
288
1
289
3
290
0
340
4C
371
-2
372
-2
  0
DIMSTYLE
105
82
330
4
100
AcDbSymbolTableRecord
100
AcDbDimStyleTableRecord
  2
EZ_M_1_H25_CM
 70
0
 40
1.0
 41
0.0025
 42
0.00125
 43
3.75
 44
0.00375
 45
0.0
 46
0.0
 47
0.0
 48
0.0
 49
2.5
140
0.0025
141
2.5
142
0.00125
143
0.03937007874
144
100.0
145
0.0
146
0.5
147
0.001
148
0.0
 69
0
 70
0
 71
0
 72
0
 73
0
 74
0
 75
0
 76
0
 77
1
 78
12
 79
3
170
0
171
3
172
1
173
0
174
0
175
0
176
0
177
0
178
0
179
2
271
2
272
2
273
2
274
3
275
0
276
0
277
2
278
46
279
2
280
0
281
0
282
0
283
0
284
8
285
0
286
0
288
1
289
3
290
0
340
4C
371
-2
372
-2
  0
DIMSTYLE
105
83
330
4
100
AcDbSymbolTableRecord
100
AcDbDimStyleTableRecord
  2
EZ_RADIUS
 70
0
 40
1.0
 41
0.25
 42
0.125
 43
3.75
 44
0.375
 45
0.0
 46
0.0
 47
0.0
 48
0.0
 49
2.5
140
0.25
141
0.0
142
0.0
143
0.03937007874
144
100.0
145
0.0
146
0.5
147
0.1
148
0.0
 69
0
 70
0
 71
0
 72
0
 73
0
 74
0
 75
0
 76
0
 77
1
 78
12
 79
3
170
0
171
3
172
0
173
0
174
0
175
0
176
0
177
0
178
0
179
2
271
2
272
2
273
2
274
3
275
0
276
0
277
2
278
46
279
1
280
0
281
0
282
0
283
0
284
8
285
0
286
0
288
1
289
3
290
0
340
4C
342
84
371
-2
372
-2
  0
DIMSTYLE
105
88
330
4
100
AcDbSymbolTableRecord
100
AcDbDimStyleTableRecord
  2
EZ_RADIUS_INSIDE
 70
0
 40
1.0
 41
0.25
 42
0.125
 43
3.75
 44
0.375
 45
0.0
 46
0.0
 47
0.0
 48
0.0
 49
2.5
140
0.25
141
0.0
142
0.0
143
0.03937007874
144
100.0
145
0.0
146
0.5
147
0.1
148
0.0
 69
0
 70
0
 71
0
 72
0
 73
0
 74
0
 75
0
 76
0
 77
0
 78
12
 79
3
170
0
171
3
172
0
173
0
174
1
175
0
176
0
177
0
178
0
179
2
271
2
272
2
273
2
274
3
275
0
276
0
277
2
278
46
279
0
280
0
281
0
282
0
283
0
284
8
285
0
286
0
288
1
289
0
290
0
340
4C
342
84
371
-2
372
-2
  0
DIMSTYLE
105
89
330
4
100
AcDbSymbolTableRecord
100
AcDbDimStyleTableRecord
  2
EZ_CURVED
 70
0
 40
1.0
 41
0.25
 42
0.125
 43
3.75
 44
0.375
 45
0.0
 46
0.0
 47
0.0
 48
0.0
 49
2.5
140
0.25
141
2.5
142
0.0
143
0.03937007874
144
100.0
145
0.0
146
0.5
147
0.1
148
0.0
 69
0
 70
0
 71
0
 72
0
 73
0
 74
0
 75
0
 76
0
 77
1
 78
12
 79
2
 90
2
170
0
171
3
172
1
173
0
174
0
175
0
176
0
177
0
178
0
179
2
271
2
272
2
273
2
274
3
275
0
276
0
277
2
278
46
279
2
280
0
281
0
282
0
283
0
284
8
285
0
286
0
288
1
289
3
290
0
340
4C
371
-2
372
-2
  0
DIMSTYLE
105
9A
330
4
100
AcDbSymbolTableRecord
100
AcDbDimStyleTableRecord
  2
ZION_M
 70
0
 40
1.0
 41
0.08
 42
0.05
 43
3.75
 44
0.06
 45
0.0
 46
0.0
 47
0.0
 48
0.0
 49
2.5
140
0.12
141
2.5
142
0.0
143
0.03937007874
144
1.0
145
0.0
146
1.0
147
0.03
148
0.0
 69
0
 70
0
 71
0
 72
0
 73
0
 74
0
 75
0
 76
0
 77
1
 78
8
 79
3
170
0
171
3
172
1
173
0
174
0
175
0
176
2
177
2
178
2
179
2
271
2
272
2
273
2
274
3
275
0
276
0
277
2
278
44
279
0
280
0
281
0
282
0
283
0
284
8
285
0
286
0
288
0
289
3
290
0
340
99
371
-2
372
-2
  0
ENDTAB
  0
TABLE
  2
BLOCK_RECORD
  5
9
330
0
100
AcDbSymbolTable
 70
5
  0
BLOCK_RECORD
  5
17
330
9
100
AcDbSymbolTableRecord
100
AcDbBlockTableRecord
  2
*Model_Space
340
1A
 70
0
280
1
281
0
  0
BLOCK_RECORD
  5
1B
330
9
100
AcDbSymbolTableRecord
100
AcDbBlockTableRecord
  2
*Paper_Space
340
1E
 70
0
280
1
281
0
  0
BLOCK_RECORD
  5
74
330
9
100
AcDbSymbolTableRecord
100
AcDbBlockTableRecord
  2
_ARCHTICK
340
0
 70
0
280
1
281
0
  0
BLOCK_RECORD
  5
78
330
9
100
AcDbSymbolTableRecord
100
AcDbBlockTableRecord
  2
_CLOSEDFILLED
340
0
 70
0
280
1
281
0
  0
BLOCK_RECORD
  5
84
330
9
100
AcDbSymbolTableRecord
100
AcDbBlockTableRecord
  2
_CLOSEDBLANK
340
0
 70
0
280
1
281
0
  0
ENDTAB
  0
ENDSEC
  0
SECTION
  2
BLOCKS
  0
BLOCK
  5
18
330
17
100
AcDbEntity
  8
0
100
AcDbBlockBegin
  2
*Model_Space
 70
0
 10
0.0
 20
0.0
 30
0.0
  3
*Model_Space
  1

  0
ENDBLK
  5
19
330
17
100
AcDbEntity
  8
0
100
AcDbBlockEnd
  0
BLOCK
  5
1C
330
1B
100
AcDbEntity
  8
0
100
AcDbBlockBegin
  2
*Paper_Space
 70
0
 10
0.0
 20
0.0
 30
0.0
  3
*Paper_Space
  1

  0
ENDBLK
  5
1D
330
1B
100
AcDbEntity
  8
0
100
AcDbBlockEnd
  0
BLOCK
  5
75
330
74
100
AcDbEntity
  8
0
100
AcDbBlockBegin
  2
_ARCHTICK
 70
0
 10
0.0
 20
0.0
 30
0.0
  3
_ARCHTICK
  1

  0
LWPOLYLINE
  5
77
330
74
100
AcDbEntity
  8
0
  6
BYBLOCK
 62
0
100
AcDbPolyline
 90
2
 70
0
 43
0.15
 10
-0.5
 20
-0.5
 10
0.5
 20
0.5
  0
ENDBLK
  5
76
330
74
100
AcDbEntity
  8
0
100
AcDbBlockEnd
  0
BLOCK
  5
79
330
78
100
AcDbEntity
  8
0
100
AcDbBlockBegin
  2
_CLOSEDFILLED
 70
0
 10
0.0
 20
0.0
 30
0.0
  3
_CLOSEDFILLED
  1

  0
SOLID
  5
7B
330
78
100
AcDbEntity
  8
0
  6
BYBLOCK
 62
0
100
AcDbTrace
 10
-1.0
 20
0.16439898372402537
 30
0.0
 11
0.0
 21
0.0
 31
0.0
 12
-1.0
 22
-0.16439898372402537
 32
0.0
 13
-1.0
 23
-0.16439898372402537
 33
0.0
  0
ENDBLK
  5
7A
330
78
100
AcDbEntity
  8
0
100
AcDbBlockEnd
  0
BLOCK
  5
85
330
84
100
AcDbEntity
  8
0
100
AcDbBlockBegin
  2
_CLOSEDBLANK
 70
0
 10
0.0
 20
0.0
 30
0.0
  3
_CLOSEDBLANK
  1

  0
LWPOLYLINE
  5
87
330
84
100
AcDbEntity
  8
0
  6
BYBLOCK
 62
0
100
AcDbPolyline
 90
3
 70
1
 10
-1.0
 20
0.16439898372402537
 10
0.0
 20
0.0
 10
-1.0
 20
-0.16439898372402537
  0
ENDBLK
  5
86
330
84
100
AcDbEntity
  8
0
100
AcDbBlockEnd
  0
ENDSEC
  0
SECTION
  2
ENTITIES
  0
3DFACE
  5
9B
330
17
100
AcDbEntity
  8
MEMBRANA_3D
100
AcDbFace
 10
0.75
 20
0.0
 30
4.6
 11
1.0035714285714286
 21
0.0
 31
4.524440247278721
 12
1.0002179346467084
 22
0.09851286804635871
 32
4.5238862910263276
 13
1.0002179346467084
 23
0.09851286804635871
 33
4.5238862910263276
  0
3DFACE
  5
9C
330
17
100
AcDbEntity
  8
MEMBRANA_3D
100
AcDbFace
 10
0.75
 20
0.0
 30
4.6
 11
1.0002179346467084
 21
0.09851286804635871
 31
4.5238862910263276
 12
0.7463885450041476
 22
0.07351285524717045
 32
4.6
 13
0.7463885450041476
 23
0.07351285524717045
 33
4.6
  0
3DFACE
  5
9D
330
17
100
AcDbEntity
  8
MEMBRANA_3D
100
AcDbFace
 10
0.7463885450041476
 20
0.07351285524717045
 30
4.6
 11
1.0002179346467084
 21
0.09851286804635871
 31
4.5238862910263276
 12
0.9901897488522498
 22
0.19696098709926999
 32
4.522192334066456
 13
0.9901897488522498
 23
0.19696098709926999
 33
4.522192334066456
  0
3DFACE
  5
9E
330
17
100
AcDbEntity
  8
MEMBRANA_3D
100
AcDbFace
 10
0.7463885450041476
 20
0.07351285524717045
 30
4.6
 11
0.9901897488522498
 21
0.19696098709926999
 31
4.522192334066456
 12
0.7355889603024228
 22
0.1463177415120962
 32
4.6
 13
0.7355889603024228
 23
0.1463177415120962
 33
4.6
  0
3DFACE
  5
9F
330
17
100
AcDbEntity
  8
MEMBRANA_3D
100
AcDbFace
 10
0.7355889603024228
 20
0.1463177415120962
 30
4.6
 11
0.9901897488522498
 21
0.19696098709926999
 31
4.522192334066456
 12
0.9735834480992168
 22
0.29533331019589854
 32
4.519257785579542
 13
0.9735834480992168
 23
0.29533331019589854
 33
4.519257785579542
  0
3DFACE
  5
A0
330
17
100
AcDbEntity
  8
MEMBRANA_3D
100
AcDbFace
 10
0.7355889603024228
 20
0.1463177415120962
 30
4.6
 11
0.9735834480992168
 21
0.29533331019589854
 31
4.519257785579542
 12
0.7177052517991567
 22
0.21771350794084676
 32
4.6
 13
0.7177052517991567
 23
0.21771350794084676
 33
4.6
  0
3DFACE
  5
A1
330
17
100
AcDbEntity
  8
MEMBRANA_3D
100
AcDbFace
 10
0.7177052517991567
 20
0.21771350794084676
 30
4.6
 11
0.9735834480992168
 21
0.29533331019589854
 31
4.519257785579542
 12
0.950558960141789
 22
0.3937344131259953
 32
4.51489948660442
 13
0.950558960141789
 23
0.3937344131259953
 33
4.51489948660442
  0
3DFACE
  5
A2
330
17
100
AcDbEntity
  8
MEMBRANA_3D
100
AcDbFace
 10
0.7177052517991567
 20
0.21771350794084676
 30
4.6
 11
0.950558960141789
 21
0.3937344131259953
 31
4.51489948660442
 12
0.692909649383465
 22
0.2870125742738173
 32
4.6
 13
0.692909649383465
 23
0.2870125742738173
 33
4.6
  0
3DFACE
  5
A3
330
17
100
AcDbEntity
  8
MEMBRANA_3D
100
AcDbFace
 10
0.692909649383465
 20
0.2870125742738173
 30
4.6
 11
0.950558960141789
 21
0.3937344131259953
 31
4.51489948660442
 12
0.8972596445517274
 22
0.47959527185214734
 32
4.519257785579542
 13
0.8972596445517274
 23
0.47959527185214734
 33
4.519257785579542
  0
3DFACE
  5
A4
330
17
100
AcDbEntity
  8
MEMBRANA_3D
100
AcDbFace
 10
0.692909649383465
 20
0.2870125742738173
 30
4.6
 11
0.8972596445517274
 21
0.47959527185214734
 31
4.519257785579542
 12
0.6614409482612663
 22
0.3535475526194982
 32
4.6
 13
0.6614409482612663
 23
0.3535475526194982
 33
4.6
  0
3DFACE
  5
A5
330
17
100
AcDbEntity
  8
MEMBRANA_3D
100
AcDbFace
 10
0.6614409482612663
 20
0.3535475526194982
 30
4.6
 11
0.8972596445517274
 21
0.47959527185214734
 31
4.519257785579542
 12
0.8394423356819202
 22
0.5608974364677403
 32
4.522192334066456
 13
0.8394423356819202
 23
0.5608974364677403
 33
4.522192334066456
  0
3DFACE
  5
A6
330
17
100
AcDbEntity
  8
MEMBRANA_3D
100
AcDbFace
 10
0.6614409482612663
 20
0.3535475526194982
 30
4.6
 11
0.8394423356819202
 21
0.5608974364677403
 31
4.522192334066456
 12
0.6236022092269089
 22
0.41667767476470163
 32
4.6
 13
0.6236022092269089
 23
0.41667767476470163
 33
4.6
  0
3DFACE
  5
A7
330
17
100
AcDbEntity
  8
MEMBRANA_3D
100
AcDbFace
 10
0.6236022092269089
 20
0.41667767476470163
 30
4.6
 11
0.8394423356819202
 21
0.5608974364677403
 31
4.522192334066456
 12
0.7769200012828064
 22
0.6376017672233747
 32
4.5238862910263276
 13
0.7769200012828064
 23
0.6376017672233747
 33
4.5238862910263276
  0
3DFACE
  5
A8
330
17
100
AcDbEntity
  8
MEMBRANA_3D
100
AcDbFace
 10
0.6236022092269089
 20
0.41667767476470163
 30
4.6
 11
0.7769200012828064
 21
0.6376017672233747
 31
4.5238862910263276
 12
0.5797578400220528
 22
0.4757949631227341
 32
4.6
 13
0.5797578400220528
 23
0.4757949631227341
 33
4.6
  0
3DFACE
  5
A9
330
17
100
AcDbEntity
  8
MEMBRANA_3D
100
AcDbFace
 10
0.5797578400220528
 20
0.4757949631227341
 30
4.6
 11
0.7769200012828064
 21
0.6376017672233747
 31
4.5238862910263276
 12
0.709632162547928
 22
0.7096321625479279
 32
4.524440247278721
 13
0.709632162547928
 23
0.7096321625479279
 33
4.524440247278721
  0
3DFACE
  5
AA
330
17
100
AcDbEntity
  8
MEMBRANA_3D
100
AcDbFace
 10
0.5797578400220528
 20
0.4757949631227341
 30
4.6
 11
0.709632162547928
 21
0.7096321625479279
 31
4.524440247278721
 12
0.5303300858899107
 22
0.5303300858899106
 32
4.6
 13
0.5303300858899107
 23
0.5303300858899106
 33
4.6
  0
3DFACE
  5
AB
330
17
100
AcDbEntity
  8
MEMBRANA_3D
100
AcDbFace
 10
0.5303300858899107
 20
0.5303300858899106
 30
4.6
 11
0.709632162547928
 21
0.7096321625479279
 31
4.524440247278721
 12
0.6376017672233747
 22
0.7769200012828064
 32
4.5238862910263276
 13
0.6376017672233747
 23
0.7769200012828064
 33
4.5238862910263276
  0
3DFACE
  5
AC
330
17
100
AcDbEntity
  8
MEMBRANA_3D
100
AcDbFace
 10
0.5303300858899107
 20
0.5303300858899106
 30
4.6
 11
0.6376017672233747
 21
0.7769200012828064
 31
4.5238862910263276
 12
0.4757949631227341
 22
0.5797578400220528
 32
4.6
 13
0.4757949631227341
 23
0.5797578400220528
 33
4.6
  0
3DFACE
  5
AD
330
17
100
AcDbEntity
  8
MEMBRANA_3D
100
AcDbFace
 10
0.4757949631227341
 20
0.5797578400220528
 30
4.6
 11
0.6376017672233747
 21
0.7769200012828064
 31
4.5238862910263276
 12
0.5608974364677404
 22
0.8394423356819202
 32
4.522192334066456
 13
0.5608974364677404
 23
0.8394423356819202
 33
4.522192334066456
  0
3DFACE
  5
AE
330
17
100
AcDbEntity
  8
MEMBRANA_3D
100
AcDbFace
 10
0.4757949631227341
 20
0.5797578400220528
 30
4.6
 11
0.5608974364677404
 21
0.8394423356819202
 31
4.522192334066456
 12
0.41667767476470174
 22
0.6236022092269089
 32
4.6
 13
0.41667767476470174
 23
0.6236022092269089
 33
4.6
  0
3DFACE
  5
AF
330
17
100
AcDbEntity
  8
MEMBRANA_3D
100
AcDbFace
 10
0.41667767476470174
 20
0.6236022092269089
 30
4.6
 11
0.5608974364677404
 21
0.8394423356819202
 31
4.522192334066456
 12
0.4795952718521475
 22
0.8972596445517272
 32
4.519257785579542
 13
0.4795952718521475
 23
0.8972596445517272
 33
4.519257785579542
  0
3DFACE
  5
B0
330
17
100
AcDbEntity
  8
MEMBRANA_3D
100
AcDbFace
 10
0.41667767476470174
 20
0.6236022092269089
 30
4.6
 11
0.4795952718521475
 21
0.8972596445517272
 31
4.519257785579542
 12
0.35354755261949833
 22
0.6614409482612662
 32
4.6
 13
0.35354755261949833
 23
0.6614409482612662
 33
4.6
  0
3DFACE
  5
B1
330
17
100
AcDbEntity
  8
MEMBRANA_3D
100
AcDbFace
 10
0.35354755261949833
 20
0.6614409482612662
 30
4.6
 11
0.4795952718521475
 21
0.8972596445517272
 31
4.519257785579542
 12
0.39373441312599533
 22
0.950558960141789
 32
4.51489948660442
 13
0.39373441312599533
 23
0.950558960141789
 33
4.51489948660442
  0
3DFACE
  5
B2
330
17
100
AcDbEntity
  8
MEMBRANA_3D
100
AcDbFace
 10
0.35354755261949833
 20
0.6614409482612662
 30
4.6
 11
0.39373441312599533
 21
0.950558960141789
 31
4.51489948660442
 12
0.2870125742738174
 22
0.692909649383465
 32
4.6
 13
0.2870125742738174
 23
0.692909649383465
 33
4.6
  0
3DFACE
  5
B3
330
17
100
AcDbEntity
  8
MEMBRANA_3D
100
AcDbFace
 10
0.2870125742738174
 20
0.692909649383465
 30
4.6
 11
0.39373441312599533
 21
0.950558960141789
 31
4.51489948660442
 12
0.29533331019589854
 22
0.9735834480992169
 32
4.519257785579542
 13
0.29533331019589854
 23
0.9735834480992169
 33
4.519257785579542
  0
3DFACE
  5
B4
330
17
100
AcDbEntity
  8
MEMBRANA_3D
100
AcDbFace
 10
0.2870125742738174
 20
0.692909649383465
 30
4.6
 11
0.29533331019589854
 21
0.9735834480992169
 31
4.519257785579542
 12
0.21771350794084676
 22
0.7177052517991567
 32
4.6
 13
0.21771350794084676
 23
0.7177052517991567
 33
4.6
  0
3DFACE
  5
B5
330
17
100
AcDbEntity
  8
MEMBRANA_3D
100
AcDbFace
 10
0.21771350794084676
 20
0.7177052517991567
 30
4.6
 11
0.29533331019589854
 21
0.9735834480992169
 31
4.519257785579542
 12
0.19696098709927007
 22
0.9901897488522498
 32
4.522192334066456
 13
0.19696098709927007
 23
0.9901897488522498
 33
4.522192334066456
  0
3DFACE
  5
B6
330
17
100
AcDbEntity
  8
MEMBRANA_3D
100
AcDbFace
 10
0.21771350794084676
 20
0.7177052517991567
 30
4.6
 11
0.19696098709927007
 21
0.9901897488522498
 31
4.522192334066456
 12
0.14631774151209626
 22
0.7355889603024228
 32
4.6
 13
0.14631774151209626
 23
0.7355889603024228
 33
4.6
  0
3DFACE
  5
B7
330
17
100
AcDbEntity
  8
MEMBRANA_3D
100
AcDbFace
 10
0.14631774151209626
 20
0.7355889603024228
 30
4.6
 11
0.19696098709927007
 21
0.9901897488522498
 31
4.522192334066456
 12
0.09851286804635888
 22
1.0002179346467084
 32
4.5238862910263276
 13
0.09851286804635888
 23
1.0002179346467084
 33
4.5238862910263276
  0
3DFACE
  5
B8
330
17
100
AcDbEntity
  8
MEMBRANA_3D
100
AcDbFace
 10
0.14631774151209626
 20
0.7355889603024228
 30
4.6
 11
0.09851286804635888
 21
1.0002179346467084
 31
4.5238862910263276
 12
0.07351285524717058
 22
0.7463885450041476
 32
4.6
 13
0.07351285524717058
 23
0.7463885450041476
 33
4.6
  0
3DFACE
  5
B9
330
17
100
AcDbEntity
  8
MEMBRANA_3D
100
AcDbFace
 10
0.07351285524717058
 20
0.7463885450041476
 30
4.6
 11
0.09851286804635888
 21
1.0002179346467084
 31
4.5238862910263276
 12
6.145102688578683e-17
 22
1.0035714285714286
 32
4.524440247278721
 13
6.145102688578683e-17
 23
1.0035714285714286
 33
4.524440247278721
  0
3DFACE
  5
BA
330
17
100
AcDbEntity
  8
MEMBRANA_3D
100
AcDbFace
 10
0.07351285524717058
 20
0.7463885450041476
 30
4.6
 11
6.145102688578683e-17
 21
1.0035714285714286
 31
4.524440247278721
 12
4.592425496802574e-17
 22
0.75
 32
4.6
 13
4.592425496802574e-17
 23
0.75
 33
4.6
  0
3DFACE
  5
BB
330
17
100
AcDbEntity
  8
MEMBRANA_3D
100
AcDbFace
 10
4.592425496802574e-17
 20
0.75
 30
4.6
 11
6.145102688578683e-17
 21
1.0035714285714286
 31
4.524440247278721
 12
-0.09851286804635875
 22
1.0002179346467084
 32
4.5238862910263276
 13
-0.09851286804635875
 23
1.0002179346467084
 33
4.5238862910263276
  0
3DFACE
  5
BC
330
17
100
AcDbEntity
  8
MEMBRANA_3D
100
AcDbFace
 10
4.592425496802574e-17
 20
0.75
 30
4.6
 11
-0.09851286804635875
 21
1.0002179346467084
 31
4.5238862910263276
 12
-0.07351285524717048
 22
0.7463885450041476
 32
4.6
 13
-0.07351285524717048
 23
0.7463885450041476
 33
4.6
  0
3DFACE
  5
BD
330
17
100
AcDbEntity
  8
MEMBRANA_3D
100
AcDbFace
 10
-0.07351285524717048
 20
0.7463885450041476
 30
4.6
 11
-0.09851286804635875
 21
1.0002179346467084
 31
4.5238862910263276
 12
-0.19696098709926993
 22
0.9901897488522498
 32
4.522192334066456
 13
-0.19696098709926993
 23
0.9901897488522498
 33
4.522192334066456
  0
3DFACE
  5
BE
330
17
100
AcDbEntity
  8
MEMBRANA_3D
100
AcDbFace
 10
-0.07351285524717048
 20
0.7463885450041476
 30
4.6
 11
-0.19696098709926993
 21
0.9901897488522498
 31
4.522192334066456
 12
-0.14631774151209614
 22
0.7355889603024228
 32
4.6
 13
-0.14631774151209614
 23
0.7355889603024228
 33
4.6
  0
3DFACE
  5
BF
330
17
100
AcDbEntity
  8
MEMBRANA_3D
100
AcDbFace
 10
-0.14631774151209614
 20
0.7355889603024228
 30
4.6
 11
-0.19696098709926993
 21
0.9901897488522498
 31
4.522192334066456
 12
-0.29533331019589837
 22
0.9735834480992169
 32
4.519257785579542
 13
-0.29533331019589837
 23
0.9735834480992169
 33
4.519257785579542
  0
3DFACE
  5
C0
330
17
100
AcDbEntity
  8
MEMBRANA_3D
100
AcDbFace
 10
-0.14631774151209614
 20
0.7355889603024228
 30
4.6
 11
-0.29533331019589837
 21
0.9735834480992169
 31
4.519257785579542
 12
-0.21771350794084662
 22
0.7177052517991567
 32
4.6
 13
-0.21771350794084662
 23
0.7177052517991567
 33
4.6
  0
3DFACE
  5
C1
330
17
100
AcDbEntity
  8
MEMBRANA_3D
100
AcDbFace
 10
-0.21771350794084662
 20
0.7177052517991567
 30
4.6
 11
-0.29533331019589837
 21
0.9735834480992169
 31
4.519257785579542
 12
-0.3937344131259952
 22
0.950558960141789
 32
4.51489948660442
 13
-0.3937344131259952
 23
0.950558960141789
 33
4.51489948660442
  0
3DFACE
  5
C2
330
17
100
AcDbEntity
  8
MEMBRANA_3D
100
AcDbFace
 10
-0.21771350794084662
 20
0.7177052517991567
 30
4.6
 11
-0.3937344131259952
 21
0.950558960141789
 31
4.51489948660442
 12
-0.2870125742738173
 22
0.692909649383465
 32
4.6
 13
-0.2870125742738173
 23
0.692909649383465
 33
4.6
  0
3DFACE
  5
C3
330
17
100
AcDbEntity
  8
MEMBRANA_3D
100
AcDbFace
 10
-0.2870125742738173
 20
0.692909649383465
 30
4.6
 11
-0.3937344131259952
 21
0.950558960141789
 31
4.51489948660442
 12
-0.4795952718521474
 22
0.8972596445517274
 32
4.519257785579542
 13
-0.4795952718521474
 23
0.8972596445517274
 33
4.519257785579542
  0
3DFACE
  5
C4
330
17
100
AcDbEntity
  8
MEMBRANA_3D
100
AcDbFace
 10
-0.2870125742738173
 20
0.692909649383465
 30
4.6
 11
-0.4795952718521474
 21
0.8972596445517274
 31
4.519257785579542
 12
-0.3535475526194983
 22
0.6614409482612663
 32
4.6
 13
-0.3535475526194983
 23
0.6614409482612663
 33
4.6
  0
3DFACE
  5
C5
330
17
100
AcDbEntity
  8
MEMBRANA_3D
100
AcDbFace
 10
-0.3535475526194983
 20
0.6614409482612663
 30
4.6
 11
-0.4795952718521474
 21
0.8972596445517274
 31
4.519257785579542
 12
-0.56089743646774
 22
0.8394423356819204
 32
4.522192334066456
 13
-0.56089743646774
 23
0.8394423356819204
 33
4.522192334066456
  0
3DFACE
  5
C6
330
17
100
AcDbEntity
  8
MEMBRANA_3D
100
AcDbFace
 10
-0.3535475526194983
 20
0.6614409482612663
 30
4.6
 11
-0.56089743646774
 21
0.8394423356819204
 31
4.522192334066456
 12
-0.41667767476470147
 22
0.6236022092269091
 32
4.6
 13
-0.41667767476470147
 23
0.6236022092269091
 33
4.6
  0
3DFACE
  5
C7
330
17
100
AcDbEntity
  8
MEMBRANA_3D
100
AcDbFace
 10
-0.41667767476470147
 20
0.6236022092269091
 30
4.6
 11
-0.56089743646774
 21
0.8394423356819204
 31
4.522192334066456
 12
-0.6376017672233746
 22
0.7769200012828065
 32
4.5238862910263276
 13
-0.6376017672233746
 23
0.7769200012828065
 33
4.5238862910263276
  0
3DFACE
  5
C8
330
17
100
AcDbEntity
  8
MEMBRANA_3D
100
AcDbFace
 10
-0.41667767476470147
 20
0.6236022092269091
 30
4.6
 11
-0.6376017672233746
 21
0.7769200012828065
 31
4.5238862910263276
 12
-0.47579496312273406
 22
0.5797578400220529
 32
4.6
 13
-0.47579496312273406
 23
0.5797578400220529
 33
4.6
  0
3DFACE
  5
C9
330
17
100
AcDbEntity
  8
MEMBRANA_3D
100
AcDbFace
 10
-0.47579496312273406
 20
0.5797578400220529
 30
4.6
 11
-0.6376017672233746
 21
0.7769200012828065
 31
4.5238862910263276
 12
-0.7096321625479279
 22
0.709632162547928
 32
4.524440247278721
 13
-0.7096321625479279
 23
0.709632162547928
 33
4.524440247278721
  0
3DFACE
  5
CA
330
17
100
AcDbEntity
  8
MEMBRANA_3D
100
AcDbFace
 10
-0.47579496312273406
 20
0.5797578400220529
 30
4.6
 11
-0.7096321625479279
 21
0.709632162547928
 31
4.524440247278721
 12
-0.5303300858899106
 22
0.5303300858899107
 32
4.6
 13
-0.5303300858899106
 23
0.5303300858899107
 33
4.6
  0
3DFACE
  5
CB
330
17
100
AcDbEntity
  8
MEMBRANA_3D
100
AcDbFace
 10
-0.5303300858899106
 20
0.5303300858899107
 30
4.6
 11
-0.7096321625479279
 21
0.709632162547928
 31
4.524440247278721
 12
-0.7769200012828064
 22
0.6376017672233747
 32
4.5238862910263276
 13
-0.7769200012828064
 23
0.6376017672233747
 33
4.5238862910263276
  0
3DFACE
  5
CC
330
17
100
AcDbEntity
  8
MEMBRANA_3D
100
AcDbFace
 10
-0.5303300858899106
 20
0.5303300858899107
 30
4.6
 11
-0.7769200012828064
 21
0.6376017672233747
 31
4.5238862910263276
 12
-0.5797578400220528
 22
0.4757949631227341
 32
4.6
 13
-0.5797578400220528
 23
0.4757949631227341
 33
4.6
  0
3DFACE
  5
CD
330
17
100
AcDbEntity
  8
MEMBRANA_3D
100
AcDbFace
 10
-0.5797578400220528
 20
0.4757949631227341
 30
4.6
 11
-0.7769200012828064
 21
0.6376017672233747
 31
4.5238862910263276
 12
-0.8394423356819203
 22
0.5608974364677403
 32
4.522192334066456
 13
-0.8394423356819203
 23
0.5608974364677403
 33
4.522192334066456
  0
3DFACE
  5
CE
330
17
100
AcDbEntity
  8
MEMBRANA_3D
100
AcDbFace
 10
-0.5797578400220528
 20
0.4757949631227341
 30
4.6
 11
-0.8394423356819203
 21
0.5608974364677403
 31
4.522192334066456
 12
-0.623602209226909
 22
0.41667767476470163
 32
4.6
 13
-0.623602209226909
 23
0.41667767476470163
 33
4.6
  0
3DFACE
  5
CF
330
17
100
AcDbEntity
  8
MEMBRANA_3D
100
AcDbFace
 10
-0.623602209226909
 20
0.41667767476470163
 30
4.6
 11
-0.8394423356819203
 21
0.5608974364677403
 31
4.522192334066456
 12
-0.8972596445517272
 22
0.47959527185214756
 32
4.519257785579542
 13
-0.8972596445517272
 23
0.47959527185214756
 33
4.519257785579542
  0
3DFACE
  5
D0
330
17
100
AcDbEntity
  8
MEMBRANA_3D
100
AcDbFace
 10
-0.623602209226909
 20
0.41667767476470163
 30
4.6
 11
-0.8972596445517272
 21
0.47959527185214756
 31
4.519257785579542
 12
-0.6614409482612662
 22
0.3535475526194984
 32
4.6
 13
-0.6614409482612662
 23
0.3535475526194984
 33
4.6
  0
3DFACE
  5
D1
330
17
100
AcDbEntity
  8
MEMBRANA_3D
100
AcDbFace
 10
-0.6614409482612662
 20
0.3535475526194984
 30
4.6
 11
-0.8972596445517272
 21
0.47959527185214756
 31
4.519257785579542
 12
-0.950558960141789
 22
0.3937344131259954
 32
4.51489948660442
 13
-0.950558960141789
 23
0.3937344131259954
 33
4.51489948660442
  0
3DFACE
  5
D2
330
17
100
AcDbEntity
  8
MEMBRANA_3D
100
AcDbFace
 10
-0.6614409482612662
 20
0.3535475526194984
 30
4.6
 11
-0.950558960141789
 21
0.3937344131259954
 31
4.51489948660442
 12
-0.692909649383465
 22
0.28701257427381743
 32
4.6
 13
-0.692909649383465
 23
0.28701257427381743
 33
4.6
  0
3DFACE
  5
D3
330
17
100
AcDbEntity
  8
MEMBRANA_3D
100
AcDbFace
 10
-0.692909649383465
 20
0.28701257427381743
 30
4.6
 11
-0.950558960141789
 21
0.3937344131259954
 31
4.51489948660442
 12
-0.9735834480992168
 22
0.2953333101958986
 32
4.519257785579542
 13
-0.9735834480992168
 23
0.2953333101958986
 33
4.519257785579542
  0
3DFACE
  5
D4
330
17
100
AcDbEntity
  8
MEMBRANA_3D
100
AcDbFace
 10
-0.692909649383465
 20
0.28701257427381743
 30
4.6
 11
-0.9735834480992168
 21
0.2953333101958986
 31
4.519257785579542
 12
-0.7177052517991567
 22
0.2177135079408468
 32
4.6
 13
-0.7177052517991567
 23
0.2177135079408468
 33
4.6
  0
3DFACE
  5
D5
330
17
100
AcDbEntity
  8
MEMBRANA_3D
100
AcDbFace
 10
-0.7177052517991567
 20
0.2177135079408468
 30
4.6
 11
-0.9735834480992168
 21
0.2953333101958986
 31
4.519257785579542
 12
-0.9901897488522498
 22
0.19696098709927035
 32
4.522192334066456
 13
-0.9901897488522498
 23
0.19696098709927035
 33
4.522192334066456
  0
3DFACE
  5
D6
330
17
100
AcDbEntity
  8
MEMBRANA_3D
100
AcDbFace
 10
-0.7177052517991567
 20
0.2177135079408468
 30
4.6
 11
-0.9901897488522498
 21
0.19696098709927035
 31
4.522192334066456
 12
-0.7355889603024228
 22
0.14631774151209645
 32
4.6
 13
-0.7355889603024228
 23
0.14631774151209645
 33
4.6
  0
3DFACE
  5
D7
330
17
100
AcDbEntity
  8
MEMBRANA_3D
100
AcDbFace
 10
-0.7355889603024228
 20
0.14631774151209645
 30
4.6
 11
-0.9901897488522498
 21
0.19696098709927035
 31
4.522192334066456
 12
-1.0002179346467084
 22
0.09851286804635893
 32
4.5238862910263276
 13
-1.0002179346467084
 23
0.09851286804635893
 33
4.5238862910263276
  0
3DFACE
  5
D8
330
17
100
AcDbEntity
  8
MEMBRANA_3D
100
AcDbFace
 10
-0.7355889603024228
 20
0.14631774151209645
 30
4.6
 11
-1.0002179346467084
 21
0.09851286804635893
 31
4.5238862910263276
 12
-0.7463885450041476
 22
0.07351285524717062
 32
4.6
 13
-0.7463885450041476
 23
0.07351285524717062
 33
4.6
  0
3DFACE
  5
D9
330
17
100
AcDbEntity
  8
MEMBRANA_3D
100
AcDbFace
 10
-0.7463885450041476
 20
0.07351285524717062
 30
4.6
 11
-1.0002179346467084
 21
0.09851286804635893
 31
4.5238862910263276
 12
-1.0035714285714286
 22
1.2290205377157365e-16
 32
4.524440247278721
 13
-1.0035714285714286
 23
1.2290205377157365e-16
 33
4.524440247278721
  0
3DFACE
  5
DA
330
17
100
AcDbEntity
  8
MEMBRANA_3D
100
AcDbFace
 10
-0.7463885450041476
 20
0.07351285524717062
 30
4.6
 11
-1.0035714285714286
 21
1.2290205377157365e-16
 31
4.524440247278721
 12
-0.75
 22
9.184850993605148e-17
 32
4.6
 13
-0.75
 23
9.184850993605148e-17
 33
4.6
  0
3DFACE
  5
DB
330
17
100
AcDbEntity
  8
MEMBRANA_3D
100
AcDbFace
 10
-0.75
 20
9.184850993605148e-17
 30
4.6
 11
-1.0035714285714286
 21
1.2290205377157365e-16
 31
4.524440247278721
 12
-1.0002179346467084
 22
-0.0985128680463587
 32
4.5238862910263276
 13
-1.0002179346467084
 23
-0.0985128680463587
 33
4.5238862910263276
  0
3DFACE
  5
DC
330
17
100
AcDbEntity
  8
MEMBRANA_3D
100
AcDbFace
 10
-0.75
 20
9.184850993605148e-17
 30
4.6
 11
-1.0002179346467084
 21
-0.0985128680463587
 31
4.5238862910263276
 12
-0.7463885450041476
 22
-0.07351285524717044
 32
4.6
 13
-0.7463885450041476
 23
-0.07351285524717044
 33
4.6
  0
3DFACE
  5
DD
330
17
100
AcDbEntity
  8
MEMBRANA_3D
100
AcDbFace
 10
-0.7463885450041476
 20
-0.07351285524717044
 30
4.6
 11
-1.0002179346467084
 21
-0.0985128680463587
 31
4.5238862910263276
 12
-0.9901897488522498
 22
-0.1969609870992701
 32
4.522192334066456
 13
-0.9901897488522498
 23
-0.1969609870992701
 33
4.522192334066456
  0
3DFACE
  5
DE
330
17
100
AcDbEntity
  8
MEMBRANA_3D
100
AcDbFace
 10
-0.7463885450041476
 20
-0.07351285524717044
 30
4.6
 11
-0.9901897488522498
 21
-0.1969609870992701
 31
4.522192334066456
 12
-0.7355889603024228
 22
-0.14631774151209626
 32
4.6
 13
-0.7355889603024228
 23
-0.14631774151209626
 33
4.6
  0
3DFACE
  5
DF
330
17
100
AcDbEntity
  8
MEMBRANA_3D
100
AcDbFace
 10
-0.7355889603024228
 20
-0.14631774151209626
 30
4.6
 11
-0.9901897488522498
 21
-0.1969609870992701
 31
4.522192334066456
 12
-0.9735834480992169
 22
-0.2953333101958983
 32
4.519257785579542
 13
-0.9735834480992169
 23
-0.2953333101958983
 33
4.519257785579542
  0
3DFACE
  5
E0
330
17
100
AcDbEntity
  8
MEMBRANA_3D
100
AcDbFace
 10
-0.7355889603024228
 20
-0.14631774151209626
 30
4.6
 11
-0.9735834480992169
 21
-0.2953333101958983
 31
4.519257785579542
 12
-0.7177052517991567
 22
-0.2177135079408466
 32
4.6
 13
-0.7177052517991567
 23
-0.2177135079408466
 33
4.6
  0
3DFACE
  5
E1
330
17
100
AcDbEntity
  8
MEMBRANA_3D
100
AcDbFace
 10
-0.7177052517991567
 20
-0.2177135079408466
 30
4.6
 11
-0.9735834480992169
 21
-0.2953333101958983
 31
4.519257785579542
 12
-0.9505589601417891
 22
-0.39373441312599516
 32
4.51489948660442
 13
-0.9505589601417891
 23
-0.39373441312599516
 33
4.51489948660442
  0
3DFACE
  5
E2
330
17
100
AcDbEntity
  8
MEMBRANA_3D
100
AcDbFace
 10
-0.7177052517991567
 20
-0.2177135079408466
 30
4.6
 11
-0.9505589601417891
 21
-0.39373441312599516
 31
4.51489948660442
 12
-0.6929096493834651
 22
-0.28701257427381727
 32
4.6
 13
-0.6929096493834651
 23
-0.28701257427381727
 33
4.6
  0
3DFACE
  5
E3
330
17
100
AcDbEntity
  8
MEMBRANA_3D
100
AcDbFace
 10
-0.6929096493834651
 20
-0.28701257427381727
 30
4.6
 11
-0.9505589601417891
 21
-0.39373441312599516
 31
4.51489948660442
 12
-0.8972596445517274
 22
-0.47959527185214734
 32
4.519257785579542
 13
-0.8972596445517274
 23
-0.47959527185214734
 33
4.519257785579542
  0
3DFACE
  5
E4
330
17
100
AcDbEntity
  8
MEMBRANA_3D
100
AcDbFace
 10
-0.6929096493834651
 20
-0.28701257427381727
 30
4.6
 11
-0.8972596445517274
 21
-0.47959527185214734
 31
4.519257785579542
 12
-0.6614409482612663
 22
-0.3535475526194982
 32
4.6
 13
-0.6614409482612663
 23
-0.3535475526194982
 33
4.6
  0
3DFACE
  5
E5
330
17
100
AcDbEntity
  8
MEMBRANA_3D
100
AcDbFace
 10
-0.6614409482612663
 20
-0.3535475526194982
 30
4.6
 11
-0.8972596445517274
 21
-0.47959527185214734
 31
4.519257785579542
 12
-0.8394423356819204
 22
-0.56089743646774
 32
4.522192334066456
 13
-0.8394423356819204
 23
-0.56089743646774
 33
4.522192334066456
  0
3DFACE
  5
E6
330
17
100
AcDbEntity
  8
MEMBRANA_3D
100
AcDbFace
 10
-0.6614409482612663
 20
-0.3535475526194982
 30
4.6
 11
-0.8394423356819204
 21
-0.56089743646774
 31
4.522192334066456
 12
-0.6236022092269091
 22
-0.41667767476470147
 32
4.6
 13
-0.6236022092269091
 23
-0.41667767476470147
 33
4.6
  0
3DFACE
  5
E7
330
17
100
AcDbEntity
  8
MEMBRANA_3D
100
AcDbFace
 10
-0.6236022092269091
 20
-0.41667767476470147
 30
4.6
 11
-0.8394423356819204
 21
-0.56089743646774
 31
4.522192334066456
 12
-0.7769200012828065
 22
-0.6376017672233745
 32
4.5238862910263276
 13
-0.7769200012828065
 23
-0.6376017672233745
 33
4.5238862910263276
  0
3DFACE
  5
E8
330
17
100
AcDbEntity
  8
MEMBRANA_3D
100
AcDbFace
 10
-0.6236022092269091
 20
-0.41667767476470147
 30
4.6
 11
-0.7769200012828065
 21
-0.6376017672233745
 31
4.5238862910263276
 12
-0.5797578400220529
 22
-0.47579496312273395
 32
4.6
 13
-0.5797578400220529
 23
-0.47579496312273395
 33
4.6
  0
3DFACE
  5
E9
330
17
100
AcDbEntity
  8
MEMBRANA_3D
100
AcDbFace
 10
-0.5797578400220529
 20
-0.47579496312273395
 30
4.6
 11
-0.7769200012828065
 21
-0.6376017672233745
 31
4.5238862910263276
 12
-0.7096321625479282
 22
-0.7096321625479279
 32
4.524440247278721
 13
-0.7096321625479282
 23
-0.7096321625479279
 33
4.524440247278721
  0
3DFACE
  5
EA
330
17
100
AcDbEntity
  8
MEMBRANA_3D
100
AcDbFace
 10
-0.5797578400220529
 20
-0.47579496312273395
 30
4.6
 11
-0.7096321625479282
 21
-0.7096321625479279
 31
4.524440247278721
 12
-0.5303300858899107
 22
-0.5303300858899106
 32
4.6
 13
-0.5303300858899107
 23
-0.5303300858899106
 33
4.6
  0
3DFACE
  5
EB
330
17
100
AcDbEntity
  8
MEMBRANA_3D
100
AcDbFace
 10
-0.5303300858899107
 20
-0.5303300858899106
 30
4.6
 11
-0.7096321625479282
 21
-0.7096321625479279
 31
4.524440247278721
 12
-0.6376017672233751
 22
-0.776920001282806
 32
4.5238862910263276
 13
-0.6376017672233751
 23
-0.776920001282806
 33
4.5238862910263276
  0
3DFACE
  5
EC
330
17
100
AcDbEntity
  8
MEMBRANA_3D
100
AcDbFace
 10
-0.5303300858899107
 20
-0.5303300858899106
 30
4.6
 11
-0.6376017672233751
 21
-0.776920001282806
 31
4.5238862910263276
 12
-0.47579496312273445
 22
-0.5797578400220524
 32
4.6
 13
-0.47579496312273445
 23
-0.5797578400220524
 33
4.6
  0
3DFACE
  5
ED
330
17
100
AcDbEntity
  8
MEMBRANA_3D
100
AcDbFace
 10
-0.47579496312273445
 20
-0.5797578400220524
 30
4.6
 11
-0.6376017672233751
 21
-0.776920001282806
 31
4.5238862910263276
 12
-0.5608974364677403
 22
-0.8394423356819202
 32
4.522192334066456
 13
-0.5608974364677403
 23
-0.8394423356819202
 33
4.522192334066456
  0
3DFACE
  5
EE
330
17
100
AcDbEntity
  8
MEMBRANA_3D
100
AcDbFace
 10
-0.47579496312273445
 20
-0.5797578400220524
 30
4.6
 11
-0.5608974364677403
 21
-0.8394423356819202
 31
4.522192334066456
 12
-0.41667767476470163
 22
-0.6236022092269089
 32
4.6
 13
-0.41667767476470163
 23
-0.6236022092269089
 33
4.6
  0
3DFACE
  5
EF
330
17
100
AcDbEntity
  8
MEMBRANA_3D
100
AcDbFace
 10
-0.41667767476470163
 20
-0.6236022092269089
 30
4.6
 11
-0.5608974364677403
 21
-0.8394423356819202
 31
4.522192334066456
 12
-0.47959527185214756
 22
-0.8972596445517272
 32
4.519257785579542
 13
-0.47959527185214756
 23
-0.8972596445517272
 33
4.519257785579542
  0
3DFACE
  5
F0
330
17
100
AcDbEntity
  8
MEMBRANA_3D
100
AcDbFace
 10
-0.41667767476470163
 20
-0.6236022092269089
 30
4.6
 11
-0.47959527185214756
 21
-0.8972596445517272
 31
4.519257785579542
 12
-0.3535475526194984
 22
-0.6614409482612662
 32
4.6
 13
-0.3535475526194984
 23
-0.6614409482612662
 33
4.6
  0
3DFACE
  5
F1
330
17
100
AcDbEntity
  8
MEMBRANA_3D
100
AcDbFace
 10
-0.3535475526194984
 20
-0.6614409482612662
 30
4.6
 11
-0.47959527185214756
 21
-0.8972596445517272
 31
4.519257785579542
 12
-0.3937344131259958
 22
-0.9505589601417885
 32
4.51489948660442
 13
-0.3937344131259958
 23
-0.9505589601417885
 33
4.51489948660442
  0
3DFACE
  5
F2
330
17
100
AcDbEntity
  8
MEMBRANA_3D
100
AcDbFace
 10
-0.3535475526194984
 20
-0.6614409482612662
 30
4.6
 11
-0.3937344131259958
 21
-0.9505589601417885
 31
4.51489948660442
 12
-0.28701257427381777
 22
-0.6929096493834649
 32
4.6
 13
-0.28701257427381777
 23
-0.6929096493834649
 33
4.6
  0
3DFACE
  5
F3
330
17
100
AcDbEntity
  8
MEMBRANA_3D
100
AcDbFace
 10
-0.28701257427381777
 20
-0.6929096493834649
 30
4.6
 11
-0.3937344131259958
 21
-0.9505589601417885
 31
4.51489948660442
 12
-0.29533331019589865
 22
-0.9735834480992168
 32
4.519257785579542
 13
-0.29533331019589865
 23
-0.9735834480992168
 33
4.519257785579542
  0
3DFACE
  5
F4
330
17
100
AcDbEntity
  8
MEMBRANA_3D
100
AcDbFace
 10
-0.28701257427381777
 20
-0.6929096493834649
 30
4.6
 11
-0.29533331019589865
 21
-0.9735834480992168
 31
4.519257785579542
 12
-0.21771350794084682
 22
-0.7177052517991567
 32
4.6
 13
-0.21771350794084682
 23
-0.7177052517991567
 33
4.6
  0
3DFACE
  5
F5
330
17
100
AcDbEntity
  8
MEMBRANA_3D
100
AcDbFace
 10
-0.21771350794084682
 20
-0.7177052517991567
 30
4.6
 11
-0.29533331019589865
 21
-0.9735834480992168
 31
4.519257785579542
 12
-0.1969609870992704
 22
-0.9901897488522496
 32
4.522192334066456
 13
-0.1969609870992704
 23
-0.9901897488522496
 33
4.522192334066456
  0
3DFACE
  5
F6
330
17
100
AcDbEntity
  8
MEMBRANA_3D
100
AcDbFace
 10
-0.21771350794084682
 20
-0.7177052517991567
 30
4.6
 11
-0.1969609870992704
 21
-0.9901897488522496
 31
4.522192334066456
 12
-0.1463177415120965
 22
-0.7355889603024227
 32
4.6
 13
-0.1463177415120965
 23
-0.7355889603024227
 33
4.6
  0
3DFACE
  5
F7
330
17
100
AcDbEntity
  8
MEMBRANA_3D
100
AcDbFace
 10
-0.1463177415120965
 20
-0.7355889603024227
 30
4.6
 11
-0.1969609870992704
 21
-0.9901897488522496
 31
4.522192334066456
 12
-0.09851286804635856
 22
-1.0002179346467084
 32
4.5238862910263276
 13
-0.09851286804635856
 23
-1.0002179346467084
 33
4.5238862910263276
  0
3DFACE
  5
F8
330
17
100
AcDbEntity
  8
MEMBRANA_3D
100
AcDbFace
 10
-0.1463177415120965
 20
-0.7355889603024227
 30
4.6
 11
-0.09851286804635856
 21
-1.0002179346467084
 31
4.5238862910263276
 12
-0.07351285524717034
 22
-0.7463885450041476
 32
4.6
 13
-0.07351285524717034
 23
-0.7463885450041476
 33
4.6
  0
3DFACE
  5
F9
330
17
100
AcDbEntity
  8
MEMBRANA_3D
100
AcDbFace
 10
-0.07351285524717034
 20
-0.7463885450041476
 30
4.6
 11
-0.09851286804635856
 21
-1.0002179346467084
 31
4.5238862910263276
 12
-1.8435308065736047e-16
 22
-1.0035714285714286
 32
4.524440247278721
 13
-1.8435308065736047e-16
 23
-1.0035714285714286
 33
4.524440247278721
  0
3DFACE
  5
FA
330
17
100
AcDbEntity
  8
MEMBRANA_3D
100
AcDbFace
 10
-0.07351285524717034
 20
-0.7463885450041476
 30
4.6
 11
-1.8435308065736047e-16
 21
-1.0035714285714286
 31
4.524440247278721
 12
-1.3777276490407724e-16
 22
-0.75
 32
4.6
 13
-1.3777276490407724e-16
 23
-0.75
 33
4.6
  0
3DFACE
  5
FB
330
17
100
AcDbEntity
  8
MEMBRANA_3D
100
AcDbFace
 10
-1.3777276490407724e-16
 20
-0.75
 30
4.6
 11
-1.8435308065736047e-16
 21
-1.0035714285714286
 31
4.524440247278721
 12
0.0985128680463582
 22
-1.0002179346467084
 32
4.5238862910263276
 13
0.0985128680463582
 23
-1.0002179346467084
 33
4.5238862910263276
  0
3DFACE
  5
FC
330
17
100
AcDbEntity
  8
MEMBRANA_3D
100
AcDbFace
 10
-1.3777276490407724e-16
 20
-0.75
 30
4.6
 11
0.0985128680463582
 21
-1.0002179346467084
 31
4.5238862910263276
 12
0.07351285524717006
 22
-0.7463885450041476
 32
4.6
 13
0.07351285524717006
 23
-0.7463885450041476
 33
4.6
  0
3DFACE
  5
FD
330
17
100
AcDbEntity
  8
MEMBRANA_3D
100
AcDbFace
 10
0.07351285524717006
 20
-0.7463885450041476
 30
4.6
 11
0.0985128680463582
 21
-1.0002179346467084
 31
4.5238862910263276
 12
0.19696098709927004
 22
-0.9901897488522498
 32
4.522192334066456
 13
0.19696098709927004
 23
-0.9901897488522498
 33
4.522192334066456
  0
3DFACE
  5
FE
330
17
100
AcDbEntity
  8
MEMBRANA_3D
100
AcDbFace
 10
0.07351285524717006
 20
-0.7463885450041476
 30
4.6
 11
0.19696098709927004
 21
-0.9901897488522498
 31
4.522192334066456
 12
0.14631774151209623
 22
-0.7355889603024228
 32
4.6
 13
0.14631774151209623
 23
-0.7355889603024228
 33
4.6
  0
3DFACE
  5
FF
330
17
100
AcDbEntity
  8
MEMBRANA_3D
100
AcDbFace
 10
0.14631774151209623
 20
-0.7355889603024228
 30
4.6
 11
0.19696098709927004
 21
-0.9901897488522498
 31
4.522192334066456
 12
0.29533331019589826
 22
-0.9735834480992169
 32
4.519257785579542
 13
0.29533331019589826
 23
-0.9735834480992169
 33
4.519257785579542
  0
3DFACE
  5
100
330
17
100
AcDbEntity
  8
MEMBRANA_3D
100
AcDbFace
 10
0.14631774151209623
 20
-0.7355889603024228
 30
4.6
 11
0.29533331019589826
 21
-0.9735834480992169
 31
4.519257785579542
 12
0.21771350794084654
 22
-0.7177052517991567
 32
4.6
 13
0.21771350794084654
 23
-0.7177052517991567
 33
4.6
  0
3DFACE
  5
101
330
17
100
AcDbEntity
  8
MEMBRANA_3D
100
AcDbFace
 10
0.21771350794084654
 20
-0.7177052517991567
 30
4.6
 11
0.29533331019589826
 21
-0.9735834480992169
 31
4.519257785579542
 12
0.3937344131259955
 22
-0.9505589601417889
 32
4.51489948660442
 13
0.3937344131259955
 23
-0.9505589601417889
 33
4.51489948660442
  0
3DFACE
  5
102
330
17
100
AcDbEntity
  8
MEMBRANA_3D
100
AcDbFace
 10
0.21771350794084654
 20
-0.7177052517991567
 30
4.6
 11
0.3937344131259955
 21
-0.9505589601417889
 31
4.51489948660442
 12
0.2870125742738175
 22
-0.692909649383465
 32
4.6
 13
0.2870125742738175
 23
-0.692909649383465
 33
4.6
  0
3DFACE
  5
103
330
17
100
AcDbEntity
  8
MEMBRANA_3D
100
AcDbFace
 10
0.2870125742738175
 20
-0.692909649383465
 30
4.6
 11
0.3937344131259955
 21
-0.9505589601417889
 31
4.51489948660442
 12
0.4795952718521473
 22
-0.8972596445517274
 32
4.519257785579542
 13
0.4795952718521473
 23
-0.8972596445517274
 33
4.519257785579542
  0
3DFACE
  5
104
330
17
100
AcDbEntity
  8
MEMBRANA_3D
100
AcDbFace
 10
0.2870125742738175
 20
-0.692909649383465
 30
4.6
 11
0.4795952718521473
 21
-0.8972596445517274
 31
4.519257785579542
 12
0.3535475526194982
 22
-0.6614409482612663
 32
4.6
 13
0.3535475526194982
 23
-0.6614409482612663
 33
4.6
  0
3DFACE
  5
105
330
17
100
AcDbEntity
  8
MEMBRANA_3D
100
AcDbFace
 10
0.3535475526194982
 20
-0.6614409482612663
 30
4.6
 11
0.4795952718521473
 21
-0.8972596445517274
 31
4.519257785579542
 12
0.5608974364677399
 22
-0.8394423356819204
 32
4.522192334066456
 13
0.5608974364677399
 23
-0.8394423356819204
 33
4.522192334066456
  0
3DFACE
  5
106
330
17
100
AcDbEntity
  8
MEMBRANA_3D
100
AcDbFace
 10
0.3535475526194982
 20
-0.6614409482612663
 30
4.6
 11
0.5608974364677399
 21
-0.8394423356819204
 31
4.522192334066456
 12
0.4166776747647014
 22
-0.6236022092269091
 32
4.6
 13
0.4166776747647014
 23
-0.6236022092269091
 33
4.6
  0
3DFACE
  5
107
330
17
100
AcDbEntity
  8
MEMBRANA_3D
100
AcDbFace
 10
0.4166776747647014
 20
-0.6236022092269091
 30
4.6
 11
0.5608974364677399
 21
-0.8394423356819204
 31
4.522192334066456
 12
0.6376017672233748
 22
-0.7769200012828062
 32
4.5238862910263276
 13
0.6376017672233748
 23
-0.7769200012828062
 33
4.5238862910263276
  0
3DFACE
  5
108
330
17
100
AcDbEntity
  8
MEMBRANA_3D
100
AcDbFace
 10
0.4166776747647014
 20
-0.6236022092269091
 30
4.6
 11
0.6376017672233748
 21
-0.7769200012828062
 31
4.5238862910263276
 12
0.47579496312273417
 22
-0.5797578400220527
 32
4.6
 13
0.47579496312273417
 23
-0.5797578400220527
 33
4.6
  0
3DFACE
  5
109
330
17
100
AcDbEntity
  8
MEMBRANA_3D
100
AcDbFace
 10
0.47579496312273417
 20
-0.5797578400220527
 30
4.6
 11
0.6376017672233748
 21
-0.7769200012828062
 31
4.5238862910263276
 12
0.7096321625479278
 22
-0.7096321625479282
 32
4.524440247278721
 13
0.7096321625479278
 23
-0.7096321625479282
 33
4.524440247278721
  0
3DFACE
  5
10A
330
17
100
AcDbEntity
  8
MEMBRANA_3D
100
AcDbFace
 10
0.47579496312273417
 20
-0.5797578400220527
 30
4.6
 11
0.7096321625479278
 21
-0.7096321625479282
 31
4.524440247278721
 12
0.5303300858899105
 22
-0.5303300858899107
 32
4.6
 13
0.5303300858899105
 23
-0.5303300858899107
 33
4.6
  0
3DFACE
  5
10B
330
17
100
AcDbEntity
  8
MEMBRANA_3D
100
AcDbFace
 10
0.5303300858899105
 20
-0.5303300858899107
 30
4.6
 11
0.7096321625479278
 21
-0.7096321625479282
 31
4.524440247278721
 12
0.776920001282806
 22
-0.6376017672233751
 32
4.5238862910263276
 13
0.776920001282806
 23
-0.6376017672233751
 33
4.5238862910263276
  0
3DFACE
  5
10C
330
17
100
AcDbEntity
  8
MEMBRANA_3D
100
AcDbFace
 10
0.5303300858899105
 20
-0.5303300858899107
 30
4.6
 11
0.776920001282806
 21
-0.6376017672233751
 31
4.5238862910263276
 12
0.5797578400220524
 22
-0.47579496312273445
 32
4.6
 13
0.5797578400220524
 23
-0.47579496312273445
 33
4.6
  0
3DFACE
  5
10D
330
17
100
AcDbEntity
  8
MEMBRANA_3D
100
AcDbFace
 10
0.5797578400220524
 20
-0.47579496312273445
 30
4.6
 11
0.776920001282806
 21
-0.6376017672233751
 31
4.5238862910263276
 12
0.8394423356819202
 22
-0.5608974364677403
 32
4.522192334066456
 13
0.8394423356819202
 23
-0.5608974364677403
 33
4.522192334066456
  0
3DFACE
  5
10E
330
17
100
AcDbEntity
  8
MEMBRANA_3D
100
AcDbFace
 10
0.5797578400220524
 20
-0.47579496312273445
 30
4.6
 11
0.8394423356819202
 21
-0.5608974364677403
 31
4.522192334066456
 12
0.6236022092269089
 22
-0.41667767476470163
 32
4.6
 13
0.6236022092269089
 23
-0.41667767476470163
 33
4.6
  0
3DFACE
  5
10F
330
17
100
AcDbEntity
  8
MEMBRANA_3D
100
AcDbFace
 10
0.6236022092269089
 20
-0.41667767476470163
 30
4.6
 11
0.8394423356819202
 21
-0.5608974364677403
 31
4.522192334066456
 12
0.8972596445517271
 22
-0.4795952718521476
 32
4.519257785579542
 13
0.8972596445517271
 23
-0.4795952718521476
 33
4.519257785579542
  0
3DFACE
  5
110
330
17
100
AcDbEntity
  8
MEMBRANA_3D
100
AcDbFace
 10
0.6236022092269089
 20
-0.41667767476470163
 30
4.6
 11
0.8972596445517271
 21
-0.4795952718521476
 31
4.519257785579542
 12
0.6614409482612661
 22
-0.35354755261949844
 32
4.6
 13
0.6614409482612661
 23
-0.35354755261949844
 33
4.6
  0
3DFACE
  5
111
330
17
100
AcDbEntity
  8
MEMBRANA_3D
100
AcDbFace
 10
0.6614409482612661
 20
-0.35354755261949844
 30
4.6
 11
0.8972596445517271
 21
-0.4795952718521476
 31
4.519257785579542
 12
0.9505589601417885
 22
-0.39373441312599583
 32
4.51489948660442
 13
0.9505589601417885
 23
-0.39373441312599583
 33
4.51489948660442
  0
3DFACE
  5
112
330
17
100
AcDbEntity
  8
MEMBRANA_3D
100
AcDbFace
 10
0.6614409482612661
 20
-0.35354755261949844
 30
4.6
 11
0.9505589601417885
 21
-0.39373441312599583
 31
4.51489948660442
 12
0.6929096493834649
 22
-0.28701257427381777
 32
4.6
 13
0.6929096493834649
 23
-0.28701257427381777
 33
4.6
  0
3DFACE
  5
113
330
17
100
AcDbEntity
  8
MEMBRANA_3D
100
AcDbFace
 10
0.6929096493834649
 20
-0.28701257427381777
 30
4.6
 11
0.9505589601417885
 21
-0.39373441312599583
 31
4.51489948660442
 12
0.9735834480992168
 22
-0.2953333101958987
 32
4.519257785579542
 13
0.9735834480992168
 23
-0.2953333101958987
 33
4.519257785579542
  0
3DFACE
  5
114
330
17
100
AcDbEntity
  8
MEMBRANA_3D
100
AcDbFace
 10
0.6929096493834649
 20
-0.28701257427381777
 30
4.6
 11
0.9735834480992168
 21
-0.2953333101958987
 31
4.519257785579542
 12
0.7177052517991567
 22
-0.21771350794084687
 32
4.6
 13
0.7177052517991567
 23
-0.21771350794084687
 33
4.6
  0
3DFACE
  5
115
330
17
100
AcDbEntity
  8
MEMBRANA_3D
100
AcDbFace
 10
0.7177052517991567
 20
-0.21771350794084687
 30
4.6
 11
0.9735834480992168
 21
-0.2953333101958987
 31
4.519257785579542
 12
0.9901897488522496
 22
-0.19696098709927046
 32
4.522192334066456
 13
0.9901897488522496
 23
-0.19696098709927046
 33
4.522192334066456
  0
3DFACE
  5
116
330
17
100
AcDbEntity
  8
MEMBRANA_3D
100
AcDbFace
 10
0.7177052517991567
 20
-0.21771350794084687
 30
4.6
 11
0.9901897488522496
 21
-0.19696098709927046
 31
4.522192334066456
 12
0.7355889603024227
 22
-0.14631774151209653
 32
4.6
 13
0.7355889603024227
 23
-0.14631774151209653
 33
4.6
  0
3DFACE
  5
117
330
17
100
AcDbEntity
  8
MEMBRANA_3D
100
AcDbFace
 10
0.7355889603024227
 20
-0.14631774151209653
 30
4.6
 11
0.9901897488522496
 21
-0.19696098709927046
 31
4.522192334066456
 12
1.0002179346467084
 22
-0.09851286804635861
 32
4.5238862910263276
 13
1.0002179346467084
 23
-0.09851286804635861
 33
4.5238862910263276
  0
3DFACE
  5
118
330
17
100
AcDbEntity
  8
MEMBRANA_3D
100
AcDbFace
 10
0.7355889603024227
 20
-0.14631774151209653
 30
4.6
 11
1.0002179346467084
 21
-0.09851286804635861
 31
4.5238862910263276
 12
0.7463885450041476
 22
-0.07351285524717038
 32
4.6
 13
0.7463885450041476
 23
-0.07351285524717038
 33
4.6
  0
3DFACE
  5
119
330
17
100
AcDbEntity
  8
MEMBRANA_3D
100
AcDbFace
 10
0.7463885450041476
 20
-0.07351285524717038
 30
4.6
 11
1.0002179346467084
 21
-0.09851286804635861
 31
4.5238862910263276
 12
1.0035714285714286
 22
0.0
 32
4.524440247278721
 13
1.0035714285714286
 23
0.0
 33
4.524440247278721
  0
3DFACE
  5
11A
330
17
100
AcDbEntity
  8
MEMBRANA_3D
100
AcDbFace
 10
0.7463885450041476
 20
-0.07351285524717038
 30
4.6
 11
1.0035714285714286
 21
0.0
 31
4.524440247278721
 12
0.75
 22
0.0
 32
4.6
 13
0.75
 23
0.0
 33
4.6
  0
3DFACE
  5
11B
330
17
100
AcDbEntity
  8
MEMBRANA_3D
100
AcDbFace
 10
1.0035714285714286
 20
0.0
 30
4.524440247278721
 11
1.2571428571428571
 21
0.0
 31
4.420287608912019
 12
1.2540473242892691
 22
0.12351288084554697
 32
4.418970071478524
 13
1.2540473242892691
 23
0.12351288084554697
 33
4.418970071478524
  0
3DFACE
  5
11C
330
17
100
AcDbEntity
  8
MEMBRANA_3D
100
AcDbFace
 10
1.0035714285714286
 20
0.0
 30
4.524440247278721
 11
1.2540473242892691
 21
0.12351288084554697
 31
4.418970071478524
 12
1.0002179346467084
 22
0.09851286804635871
 32
4.5238862910263276
 13
1.0002179346467084
 23
0.09851286804635871
 33
4.5238862910263276
  0
3DFACE
  5
11D
330
17
100
AcDbEntity
  8
MEMBRANA_3D
100
AcDbFace
 10
1.0002179346467084
 20
0.09851286804635871
 30
4.5238862910263276
 11
1.2540473242892691
 21
0.12351288084554697
 31
4.418970071478524
 12
1.2447905374020767
 22
0.2476042326864438
 32
4.414941140140149
 13
1.2447905374020767
 23
0.2476042326864438
 33
4.414941140140149
  0
3DFACE
  5
11E
330
17
100
AcDbEntity
  8
MEMBRANA_3D
100
AcDbFace
 10
1.0002179346467084
 20
0.09851286804635871
 30
4.5238862910263276
 11
1.2447905374020767
 21
0.2476042326864438
 31
4.414941140140149
 12
0.9901897488522498
 22
0.19696098709926999
 32
4.522192334066456
 13
0.9901897488522498
 23
0.19696098709926999
 33
4.522192334066456
  0
3DFACE
  5
11F
330
17
100
AcDbEntity
  8
MEMBRANA_3D
100
AcDbFace
 10
0.9901897488522498
 20
0.19696098709926999
 30
4.522192334066456
 11
1.2447905374020767
 21
0.2476042326864438
 31
4.414941140140149
 12
1.229461644399277
 22
0.3729531124509503
 32
4.407961568260233
 13
1.229461644399277
 23
0.3729531124509503
 33
4.407961568260233
  0
3DFACE
  5
120
330
17
100
AcDbEntity
  8
MEMBRANA_3D
100
AcDbFace
 10
0.9901897488522498
 20
0.19696098709926999
 30
4.522192334066456
 11
1.229461644399277
 21
0.3729531124509503
 31
4.407961568260233
 12
0.9735834480992168
 22
0.29533331019589854
 32
4.519257785579542
 13
0.9735834480992168
 23
0.29533331019589854
 33
4.519257785579542
  0
3DFACE
  5
121
330
17
100
AcDbEntity
  8
MEMBRANA_3D
100
AcDbFace
 10
0.9735834480992168
 20
0.29533331019589854
 30
4.519257785579542
 11
1.229461644399277
 21
0.3729531124509503
 31
4.407961568260233
 12
1.208208270900113
 22
0.5004562519781732
 32
4.397595727959183
 13
1.208208270900113
 23
0.5004562519781732
 33
4.397595727959183
  0
3DFACE
  5
122
330
17
100
AcDbEntity
  8
MEMBRANA_3D
100
AcDbFace
 10
0.9735834480992168
 20
0.29533331019589854
 30
4.519257785579542
 11
1.208208270900113
 21
0.5004562519781732
 31
4.397595727959183
 12
0.950558960141789
 22
0.3937344131259953
 32
4.51489948660442
 13
0.950558960141789
 23
0.3937344131259953
 33
4.51489948660442
  0
3DFACE
  5
123
330
17
100
AcDbEntity
  8
MEMBRANA_3D
100
AcDbFace
 10
0.950558960141789
 20
0.3937344131259953
 30
4.51489948660442
 11
1.208208270900113
 21
0.5004562519781732
 31
4.397595727959183
 12
1.1330783408421885
 22
0.6056429910847965
 32
4.407961568260233
 13
1.1330783408421885
 23
0.6056429910847965
 33
4.407961568260233
  0
3DFACE
  5
124
330
17
100
AcDbEntity
  8
MEMBRANA_3D
100
AcDbFace
 10
0.950558960141789
 20
0.3937344131259953
 30
4.51489948660442
 11
1.1330783408421885
 21
0.6056429910847965
 31
4.407961568260233
 12
0.8972596445517274
 22
0.47959527185214734
 32
4.519257785579542
 13
0.8972596445517274
 23
0.47959527185214734
 33
4.519257785579542
  0
3DFACE
  5
125
330
17
100
AcDbEntity
  8
MEMBRANA_3D
100
AcDbFace
 10
0.8972596445517274
 20
0.47959527185214734
 30
4.519257785579542
 11
1.1330783408421885
 21
0.6056429910847965
 31
4.407961568260233
 12
1.0552824621369314
 22
0.7051171981707789
 32
4.414941140140149
 13
1.0552824621369314
 23
0.7051171981707789
 33
4.414941140140149
  0
3DFACE
  5
126
330
17
100
AcDbEntity
  8
MEMBRANA_3D
100
AcDbFace
 10
0.8972596445517274
 20
0.47959527185214734
 30
4.519257785579542
 11
1.0552824621369314
 21
0.7051171981707789
 31
4.414941140140149
 12
0.8394423356819202
 22
0.5608974364677403
 32
4.522192334066456
 13
0.8394423356819202
 23
0.5608974364677403
 33
4.522192334066456
  0
3DFACE
  5
127
330
17
100
AcDbEntity
  8
MEMBRANA_3D
100
AcDbFace
 10
0.8394423356819202
 20
0.5608974364677403
 30
4.522192334066456
 11
1.0552824621369314
 21
0.7051171981707789
 31
4.414941140140149
 12
0.97408216254356
 22
0.7994085713240153
 32
4.418970071478524
 13
0.97408216254356
 23
0.7994085713240153
 33
4.418970071478524
  0
3DFACE
  5
128
330
17
100
AcDbEntity
  8
MEMBRANA_3D
100
AcDbFace
 10
0.8394423356819202
 20
0.5608974364677403
 30
4.522192334066456
 11
0.97408216254356
 21
0.7994085713240153
 31
4.418970071478524
 12
0.7769200012828064
 22
0.6376017672233747
 32
4.5238862910263276
 13
0.7769200012828064
 23
0.6376017672233747
 33
4.5238862910263276
  0
3DFACE
  5
129
330
17
100
AcDbEntity
  8
MEMBRANA_3D
100
AcDbFace
 10
0.7769200012828064
 20
0.6376017672233747
 30
4.5238862910263276
 11
0.97408216254356
 21
0.7994085713240153
 31
4.418970071478524
 12
0.8889342392059455
 22
0.8889342392059454
 32
4.420287608912019
 13
0.8889342392059455
 23
0.8889342392059454
 33
4.420287608912019
  0
3DFACE
  5
12A
330
17
100
AcDbEntity
  8
MEMBRANA_3D
100
AcDbFace
 10
0.7769200012828064
 20
0.6376017672233747
 30
4.5238862910263276
 11
0.8889342392059455
 21
0.8889342392059454
 31
4.420287608912019
 12
0.709632162547928
 22
0.7096321625479279
 32
4.524440247278721
 13
0.709632162547928
 23
0.7096321625479279
 33
4.524440247278721
  0
3DFACE
  5
12B
330
17
100
AcDbEntity
  8
MEMBRANA_3D
100
AcDbFace
 10
0.709632162547928
 20
0.7096321625479279
 30
4.524440247278721
 11
0.8889342392059455
 21
0.8889342392059454
 31
4.420287608912019
 12
0.7994085713240153
 22
0.97408216254356
 32
4.418970071478524
 13
0.7994085713240153
 23
0.97408216254356
 33
4.418970071478524
  0
3DFACE
  5
12C
330
17
100
AcDbEntity
  8
MEMBRANA_3D
100
AcDbFace
 10
0.709632162547928
 20
0.7096321625479279
 30
4.524440247278721
 11
0.7994085713240153
 21
0.97408216254356
 31
4.418970071478524
 12
0.6376017672233747
 22
0.7769200012828064
 32
4.5238862910263276
 13
0.6376017672233747
 23
0.7769200012828064
 33
4.5238862910263276
  0
3DFACE
  5
12D
330
17
100
AcDbEntity
  8
MEMBRANA_3D
100
AcDbFace
 10
0.6376017672233747
 20
0.7769200012828064
 30
4.5238862910263276
 11
0.7994085713240153
 21
0.97408216254356
 31
4.418970071478524
 12
0.7051171981707791
 22
1.0552824621369314
 32
4.414941140140149
 13
0.7051171981707791
 23
1.0552824621369314
 33
4.414941140140149
  0
3DFACE
  5
12E
330
17
100
AcDbEntity
  8
MEMBRANA_3D
100
AcDbFace
 10
0.6376017672233747
 20
0.7769200012828064
 30
4.5238862910263276
 11
0.7051171981707791
 21
1.0552824621369314
 31
4.414941140140149
 12
0.5608974364677404
 22
0.8394423356819202
 32
4.522192334066456
 13
0.5608974364677404
 23
0.8394423356819202
 33
4.522192334066456
  0
3DFACE
  5
12F
330
17
100
AcDbEntity
  8
MEMBRANA_3D
100
AcDbFace
 10
0.5608974364677404
 20
0.8394423356819202
 30
4.522192334066456
 11
0.7051171981707791
 21
1.0552824621369314
 31
4.414941140140149
 12
0.6056429910847967
 22
1.1330783408421883
 32
4.407961568260233
 13
0.6056429910847967
 23
1.1330783408421883
 33
4.407961568260233
  0
3DFACE
  5
130
330
17
100
AcDbEntity
  8
MEMBRANA_3D
100
AcDbFace
 10
0.5608974364677404
 20
0.8394423356819202
 30
4.522192334066456
 11
0.6056429910847967
 21
1.1330783408421883
 31
4.407961568260233
 12
0.4795952718521475
 22
0.8972596445517272
 32
4.519257785579542
 13
0.4795952718521475
 23
0.8972596445517272
 33
4.519257785579542
  0
3DFACE
  5
131
330
17
100
AcDbEntity
  8
MEMBRANA_3D
100
AcDbFace
 10
0.4795952718521475
 20
0.8972596445517272
 30
4.519257785579542
 11
0.6056429910847967
 21
1.1330783408421883
 31
4.407961568260233
 12
0.5004562519781733
 22
1.208208270900113
 32
4.397595727959183
 13
0.5004562519781733
 23
1.208208270900113
 33
4.397595727959183
  0
3DFACE
  5
132
330
17
100
AcDbEntity
  8
MEMBRANA_3D
100
AcDbFace
 10
0.4795952718521475
 20
0.8972596445517272
 30
4.519257785579542
 11
0.5004562519781733
 21
1.208208270900113
 31
4.397595727959183
 12
0.39373441312599533
 22
0.950558960141789
 32
4.51489948660442
 13
0.39373441312599533
 23
0.950558960141789
 33
4.51489948660442
  0
3DFACE
  5
133
330
17
100
AcDbEntity
  8
MEMBRANA_3D
100
AcDbFace
 10
0.39373441312599533
 20
0.950558960141789
 30
4.51489948660442
 11
0.5004562519781733
 21
1.208208270900113
 31
4.397595727959183
 12
0.3729531124509503
 22
1.229461644399277
 32
4.407961568260233
 13
0.3729531124509503
 23
1.229461644399277
 33
4.407961568260233
  0
3DFACE
  5
134
330
17
100
AcDbEntity
  8
MEMBRANA_3D
100
AcDbFace
 10
0.39373441312599533
 20
0.950558960141789
 30
4.51489948660442
 11
0.3729531124509503
 21
1.229461644399277
 31
4.407961568260233
 12
0.29533331019589854
 22
0.9735834480992169
 32
4.519257785579542
 13
0.29533331019589854
 23
0.9735834480992169
 33
4.519257785579542
  0
3DFACE
  5
135
330
17
100
AcDbEntity
  8
MEMBRANA_3D
100
AcDbFace
 10
0.29533331019589854
 20
0.9735834480992169
 30
4.519257785579542
 11
0.3729531124509503
 21
1.229461644399277
 31
4.407961568260233
 12
0.2476042326864439
 22
1.2447905374020767
 32
4.414941140140149
 13
0.2476042326864439
 23
1.2447905374020767
 33
4.414941140140149
  0
3DFACE
  5
136
330
17
100
AcDbEntity
  8
MEMBRANA_3D
100
AcDbFace
 10
0.29533331019589854
 20
0.9735834480992169
 30
4.519257785579542
 11
0.2476042326864439
 21
1.2447905374020767
 31
4.414941140140149
 12
0.19696098709927007
 22
0.9901897488522498
 32
4.522192334066456
 13
0.19696098709927007
 23
0.9901897488522498
 33
4.522192334066456
  0
3DFACE
  5
137
330
17
100
AcDbEntity
  8
MEMBRANA_3D
100
AcDbFace
 10
0.19696098709927007
 20
0.9901897488522498
 30
4.522192334066456
 11
0.2476042326864439
 21
1.2447905374020767
 31
4.414941140140149
 12
0.12351288084554718
 22
1.2540473242892691
 32
4.418970071478524
 13
0.12351288084554718
 23
1.2540473242892691
 33
4.418970071478524
  0
3DFACE
  5
138
330
17
100
AcDbEntity
  8
MEMBRANA_3D
100
AcDbFace
 10
0.19696098709927007
 20
0.9901897488522498
 30
4.522192334066456
 11
0.12351288084554718
 21
1.2540473242892691
 31
4.418970071478524
 12
0.09851286804635888
 22
1.0002179346467084
 32
4.5238862910263276
 13
0.09851286804635888
 23
1.0002179346467084
 33
4.5238862910263276
  0
3DFACE
  5
139
330
17
100
AcDbEntity
  8
MEMBRANA_3D
100
AcDbFace
 10
0.09851286804635888
 20
1.0002179346467084
 30
4.5238862910263276
 11
0.12351288084554718
 21
1.2540473242892691
 31
4.418970071478524
 12
7.697779880354791e-17
 22
1.2571428571428571
 32
4.420287608912019
 13
7.697779880354791e-17
 23
1.2571428571428571
 33
4.420287608912019
  0
3DFACE
  5
13A
330
17
100
AcDbEntity
  8
MEMBRANA_3D
100
AcDbFace
 10
0.09851286804635888
 20
1.0002179346467084
 30
4.5238862910263276
 11
7.697779880354791e-17
 21
1.2571428571428571
 31
4.420287608912019
 12
6.145102688578683e-17
 22
1.0035714285714286
 32
4.524440247278721
 13
6.145102688578683e-17
 23
1.0035714285714286
 33
4.524440247278721
  0
3DFACE
  5
13B
330
17
100
AcDbEntity
  8
MEMBRANA_3D
100
AcDbFace
 10
6.145102688578683e-17
 20
1.0035714285714286
 30
4.524440247278721
 11
7.697779880354791e-17
 21
1.2571428571428571
 31
4.420287608912019
 12
-0.12351288084554703
 22
1.2540473242892691
 32
4.418970071478524
 13
-0.12351288084554703
 23
1.2540473242892691
 33
4.418970071478524
  0
3DFACE
  5
13C
330
17
100
AcDbEntity
  8
MEMBRANA_3D
100
AcDbFace
 10
6.145102688578683e-17
 20
1.0035714285714286
 30
4.524440247278721
 11
-0.12351288084554703
 21
1.2540473242892691
 31
4.418970071478524
 12
-0.09851286804635875
 22
1.0002179346467084
 32
4.5238862910263276
 13
-0.09851286804635875
 23
1.0002179346467084
 33
4.5238862910263276
  0
3DFACE
  5
13D
330
17
100
AcDbEntity
  8
MEMBRANA_3D
100
AcDbFace
 10
-0.09851286804635875
 20
1.0002179346467084
 30
4.5238862910263276
 11
-0.12351288084554703
 21
1.2540473242892691
 31
4.418970071478524
 12
-0.24760423268644371
 22
1.2447905374020767
 32
4.414941140140149
 13
-0.24760423268644371
 23
1.2447905374020767
 33
4.414941140140149
  0
3DFACE
  5
13E
330
17
100
AcDbEntity
  8
MEMBRANA_3D
100
AcDbFace
 10
-0.09851286804635875
 20
1.0002179346467084
 30
4.5238862910263276
 11
-0.24760423268644371
 21
1.2447905374020767
 31
4.414941140140149
 12
-0.19696098709926993
 22
0.9901897488522498
 32
4.522192334066456
 13
-0.19696098709926993
 23
0.9901897488522498
 33
4.522192334066456
  0
3DFACE
  5
13F
330
17
100
AcDbEntity
  8
MEMBRANA_3D
100
AcDbFace
 10
-0.19696098709926993
 20
0.9901897488522498
 30
4.522192334066456
 11
-0.24760423268644371
 21
1.2447905374020767
 31
4.414941140140149
 12
-0.37295311245095014
 22
1.229461644399277
 32
4.407961568260233
 13
-0.37295311245095014
 23
1.229461644399277
 33
4.407961568260233
  0
3DFACE
  5
140
330
17
100
AcDbEntity
  8
MEMBRANA_3D
100
AcDbFace
 10
-0.19696098709926993
 20
0.9901897488522498
 30
4.522192334066456
 11
-0.37295311245095014
 21
1.229461644399277
 31
4.407961568260233
 12
-0.29533331019589837
 22
0.9735834480992169
 32
4.519257785579542
 13
-0.29533331019589837
 23
0.9735834480992169
 33
4.519257785579542
  0
3DFACE
  5
141
330
17
100
AcDbEntity
  8
MEMBRANA_3D
100
AcDbFace
 10
-0.29533331019589837
 20
0.9735834480992169
 30
4.519257785579542
 11
-0.37295311245095014
 21
1.229461644399277
 31
4.407961568260233
 12
-0.5004562519781732
 22
1.208208270900113
 32
4.397595727959183
 13
-0.5004562519781732
 23
1.208208270900113
 33
4.397595727959183
  0
3DFACE
  5
142
330
17
100
AcDbEntity
  8
MEMBRANA_3D
100
AcDbFace
 10
-0.29533331019589837
 20
0.9735834480992169
 30
4.519257785579542
 11
-0.5004562519781732
 21
1.208208270900113
 31
4.397595727959183
 12
-0.3937344131259952
 22
0.950558960141789
 32
4.51489948660442
 13
-0.3937344131259952
 23
0.950558960141789
 33
4.51489948660442
  0
3DFACE
  5
143
330
17
100
AcDbEntity
  8
MEMBRANA_3D
100
AcDbFace
 10
-0.3937344131259952
 20
0.950558960141789
 30
4.51489948660442
 11
-0.5004562519781732
 21
1.208208270900113
 31
4.397595727959183
 12
-0.6056429910847965
 22
1.1330783408421885
 32
4.407961568260233
 13
-0.6056429910847965
 23
1.1330783408421885
 33
4.407961568260233
  0
3DFACE
  5
144
330
17
100
AcDbEntity
  8
MEMBRANA_3D
100
AcDbFace
 10
-0.3937344131259952
 20
0.950558960141789
 30
4.51489948660442
 11
-0.6056429910847965
 21
1.1330783408421885
 31
4.407961568260233
 12
-0.4795952718521474
 22
0.8972596445517274
 32
4.519257785579542
 13
-0.4795952718521474
 23
0.8972596445517274
 33
4.519257785579542
  0
3DFACE
  5
145
330
17
100
AcDbEntity
  8
MEMBRANA_3D
100
AcDbFace
 10
-0.4795952718521474
 20
0.8972596445517274
 30
4.519257785579542
 11
-0.6056429910847965
 21
1.1330783408421885
 31
4.407961568260233
 12
-0.7051171981707787
 22
1.0552824621369317
 32
4.414941140140149
 13
-0.7051171981707787
 23
1.0552824621369317
 33
4.414941140140149
  0
3DFACE
  5
146
330
17
100
AcDbEntity
  8
MEMBRANA_3D
100
AcDbFace
 10
-0.4795952718521474
 20
0.8972596445517274
 30
4.519257785579542
 11
-0.7051171981707787
 21
1.0552824621369317
 31
4.414941140140149
 12
-0.56089743646774
 22
0.8394423356819204
 32
4.522192334066456
 13
-0.56089743646774
 23
0.8394423356819204
 33
4.522192334066456
  0
3DFACE
  5
147
330
17
100
AcDbEntity
  8
MEMBRANA_3D
100
AcDbFace
 10
-0.56089743646774
 20
0.8394423356819204
 30
4.522192334066456
 11
-0.7051171981707787
 21
1.0552824621369317
 31
4.414941140140149
 12
-0.7994085713240152
 22
0.9740821625435602
 32
4.418970071478524
 13
-0.7994085713240152
 23
0.9740821625435602
 33
4.418970071478524
  0
3DFACE
  5
148
330
17
100
AcDbEntity
  8
MEMBRANA_3D
100
AcDbFace
 10
-0.56089743646774
 20
0.8394423356819204
 30
4.522192334066456
 11
-0.7994085713240152
 21
0.9740821625435602
 31
4.418970071478524
 12
-0.6376017672233746
 22
0.7769200012828065
 32
4.5238862910263276
 13
-0.6376017672233746
 23
0.7769200012828065
 33
4.5238862910263276
  0
3DFACE
  5
149
330
17
100
AcDbEntity
  8
MEMBRANA_3D
100
AcDbFace
 10
-0.6376017672233746
 20
0.7769200012828065
 30
4.5238862910263276
 11
-0.7994085713240152
 21
0.9740821625435602
 31
4.418970071478524
 12
-0.8889342392059454
 22
0.8889342392059455
 32
4.420287608912019
 13
-0.8889342392059454
 23
0.8889342392059455
 33
4.420287608912019
  0
3DFACE
  5
14A
330
17
100
AcDbEntity
  8
MEMBRANA_3D
100
AcDbFace
 10
-0.6376017672233746
 20
0.7769200012828065
 30
4.5238862910263276
 11
-0.8889342392059454
 21
0.8889342392059455
 31
4.420287608912019
 12
-0.7096321625479279
 22
0.709632162547928
 32
4.524440247278721
 13
-0.7096321625479279
 23
0.709632162547928
 33
4.524440247278721
  0
3DFACE
  5
14B
330
17
100
AcDbEntity
  8
MEMBRANA_3D
100
AcDbFace
 10
-0.7096321625479279
 20
0.709632162547928
 30
4.524440247278721
 11
-0.8889342392059454
 21
0.8889342392059455
 31
4.420287608912019
 12
-0.97408216254356
 22
0.7994085713240153
 32
4.418970071478524
 13
-0.97408216254356
 23
0.7994085713240153
 33
4.418970071478524
  0
3DFACE
  5
14C
330
17
100
AcDbEntity
  8
MEMBRANA_3D
100
AcDbFace
 10
-0.7096321625479279
 20
0.709632162547928
 30
4.524440247278721
 11
-0.97408216254356
 21
0.7994085713240153
 31
4.418970071478524
 12
-0.7769200012828064
 22
0.6376017672233747
 32
4.5238862910263276
 13
-0.7769200012828064
 23
0.6376017672233747
 33
4.5238862910263276
  0
3DFACE
  5
14D
330
17
100
AcDbEntity
  8
MEMBRANA_3D
100
AcDbFace
 10
-0.7769200012828064
 20
0.6376017672233747
 30
4.5238862910263276
 11
-0.97408216254356
 21
0.7994085713240153
 31
4.418970071478524
 12
-1.0552824621369317
 22
0.7051171981707789
 32
4.414941140140149
 13
-1.0552824621369317
 23
0.7051171981707789
 33
4.414941140140149
  0
3DFACE
  5
14E
330
17
100
AcDbEntity
  8
MEMBRANA_3D
100
AcDbFace
 10
-0.7769200012828064
 20
0.6376017672233747
 30
4.5238862910263276
 11
-1.0552824621369317
 21
0.7051171981707789
 31
4.414941140140149
 12
-0.8394423356819203
 22
0.5608974364677403
 32
4.522192334066456
 13
-0.8394423356819203
 23
0.5608974364677403
 33
4.522192334066456
  0
3DFACE
  5
14F
330
17
100
AcDbEntity
  8
MEMBRANA_3D
100
AcDbFace
 10
-0.8394423356819203
 20
0.5608974364677403
 30
4.522192334066456
 11
-1.0552824621369317
 21
0.7051171981707789
 31
4.414941140140149
 12
-1.1330783408421883
 22
0.6056429910847967
 32
4.407961568260233
 13
-1.1330783408421883
 23
0.6056429910847967
 33
4.407961568260233
  0
3DFACE
  5
150
330
17
100
AcDbEntity
  8
MEMBRANA_3D
100
AcDbFace
 10
-0.8394423356819203
 20
0.5608974364677403
 30
4.522192334066456
 11
-1.1330783408421883
 21
0.6056429910847967
 31
4.407961568260233
 12
-0.8972596445517272
 22
0.47959527185214756
 32
4.519257785579542
 13
-0.8972596445517272
 23
0.47959527185214756
 33
4.519257785579542
  0
3DFACE
  5
151
330
17
100
AcDbEntity
  8
MEMBRANA_3D
100
AcDbFace
 10
-0.8972596445517272
 20
0.47959527185214756
 30
4.519257785579542
 11
-1.1330783408421883
 21
0.6056429910847967
 31
4.407961568260233
 12
-1.208208270900113
 22
0.5004562519781734
 32
4.397595727959183
 13
-1.208208270900113
 23
0.5004562519781734
 33
4.397595727959183
  0
3DFACE
  5
152
330
17
100
AcDbEntity
  8
MEMBRANA_3D
100
AcDbFace
 10
-0.8972596445517272
 20
0.47959527185214756
 30
4.519257785579542
 11
-1.208208270900113
 21
0.5004562519781734
 31
4.397595727959183
 12
-0.950558960141789
 22
0.3937344131259954
 32
4.51489948660442
 13
-0.950558960141789
 23
0.3937344131259954
 33
4.51489948660442
  0
3DFACE
  5
153
330
17
100
AcDbEntity
  8
MEMBRANA_3D
100
AcDbFace
 10
-0.950558960141789
 20
0.3937344131259954
 30
4.51489948660442
 11
-1.208208270900113
 21
0.5004562519781734
 31
4.397595727959183
 12
-1.229461644399277
 22
0.3729531124509504
 32
4.407961568260233
 13
-1.229461644399277
 23
0.3729531124509504
 33
4.407961568260233
  0
3DFACE
  5
154
330
17
100
AcDbEntity
  8
MEMBRANA_3D
100
AcDbFace
 10
-0.950558960141789
 20
0.3937344131259954
 30
4.51489948660442
 11
-1.229461644399277
 21
0.3729531124509504
 31
4.407961568260233
 12
-0.9735834480992168
 22
0.2953333101958986
 32
4.519257785579542
 13
-0.9735834480992168
 23
0.2953333101958986
 33
4.519257785579542
  0
3DFACE
  5
155
330
17
100
AcDbEntity
  8
MEMBRANA_3D
100
AcDbFace
 10
-0.9735834480992168
 20
0.2953333101958986
 30
4.519257785579542
 11
-1.229461644399277
 21
0.3729531124509504
 31
4.407961568260233
 12
-1.2447905374020767
 22
0.24760423268644424
 32
4.414941140140149
 13
-1.2447905374020767
 23
0.24760423268644424
 33
4.414941140140149
  0
3DFACE
  5
156
330
17
100
AcDbEntity
  8
MEMBRANA_3D
100
AcDbFace
 10
-0.9735834480992168
 20
0.2953333101958986
 30
4.519257785579542
 11
-1.2447905374020767
 21
0.24760423268644424
 31
4.414941140140149
 12
-0.9901897488522498
 22
0.19696098709927035
 32
4.522192334066456
 13
-0.9901897488522498
 23
0.19696098709927035
 33
4.522192334066456
  0
3DFACE
  5
157
330
17
100
AcDbEntity
  8
MEMBRANA_3D
100
AcDbFace
 10
-0.9901897488522498
 20
0.19696098709927035
 30
4.522192334066456
 11
-1.2447905374020767
 21
0.24760423268644424
 31
4.414941140140149
 12
-1.2540473242892691
 22
0.12351288084554726
 32
4.418970071478524
 13
-1.2540473242892691
 23
0.12351288084554726
 33
4.418970071478524
  0
3DFACE
  5
158
330
17
100
AcDbEntity
  8
MEMBRANA_3D
100
AcDbFace
 10
-0.9901897488522498
 20
0.19696098709927035
 30
4.522192334066456
 11
-1.2540473242892691
 21
0.12351288084554726
 31
4.418970071478524
 12
-1.0002179346467084
 22
0.09851286804635893
 32
4.5238862910263276
 13
-1.0002179346467084
 23
0.09851286804635893
 33
4.5238862910263276
  0
3DFACE
  5
159
330
17
100
AcDbEntity
  8
MEMBRANA_3D
100
AcDbFace
 10
-1.0002179346467084
 20
0.09851286804635893
 30
4.5238862910263276
 11
-1.2540473242892691
 21
0.12351288084554726
 31
4.418970071478524
 12
-1.2571428571428571
 22
1.5395559760709583e-16
 32
4.420287608912019
 13
-1.2571428571428571
 23
1.5395559760709583e-16
 33
4.420287608912019
  0
3DFACE
  5
15A
330
17
100
AcDbEntity
  8
MEMBRANA_3D
100
AcDbFace
 10
-1.0002179346467084
 20
0.09851286804635893
 30
4.5238862910263276
 11
-1.2571428571428571
 21
1.5395559760709583e-16
 31
4.420287608912019
 12
-1.0035714285714286
 22
1.2290205377157365e-16
 32
4.524440247278721
 13
-1.0035714285714286
 23
1.2290205377157365e-16
 33
4.524440247278721
  0
3DFACE
  5
15B
330
17
100
AcDbEntity
  8
MEMBRANA_3D
100
AcDbFace
 10
-1.0035714285714286
 20
1.2290205377157365e-16
 30
4.524440247278721
 11
-1.2571428571428571
 21
1.5395559760709583e-16
 31
4.420287608912019
 12
-1.2540473242892691
 22
-0.12351288084554696
 32
4.418970071478524
 13
-1.2540473242892691
 23
-0.12351288084554696
 33
4.418970071478524
  0
3DFACE
  5
15C
330
17
100
AcDbEntity
  8
MEMBRANA_3D
100
AcDbFace
 10
-1.0035714285714286
 20
1.2290205377157365e-16
 30
4.524440247278721
 11
-1.2540473242892691
 21
-0.12351288084554696
 31
4.418970071478524
 12
-1.0002179346467084
 22
-0.0985128680463587
 32
4.5238862910263276
 13
-1.0002179346467084
 23
-0.0985128680463587
 33
4.5238862910263276
  0
3DFACE
  5
15D
330
17
100
AcDbEntity
  8
MEMBRANA_3D
100
AcDbFace
 10
-1.0002179346467084
 20
-0.0985128680463587
 30
4.5238862910263276
 11
-1.2540473242892691
 21
-0.12351288084554696
 31
4.418970071478524
 12
-1.2447905374020767
 22
-0.24760423268644394
 32
4.414941140140149
 13
-1.2447905374020767
 23
-0.24760423268644394
 33
4.414941140140149
  0
3DFACE
  5
15E
330
17
100
AcDbEntity
  8
MEMBRANA_3D
100
AcDbFace
 10
-1.0002179346467084
 20
-0.0985128680463587
 30
4.5238862910263276
 11
-1.2447905374020767
 21
-0.24760423268644394
 31
4.414941140140149
 12
-0.9901897488522498
 22
-0.1969609870992701
 32
4.522192334066456
 13
-0.9901897488522498
 23
-0.1969609870992701
 33
4.522192334066456
  0
3DFACE
  5
15F
330
17
100
AcDbEntity
  8
MEMBRANA_3D
100
AcDbFace
 10
-0.9901897488522498
 20
-0.1969609870992701
 30
4.522192334066456
 11
-1.2447905374020767
 21
-0.24760423268644394
 31
4.414941140140149
 12
-1.229461644399277
 22
-0.37295311245095003
 32
4.407961568260233
 13
-1.229461644399277
 23
-0.37295311245095003
 33
4.407961568260233
  0
3DFACE
  5
160
330
17
100
AcDbEntity
  8
MEMBRANA_3D
100
AcDbFace
 10
-0.9901897488522498
 20
-0.1969609870992701
 30
4.522192334066456
 11
-1.229461644399277
 21
-0.37295311245095003
 31
4.407961568260233
 12
-0.9735834480992169
 22
-0.2953333101958983
 32
4.519257785579542
 13
-0.9735834480992169
 23
-0.2953333101958983
 33
4.519257785579542
  0
3DFACE
  5
161
330
17
100
AcDbEntity
  8
MEMBRANA_3D
100
AcDbFace
 10
-0.9735834480992169
 20
-0.2953333101958983
 30
4.519257785579542
 11
-1.229461644399277
 21
-0.37295311245095003
 31
4.407961568260233
 12
-1.208208270900113
 22
-0.5004562519781731
 32
4.397595727959183
 13
-1.208208270900113
 23
-0.5004562519781731
 33
4.397595727959183
  0
3DFACE
  5
162
330
17
100
AcDbEntity
  8
MEMBRANA_3D
100
AcDbFace
 10
-0.9735834480992169
 20
-0.2953333101958983
 30
4.519257785579542
 11
-1.208208270900113
 21
-0.5004562519781731
 31
4.397595727959183
 12
-0.9505589601417891
 22
-0.39373441312599516
 32
4.51489948660442
 13
-0.9505589601417891
 23
-0.39373441312599516
 33
4.51489948660442
  0
3DFACE
  5
163
330
17
100
AcDbEntity
  8
MEMBRANA_3D
100
AcDbFace
 10
-0.9505589601417891
 20
-0.39373441312599516
 30
4.51489948660442
 11
-1.208208270900113
 21
-0.5004562519781731
 31
4.397595727959183
 12
-1.1330783408421885
 22
-0.6056429910847965
 32
4.407961568260233
 13
-1.1330783408421885
 23
-0.6056429910847965
 33
4.407961568260233
  0
3DFACE
  5
164
330
17
100
AcDbEntity
  8
MEMBRANA_3D
100
AcDbFace
 10
-0.9505589601417891
 20
-0.39373441312599516
 30
4.51489948660442
 11
-1.1330783408421885
 21
-0.6056429910847965
 31
4.407961568260233
 12
-0.8972596445517274
 22
-0.47959527185214734
 32
4.519257785579542
 13
-0.8972596445517274
 23
-0.47959527185214734
 33
4.519257785579542
  0
3DFACE
  5
165
330
17
100
AcDbEntity
  8
MEMBRANA_3D
100
AcDbFace
 10
-0.8972596445517274
 20
-0.47959527185214734
 30
4.519257785579542
 11
-1.1330783408421885
 21
-0.6056429910847965
 31
4.407961568260233
 12
-1.0552824621369317
 22
-0.7051171981707787
 32
4.414941140140149
 13
-1.0552824621369317
 23
-0.7051171981707787
 33
4.414941140140149
  0
3DFACE
  5
166
330
17
100
AcDbEntity
  8
MEMBRANA_3D
100
AcDbFace
 10
-0.8972596445517274
 20
-0.47959527185214734
 30
4.519257785579542
 11
-1.0552824621369317
 21
-0.7051171981707787
 31
4.414941140140149
 12
-0.8394423356819204
 22
-0.56089743646774
 32
4.522192334066456
 13
-0.8394423356819204
 23
-0.56089743646774
 33
4.522192334066456
  0
3DFACE
  5
167
330
17
100
AcDbEntity
  8
MEMBRANA_3D
100
AcDbFace
 10
-0.8394423356819204
 20
-0.56089743646774
 30
4.522192334066456
 11
-1.0552824621369317
 21
-0.7051171981707787
 31
4.414941140140149
 12
-0.9740821625435602
 22
-0.7994085713240151
 32
4.418970071478524
 13
-0.9740821625435602
 23
-0.7994085713240151
 33
4.418970071478524
  0
3DFACE
  5
168
330
17
100
AcDbEntity
  8
MEMBRANA_3D
100
AcDbFace
 10
-0.8394423356819204
 20
-0.56089743646774
 30
4.522192334066456
 11
-0.9740821625435602
 21
-0.7994085713240151
 31
4.418970071478524
 12
-0.7769200012828065
 22
-0.6376017672233745
 32
4.5238862910263276
 13
-0.7769200012828065
 23
-0.6376017672233745
 33
4.5238862910263276
  0
3DFACE
  5
169
330
17
100
AcDbEntity
  8
MEMBRANA_3D
100
AcDbFace
 10
-0.7769200012828065
 20
-0.6376017672233745
 30
4.5238862910263276
 11
-0.9740821625435602
 21
-0.7994085713240151
 31
4.418970071478524
 12
-0.8889342392059456
 22
-0.8889342392059454
 32
4.420287608912019
 13
-0.8889342392059456
 23
-0.8889342392059454
 33
4.420287608912019
  0
3DFACE
  5
16A
330
17
100
AcDbEntity
  8
MEMBRANA_3D
100
AcDbFace
 10
-0.7769200012828065
 20
-0.6376017672233745
 30
4.5238862910263276
 11
-0.8889342392059456
 21
-0.8889342392059454
 31
4.420287608912019
 12
-0.7096321625479282
 22
-0.7096321625479279
 32
4.524440247278721
 13
-0.7096321625479282
 23
-0.7096321625479279
 33
4.524440247278721
  0
3DFACE
  5
16B
330
17
100
AcDbEntity
  8
MEMBRANA_3D
100
AcDbFace
 10
-0.7096321625479282
 20
-0.7096321625479279
 30
4.524440247278721
 11
-0.8889342392059456
 21
-0.8889342392059454
 31
4.420287608912019
 12
-0.7994085713240159
 22
-0.9740821625435596
 32
4.418970071478524
 13
-0.7994085713240159
 23
-0.9740821625435596
 33
4.418970071478524
  0
3DFACE
  5
16C
330
17
100
AcDbEntity
  8
MEMBRANA_3D
100
AcDbFace
 10
-0.7096321625479282
 20
-0.7096321625479279
 30
4.524440247278721
 11
-0.7994085713240159
 21
-0.9740821625435596
 31
4.418970071478524
 12
-0.6376017672233751
 22
-0.776920001282806
 32
4.5238862910263276
 13
-0.6376017672233751
 23
-0.776920001282806
 33
4.5238862910263276
  0
3DFACE
  5
16D
330
17
100
AcDbEntity
  8
MEMBRANA_3D
100
AcDbFace
 10
-0.6376017672233751
 20
-0.776920001282806
 30
4.5238862910263276
 11
-0.7994085713240159
 21
-0.9740821625435596
 31
4.418970071478524
 12
-0.7051171981707789
 22
-1.0552824621369314
 32
4.414941140140149
 13
-0.7051171981707789
 23
-1.0552824621369314
 33
4.414941140140149
  0
3DFACE
  5
16E
330
17
100
AcDbEntity
  8
MEMBRANA_3D
100
AcDbFace
 10
-0.6376017672233751
 20
-0.776920001282806
 30
4.5238862910263276
 11
-0.7051171981707789
 21
-1.0552824621369314
 31
4.414941140140149
 12
-0.5608974364677403
 22
-0.8394423356819202
 32
4.522192334066456
 13
-0.5608974364677403
 23
-0.8394423356819202
 33
4.522192334066456
  0
3DFACE
  5
16F
330
17
100
AcDbEntity
  8
MEMBRANA_3D
100
AcDbFace
 10
-0.5608974364677403
 20
-0.8394423356819202
 30
4.522192334066456
 11
-0.7051171981707789
 21
-1.0552824621369314
 31
4.414941140140149
 12
-0.6056429910847967
 22
-1.1330783408421883
 32
4.407961568260233
 13
-0.6056429910847967
 23
-1.1330783408421883
 33
4.407961568260233
  0
3DFACE
  5
170
330
17
100
AcDbEntity
  8
MEMBRANA_3D
100
AcDbFace
 10
-0.5608974364677403
 20
-0.8394423356819202
 30
4.522192334066456
 11
-0.6056429910847967
 21
-1.1330783408421883
 31
4.407961568260233
 12
-0.47959527185214756
 22
-0.8972596445517272
 32
4.519257785579542
 13
-0.47959527185214756
 23
-0.8972596445517272
 33
4.519257785579542
  0
3DFACE
  5
171
330
17
100
AcDbEntity
  8
MEMBRANA_3D
100
AcDbFace
 10
-0.47959527185214756
 20
-0.8972596445517272
 30
4.519257785579542
 11
-0.6056429910847967
 21
-1.1330783408421883
 31
4.407961568260233
 12
-0.5004562519781739
 22
-1.2082082709001123
 32
4.397595727959183
 13
-0.5004562519781739
 23
-1.2082082709001123
 33
4.397595727959183
  0
3DFACE
  5
172
330
17
100
AcDbEntity
  8
MEMBRANA_3D
100
AcDbFace
 10
-0.47959527185214756
 20
-0.8972596445517272
 30
4.519257785579542
 11
-0.5004562519781739
 21
-1.2082082709001123
 31
4.397595727959183
 12
-0.3937344131259958
 22
-0.9505589601417885
 32
4.51489948660442
 13
-0.3937344131259958
 23
-0.9505589601417885
 33
4.51489948660442
  0
3DFACE
  5
173
330
17
100
AcDbEntity
  8
MEMBRANA_3D
100
AcDbFace
 10
-0.3937344131259958
 20
-0.9505589601417885
 30
4.51489948660442
 11
-0.5004562519781739
 21
-1.2082082709001123
 31
4.397595727959183
 12
-0.3729531124509505
 22
-1.229461644399277
 32
4.407961568260233
 13
-0.3729531124509505
 23
-1.229461644399277
 33
4.407961568260233
  0
3DFACE
  5
174
330
17
100
AcDbEntity
  8
MEMBRANA_3D
100
AcDbFace
 10
-0.3937344131259958
 20
-0.9505589601417885
 30
4.51489948660442
 11
-0.3729531124509505
 21
-1.229461644399277
 31
4.407961568260233
 12
-0.29533331019589865
 22
-0.9735834480992168
 32
4.519257785579542
 13
-0.29533331019589865
 23
-0.9735834480992168
 33
4.519257785579542
  0
3DFACE
  5
175
330
17
100
AcDbEntity
  8
MEMBRANA_3D
100
AcDbFace
 10
-0.29533331019589865
 20
-0.9735834480992168
 30
4.519257785579542
 11
-0.3729531124509505
 21
-1.229461644399277
 31
4.407961568260233
 12
-0.24760423268644433
 22
-1.2447905374020767
 32
4.414941140140149
 13
-0.24760423268644433
 23
-1.2447905374020767
 33
4.414941140140149
  0
3DFACE
  5
176
330
17
100
AcDbEntity
  8
MEMBRANA_3D
100
AcDbFace
 10
-0.29533331019589865
 20
-0.9735834480992168
 30
4.519257785579542
 11
-0.24760423268644433
 21
-1.2447905374020767
 31
4.414941140140149
 12
-0.1969609870992704
 22
-0.9901897488522496
 32
4.522192334066456
 13
-0.1969609870992704
 23
-0.9901897488522496
 33
4.522192334066456
  0
3DFACE
  5
177
330
17
100
AcDbEntity
  8
MEMBRANA_3D
100
AcDbFace
 10
-0.1969609870992704
 20
-0.9901897488522496
 30
4.522192334066456
 11
-0.24760423268644433
 21
-1.2447905374020767
 31
4.414941140140149
 12
-0.12351288084554679
 22
-1.2540473242892691
 32
4.418970071478524
 13
-0.12351288084554679
 23
-1.2540473242892691
 33
4.418970071478524
  0
3DFACE
  5
178
330
17
100
AcDbEntity
  8
MEMBRANA_3D
100
AcDbFace
 10
-0.1969609870992704
 20
-0.9901897488522496
 30
4.522192334066456
 11
-0.12351288084554679
 21
-1.2540473242892691
 31
4.418970071478524
 12
-0.09851286804635856
 22
-1.0002179346467084
 32
4.5238862910263276
 13
-0.09851286804635856
 23
-1.0002179346467084
 33
4.5238862910263276
  0
3DFACE
  5
179
330
17
100
AcDbEntity
  8
MEMBRANA_3D
100
AcDbFace
 10
-0.09851286804635856
 20
-1.0002179346467084
 30
4.5238862910263276
 11
-0.12351288084554679
 21
-1.2540473242892691
 31
4.418970071478524
 12
-2.3093339641064375e-16
 22
-1.2571428571428571
 32
4.420287608912019
 13
-2.3093339641064375e-16
 23
-1.2571428571428571
 33
4.420287608912019
  0
3DFACE
  5
17A
330
17
100
AcDbEntity
  8
MEMBRANA_3D
100
AcDbFace
 10
-0.09851286804635856
 20
-1.0002179346467084
 30
4.5238862910263276
 11
-2.3093339641064375e-16
 21
-1.2571428571428571
 31
4.420287608912019
 12
-1.8435308065736047e-16
 22
-1.0035714285714286
 32
4.524440247278721
 13
-1.8435308065736047e-16
 23
-1.0035714285714286
 33
4.524440247278721
  0
3DFACE
  5
17B
330
17
100
AcDbEntity
  8
MEMBRANA_3D
100
AcDbFace
 10
-1.8435308065736047e-16
 20
-1.0035714285714286
 30
4.524440247278721
 11
-2.3093339641064375e-16
 21
-1.2571428571428571
 31
4.420287608912019
 12
0.12351288084554633
 22
-1.2540473242892691
 32
4.418970071478524
 13
0.12351288084554633
 23
-1.2540473242892691
 33
4.418970071478524
  0
3DFACE
  5
17C
330
17
100
AcDbEntity
  8
MEMBRANA_3D
100
AcDbFace
 10
-1.8435308065736047e-16
 20
-1.0035714285714286
 30
4.524440247278721
 11
0.12351288084554633
 21
-1.2540473242892691
 31
4.418970071478524
 12
0.0985128680463582
 22
-1.0002179346467084
 32
4.5238862910263276
 13
0.0985128680463582
 23
-1.0002179346467084
 33
4.5238862910263276
  0
3DFACE
  5
17D
330
17
100
AcDbEntity
  8
MEMBRANA_3D
100
AcDbFace
 10
0.0985128680463582
 20
-1.0002179346467084
 30
4.5238862910263276
 11
0.12351288084554633
 21
-1.2540473242892691
 31
4.418970071478524
 12
0.24760423268644385
 22
-1.2447905374020767
 32
4.414941140140149
 13
0.24760423268644385
 23
-1.2447905374020767
 33
4.414941140140149
  0
3DFACE
  5
17E
330
17
100
AcDbEntity
  8
MEMBRANA_3D
100
AcDbFace
 10
0.0985128680463582
 20
-1.0002179346467084
 30
4.5238862910263276
 11
0.24760423268644385
 21
-1.2447905374020767
 31
4.414941140140149
 12
0.19696098709927004
 22
-0.9901897488522498
 32
4.522192334066456
 13
0.19696098709927004
 23
-0.9901897488522498
 33
4.522192334066456
  0
3DFACE
  5
17F
330
17
100
AcDbEntity
  8
MEMBRANA_3D
100
AcDbFace
 10
0.19696098709927004
 20
-0.9901897488522498
 30
4.522192334066456
 11
0.24760423268644385
 21
-1.2447905374020767
 31
4.414941140140149
 12
0.37295311245095
 22
-1.229461644399277
 32
4.407961568260233
 13
0.37295311245095
 23
-1.229461644399277
 33
4.407961568260233
  0
3DFACE
  5
180
330
17
100
AcDbEntity
  8
MEMBRANA_3D
100
AcDbFace
 10
0.19696098709927004
 20
-0.9901897488522498
 30
4.522192334066456
 11
0.37295311245095
 21
-1.229461644399277
 31
4.407961568260233
 12
0.29533331019589826
 22
-0.9735834480992169
 32
4.519257785579542
 13
0.29533331019589826
 23
-0.9735834480992169
 33
4.519257785579542
  0
3DFACE
  5
181
330
17
100
AcDbEntity
  8
MEMBRANA_3D
100
AcDbFace
 10
0.29533331019589826
 20
-0.9735834480992169
 30
4.519257785579542
 11
0.37295311245095
 21
-1.229461644399277
 31
4.407961568260233
 12
0.5004562519781736
 22
-1.2082082709001127
 32
4.397595727959183
 13
0.5004562519781736
 23
-1.2082082709001127
 33
4.397595727959183
  0
3DFACE
  5
182
330
17
100
AcDbEntity
  8
MEMBRANA_3D
100
AcDbFace
 10
0.29533331019589826
 20
-0.9735834480992169
 30
4.519257785579542
 11
0.5004562519781736
 21
-1.2082082709001127
 31
4.397595727959183
 12
0.3937344131259955
 22
-0.9505589601417889
 32
4.51489948660442
 13
0.3937344131259955
 23
-0.9505589601417889
 33
4.51489948660442
  0
3DFACE
  5
183
330
17
100
AcDbEntity
  8
MEMBRANA_3D
100
AcDbFace
 10
0.3937344131259955
 20
-0.9505589601417889
 30
4.51489948660442
 11
0.5004562519781736
 21
-1.2082082709001127
 31
4.397595727959183
 12
0.6056429910847964
 22
-1.1330783408421885
 32
4.407961568260233
 13
0.6056429910847964
 23
-1.1330783408421885
 33
4.407961568260233
  0
3DFACE
  5
184
330
17
100
AcDbEntity
  8
MEMBRANA_3D
100
AcDbFace
 10
0.3937344131259955
 20
-0.9505589601417889
 30
4.51489948660442
 11
0.6056429910847964
 21
-1.1330783408421885
 31
4.407961568260233
 12
0.4795952718521473
 22
-0.8972596445517274
 32
4.519257785579542
 13
0.4795952718521473
 23
-0.8972596445517274
 33
4.519257785579542
  0
3DFACE
  5
185
330
17
100
AcDbEntity
  8
MEMBRANA_3D
100
AcDbFace
 10
0.4795952718521473
 20
-0.8972596445517274
 30
4.519257785579542
 11
0.6056429910847964
 21
-1.1330783408421885
 31
4.407961568260233
 12
0.7051171981707784
 22
-1.0552824621369317
 32
4.414941140140149
 13
0.7051171981707784
 23
-1.0552824621369317
 33
4.414941140140149
  0
3DFACE
  5
186
330
17
100
AcDbEntity
  8
MEMBRANA_3D
100
AcDbFace
 10
0.4795952718521473
 20
-0.8972596445517274
 30
4.519257785579542
 11
0.7051171981707784
 21
-1.0552824621369317
 31
4.414941140140149
 12
0.5608974364677399
 22
-0.8394423356819204
 32
4.522192334066456
 13
0.5608974364677399
 23
-0.8394423356819204
 33
4.522192334066456
  0
3DFACE
  5
187
330
17
100
AcDbEntity
  8
MEMBRANA_3D
100
AcDbFace
 10
0.5608974364677399
 20
-0.8394423356819204
 30
4.522192334066456
 11
0.7051171981707784
 21
-1.0552824621369317
 31
4.414941140140149
 12
0.7994085713240154
 22
-0.9740821625435598
 32
4.418970071478524
 13
0.7994085713240154
 23
-0.9740821625435598
 33
4.418970071478524
  0
3DFACE
  5
188
330
17
100
AcDbEntity
  8
MEMBRANA_3D
100
AcDbFace
 10
0.5608974364677399
 20
-0.8394423356819204
 30
4.522192334066456
 11
0.7994085713240154
 21
-0.9740821625435598
 31
4.418970071478524
 12
0.6376017672233748
 22
-0.7769200012828062
 32
4.5238862910263276
 13
0.6376017672233748
 23
-0.7769200012828062
 33
4.5238862910263276
  0
3DFACE
  5
189
330
17
100
AcDbEntity
  8
MEMBRANA_3D
100
AcDbFace
 10
0.6376017672233748
 20
-0.7769200012828062
 30
4.5238862910263276
 11
0.7994085713240154
 21
-0.9740821625435598
 31
4.418970071478524
 12
0.8889342392059453
 22
-0.8889342392059456
 32
4.420287608912019
 13
0.8889342392059453
 23
-0.8889342392059456
 33
4.420287608912019
  0
3DFACE
  5
18A
330
17
100
AcDbEntity
  8
MEMBRANA_3D
100
AcDbFace
 10
0.6376017672233748
 20
-0.7769200012828062
 30
4.5238862910263276
 11
0.8889342392059453
 21
-0.8889342392059456
 31
4.420287608912019
 12
0.7096321625479278
 22
-0.7096321625479282
 32
4.524440247278721
 13
0.7096321625479278
 23
-0.7096321625479282
 33
4.524440247278721
  0
3DFACE
  5
18B
330
17
100
AcDbEntity
  8
MEMBRANA_3D
100
AcDbFace
 10
0.7096321625479278
 20
-0.7096321625479282
 30
4.524440247278721
 11
0.8889342392059453
 21
-0.8889342392059456
 31
4.420287608912019
 12
0.9740821625435596
 22
-0.7994085713240159
 32
4.418970071478524
 13
0.9740821625435596
 23
-0.7994085713240159
 33
4.418970071478524
  0
3DFACE
  5
18C
330
17
100
AcDbEntity
  8
MEMBRANA_3D
100
AcDbFace
 10
0.7096321625479278
 20
-0.7096321625479282
 30
4.524440247278721
 11
0.9740821625435596
 21
-0.7994085713240159
 31
4.418970071478524
 12
0.776920001282806
 22
-0.6376017672233751
 32
4.5238862910263276
 13
0.776920001282806
 23
-0.6376017672233751
 33
4.5238862910263276
  0
3DFACE
  5
18D
330
17
100
AcDbEntity
  8
MEMBRANA_3D
100
AcDbFace
 10
0.776920001282806
 20
-0.6376017672233751
 30
4.5238862910263276
 11
0.9740821625435596
 21
-0.7994085713240159
 31
4.418970071478524
 12
1.0552824621369314
 22
-0.7051171981707789
 32
4.414941140140149
 13
1.0552824621369314
 23
-0.7051171981707789
 33
4.414941140140149
  0
3DFACE
  5
18E
330
17
100
AcDbEntity
  8
MEMBRANA_3D
100
AcDbFace
 10
0.776920001282806
 20
-0.6376017672233751
 30
4.5238862910263276
 11
1.0552824621369314
 21
-0.7051171981707789
 31
4.414941140140149
 12
0.8394423356819202
 22
-0.5608974364677403
 32
4.522192334066456
 13
0.8394423356819202
 23
-0.5608974364677403
 33
4.522192334066456
  0
3DFACE
  5
18F
330
17
100
AcDbEntity
  8
MEMBRANA_3D
100
AcDbFace
 10
0.8394423356819202
 20
-0.5608974364677403
 30
4.522192334066456
 11
1.0552824621369314
 21
-0.7051171981707789
 31
4.414941140140149
 12
1.1330783408421883
 22
-0.6056429910847968
 32
4.407961568260233
 13
1.1330783408421883
 23
-0.6056429910847968
 33
4.407961568260233
  0
3DFACE
  5
190
330
17
100
AcDbEntity
  8
MEMBRANA_3D
100
AcDbFace
 10
0.8394423356819202
 20
-0.5608974364677403
 30
4.522192334066456
 11
1.1330783408421883
 21
-0.6056429910847968
 31
4.407961568260233
 12
0.8972596445517271
 22
-0.4795952718521476
 32
4.519257785579542
 13
0.8972596445517271
 23
-0.4795952718521476
 33
4.519257785579542
  0
3DFACE
  5
191
330
17
100
AcDbEntity
  8
MEMBRANA_3D
100
AcDbFace
 10
0.8972596445517271
 20
-0.4795952718521476
 30
4.519257785579542
 11
1.1330783408421883
 21
-0.6056429910847968
 31
4.407961568260233
 12
1.2082082709001123
 22
-0.500456251978174
 32
4.397595727959183
 13
1.2082082709001123
 23
-0.500456251978174
 33
4.397595727959183
  0
3DFACE
  5
192
330
17
100
AcDbEntity
  8
MEMBRANA_3D
100
AcDbFace
 10
0.8972596445517271
 20
-0.4795952718521476
 30
4.519257785579542
 11
1.2082082709001123
 21
-0.500456251978174
 31
4.397595727959183
 12
0.9505589601417885
 22
-0.39373441312599583
 32
4.51489948660442
 13
0.9505589601417885
 23
-0.39373441312599583
 33
4.51489948660442
  0
3DFACE
  5
193
330
17
100
AcDbEntity
  8
MEMBRANA_3D
100
AcDbFace
 10
0.9505589601417885
 20
-0.39373441312599583
 30
4.51489948660442
 11
1.2082082709001123
 21
-0.500456251978174
 31
4.397595727959183
 12
1.229461644399277
 22
-0.37295311245095053
 32
4.407961568260233
 13
1.229461644399277
 23
-0.37295311245095053
 33
4.407961568260233
  0
3DFACE
  5
194
330
17
100
AcDbEntity
  8
MEMBRANA_3D
100
AcDbFace
 10
0.9505589601417885
 20
-0.39373441312599583
 30
4.51489948660442
 11
1.229461644399277
 21
-0.37295311245095053
 31
4.407961568260233
 12
0.9735834480992168
 22
-0.2953333101958987
 32
4.519257785579542
 13
0.9735834480992168
 23
-0.2953333101958987
 33
4.519257785579542
  0
3DFACE
  5
195
330
17
100
AcDbEntity
  8
MEMBRANA_3D
100
AcDbFace
 10
0.9735834480992168
 20
-0.2953333101958987
 30
4.519257785579542
 11
1.229461644399277
 21
-0.37295311245095053
 31
4.407961568260233
 12
1.2447905374020767
 22
-0.24760423268644438
 32
4.414941140140149
 13
1.2447905374020767
 23
-0.24760423268644438
 33
4.414941140140149
  0
3DFACE
  5
196
330
17
100
AcDbEntity
  8
MEMBRANA_3D
100
AcDbFace
 10
0.9735834480992168
 20
-0.2953333101958987
 30
4.519257785579542
 11
1.2447905374020767
 21
-0.24760423268644438
 31
4.414941140140149
 12
0.9901897488522496
 22
-0.19696098709927046
 32
4.522192334066456
 13
0.9901897488522496
 23
-0.19696098709927046
 33
4.522192334066456
  0
3DFACE
  5
197
330
17
100
AcDbEntity
  8
MEMBRANA_3D
100
AcDbFace
 10
0.9901897488522496
 20
-0.19696098709927046
 30
4.522192334066456
 11
1.2447905374020767
 21
-0.24760423268644438
 31
4.414941140140149
 12
1.2540473242892691
 22
-0.12351288084554686
 32
4.418970071478524
 13
1.2540473242892691
 23
-0.12351288084554686
 33
4.418970071478524
  0
3DFACE
  5
198
330
17
100
AcDbEntity
  8
MEMBRANA_3D
100
AcDbFace
 10
0.9901897488522496
 20
-0.19696098709927046
 30
4.522192334066456
 11
1.2540473242892691
 21
-0.12351288084554686
 31
4.418970071478524
 12
1.0002179346467084
 22
-0.09851286804635861
 32
4.5238862910263276
 13
1.0002179346467084
 23
-0.09851286804635861
 33
4.5238862910263276
  0
3DFACE
  5
199
330
17
100
AcDbEntity
  8
MEMBRANA_3D
100
AcDbFace
 10
1.0002179346467084
 20
-0.09851286804635861
 30
4.5238862910263276
 11
1.2540473242892691
 21
-0.12351288084554686
 31
4.418970071478524
 12
1.2571428571428571
 22
0.0
 32
4.420287608912019
 13
1.2571428571428571
 23
0.0
 33
4.420287608912019
  0
3DFACE
  5
19A
330
17
100
AcDbEntity
  8
MEMBRANA_3D
100
AcDbFace
 10
1.0002179346467084
 20
-0.09851286804635861
 30
4.5238862910263276
 11
1.2571428571428571
 21
0.0
 31
4.420287608912019
 12
1.0035714285714286
 22
0.0
 32
4.524440247278721
 13
1.0035714285714286
 23
0.0
 33
4.524440247278721
  0
3DFACE
  5
19B
330
17
100
AcDbEntity
  8
MEMBRANA_3D
100
AcDbFace
 10
1.2571428571428571
 20
0.0
 30
4.420287608912019
 11
1.5107142857142857
 21
0.0
 31
4.301673319055228
 12
1.5078767139318303
 22
0.14851289364473527
 32
4.299486176770962
 13
1.5078767139318303
 23
0.14851289364473527
 33
4.299486176770962
  0
3DFACE
  5
19C
330
17
100
AcDbEntity
  8
MEMBRANA_3D
100
AcDbFace
 10
1.2571428571428571
 20
0.0
 30
4.420287608912019
 11
1.5078767139318303
 21
0.14851289364473527
 31
4.299486176770962
 12
1.2540473242892691
 22
0.12351288084554697
 32
4.418970071478524
 13
1.2540473242892691
 23
0.12351288084554697
 33
4.418970071478524
  0
3DFACE
  5
19D
330
17
100
AcDbEntity
  8
MEMBRANA_3D
100
AcDbFace
 10
1.2540473242892691
 20
0.12351288084554697
 30
4.418970071478524
 11
1.5078767139318303
 21
0.14851289364473527
 31
4.299486176770962
 12
1.4993913259519036
 22
0.29824747827361753
 32
4.292798058569121
 13
1.4993913259519036
 23
0.29824747827361753
 33
4.292798058569121
  0
3DFACE
  5
19E
330
17
100
AcDbEntity
  8
MEMBRANA_3D
100
AcDbFace
 10
1.2540473242892691
 20
0.12351288084554697
 30
4.418970071478524
 11
1.4993913259519036
 21
0.29824747827361753
 31
4.292798058569121
 12
1.2447905374020767
 22
0.2476042326864438
 32
4.414941140140149
 13
1.2447905374020767
 23
0.2476042326864438
 33
4.414941140140149
  0
3DFACE
  5
19F
330
17
100
AcDbEntity
  8
MEMBRANA_3D
100
AcDbFace
 10
1.2447905374020767
 20
0.2476042326864438
 30
4.414941140140149
 11
1.4993913259519036
 21
0.29824747827361753
 31
4.292798058569121
 12
1.4853398406993372
 22
0.4505729147060022
 32
4.281211809558993
 13
1.4853398406993372
 23
0.4505729147060022
 33
4.281211809558993
  0
3DFACE
  5
1A0
330
17
100
AcDbEntity
  8
MEMBRANA_3D
100
AcDbFace
 10
1.2447905374020767
 20
0.2476042326864438
 30
4.414941140140149
 11
1.4853398406993372
 21
0.4505729147060022
 31
4.281211809558993
 12
1.229461644399277
 22
0.3729531124509503
 32
4.407961568260233
 13
1.229461644399277
 23
0.3729531124509503
 33
4.407961568260233
  0
3DFACE
  5
1A1
330
17
100
AcDbEntity
  8
MEMBRANA_3D
100
AcDbFace
 10
1.229461644399277
 20
0.3729531124509503
 30
4.407961568260233
 11
1.4853398406993372
 21
0.4505729147060022
 31
4.281211809558993
 12
1.4658575816584367
 22
0.6071780908303511
 32
4.264004277493483
 13
1.4658575816584367
 23
0.6071780908303511
 33
4.264004277493483
  0
3DFACE
  5
1A2
330
17
100
AcDbEntity
  8
MEMBRANA_3D
100
AcDbFace
 10
1.229461644399277
 20
0.3729531124509503
 30
4.407961568260233
 11
1.4658575816584367
 21
0.6071780908303511
 31
4.264004277493483
 12
1.208208270900113
 22
0.5004562519781732
 32
4.397595727959183
 13
1.208208270900113
 23
0.5004562519781732
 33
4.397595727959183
  0
3DFACE
  5
1A3
330
17
100
AcDbEntity
  8
MEMBRANA_3D
100
AcDbFace
 10
1.208208270900113
 20
0.5004562519781732
 30
4.397595727959183
 11
1.4658575816584367
 21
0.6071780908303511
 31
4.264004277493483
 12
1.3688970371326499
 22
0.7316907103174456
 32
4.281211809558993
 13
1.3688970371326499
 23
0.7316907103174456
 33
4.281211809558993
  0
3DFACE
  5
1A4
330
17
100
AcDbEntity
  8
MEMBRANA_3D
100
AcDbFace
 10
1.208208270900113
 20
0.5004562519781732
 30
4.397595727959183
 11
1.3688970371326499
 21
0.7316907103174456
 31
4.281211809558993
 12
1.1330783408421885
 22
0.6056429910847965
 32
4.407961568260233
 13
1.1330783408421885
 23
0.6056429910847965
 33
4.407961568260233
  0
3DFACE
  5
1A5
330
17
100
AcDbEntity
  8
MEMBRANA_3D
100
AcDbFace
 10
1.1330783408421885
 20
0.6056429910847965
 30
4.407961568260233
 11
1.3688970371326499
 21
0.7316907103174456
 31
4.281211809558993
 12
1.2711225885919426
 22
0.8493369598738174
 32
4.292798058569121
 13
1.2711225885919426
 23
0.8493369598738174
 33
4.292798058569121
  0
3DFACE
  5
1A6
330
17
100
AcDbEntity
  8
MEMBRANA_3D
100
AcDbFace
 10
1.1330783408421885
 20
0.6056429910847965
 30
4.407961568260233
 11
1.2711225885919426
 21
0.8493369598738174
 31
4.292798058569121
 12
1.0552824621369314
 22
0.7051171981707789
 32
4.414941140140149
 13
1.0552824621369314
 23
0.7051171981707789
 33
4.414941140140149
  0
3DFACE
  5
1A7
330
17
100
AcDbEntity
  8
MEMBRANA_3D
100
AcDbFace
 10
1.0552824621369314
 20
0.7051171981707789
 30
4.414941140140149
 11
1.2711225885919426
 21
0.8493369598738174
 31
4.292798058569121
 12
1.1712443238043138
 22
0.9612153754246561
 32
4.299486176770962
 13
1.1712443238043138
 23
0.9612153754246561
 33
4.299486176770962
  0
3DFACE
  5
1A8
330
17
100
AcDbEntity
  8
MEMBRANA_3D
100
AcDbFace
 10
1.0552824621369314
 20
0.7051171981707789
 30
4.414941140140149
 11
1.1712443238043138
 21
0.9612153754246561
 31
4.299486176770962
 12
0.97408216254356
 22
0.7994085713240153
 32
4.418970071478524
 13
0.97408216254356
 23
0.7994085713240153
 33
4.418970071478524
  0
3DFACE
  5
1A9
330
17
100
AcDbEntity
  8
MEMBRANA_3D
100
AcDbFace
 10
0.97408216254356
 20
0.7994085713240153
 30
4.418970071478524
 11
1.1712443238043138
 21
0.9612153754246561
 31
4.299486176770962
 12
1.068236315863963
 22
1.0682363158639627
 32
4.301673319055228
 13
1.068236315863963
 23
1.0682363158639627
 33
4.301673319055228
  0
3DFACE
  5
1AA
330
17
100
AcDbEntity
  8
MEMBRANA_3D
100
AcDbFace
 10
0.97408216254356
 20
0.7994085713240153
 30
4.418970071478524
 11
1.068236315863963
 21
1.0682363158639627
 31
4.301673319055228
 12
0.8889342392059455
 22
0.8889342392059454
 32
4.420287608912019
 13
0.8889342392059455
 23
0.8889342392059454
 33
4.420287608912019
  0
3DFACE
  5
1AB
330
17
100
AcDbEntity
  8
MEMBRANA_3D
100
AcDbFace
 10
0.8889342392059455
 20
0.8889342392059454
 30
4.420287608912019
 11
1.068236315863963
 21
1.0682363158639627
 31
4.301673319055228
 12
0.9612153754246561
 22
1.1712443238043138
 32
4.299486176770962
 13
0.9612153754246561
 23
1.1712443238043138
 33
4.299486176770962
  0
3DFACE
  5
1AC
330
17
100
AcDbEntity
  8
MEMBRANA_3D
100
AcDbFace
 10
0.8889342392059455
 20
0.8889342392059454
 30
4.420287608912019
 11
0.9612153754246561
 21
1.1712443238043138
 31
4.299486176770962
 12
0.7994085713240153
 22
0.97408216254356
 32
4.418970071478524
 13
0.7994085713240153
 23
0.97408216254356
 33
4.418970071478524
  0
3DFACE
  5
1AD
330
17
100
AcDbEntity
  8
MEMBRANA_3D
100
AcDbFace
 10
0.7994085713240153
 20
0.97408216254356
 30
4.418970071478524
 11
0.9612153754246561
 21
1.1712443238043138
 31
4.299486176770962
 12
0.8493369598738176
 22
1.2711225885919426
 32
4.292798058569121
 13
0.8493369598738176
 23
1.2711225885919426
 33
4.292798058569121
  0
3DFACE
  5
1AE
330
17
100
AcDbEntity
  8
MEMBRANA_3D
100
AcDbFace
 10
0.7994085713240153
 20
0.97408216254356
 30
4.418970071478524
 11
0.8493369598738176
 21
1.2711225885919426
 31
4.292798058569121
 12
0.7051171981707791
 22
1.0552824621369314
 32
4.414941140140149
 13
0.7051171981707791
 23
1.0552824621369314
 33
4.414941140140149
  0
3DFACE
  5
1AF
330
17
100
AcDbEntity
  8
MEMBRANA_3D
100
AcDbFace
 10
0.7051171981707791
 20
1.0552824621369314
 30
4.414941140140149
 11
0.8493369598738176
 21
1.2711225885919426
 31
4.292798058569121
 12
0.7316907103174458
 22
1.3688970371326494
 32
4.281211809558993
 13
0.7316907103174458
 23
1.3688970371326494
 33
4.281211809558993
  0
3DFACE
  5
1B0
330
17
100
AcDbEntity
  8
MEMBRANA_3D
100
AcDbFace
 10
0.7051171981707791
 20
1.0552824621369314
 30
4.414941140140149
 11
0.7316907103174458
 21
1.3688970371326494
 31
4.281211809558993
 12
0.6056429910847967
 22
1.1330783408421883
 32
4.407961568260233
 13
0.6056429910847967
 23
1.1330783408421883
 33
4.407961568260233
  0
3DFACE
  5
1B1
330
17
100
AcDbEntity
  8
MEMBRANA_3D
100
AcDbFace
 10
0.6056429910847967
 20
1.1330783408421883
 30
4.407961568260233
 11
0.7316907103174458
 21
1.3688970371326494
 31
4.281211809558993
 12
0.6071780908303512
 22
1.4658575816584367
 32
4.264004277493483
 13
0.6071780908303512
 23
1.4658575816584367
 33
4.264004277493483
  0
3DFACE
  5
1B2
330
17
100
AcDbEntity
  8
MEMBRANA_3D
100
AcDbFace
 10
0.6056429910847967
 20
1.1330783408421883
 30
4.407961568260233
 11
0.6071780908303512
 21
1.4658575816584367
 31
4.264004277493483
 12
0.5004562519781733
 22
1.208208270900113
 32
4.397595727959183
 13
0.5004562519781733
 23
1.208208270900113
 33
4.397595727959183
  0
3DFACE
  5
1B3
330
17
100
AcDbEntity
  8
MEMBRANA_3D
100
AcDbFace
 10
0.5004562519781733
 20
1.208208270900113
 30
4.397595727959183
 11
0.6071780908303512
 21
1.4658575816584367
 31
4.264004277493483
 12
0.45057291470600214
 22
1.4853398406993372
 32
4.281211809558993
 13
0.45057291470600214
 23
1.4853398406993372
 33
4.281211809558993
  0
3DFACE
  5
1B4
330
17
100
AcDbEntity
  8
MEMBRANA_3D
100
AcDbFace
 10
0.5004562519781733
 20
1.208208270900113
 30
4.397595727959183
 11
0.45057291470600214
 21
1.4853398406993372
 31
4.281211809558993
 12
0.3729531124509503
 22
1.229461644399277
 32
4.407961568260233
 13
0.3729531124509503
 23
1.229461644399277
 33
4.407961568260233
  0
3DFACE
  5
1B5
330
17
100
AcDbEntity
  8
MEMBRANA_3D
100
AcDbFace
 10
0.3729531124509503
 20
1.229461644399277
 30
4.407961568260233
 11
0.45057291470600214
 21
1.4853398406993372
 31
4.281211809558993
 12
0.2982474782736177
 22
1.4993913259519036
 32
4.292798058569121
 13
0.2982474782736177
 23
1.4993913259519036
 33
4.292798058569121
  0
3DFACE
  5
1B6
330
17
100
AcDbEntity
  8
MEMBRANA_3D
100
AcDbFace
 10
0.3729531124509503
 20
1.229461644399277
 30
4.407961568260233
 11
0.2982474782736177
 21
1.4993913259519036
 31
4.292798058569121
 12
0.2476042326864439
 22
1.2447905374020767
 32
4.414941140140149
 13
0.2476042326864439
 23
1.2447905374020767
 33
4.414941140140149
  0
3DFACE
  5
1B7
330
17
100
AcDbEntity
  8
MEMBRANA_3D
100
AcDbFace
 10
0.2476042326864439
 20
1.2447905374020767
 30
4.414941140140149
 11
0.2982474782736177
 21
1.4993913259519036
 31
4.292798058569121
 12
0.14851289364473552
 22
1.50787671393183
 32
4.299486176770962
 13
0.14851289364473552
 23
1.50787671393183
 33
4.299486176770962
  0
3DFACE
  5
1B8
330
17
100
AcDbEntity
  8
MEMBRANA_3D
100
AcDbFace
 10
0.2476042326864439
 20
1.2447905374020767
 30
4.414941140140149
 11
0.14851289364473552
 21
1.50787671393183
 31
4.299486176770962
 12
0.12351288084554718
 22
1.2540473242892691
 32
4.418970071478524
 13
0.12351288084554718
 23
1.2540473242892691
 33
4.418970071478524
  0
3DFACE
  5
1B9
330
17
100
AcDbEntity
  8
MEMBRANA_3D
100
AcDbFace
 10
0.12351288084554718
 20
1.2540473242892691
 30
4.418970071478524
 11
0.14851289364473552
 21
1.50787671393183
 31
4.299486176770962
 12
9.2504570721309e-17
 22
1.5107142857142857
 32
4.301673319055228
 13
9.2504570721309e-17
 23
1.5107142857142857
 33
4.301673319055228
  0
3DFACE
  5
1BA
330
17
100
AcDbEntity
  8
MEMBRANA_3D
100
AcDbFace
 10
0.12351288084554718
 20
1.2540473242892691
 30
4.418970071478524
 11
9.2504570721309e-17
 21
1.5107142857142857
 31
4.301673319055228
 12
7.697779880354791e-17
 22
1.2571428571428571
 32
4.420287608912019
 13
7.697779880354791e-17
 23
1.2571428571428571
 33
4.420287608912019
  0
3DFACE
  5
1BB
330
17
100
AcDbEntity
  8
MEMBRANA_3D
100
AcDbFace
 10
7.697779880354791e-17
 20
1.2571428571428571
 30
4.420287608912019
 11
9.2504570721309e-17
 21
1.5107142857142857
 31
4.301673319055228
 12
-0.14851289364473533
 22
1.5078767139318303
 32
4.299486176770962
 13
-0.14851289364473533
 23
1.5078767139318303
 33
4.299486176770962
  0
3DFACE
  5
1BC
330
17
100
AcDbEntity
  8
MEMBRANA_3D
100
AcDbFace
 10
7.697779880354791e-17
 20
1.2571428571428571
 30
4.420287608912019
 11
-0.14851289364473533
 21
1.5078767139318303
 31
4.299486176770962
 12
-0.12351288084554703
 22
1.2540473242892691
 32
4.418970071478524
 13
-0.12351288084554703
 23
1.2540473242892691
 33
4.418970071478524
  0
3DFACE
  5
1BD
330
17
100
AcDbEntity
  8
MEMBRANA_3D
100
AcDbFace
 10
-0.12351288084554703
 20
1.2540473242892691
 30
4.418970071478524
 11
-0.14851289364473533
 21
1.5078767139318303
 31
4.299486176770962
 12
-0.2982474782736175
 22
1.4993913259519036
 32
4.292798058569121
 13
-0.2982474782736175
 23
1.4993913259519036
 33
4.292798058569121
  0
3DFACE
  5
1BE
330
17
100
AcDbEntity
  8
MEMBRANA_3D
100
AcDbFace
 10
-0.12351288084554703
 20
1.2540473242892691
 30
4.418970071478524
 11
-0.2982474782736175
 21
1.4993913259519036
 31
4.292798058569121
 12
-0.24760423268644371
 22
1.2447905374020767
 32
4.414941140140149
 13
-0.24760423268644371
 23
1.2447905374020767
 33
4.414941140140149
  0
3DFACE
  5
1BF
330
17
100
AcDbEntity
  8
MEMBRANA_3D
100
AcDbFace
 10
-0.24760423268644371
 20
1.2447905374020767
 30
4.414941140140149
 11
-0.2982474782736175
 21
1.4993913259519036
 31
4.292798058569121
 12
-0.45057291470600186
 22
1.4853398406993372
 32
4.281211809558993
 13
-0.45057291470600186
 23
1.4853398406993372
 33
4.281211809558993
  0
3DFACE
  5
1C0
330
17
100
AcDbEntity
  8
MEMBRANA_3D
100
AcDbFace
 10
-0.24760423268644371
 20
1.2447905374020767
 30
4.414941140140149
 11
-0.45057291470600186
 21
1.4853398406993372
 31
4.281211809558993
 12
-0.37295311245095014
 22
1.229461644399277
 32
4.407961568260233
 13
-0.37295311245095014
 23
1.229461644399277
 33
4.407961568260233
  0
3DFACE
  5
1C1
330
17
100
AcDbEntity
  8
MEMBRANA_3D
100
AcDbFace
 10
-0.37295311245095014
 20
1.229461644399277
 30
4.407961568260233
 11
-0.45057291470600186
 21
1.4853398406993372
 31
4.281211809558993
 12
-0.607178090830351
 22
1.4658575816584367
 32
4.264004277493483
 13
-0.607178090830351
 23
1.4658575816584367
 33
4.264004277493483
  0
3DFACE
  5
1C2
330
17
100
AcDbEntity
  8
MEMBRANA_3D
100
AcDbFace
 10
-0.37295311245095014
 20
1.229461644399277
 30
4.407961568260233
 11
-0.607178090830351
 21
1.4658575816584367
 31
4.264004277493483
 12
-0.5004562519781732
 22
1.208208270900113
 32
4.397595727959183
 13
-0.5004562519781732
 23
1.208208270900113
 33
4.397595727959183
  0
3DFACE
  5
1C3
330
17
100
AcDbEntity
  8
MEMBRANA_3D
100
AcDbFace
 10
-0.5004562519781732
 20
1.208208270900113
 30
4.397595727959183
 11
-0.607178090830351
 21
1.4658575816584367
 31
4.264004277493483
 12
-0.7316907103174456
 22
1.3688970371326497
 32
4.281211809558993
 13
-0.7316907103174456
 23
1.3688970371326497
 33
4.281211809558993
  0
3DFACE
  5
1C4
330
17
100
AcDbEntity
  8
MEMBRANA_3D
100
AcDbFace
 10
-0.5004562519781732
 20
1.208208270900113
 30
4.397595727959183
 11
-0.7316907103174456
 21
1.3688970371326497
 31
4.281211809558993
 12
-0.6056429910847965
 22
1.1330783408421885
 32
4.407961568260233
 13
-0.6056429910847965
 23
1.1330783408421885
 33
4.407961568260233
  0
3DFACE
  5
1C5
330
17
100
AcDbEntity
  8
MEMBRANA_3D
100
AcDbFace
 10
-0.6056429910847965
 20
1.1330783408421885
 30
4.407961568260233
 11
-0.7316907103174456
 21
1.3688970371326497
 31
4.281211809558993
 12
-0.8493369598738171
 22
1.2711225885919428
 32
4.292798058569121
 13
-0.8493369598738171
 23
1.2711225885919428
 33
4.292798058569121
  0
3DFACE
  5
1C6
330
17
100
AcDbEntity
  8
MEMBRANA_3D
100
AcDbFace
 10
-0.6056429910847965
 20
1.1330783408421885
 30
4.407961568260233
 11
-0.8493369598738171
 21
1.2711225885919428
 31
4.292798058569121
 12
-0.7051171981707787
 22
1.0552824621369317
 32
4.414941140140149
 13
-0.7051171981707787
 23
1.0552824621369317
 33
4.414941140140149
  0
3DFACE
  5
1C7
330
17
100
AcDbEntity
  8
MEMBRANA_3D
100
AcDbFace
 10
-0.7051171981707787
 20
1.0552824621369317
 30
4.414941140140149
 11
-0.8493369598738171
 21
1.2711225885919428
 31
4.292798058569121
 12
-0.961215375424656
 22
1.171244323804314
 32
4.299486176770962
 13
-0.961215375424656
 23
1.171244323804314
 33
4.299486176770962
  0
3DFACE
  5
1C8
330
17
100
AcDbEntity
  8
MEMBRANA_3D
100
AcDbFace
 10
-0.7051171981707787
 20
1.0552824621369317
 30
4.414941140140149
 11
-0.961215375424656
 21
1.171244323804314
 31
4.299486176770962
 12
-0.7994085713240152
 22
0.9740821625435602
 32
4.418970071478524
 13
-0.7994085713240152
 23
0.9740821625435602
 33
4.418970071478524
  0
3DFACE
  5
1C9
330
17
100
AcDbEntity
  8
MEMBRANA_3D
100
AcDbFace
 10
-0.7994085713240152
 20
0.9740821625435602
 30
4.418970071478524
 11
-0.961215375424656
 21
1.171244323804314
 31
4.299486176770962
 12
-1.0682363158639627
 22
1.068236315863963
 32
4.301673319055228
 13
-1.0682363158639627
 23
1.068236315863963
 33
4.301673319055228
  0
3DFACE
  5
1CA
330
17
100
AcDbEntity
  8
MEMBRANA_3D
100
AcDbFace
 10
-0.7994085713240152
 20
0.9740821625435602
 30
4.418970071478524
 11
-1.0682363158639627
 21
1.068236315863963
 31
4.301673319055228
 12
-0.8889342392059454
 22
0.8889342392059455
 32
4.420287608912019
 13
-0.8889342392059454
 23
0.8889342392059455
 33
4.420287608912019
  0
3DFACE
  5
1CB
330
17
100
AcDbEntity
  8
MEMBRANA_3D
100
AcDbFace
 10
-0.8889342392059454
 20
0.8889342392059455
 30
4.420287608912019
 11
-1.0682363158639627
 21
1.068236315863963
 31
4.301673319055228
 12
-1.1712443238043138
 22
0.9612153754246561
 32
4.299486176770962
 13
-1.1712443238043138
 23
0.9612153754246561
 33
4.299486176770962
  0
3DFACE
  5
1CC
330
17
100
AcDbEntity
  8
MEMBRANA_3D
100
AcDbFace
 10
-0.8889342392059454
 20
0.8889342392059455
 30
4.420287608912019
 11
-1.1712443238043138
 21
0.9612153754246561
 31
4.299486176770962
 12
-0.97408216254356
 22
0.7994085713240153
 32
4.418970071478524
 13
-0.97408216254356
 23
0.7994085713240153
 33
4.418970071478524
  0
3DFACE
  5
1CD
330
17
100
AcDbEntity
  8
MEMBRANA_3D
100
AcDbFace
 10
-0.97408216254356
 20
0.7994085713240153
 30
4.418970071478524
 11
-1.1712443238043138
 21
0.9612153754246561
 31
4.299486176770962
 12
-1.2711225885919426
 22
0.8493369598738174
 32
4.292798058569121
 13
-1.2711225885919426
 23
0.8493369598738174
 33
4.292798058569121
  0
3DFACE
  5
1CE
330
17
100
AcDbEntity
  8
MEMBRANA_3D
100
AcDbFace
 10
-0.97408216254356
 20
0.7994085713240153
 30
4.418970071478524
 11
-1.2711225885919426
 21
0.8493369598738174
 31
4.292798058569121
 12
-1.0552824621369317
 22
0.7051171981707789
 32
4.414941140140149
 13
-1.0552824621369317
 23
0.7051171981707789
 33
4.414941140140149
  0
3DFACE
  5
1CF
330
17
100
AcDbEntity
  8
MEMBRANA_3D
100
AcDbFace
 10
-1.0552824621369317
 20
0.7051171981707789
 30
4.414941140140149
 11
-1.2711225885919426
 21
0.8493369598738174
 31
4.292798058569121
 12
-1.3688970371326494
 22
0.7316907103174458
 32
4.281211809558993
 13
-1.3688970371326494
 23
0.7316907103174458
 33
4.281211809558993
  0
3DFACE
  5
1D0
330
17
100
AcDbEntity
  8
MEMBRANA_3D
100
AcDbFace
 10
-1.0552824621369317
 20
0.7051171981707789
 30
4.414941140140149
 11
-1.3688970371326494
 21
0.7316907103174458
 31
4.281211809558993
 12
-1.1330783408421883
 22
0.6056429910847967
 32
4.407961568260233
 13
-1.1330783408421883
 23
0.6056429910847967
 33
4.407961568260233
  0
3DFACE
  5
1D1
330
17
100
AcDbEntity
  8
MEMBRANA_3D
100
AcDbFace
 10
-1.1330783408421883
 20
0.6056429910847967
 30
4.407961568260233
 11
-1.3688970371326494
 21
0.7316907103174458
 31
4.281211809558993
 12
-1.4658575816584367
 22
0.6071780908303513
 32
4.264004277493483
 13
-1.4658575816584367
 23
0.6071780908303513
 33
4.264004277493483
  0
3DFACE
  5
1D2
330
17
100
AcDbEntity
  8
MEMBRANA_3D
100
AcDbFace
 10
-1.1330783408421883
 20
0.6056429910847967
 30
4.407961568260233
 11
-1.4658575816584367
 21
0.6071780908303513
 31
4.264004277493483
 12
-1.208208270900113
 22
0.5004562519781734
 32
4.397595727959183
 13
-1.208208270900113
 23
0.5004562519781734
 33
4.397595727959183
  0
3DFACE
  5
1D3
330
17
100
AcDbEntity
  8
MEMBRANA_3D
100
AcDbFace
 10
-1.208208270900113
 20
0.5004562519781734
 30
4.397595727959183
 11
-1.4658575816584367
 21
0.6071780908303513
 31
4.264004277493483
 12
-1.485339840699337
 22
0.4505729147060022
 32
4.281211809558993
 13
-1.485339840699337
 23
0.4505729147060022
 33
4.281211809558993
  0
3DFACE
  5
1D4
330
17
100
AcDbEntity
  8
MEMBRANA_3D
100
AcDbFace
 10
-1.208208270900113
 20
0.5004562519781734
 30
4.397595727959183
 11
-1.485339840699337
 21
0.4505729147060022
 31
4.281211809558993
 12
-1.229461644399277
 22
0.3729531124509504
 32
4.407961568260233
 13
-1.229461644399277
 23
0.3729531124509504
 33
4.407961568260233
  0
3DFACE
  5
1D5
330
17
100
AcDbEntity
  8
MEMBRANA_3D
100
AcDbFace
 10
-1.229461644399277
 20
0.3729531124509504
 30
4.407961568260233
 11
-1.485339840699337
 21
0.4505729147060022
 31
4.281211809558993
 12
-1.4993913259519036
 22
0.2982474782736181
 32
4.292798058569121
 13
-1.4993913259519036
 23
0.2982474782736181
 33
4.292798058569121
  0
3DFACE
  5
1D6
330
17
100
AcDbEntity
  8
MEMBRANA_3D
100
AcDbFace
 10
-1.229461644399277
 20
0.3729531124509504
 30
4.407961568260233
 11
-1.4993913259519036
 21
0.2982474782736181
 31
4.292798058569121
 12
-1.2447905374020767
 22
0.24760423268644424
 32
4.414941140140149
 13
-1.2447905374020767
 23
0.24760423268644424
 33
4.414941140140149
  0
3DFACE
  5
1D7
330
17
100
AcDbEntity
  8
MEMBRANA_3D
100
AcDbFace
 10
-1.2447905374020767
 20
0.24760423268644424
 30
4.414941140140149
 11
-1.4993913259519036
 21
0.2982474782736181
 31
4.292798058569121
 12
-1.50787671393183
 22
0.1485128936447356
 32
4.299486176770962
 13
-1.50787671393183
 23
0.1485128936447356
 33
4.299486176770962
  0
3DFACE
  5
1D8
330
17
100
AcDbEntity
  8
MEMBRANA_3D
100
AcDbFace
 10
-1.2447905374020767
 20
0.24760423268644424
 30
4.414941140140149
 11
-1.50787671393183
 21
0.1485128936447356
 31
4.299486176770962
 12
-1.2540473242892691
 22
0.12351288084554726
 32
4.418970071478524
 13
-1.2540473242892691
 23
0.12351288084554726
 33
4.418970071478524
  0
3DFACE
  5
1D9
330
17
100
AcDbEntity
  8
MEMBRANA_3D
100
AcDbFace
 10
-1.2540473242892691
 20
0.12351288084554726
 30
4.418970071478524
 11
-1.50787671393183
 21
0.1485128936447356
 31
4.299486176770962
 12
-1.5107142857142857
 22
1.85009141442618e-16
 32
4.301673319055228
 13
-1.5107142857142857
 23
1.85009141442618e-16
 33
4.301673319055228
  0
3DFACE
  5
1DA
330
17
100
AcDbEntity
  8
MEMBRANA_3D
100
AcDbFace
 10
-1.2540473242892691
 20
0.12351288084554726
 30
4.418970071478524
 11
-1.5107142857142857
 21
1.85009141442618e-16
 31
4.301673319055228
 12
-1.2571428571428571
 22
1.5395559760709583e-16
 32
4.420287608912019
 13
-1.2571428571428571
 23
1.5395559760709583e-16
 33
4.420287608912019
  0
3DFACE
  5
1DB
330
17
100
AcDbEntity
  8
MEMBRANA_3D
100
AcDbFace
 10
-1.2571428571428571
 20
1.5395559760709583e-16
 30
4.420287608912019
 11
-1.5107142857142857
 21
1.85009141442618e-16
 31
4.301673319055228
 12
-1.5078767139318303
 22
-0.14851289364473524
 32
4.299486176770962
 13
-1.5078767139318303
 23
-0.14851289364473524
 33
4.299486176770962
  0
3DFACE
  5
1DC
330
17
100
AcDbEntity
  8
MEMBRANA_3D
100
AcDbFace
 10
-1.2571428571428571
 20
1.5395559760709583e-16
 30
4.420287608912019
 11
-1.5078767139318303
 21
-0.14851289364473524
 31
4.299486176770962
 12
-1.2540473242892691
 22
-0.12351288084554696
 32
4.418970071478524
 13
-1.2540473242892691
 23
-0.12351288084554696
 33
4.418970071478524
  0
3DFACE
  5
1DD
330
17
100
AcDbEntity
  8
MEMBRANA_3D
100
AcDbFace
 10
-1.2540473242892691
 20
-0.12351288084554696
 30
4.418970071478524
 11
-1.5078767139318303
 21
-0.14851289364473524
 31
4.299486176770962
 12
-1.4993913259519036
 22
-0.2982474782736177
 32
4.292798058569121
 13
-1.4993913259519036
 23
-0.2982474782736177
 33
4.292798058569121
  0
3DFACE
  5
1DE
330
17
100
AcDbEntity
  8
MEMBRANA_3D
100
AcDbFace
 10
-1.2540473242892691
 20
-0.12351288084554696
 30
4.418970071478524
 11
-1.4993913259519036
 21
-0.2982474782736177
 31
4.292798058569121
 12
-1.2447905374020767
 22
-0.24760423268644394
 32
4.414941140140149
 13
-1.2447905374020767
 23
-0.24760423268644394
 33
4.414941140140149
  0
3DFACE
  5
1DF
330
17
100
AcDbEntity
  8
MEMBRANA_3D
100
AcDbFace
 10
-1.2447905374020767
 20
-0.24760423268644394
 30
4.414941140140149
 11
-1.4993913259519036
 21
-0.2982474782736177
 31
4.292798058569121
 12
-1.4853398406993372
 22
-0.45057291470600175
 32
4.281211809558993
 13
-1.4853398406993372
 23
-0.45057291470600175
 33
4.281211809558993
  0
3DFACE
  5
1E0
330
17
100
AcDbEntity
  8
MEMBRANA_3D
100
AcDbFace
 10
-1.2447905374020767
 20
-0.24760423268644394
 30
4.414941140140149
 11
-1.4853398406993372
 21
-0.45057291470600175
 31
4.281211809558993
 12
-1.229461644399277
 22
-0.37295311245095003
 32
4.407961568260233
 13
-1.229461644399277
 23
-0.37295311245095003
 33
4.407961568260233
  0
3DFACE
  5
1E1
330
17
100
AcDbEntity
  8
MEMBRANA_3D
100
AcDbFace
 10
-1.229461644399277
 20
-0.37295311245095003
 30
4.407961568260233
 11
-1.4853398406993372
 21
-0.45057291470600175
 31
4.281211809558993
 12
-1.4658575816584367
 22
-0.6071780908303509
 32
4.264004277493483
 13
-1.4658575816584367
 23
-0.6071780908303509
 33
4.264004277493483
  0
3DFACE
  5
1E2
330
17
100
AcDbEntity
  8
MEMBRANA_3D
100
AcDbFace
 10
-1.229461644399277
 20
-0.37295311245095003
 30
4.407961568260233
 11
-1.4658575816584367
 21
-0.6071780908303509
 31
4.264004277493483
 12
-1.208208270900113
 22
-0.5004562519781731
 32
4.397595727959183
 13
-1.208208270900113
 23
-0.5004562519781731
 33
4.397595727959183
  0
3DFACE
  5
1E3
330
17
100
AcDbEntity
  8
MEMBRANA_3D
100
AcDbFace
 10
-1.208208270900113
 20
-0.5004562519781731
 30
4.397595727959183
 11
-1.4658575816584367
 21
-0.6071780908303509
 31
4.264004277493483
 12
-1.3688970371326497
 22
-0.7316907103174455
 32
4.281211809558993
 13
-1.3688970371326497
 23
-0.7316907103174455
 33
4.281211809558993
  0
3DFACE
  5
1E4
330
17
100
AcDbEntity
  8
MEMBRANA_3D
100
AcDbFace
 10
-1.208208270900113
 20
-0.5004562519781731
 30
4.397595727959183
 11
-1.3688970371326497
 21
-0.7316907103174455
 31
4.281211809558993
 12
-1.1330783408421885
 22
-0.6056429910847965
 32
4.407961568260233
 13
-1.1330783408421885
 23
-0.6056429910847965
 33
4.407961568260233
  0
3DFACE
  5
1E5
330
17
100
AcDbEntity
  8
MEMBRANA_3D
100
AcDbFace
 10
-1.1330783408421885
 20
-0.6056429910847965
 30
4.407961568260233
 11
-1.3688970371326497
 21
-0.7316907103174455
 31
4.281211809558993
 12
-1.2711225885919428
 22
-0.8493369598738171
 32
4.292798058569121
 13
-1.2711225885919428
 23
-0.8493369598738171
 33
4.292798058569121
  0
3DFACE
  5
1E6
330
17
100
AcDbEntity
  8
MEMBRANA_3D
100
AcDbFace
 10
-1.1330783408421885
 20
-0.6056429910847965
 30
4.407961568260233
 11
-1.2711225885919428
 21
-0.8493369598738171
 31
4.292798058569121
 12
-1.0552824621369317
 22
-0.7051171981707787
 32
4.414941140140149
 13
-1.0552824621369317
 23
-0.7051171981707787
 33
4.414941140140149
  0
3DFACE
  5
1E7
330
17
100
AcDbEntity
  8
MEMBRANA_3D
100
AcDbFace
 10
-1.0552824621369317
 20
-0.7051171981707787
 30
4.414941140140149
 11
-1.2711225885919428
 21
-0.8493369598738171
 31
4.292798058569121
 12
-1.171244323804314
 22
-0.9612153754246557
 32
4.299486176770962
 13
-1.171244323804314
 23
-0.9612153754246557
 33
4.299486176770962
  0
3DFACE
  5
1E8
330
17
100
AcDbEntity
  8
MEMBRANA_3D
100
AcDbFace
 10
-1.0552824621369317
 20
-0.7051171981707787
 30
4.414941140140149
 11
-1.171244323804314
 21
-0.9612153754246557
 31
4.299486176770962
 12
-0.9740821625435602
 22
-0.7994085713240151
 32
4.418970071478524
 13
-0.9740821625435602
 23
-0.7994085713240151
 33
4.418970071478524
  0
3DFACE
  5
1E9
330
17
100
AcDbEntity
  8
MEMBRANA_3D
100
AcDbFace
 10
-0.9740821625435602
 20
-0.7994085713240151
 30
4.418970071478524
 11
-1.171244323804314
 21
-0.9612153754246557
 31
4.299486176770962
 12
-1.0682363158639632
 22
-1.0682363158639627
 32
4.301673319055228
 13
-1.0682363158639632
 23
-1.0682363158639627
 33
4.301673319055228
  0
3DFACE
  5
1EA
330
17
100
AcDbEntity
  8
MEMBRANA_3D
100
AcDbFace
 10
-0.9740821625435602
 20
-0.7994085713240151
 30
4.418970071478524
 11
-1.0682363158639632
 21
-1.0682363158639627
 31
4.301673319055228
 12
-0.8889342392059456
 22
-0.8889342392059454
 32
4.420287608912019
 13
-0.8889342392059456
 23
-0.8889342392059454
 33
4.420287608912019
  0
3DFACE
  5
1EB
330
17
100
AcDbEntity
  8
MEMBRANA_3D
100
AcDbFace
 10
-0.8889342392059456
 20
-0.8889342392059454
 30
4.420287608912019
 11
-1.0682363158639632
 21
-1.0682363158639627
 31
4.301673319055228
 12
-0.9612153754246567
 22
-1.1712443238043133
 32
4.299486176770962
 13
-0.9612153754246567
 23
-1.1712443238043133
 33
4.299486176770962
  0
3DFACE
  5
1EC
330
17
100
AcDbEntity
  8
MEMBRANA_3D
100
AcDbFace
 10
-0.8889342392059456
 20
-0.8889342392059454
 30
4.420287608912019
 11
-0.9612153754246567
 21
-1.1712443238043133
 31
4.299486176770962
 12
-0.7994085713240159
 22
-0.9740821625435596
 32
4.418970071478524
 13
-0.7994085713240159
 23
-0.9740821625435596
 33
4.418970071478524
  0
3DFACE
  5
1ED
330
17
100
AcDbEntity
  8
MEMBRANA_3D
100
AcDbFace
 10
-0.7994085713240159
 20
-0.9740821625435596
 30
4.418970071478524
 11
-0.9612153754246567
 21
-1.1712443238043133
 31
4.299486176770962
 12
-0.8493369598738174
 22
-1.2711225885919426
 32
4.292798058569121
 13
-0.8493369598738174
 23
-1.2711225885919426
 33
4.292798058569121
  0
3DFACE
  5
1EE
330
17
100
AcDbEntity
  8
MEMBRANA_3D
100
AcDbFace
 10
-0.7994085713240159
 20
-0.9740821625435596
 30
4.418970071478524
 11
-0.8493369598738174
 21
-1.2711225885919426
 31
4.292798058569121
 12
-0.7051171981707789
 22
-1.0552824621369314
 32
4.414941140140149
 13
-0.7051171981707789
 23
-1.0552824621369314
 33
4.414941140140149
  0
3DFACE
  5
1EF
330
17
100
AcDbEntity
  8
MEMBRANA_3D
100
AcDbFace
 10
-0.7051171981707789
 20
-1.0552824621369314
 30
4.414941140140149
 11
-0.8493369598738174
 21
-1.2711225885919426
 31
4.292798058569121
 12
-0.7316907103174458
 22
-1.3688970371326494
 32
4.281211809558993
 13
-0.7316907103174458
 23
-1.3688970371326494
 33
4.281211809558993
  0
3DFACE
  5
1F0
330
17
100
AcDbEntity
  8
MEMBRANA_3D
100
AcDbFace
 10
-0.7051171981707789
 20
-1.0552824621369314
 30
4.414941140140149
 11
-0.7316907103174458
 21
-1.3688970371326494
 31
4.281211809558993
 12
-0.6056429910847967
 22
-1.1330783408421883
 32
4.407961568260233
 13
-0.6056429910847967
 23
-1.1330783408421883
 33
4.407961568260233
  0
3DFACE
  5
1F1
330
17
100
AcDbEntity
  8
MEMBRANA_3D
100
AcDbFace
 10
-0.6056429910847967
 20
-1.1330783408421883
 30
4.407961568260233
 11
-0.7316907103174458
 21
-1.3688970371326494
 31
4.281211809558993
 12
-0.607178090830352
 22
-1.4658575816584363
 32
4.264004277493483
 13
-0.607178090830352
 23
-1.4658575816584363
 33
4.264004277493483
  0
3DFACE
  5
1F2
330
17
100
AcDbEntity
  8
MEMBRANA_3D
100
AcDbFace
 10
-0.6056429910847967
 20
-1.1330783408421883
 30
4.407961568260233
 11
-0.607178090830352
 21
-1.4658575816584363
 31
4.264004277493483
 12
-0.5004562519781739
 22
-1.2082082709001123
 32
4.397595727959183
 13
-0.5004562519781739
 23
-1.2082082709001123
 33
4.397595727959183
  0
3DFACE
  5
1F3
330
17
100
AcDbEntity
  8
MEMBRANA_3D
100
AcDbFace
 10
-0.5004562519781739
 20
-1.2082082709001123
 30
4.397595727959183
 11
-0.607178090830352
 21
-1.4658575816584363
 31
4.264004277493483
 12
-0.4505729147060023
 22
-1.485339840699337
 32
4.281211809558993
 13
-0.4505729147060023
 23
-1.485339840699337
 33
4.281211809558993
  0
3DFACE
  5
1F4
330
17
100
AcDbEntity
  8
MEMBRANA_3D
100
AcDbFace
 10
-0.5004562519781739
 20
-1.2082082709001123
 30
4.397595727959183
 11
-0.4505729147060023
 21
-1.485339840699337
 31
4.281211809558993
 12
-0.3729531124509505
 22
-1.229461644399277
 32
4.407961568260233
 13
-0.3729531124509505
 23
-1.229461644399277
 33
4.407961568260233
  0
3DFACE
  5
1F5
330
17
100
AcDbEntity
  8
MEMBRANA_3D
100
AcDbFace
 10
-0.3729531124509505
 20
-1.229461644399277
 30
4.407961568260233
 11
-0.4505729147060023
 21
-1.485339840699337
 31
4.281211809558993
 12
-0.2982474782736182
 22
-1.4993913259519034
 32
4.292798058569121
 13
-0.2982474782736182
 23
-1.4993913259519034
 33
4.292798058569121
  0
3DFACE
  5
1F6
330
17
100
AcDbEntity
  8
MEMBRANA_3D
100
AcDbFace
 10
-0.3729531124509505
 20
-1.229461644399277
 30
4.407961568260233
 11
-0.2982474782736182
 21
-1.4993913259519034
 31
4.292798058569121
 12
-0.24760423268644433
 22
-1.2447905374020767
 32
4.414941140140149
 13
-0.24760423268644433
 23
-1.2447905374020767
 33
4.414941140140149
  0
3DFACE
  5
1F7
330
17
100
AcDbEntity
  8
MEMBRANA_3D
100
AcDbFace
 10
-0.24760423268644433
 20
-1.2447905374020767
 30
4.414941140140149
 11
-0.2982474782736182
 21
-1.4993913259519034
 31
4.292798058569121
 12
-0.14851289364473502
 22
-1.5078767139318303
 32
4.299486176770962
 13
-0.14851289364473502
 23
-1.5078767139318303
 33
4.299486176770962
  0
3DFACE
  5
1F8
330
17
100
AcDbEntity
  8
MEMBRANA_3D
100
AcDbFace
 10
-0.24760423268644433
 20
-1.2447905374020767
 30
4.414941140140149
 11
-0.14851289364473502
 21
-1.5078767139318303
 31
4.299486176770962
 12
-0.12351288084554679
 22
-1.2540473242892691
 32
4.418970071478524
 13
-0.12351288084554679
 23
-1.2540473242892691
 33
4.418970071478524
  0
3DFACE
  5
1F9
330
17
100
AcDbEntity
  8
MEMBRANA_3D
100
AcDbFace
 10
-0.12351288084554679
 20
-1.2540473242892691
 30
4.418970071478524
 11
-0.14851289364473502
 21
-1.5078767139318303
 31
4.299486176770962
 12
-2.77513712163927e-16
 22
-1.5107142857142857
 32
4.301673319055228
 13
-2.77513712163927e-16
 23
-1.5107142857142857
 33
4.301673319055228
  0
3DFACE
  5
1FA
330
17
100
AcDbEntity
  8
MEMBRANA_3D
100
AcDbFace
 10
-0.12351288084554679
 20
-1.2540473242892691
 30
4.418970071478524
 11
-2.77513712163927e-16
 21
-1.5107142857142857
 31
4.301673319055228
 12
-2.3093339641064375e-16
 22
-1.2571428571428571
 32
4.420287608912019
 13
-2.3093339641064375e-16
 23
-1.2571428571428571
 33
4.420287608912019
  0
3DFACE
  5
1FB
330
17
100
AcDbEntity
  8
MEMBRANA_3D
100
AcDbFace
 10
-2.3093339641064375e-16
 20
-1.2571428571428571
 30
4.420287608912019
 11
-2.77513712163927e-16
 21
-1.5107142857142857
 31
4.301673319055228
 12
0.1485128936447345
 22
-1.5078767139318303
 32
4.299486176770962
 13
0.1485128936447345
 23
-1.5078767139318303
 33
4.299486176770962
  0
3DFACE
  5
1FC
330
17
100
AcDbEntity
  8
MEMBRANA_3D
100
AcDbFace
 10
-2.3093339641064375e-16
 20
-1.2571428571428571
 30
4.420287608912019
 11
0.1485128936447345
 21
-1.5078767139318303
 31
4.299486176770962
 12
0.12351288084554633
 22
-1.2540473242892691
 32
4.418970071478524
 13
0.12351288084554633
 23
-1.2540473242892691
 33
4.418970071478524
  0
3DFACE
  5
1FD
330
17
100
AcDbEntity
  8
MEMBRANA_3D
100
AcDbFace
 10
0.12351288084554633
 20
-1.2540473242892691
 30
4.418970071478524
 11
0.1485128936447345
 21
-1.5078767139318303
 31
4.299486176770962
 12
0.2982474782736177
 22
-1.4993913259519036
 32
4.292798058569121
 13
0.2982474782736177
 23
-1.4993913259519036
 33
4.292798058569121
  0
3DFACE
  5
1FE
330
17
100
AcDbEntity
  8
MEMBRANA_3D
100
AcDbFace
 10
0.12351288084554633
 20
-1.2540473242892691
 30
4.418970071478524
 11
0.2982474782736177
 21
-1.4993913259519036
 31
4.292798058569121
 12
0.24760423268644385
 22
-1.2447905374020767
 32
4.414941140140149
 13
0.24760423268644385
 23
-1.2447905374020767
 33
4.414941140140149
  0
3DFACE
  5
1FF
330
17
100
AcDbEntity
  8
MEMBRANA_3D
100
AcDbFace
 10
0.24760423268644385
 20
-1.2447905374020767
 30
4.414941140140149
 11
0.2982474782736177
 21
-1.4993913259519036
 31
4.292798058569121
 12
0.45057291470600175
 22
-1.4853398406993374
 32
4.281211809558993
 13
0.45057291470600175
 23
-1.4853398406993374
 33
4.281211809558993
  0
3DFACE
  5
200
330
17
100
AcDbEntity
  8
MEMBRANA_3D
100
AcDbFace
 10
0.24760423268644385
 20
-1.2447905374020767
 30
4.414941140140149
 11
0.45057291470600175
 21
-1.4853398406993374
 31
4.281211809558993
 12
0.37295311245095
 22
-1.229461644399277
 32
4.407961568260233
 13
0.37295311245095
 23
-1.229461644399277
 33
4.407961568260233
  0
3DFACE
  5
201
330
17
100
AcDbEntity
  8
MEMBRANA_3D
100
AcDbFace
 10
0.37295311245095
 20
-1.229461644399277
 30
4.407961568260233
 11
0.45057291470600175
 21
-1.4853398406993374
 31
4.281211809558993
 12
0.6071780908303515
 22
-1.4658575816584365
 32
4.264004277493483
 13
0.6071780908303515
 23
-1.4658575816584365
 33
4.264004277493483
  0
3DFACE
  5
202
330
17
100
AcDbEntity
  8
MEMBRANA_3D
100
AcDbFace
 10
0.37295311245095
 20
-1.229461644399277
 30
4.407961568260233
 11
0.6071780908303515
 21
-1.4658575816584365
 31
4.264004277493483
 12
0.5004562519781736
 22
-1.2082082709001127
 32
4.397595727959183
 13
0.5004562519781736
 23
-1.2082082709001127
 33
4.397595727959183
  0
3DFACE
  5
203
330
17
100
AcDbEntity
  8
MEMBRANA_3D
100
AcDbFace
 10
0.5004562519781736
 20
-1.2082082709001127
 30
4.397595727959183
 11
0.6071780908303515
 21
-1.4658575816584365
 31
4.264004277493483
 12
0.7316907103174456
 22
-1.3688970371326499
 32
4.281211809558993
 13
0.7316907103174456
 23
-1.3688970371326499
 33
4.281211809558993
  0
3DFACE
  5
204
330
17
100
AcDbEntity
  8
MEMBRANA_3D
100
AcDbFace
 10
0.5004562519781736
 20
-1.2082082709001127
 30
4.397595727959183
 11
0.7316907103174456
 21
-1.3688970371326499
 31
4.281211809558993
 12
0.6056429910847964
 22
-1.1330783408421885
 32
4.407961568260233
 13
0.6056429910847964
 23
-1.1330783408421885
 33
4.407961568260233
  0
3DFACE
  5
205
330
17
100
AcDbEntity
  8
MEMBRANA_3D
100
AcDbFace
 10
0.6056429910847964
 20
-1.1330783408421885
 30
4.407961568260233
 11
0.7316907103174456
 21
-1.3688970371326499
 31
4.281211809558993
 12
0.8493369598738171
 22
-1.271122588591943
 32
4.292798058569121
 13
0.8493369598738171
 23
-1.271122588591943
 33
4.292798058569121
  0
3DFACE
  5
206
330
17
100
AcDbEntity
  8
MEMBRANA_3D
100
AcDbFace
 10
0.6056429910847964
 20
-1.1330783408421885
 30
4.407961568260233
 11
0.8493369598738171
 21
-1.271122588591943
 31
4.292798058569121
 12
0.7051171981707784
 22
-1.0552824621369317
 32
4.414941140140149
 13
0.7051171981707784
 23
-1.0552824621369317
 33
4.414941140140149
  0
3DFACE
  5
207
330
17
100
AcDbEntity
  8
MEMBRANA_3D
100
AcDbFace
 10
0.7051171981707784
 20
-1.0552824621369317
 30
4.414941140140149
 11
0.8493369598738171
 21
-1.271122588591943
 31
4.292798058569121
 12
0.9612153754246563
 22
-1.1712443238043135
 32
4.299486176770962
 13
0.9612153754246563
 23
-1.1712443238043135
 33
4.299486176770962
  0
3DFACE
  5
208
330
17
100
AcDbEntity
  8
MEMBRANA_3D
100
AcDbFace
 10
0.7051171981707784
 20
-1.0552824621369317
 30
4.414941140140149
 11
0.9612153754246563
 21
-1.1712443238043135
 31
4.299486176770962
 12
0.7994085713240154
 22
-0.9740821625435598
 32
4.418970071478524
 13
0.7994085713240154
 23
-0.9740821625435598
 33
4.418970071478524
  0
3DFACE
  5
209
330
17
100
AcDbEntity
  8
MEMBRANA_3D
100
AcDbFace
 10
0.7994085713240154
 20
-0.9740821625435598
 30
4.418970071478524
 11
0.9612153754246563
 21
-1.1712443238043135
 31
4.299486176770962
 12
1.0682363158639625
 22
-1.0682363158639632
 32
4.301673319055228
 13
1.0682363158639625
 23
-1.0682363158639632
 33
4.301673319055228
  0
3DFACE
  5
20A
330
17
100
AcDbEntity
  8
MEMBRANA_3D
100
AcDbFace
 10
0.7994085713240154
 20
-0.9740821625435598
 30
4.418970071478524
 11
1.0682363158639625
 21
-1.0682363158639632
 31
4.301673319055228
 12
0.8889342392059453
 22
-0.8889342392059456
 32
4.420287608912019
 13
0.8889342392059453
 23
-0.8889342392059456
 33
4.420287608912019
  0
3DFACE
  5
20B
330
17
100
AcDbEntity
  8
MEMBRANA_3D
100
AcDbFace
 10
0.8889342392059453
 20
-0.8889342392059456
 30
4.420287608912019
 11
1.0682363158639625
 21
-1.0682363158639632
 31
4.301673319055228
 12
1.1712443238043133
 22
-0.9612153754246567
 32
4.299486176770962
 13
1.1712443238043133
 23
-0.9612153754246567
 33
4.299486176770962
  0
3DFACE
  5
20C
330
17
100
AcDbEntity
  8
MEMBRANA_3D
100
AcDbFace
 10
0.8889342392059453
 20
-0.8889342392059456
 30
4.420287608912019
 11
1.1712443238043133
 21
-0.9612153754246567
 31
4.299486176770962
 12
0.9740821625435596
 22
-0.7994085713240159
 32
4.418970071478524
 13
0.9740821625435596
 23
-0.7994085713240159
 33
4.418970071478524
  0
3DFACE
  5
20D
330
17
100
AcDbEntity
  8
MEMBRANA_3D
100
AcDbFace
 10
0.9740821625435596
 20
-0.7994085713240159
 30
4.418970071478524
 11
1.1712443238043133
 21
-0.9612153754246567
 31
4.299486176770962
 12
1.2711225885919426
 22
-0.8493369598738174
 32
4.292798058569121
 13
1.2711225885919426
 23
-0.8493369598738174
 33
4.292798058569121
  0
3DFACE
  5
20E
330
17
100
AcDbEntity
  8
MEMBRANA_3D
100
AcDbFace
 10
0.9740821625435596
 20
-0.7994085713240159
 30
4.418970071478524
 11
1.2711225885919426
 21
-0.8493369598738174
 31
4.292798058569121
 12
1.0552824621369314
 22
-0.7051171981707789
 32
4.414941140140149
 13
1.0552824621369314
 23
-0.7051171981707789
 33
4.414941140140149
  0
3DFACE
  5
20F
330
17
100
AcDbEntity
  8
MEMBRANA_3D
100
AcDbFace
 10
1.0552824621369314
 20
-0.7051171981707789
 30
4.414941140140149
 11
1.2711225885919426
 21
-0.8493369598738174
 31
4.292798058569121
 12
1.3688970371326492
 22
-0.7316907103174459
 32
4.281211809558993
 13
1.3688970371326492
 23
-0.7316907103174459
 33
4.281211809558993
  0
3DFACE
  5
210
330
17
100
AcDbEntity
  8
MEMBRANA_3D
100
AcDbFace
 10
1.0552824621369314
 20
-0.7051171981707789
 30
4.414941140140149
 11
1.3688970371326492
 21
-0.7316907103174459
 31
4.281211809558993
 12
1.1330783408421883
 22
-0.6056429910847968
 32
4.407961568260233
 13
1.1330783408421883
 23
-0.6056429910847968
 33
4.407961568260233
  0
3DFACE
  5
211
330
17
100
AcDbEntity
  8
MEMBRANA_3D
100
AcDbFace
 10
1.1330783408421883
 20
-0.6056429910847968
 30
4.407961568260233
 11
1.3688970371326492
 21
-0.7316907103174459
 31
4.281211809558993
 12
1.4658575816584363
 22
-0.6071780908303521
 32
4.264004277493483
 13
1.4658575816584363
 23
-0.6071780908303521
 33
4.264004277493483
  0
3DFACE
  5
212
330
17
100
AcDbEntity
  8
MEMBRANA_3D
100
AcDbFace
 10
1.1330783408421883
 20
-0.6056429910847968
 30
4.407961568260233
 11
1.4658575816584363
 21
-0.6071780908303521
 31
4.264004277493483
 12
1.2082082709001123
 22
-0.500456251978174
 32
4.397595727959183
 13
1.2082082709001123
 23
-0.500456251978174
 33
4.397595727959183
  0
3DFACE
  5
213
330
17
100
AcDbEntity
  8
MEMBRANA_3D
100
AcDbFace
 10
1.2082082709001123
 20
-0.500456251978174
 30
4.397595727959183
 11
1.4658575816584363
 21
-0.6071780908303521
 31
4.264004277493483
 12
1.485339840699337
 22
-0.45057291470600236
 32
4.281211809558993
 13
1.485339840699337
 23
-0.45057291470600236
 33
4.281211809558993
  0
3DFACE
  5
214
330
17
100
AcDbEntity
  8
MEMBRANA_3D
100
AcDbFace
 10
1.2082082709001123
 20
-0.500456251978174
 30
4.397595727959183
 11
1.485339840699337
 21
-0.45057291470600236
 31
4.281211809558993
 12
1.229461644399277
 22
-0.37295311245095053
 32
4.407961568260233
 13
1.229461644399277
 23
-0.37295311245095053
 33
4.407961568260233
  0
3DFACE
  5
215
330
17
100
AcDbEntity
  8
MEMBRANA_3D
100
AcDbFace
 10
1.229461644399277
 20
-0.37295311245095053
 30
4.407961568260233
 11
1.485339840699337
 21
-0.45057291470600236
 31
4.281211809558993
 12
1.4993913259519034
 22
-0.29824747827361825
 32
4.292798058569121
 13
1.4993913259519034
 23
-0.29824747827361825
 33
4.292798058569121
  0
3DFACE
  5
216
330
17
100
AcDbEntity
  8
MEMBRANA_3D
100
AcDbFace
 10
1.229461644399277
 20
-0.37295311245095053
 30
4.407961568260233
 11
1.4993913259519034
 21
-0.29824747827361825
 31
4.292798058569121
 12
1.2447905374020767
 22
-0.24760423268644438
 32
4.414941140140149
 13
1.2447905374020767
 23
-0.24760423268644438
 33
4.414941140140149
  0
3DFACE
  5
217
330
17
100
AcDbEntity
  8
MEMBRANA_3D
100
AcDbFace
 10
1.2447905374020767
 20
-0.24760423268644438
 30
4.414941140140149
 11
1.4993913259519034
 21
-0.29824747827361825
 31
4.292798058569121
 12
1.5078767139318303
 22
-0.1485128936447351
 32
4.299486176770962
 13
1.5078767139318303
 23
-0.1485128936447351
 33
4.299486176770962
  0
3DFACE
  5
218
330
17
100
AcDbEntity
  8
MEMBRANA_3D
100
AcDbFace
 10
1.2447905374020767
 20
-0.24760423268644438
 30
4.414941140140149
 11
1.5078767139318303
 21
-0.1485128936447351
 31
4.299486176770962
 12
1.2540473242892691
 22
-0.12351288084554686
 32
4.418970071478524
 13
1.2540473242892691
 23
-0.12351288084554686
 33
4.418970071478524
  0
3DFACE
  5
219
330
17
100
AcDbEntity
  8
MEMBRANA_3D
100
AcDbFace
 10
1.2540473242892691
 20
-0.12351288084554686
 30
4.418970071478524
 11
1.5078767139318303
 21
-0.1485128936447351
 31
4.299486176770962
 12
1.5107142857142857
 22
0.0
 32
4.301673319055228
 13
1.5107142857142857
 23
0.0
 33
4.301673319055228
  0
3DFACE
  5
21A
330
17
100
AcDbEntity
  8
MEMBRANA_3D
100
AcDbFace
 10
1.2540473242892691
 20
-0.12351288084554686
 30
4.418970071478524
 11
1.5107142857142857
 21
0.0
 31
4.301673319055228
 12
1.2571428571428571
 22
0.0
 32
4.420287608912019
 13
1.2571428571428571
 23
0.0
 33
4.420287608912019
  0
3DFACE
  5
21B
330
17
100
AcDbEntity
  8
MEMBRANA_3D
100
AcDbFace
 10
1.5107142857142857
 20
0.0
 30
4.301673319055228
 11
1.7642857142857142
 21
0.0
 31
4.172569491728043
 12
1.761706103574391
 22
0.17351290644392353
 32
4.169435841947655
 13
1.761706103574391
 23
0.17351290644392353
 33
4.169435841947655
  0
3DFACE
  5
21C
330
17
100
AcDbEntity
  8
MEMBRANA_3D
100
AcDbFace
 10
1.5107142857142857
 20
0.0
 30
4.301673319055228
 11
1.761706103574391
 21
0.17351290644392353
 31
4.169435841947655
 12
1.5078767139318303
 22
0.14851289364473527
 32
4.299486176770962
 13
1.5078767139318303
 23
0.14851289364473527
 33
4.299486176770962
  0
3DFACE
  5
21D
330
17
100
AcDbEntity
  8
MEMBRANA_3D
100
AcDbFace
 10
1.5078767139318303
 20
0.14851289364473527
 30
4.299486176770962
 11
1.761706103574391
 21
0.17351290644392353
 31
4.169435841947655
 12
1.7539921145017305
 22
0.34889072386079134
 32
4.159853374320747
 13
1.7539921145017305
 23
0.34889072386079134
 33
4.159853374320747
  0
3DFACE
  5
21E
330
17
100
AcDbEntity
  8
MEMBRANA_3D
100
AcDbFace
 10
1.5078767139318303
 20
0.14851289364473527
 30
4.299486176770962
 11
1.7539921145017305
 21
0.34889072386079134
 31
4.159853374320747
 12
1.4993913259519036
 22
0.29824747827361753
 32
4.292798058569121
 13
1.4993913259519036
 23
0.29824747827361753
 33
4.292798058569121
  0
3DFACE
  5
21F
330
17
100
AcDbEntity
  8
MEMBRANA_3D
100
AcDbFace
 10
1.4993913259519036
 20
0.29824747827361753
 30
4.292798058569121
 11
1.7539921145017305
 21
0.34889072386079134
 31
4.159853374320747
 12
1.7412180369993975
 22
0.528192716961054
 32
4.143253061242209
 13
1.7412180369993975
 23
0.528192716961054
 33
4.143253061242209
  0
3DFACE
  5
220
330
17
100
AcDbEntity
  8
MEMBRANA_3D
100
AcDbFace
 10
1.4993913259519036
 20
0.29824747827361753
 30
4.292798058569121
 11
1.7412180369993975
 21
0.528192716961054
 31
4.143253061242209
 12
1.4853398406993372
 22
0.4505729147060022
 32
4.281211809558993
 13
1.4853398406993372
 23
0.4505729147060022
 33
4.281211809558993
  0
3DFACE
  5
221
330
17
100
AcDbEntity
  8
MEMBRANA_3D
100
AcDbFace
 10
1.4853398406993372
 20
0.4505729147060022
 30
4.281211809558993
 11
1.7412180369993975
 21
0.528192716961054
 31
4.143253061242209
 12
1.7235068924167605
 22
0.7138999296825291
 32
4.118598799164228
 13
1.7235068924167605
 23
0.7138999296825291
 33
4.118598799164228
  0
3DFACE
  5
222
330
17
100
AcDbEntity
  8
MEMBRANA_3D
100
AcDbFace
 10
1.4853398406993372
 20
0.4505729147060022
 30
4.281211809558993
 11
1.7235068924167605
 21
0.7138999296825291
 31
4.118598799164228
 12
1.4658575816584367
 22
0.6071780908303511
 32
4.264004277493483
 13
1.4658575816584367
 23
0.6071780908303511
 33
4.264004277493483
  0
3DFACE
  5
223
330
17
100
AcDbEntity
  8
MEMBRANA_3D
100
AcDbFace
 10
1.4658575816584367
 20
0.6071780908303511
 30
4.264004277493483
 11
1.7235068924167605
 21
0.7138999296825291
 31
4.118598799164228
 12
1.6047157334231108
 22
0.8577384295500947
 32
4.143253061242209
 13
1.6047157334231108
 23
0.8577384295500947
 33
4.143253061242209
  0
3DFACE
  5
224
330
17
100
AcDbEntity
  8
MEMBRANA_3D
100
AcDbFace
 10
1.4658575816584367
 20
0.6071780908303511
 30
4.264004277493483
 11
1.6047157334231108
 21
0.8577384295500947
 31
4.143253061242209
 12
1.3688970371326499
 22
0.7316907103174456
 32
4.281211809558993
 13
1.3688970371326499
 23
0.7316907103174456
 33
4.281211809558993
  0
3DFACE
  5
225
330
17
100
AcDbEntity
  8
MEMBRANA_3D
100
AcDbFace
 10
1.3688970371326499
 20
0.7316907103174456
 30
4.281211809558993
 11
1.6047157334231108
 21
0.8577384295500947
 31
4.143253061242209
 12
1.4869627150469538
 22
0.993556721576856
 32
4.159853374320747
 13
1.4869627150469538
 23
0.993556721576856
 33
4.159853374320747
  0
3DFACE
  5
226
330
17
100
AcDbEntity
  8
MEMBRANA_3D
100
AcDbFace
 10
1.3688970371326499
 20
0.7316907103174456
 30
4.281211809558993
 11
1.4869627150469538
 21
0.993556721576856
 31
4.159853374320747
 12
1.2711225885919426
 22
0.8493369598738174
 32
4.292798058569121
 13
1.2711225885919426
 23
0.8493369598738174
 33
4.292798058569121
  0
3DFACE
  5
227
330
17
100
AcDbEntity
  8
MEMBRANA_3D
100
AcDbFace
 10
1.2711225885919426
 20
0.8493369598738174
 30
4.292798058569121
 11
1.4869627150469538
 21
0.993556721576856
 31
4.159853374320747
 12
1.3684064850650675
 22
1.1230221795252968
 32
4.169435841947655
 13
1.3684064850650675
 23
1.1230221795252968
 33
4.169435841947655
  0
3DFACE
  5
228
330
17
100
AcDbEntity
  8
MEMBRANA_3D
100
AcDbFace
 10
1.2711225885919426
 20
0.8493369598738174
 30
4.292798058569121
 11
1.3684064850650675
 21
1.1230221795252968
 31
4.169435841947655
 12
1.1712443238043138
 22
0.9612153754246561
 32
4.299486176770962
 13
1.1712443238043138
 23
0.9612153754246561
 33
4.299486176770962
  0
3DFACE
  5
229
330
17
100
AcDbEntity
  8
MEMBRANA_3D
100
AcDbFace
 10
1.1712443238043138
 20
0.9612153754246561
 30
4.299486176770962
 11
1.3684064850650675
 21
1.1230221795252968
 31
4.169435841947655
 12
1.2475383925219803
 22
1.24753839252198
 32
4.172569491728043
 13
1.2475383925219803
 23
1.24753839252198
 33
4.172569491728043
  0
3DFACE
  5
22A
330
17
100
AcDbEntity
  8
MEMBRANA_3D
100
AcDbFace
 10
1.1712443238043138
 20
0.9612153754246561
 30
4.299486176770962
 11
1.2475383925219803
 21
1.24753839252198
 31
4.172569491728043
 12
1.068236315863963
 22
1.0682363158639627
 32
4.301673319055228
 13
1.068236315863963
 23
1.0682363158639627
 33
4.301673319055228
  0
3DFACE
  5
22B
330
17
100
AcDbEntity
  8
MEMBRANA_3D
100
AcDbFace
 10
1.068236315863963
 20
1.0682363158639627
 30
4.301673319055228
 11
1.2475383925219803
 21
1.24753839252198
 31
4.172569491728043
 12
1.1230221795252968
 22
1.3684064850650675
 32
4.169435841947655
 13
1.1230221795252968
 23
1.3684064850650675
 33
4.169435841947655
  0
3DFACE
  5
22C
330
17
100
AcDbEntity
  8
MEMBRANA_3D
100
AcDbFace
 10
1.068236315863963
 20
1.0682363158639627
 30
4.301673319055228
 11
1.1230221795252968
 21
1.3684064850650675
 31
4.169435841947655
 12
0.9612153754246561
 22
1.1712443238043138
 32
4.299486176770962
 13
0.9612153754246561
 23
1.1712443238043138
 33
4.299486176770962
  0
3DFACE
  5
22D
330
17
100
AcDbEntity
  8
MEMBRANA_3D
100
AcDbFace
 10
0.9612153754246561
 20
1.1712443238043138
 30
4.299486176770962
 11
1.1230221795252968
 21
1.3684064850650675
 31
4.169435841947655
 12
0.9935567215768563
 22
1.4869627150469538
 32
4.159853374320747
 13
0.9935567215768563
 23
1.4869627150469538
 33
4.159853374320747
  0
3DFACE
  5
22E
330
17
100
AcDbEntity
  8
MEMBRANA_3D
100
AcDbFace
 10
0.9612153754246561
 20
1.1712443238043138
 30
4.299486176770962
 11
0.9935567215768563
 21
1.4869627150469538
 31
4.159853374320747
 12
0.8493369598738176
 22
1.2711225885919426
 32
4.292798058569121
 13
0.8493369598738176
 23
1.2711225885919426
 33
4.292798058569121
  0
3DFACE
  5
22F
330
17
100
AcDbEntity
  8
MEMBRANA_3D
100
AcDbFace
 10
0.8493369598738176
 20
1.2711225885919426
 30
4.292798058569121
 11
0.9935567215768563
 21
1.4869627150469538
 31
4.159853374320747
 12
0.8577384295500949
 22
1.6047157334231106
 32
4.143253061242209
 13
0.8577384295500949
 23
1.6047157334231106
 33
4.143253061242209
  0
3DFACE
  5
230
330
17
100
AcDbEntity
  8
MEMBRANA_3D
100
AcDbFace
 10
0.8493369598738176
 20
1.2711225885919426
 30
4.292798058569121
 11
0.8577384295500949
 21
1.6047157334231106
 31
4.143253061242209
 12
0.7316907103174458
 22
1.3688970371326494
 32
4.281211809558993
 13
0.7316907103174458
 23
1.3688970371326494
 33
4.281211809558993
  0
3DFACE
  5
231
330
17
100
AcDbEntity
  8
MEMBRANA_3D
100
AcDbFace
 10
0.7316907103174458
 20
1.3688970371326494
 30
4.281211809558993
 11
0.8577384295500949
 21
1.6047157334231106
 31
4.143253061242209
 12
0.7138999296825292
 22
1.7235068924167605
 32
4.118598799164228
 13
0.7138999296825292
 23
1.7235068924167605
 33
4.118598799164228
  0
3DFACE
  5
232
330
17
100
AcDbEntity
  8
MEMBRANA_3D
100
AcDbFace
 10
0.7316907103174458
 20
1.3688970371326494
 30
4.281211809558993
 11
0.7138999296825292
 21
1.7235068924167605
 31
4.118598799164228
 12
0.6071780908303512
 22
1.4658575816584367
 32
4.264004277493483
 13
0.6071780908303512
 23
1.4658575816584367
 33
4.264004277493483
  0
3DFACE
  5
233
330
17
100
AcDbEntity
  8
MEMBRANA_3D
100
AcDbFace
 10
0.6071780908303512
 20
1.4658575816584367
 30
4.264004277493483
 11
0.7138999296825292
 21
1.7235068924167605
 31
4.118598799164228
 12
0.5281927169610539
 22
1.7412180369993975
 32
4.143253061242209
 13
0.5281927169610539
 23
1.7412180369993975
 33
4.143253061242209
  0
3DFACE
  5
234
330
17
100
AcDbEntity
  8
MEMBRANA_3D
100
AcDbFace
 10
0.6071780908303512
 20
1.4658575816584367
 30
4.264004277493483
 11
0.5281927169610539
 21
1.7412180369993975
 31
4.143253061242209
 12
0.45057291470600214
 22
1.4853398406993372
 32
4.281211809558993
 13
0.45057291470600214
 23
1.4853398406993372
 33
4.281211809558993
  0
3DFACE
  5
235
330
17
100
AcDbEntity
  8
MEMBRANA_3D
100
AcDbFace
 10
0.45057291470600214
 20
1.4853398406993372
 30
4.281211809558993
 11
0.5281927169610539
 21
1.7412180369993975
 31
4.143253061242209
 12
0.3488907238607915
 22
1.7539921145017305
 32
4.159853374320747
 13
0.3488907238607915
 23
1.7539921145017305
 33
4.159853374320747
  0
3DFACE
  5
236
330
17
100
AcDbEntity
  8
MEMBRANA_3D
100
AcDbFace
 10
0.45057291470600214
 20
1.4853398406993372
 30
4.281211809558993
 11
0.3488907238607915
 21
1.7539921145017305
 31
4.159853374320747
 12
0.2982474782736177
 22
1.4993913259519036
 32
4.292798058569121
 13
0.2982474782736177
 23
1.4993913259519036
 33
4.292798058569121
  0
3DFACE
  5
237
330
17
100
AcDbEntity
  8
MEMBRANA_3D
100
AcDbFace
 10
0.2982474782736177
 20
1.4993913259519036
 30
4.292798058569121
 11
0.3488907238607915
 21
1.7539921145017305
 31
4.159853374320747
 12
0.1735129064439238
 22
1.7617061035743908
 32
4.169435841947655
 13
0.1735129064439238
 23
1.7617061035743908
 33
4.169435841947655
  0
3DFACE
  5
238
330
17
100
AcDbEntity
  8
MEMBRANA_3D
100
AcDbFace
 10
0.2982474782736177
 20
1.4993913259519036
 30
4.292798058569121
 11
0.1735129064439238
 21
1.7617061035743908
 31
4.169435841947655
 12
0.14851289364473552
 22
1.50787671393183
 32
4.299486176770962
 13
0.14851289364473552
 23
1.50787671393183
 33
4.299486176770962
  0
3DFACE
  5
239
330
17
100
AcDbEntity
  8
MEMBRANA_3D
100
AcDbFace
 10
0.14851289364473552
 20
1.50787671393183
 30
4.299486176770962
 11
0.1735129064439238
 21
1.7617061035743908
 31
4.169435841947655
 12
1.0803134263907008e-16
 22
1.7642857142857142
 32
4.172569491728043
 13
1.0803134263907008e-16
 23
1.7642857142857142
 33
4.172569491728043
  0
3DFACE
  5
23A
330
17
100
AcDbEntity
  8
MEMBRANA_3D
100
AcDbFace
 10
0.14851289364473552
 20
1.50787671393183
 30
4.299486176770962
 11
1.0803134263907008e-16
 21
1.7642857142857142
 31
4.172569491728043
 12
9.2504570721309e-17
 22
1.5107142857142857
 32
4.301673319055228
 13
9.2504570721309e-17
 23
1.5107142857142857
 33
4.301673319055228
  0
3DFACE
  5
23B
330
17
100
AcDbEntity
  8
MEMBRANA_3D
100
AcDbFace
 10
9.2504570721309e-17
 20
1.5107142857142857
 30
4.301673319055228
 11
1.0803134263907008e-16
 21
1.7642857142857142
 31
4.172569491728043
 12
-0.1735129064439236
 22
1.761706103574391
 32
4.169435841947655
 13
-0.1735129064439236
 23
1.761706103574391
 33
4.169435841947655
  0
3DFACE
  5
23C
330
17
100
AcDbEntity
  8
MEMBRANA_3D
100
AcDbFace
 10
9.2504570721309e-17
 20
1.5107142857142857
 30
4.301673319055228
 11
-0.1735129064439236
 21
1.761706103574391
 31
4.169435841947655
 12
-0.14851289364473533
 22
1.5078767139318303
 32
4.299486176770962
 13
-0.14851289364473533
 23
1.5078767139318303
 33
4.299486176770962
  0
3DFACE
  5
23D
330
17
100
AcDbEntity
  8
MEMBRANA_3D
100
AcDbFace
 10
-0.14851289364473533
 20
1.5078767139318303
 30
4.299486176770962
 11
-0.1735129064439236
 21
1.761706103574391
 31
4.169435841947655
 12
-0.34889072386079123
 22
1.7539921145017305
 32
4.159853374320747
 13
-0.34889072386079123
 23
1.7539921145017305
 33
4.159853374320747
  0
3DFACE
  5
23E
330
17
100
AcDbEntity
  8
MEMBRANA_3D
100
AcDbFace
 10
-0.14851289364473533
 20
1.5078767139318303
 30
4.299486176770962
 11
-0.34889072386079123
 21
1.7539921145017305
 31
4.159853374320747
 12
-0.2982474782736175
 22
1.4993913259519036
 32
4.292798058569121
 13
-0.2982474782736175
 23
1.4993913259519036
 33
4.292798058569121
  0
3DFACE
  5
23F
330
17
100
AcDbEntity
  8
MEMBRANA_3D
100
AcDbFace
 10
-0.2982474782736175
 20
1.4993913259519036
 30
4.292798058569121
 11
-0.34889072386079123
 21
1.7539921145017305
 31
4.159853374320747
 12
-0.5281927169610536
 22
1.7412180369993975
 32
4.143253061242209
 13
-0.5281927169610536
 23
1.7412180369993975
 33
4.143253061242209
  0
3DFACE
  5
240
330
17
100
AcDbEntity
  8
MEMBRANA_3D
100
AcDbFace
 10
-0.2982474782736175
 20
1.4993913259519036
 30
4.292798058569121
 11
-0.5281927169610536
 21
1.7412180369993975
 31
4.143253061242209
 12
-0.45057291470600186
 22
1.4853398406993372
 32
4.281211809558993
 13
-0.45057291470600186
 23
1.4853398406993372
 33
4.281211809558993
  0
3DFACE
  5
241
330
17
100
AcDbEntity
  8
MEMBRANA_3D
100
AcDbFace
 10
-0.45057291470600186
 20
1.4853398406993372
 30
4.281211809558993
 11
-0.5281927169610536
 21
1.7412180369993975
 31
4.143253061242209
 12
-0.713899929682529
 22
1.7235068924167605
 32
4.118598799164228
 13
-0.713899929682529
 23
1.7235068924167605
 33
4.118598799164228
  0
3DFACE
  5
242
330
17
100
AcDbEntity
  8
MEMBRANA_3D
100
AcDbFace
 10
-0.45057291470600186
 20
1.4853398406993372
 30
4.281211809558993
 11
-0.713899929682529
 21
1.7235068924167605
 31
4.118598799164228
 12
-0.607178090830351
 22
1.4658575816584367
 32
4.264004277493483
 13
-0.607178090830351
 23
1.4658575816584367
 33
4.264004277493483
  0
3DFACE
  5
243
330
17
100
AcDbEntity
  8
MEMBRANA_3D
100
AcDbFace
 10
-0.607178090830351
 20
1.4658575816584367
 30
4.264004277493483
 11
-0.713899929682529
 21
1.7235068924167605
 31
4.118598799164228
 12
-0.8577384295500947
 22
1.6047157334231108
 32
4.143253061242209
 13
-0.8577384295500947
 23
1.6047157334231108
 33
4.143253061242209
  0
3DFACE
  5
244
330
17
100
AcDbEntity
  8
MEMBRANA_3D
100
AcDbFace
 10
-0.607178090830351
 20
1.4658575816584367
 30
4.264004277493483
 11
-0.8577384295500947
 21
1.6047157334231108
 31
4.143253061242209
 12
-0.7316907103174456
 22
1.3688970371326497
 32
4.281211809558993
 13
-0.7316907103174456
 23
1.3688970371326497
 33
4.281211809558993
  0
3DFACE
  5
245
330
17
100
AcDbEntity
  8
MEMBRANA_3D
100
AcDbFace
 10
-0.7316907103174456
 20
1.3688970371326497
 30
4.281211809558993
 11
-0.8577384295500947
 21
1.6047157334231108
 31
4.143253061242209
 12
-0.9935567215768557
 22
1.4869627150469542
 32
4.159853374320747
 13
-0.9935567215768557
 23
1.4869627150469542
 33
4.159853374320747
  0
3DFACE
  5
246
330
17
100
AcDbEntity
  8
MEMBRANA_3D
100
AcDbFace
 10
-0.7316907103174456
 20
1.3688970371326497
 30
4.281211809558993
 11
-0.9935567215768557
 21
1.4869627150469542
 31
4.159853374320747
 12
-0.8493369598738171
 22
1.2711225885919428
 32
4.292798058569121
 13
-0.8493369598738171
 23
1.2711225885919428
 33
4.292798058569121
  0
3DFACE
  5
247
330
17
100
AcDbEntity
  8
MEMBRANA_3D
100
AcDbFace
 10
-0.8493369598738171
 20
1.2711225885919428
 30
4.292798058569121
 11
-0.9935567215768557
 21
1.4869627150469542
 31
4.159853374320747
 12
-1.1230221795252966
 22
1.3684064850650677
 32
4.169435841947655
 13
-1.1230221795252966
 23
1.3684064850650677
 33
4.169435841947655
  0
3DFACE
  5
248
330
17
100
AcDbEntity
  8
MEMBRANA_3D
100
AcDbFace
 10
-0.8493369598738171
 20
1.2711225885919428
 30
4.292798058569121
 11
-1.1230221795252966
 21
1.3684064850650677
 31
4.169435841947655
 12
-0.961215375424656
 22
1.171244323804314
 32
4.299486176770962
 13
-0.961215375424656
 23
1.171244323804314
 33
4.299486176770962
  0
3DFACE
  5
249
330
17
100
AcDbEntity
  8
MEMBRANA_3D
100
AcDbFace
 10
-0.961215375424656
 20
1.171244323804314
 30
4.299486176770962
 11
-1.1230221795252966
 21
1.3684064850650677
 31
4.169435841947655
 12
-1.24753839252198
 22
1.2475383925219803
 32
4.172569491728043
 13
-1.24753839252198
 23
1.2475383925219803
 33
4.172569491728043
  0
3DFACE
  5
24A
330
17
100
AcDbEntity
  8
MEMBRANA_3D
100
AcDbFace
 10
-0.961215375424656
 20
1.171244323804314
 30
4.299486176770962
 11
-1.24753839252198
 21
1.2475383925219803
 31
4.172569491728043
 12
-1.0682363158639627
 22
1.068236315863963
 32
4.301673319055228
 13
-1.0682363158639627
 23
1.068236315863963
 33
4.301673319055228
  0
3DFACE
  5
24B
330
17
100
AcDbEntity
  8
MEMBRANA_3D
100
AcDbFace
 10
-1.0682363158639627
 20
1.068236315863963
 30
4.301673319055228
 11
-1.24753839252198
 21
1.2475383925219803
 31
4.172569491728043
 12
-1.3684064850650675
 22
1.1230221795252968
 32
4.169435841947655
 13
-1.3684064850650675
 23
1.1230221795252968
 33
4.169435841947655
  0
3DFACE
  5
24C
330
17
100
AcDbEntity
  8
MEMBRANA_3D
100
AcDbFace
 10
-1.0682363158639627
 20
1.068236315863963
 30
4.301673319055228
 11
-1.3684064850650675
 21
1.1230221795252968
 31
4.169435841947655
 12
-1.1712443238043138
 22
0.9612153754246561
 32
4.299486176770962
 13
-1.1712443238043138
 23
0.9612153754246561
 33
4.299486176770962
  0
3DFACE
  5
24D
330
17
100
AcDbEntity
  8
MEMBRANA_3D
100
AcDbFace
 10
-1.1712443238043138
 20
0.9612153754246561
 30
4.299486176770962
 11
-1.3684064850650675
 21
1.1230221795252968
 31
4.169435841947655
 12
-1.486962715046954
 22
0.993556721576856
 32
4.159853374320747
 13
-1.486962715046954
 23
0.993556721576856
 33
4.159853374320747
  0
3DFACE
  5
24E
330
17
100
AcDbEntity
  8
MEMBRANA_3D
100
AcDbFace
 10
-1.1712443238043138
 20
0.9612153754246561
 30
4.299486176770962
 11
-1.486962715046954
 21
0.993556721576856
 31
4.159853374320747
 12
-1.2711225885919426
 22
0.8493369598738174
 32
4.292798058569121
 13
-1.2711225885919426
 23
0.8493369598738174
 33
4.292798058569121
  0
3DFACE
  5
24F
330
17
100
AcDbEntity
  8
MEMBRANA_3D
100
AcDbFace
 10
-1.2711225885919426
 20
0.8493369598738174
 30
4.292798058569121
 11
-1.486962715046954
 21
0.993556721576856
 31
4.159853374320747
 12
-1.6047157334231106
 22
0.857738429550095
 32
4.143253061242209
 13
-1.6047157334231106
 23
0.857738429550095
 33
4.143253061242209
  0
3DFACE
  5
250
330
17
100
AcDbEntity
  8
MEMBRANA_3D
100
AcDbFace
 10
-1.2711225885919426
 20
0.8493369598738174
 30
4.292798058569121
 11
-1.6047157334231106
 21
0.857738429550095
 31
4.143253061242209
 12
-1.3688970371326494
 22
0.7316907103174458
 32
4.281211809558993
 13
-1.3688970371326494
 23
0.7316907103174458
 33
4.281211809558993
  0
3DFACE
  5
251
330
17
100
AcDbEntity
  8
MEMBRANA_3D
100
AcDbFace
 10
-1.3688970371326494
 20
0.7316907103174458
 30
4.281211809558993
 11
-1.6047157334231106
 21
0.857738429550095
 31
4.143253061242209
 12
-1.7235068924167605
 22
0.7138999296825292
 32
4.118598799164228
 13
-1.7235068924167605
 23
0.7138999296825292
 33
4.118598799164228
  0
3DFACE
  5
252
330
17
100
AcDbEntity
  8
MEMBRANA_3D
100
AcDbFace
 10
-1.3688970371326494
 20
0.7316907103174458
 30
4.281211809558993
 11
-1.7235068924167605
 21
0.7138999296825292
 31
4.118598799164228
 12
-1.4658575816584367
 22
0.6071780908303513
 32
4.264004277493483
 13
-1.4658575816584367
 23
0.6071780908303513
 33
4.264004277493483
  0
3DFACE
  5
253
330
17
100
AcDbEntity
  8
MEMBRANA_3D
100
AcDbFace
 10
-1.4658575816584367
 20
0.6071780908303513
 30
4.264004277493483
 11
-1.7235068924167605
 21
0.7138999296825292
 31
4.118598799164228
 12
-1.7412180369993973
 22
0.528192716961054
 32
4.143253061242209
 13
-1.7412180369993973
 23
0.528192716961054
 33
4.143253061242209
  0
3DFACE
  5
254
330
17
100
AcDbEntity
  8
MEMBRANA_3D
100
AcDbFace
 10
-1.4658575816584367
 20
0.6071780908303513
 30
4.264004277493483
 11
-1.7412180369993973
 21
0.528192716961054
 31
4.143253061242209
 12
-1.485339840699337
 22
0.4505729147060022
 32
4.281211809558993
 13
-1.485339840699337
 23
0.4505729147060022
 33
4.281211809558993
  0
3DFACE
  5
255
330
17
100
AcDbEntity
  8
MEMBRANA_3D
100
AcDbFace
 10
-1.485339840699337
 20
0.4505729147060022
 30
4.281211809558993
 11
-1.7412180369993973
 21
0.528192716961054
 31
4.143253061242209
 12
-1.7539921145017305
 22
0.348890723860792
 32
4.159853374320747
 13
-1.7539921145017305
 23
0.348890723860792
 33
4.159853374320747
  0
3DFACE
  5
256
330
17
100
AcDbEntity
  8
MEMBRANA_3D
100
AcDbFace
 10
-1.485339840699337
 20
0.4505729147060022
 30
4.281211809558993
 11
-1.7539921145017305
 21
0.348890723860792
 31
4.159853374320747
 12
-1.4993913259519036
 22
0.2982474782736181
 32
4.292798058569121
 13
-1.4993913259519036
 23
0.2982474782736181
 33
4.292798058569121
  0
3DFACE
  5
257
330
17
100
AcDbEntity
  8
MEMBRANA_3D
100
AcDbFace
 10
-1.4993913259519036
 20
0.2982474782736181
 30
4.292798058569121
 11
-1.7539921145017305
 21
0.348890723860792
 31
4.159853374320747
 12
-1.7617061035743908
 22
0.17351290644392392
 32
4.169435841947655
 13
-1.7617061035743908
 23
0.17351290644392392
 33
4.169435841947655
  0
3DFACE
  5
258
330
17
100
AcDbEntity
  8
MEMBRANA_3D
100
AcDbFace
 10
-1.4993913259519036
 20
0.2982474782736181
 30
4.292798058569121
 11
-1.7617061035743908
 21
0.17351290644392392
 31
4.169435841947655
 12
-1.50787671393183
 22
0.1485128936447356
 32
4.299486176770962
 13
-1.50787671393183
 23
0.1485128936447356
 33
4.299486176770962
  0
3DFACE
  5
259
330
17
100
AcDbEntity
  8
MEMBRANA_3D
100
AcDbFace
 10
-1.50787671393183
 20
0.1485128936447356
 30
4.299486176770962
 11
-1.7617061035743908
 21
0.17351290644392392
 31
4.169435841947655
 12
-1.7642857142857142
 22
2.1606268527814017e-16
 32
4.172569491728043
 13
-1.7642857142857142
 23
2.1606268527814017e-16
 33
4.172569491728043
  0
3DFACE
  5
25A
330
17
100
AcDbEntity
  8
MEMBRANA_3D
100
AcDbFace
 10
-1.50787671393183
 20
0.1485128936447356
 30
4.299486176770962
 11
-1.7642857142857142
 21
2.1606268527814017e-16
 31
4.172569491728043
 12
-1.5107142857142857
 22
1.85009141442618e-16
 32
4.301673319055228
 13
-1.5107142857142857
 23
1.85009141442618e-16
 33
4.301673319055228
  0
3DFACE
  5
25B
330
17
100
AcDbEntity
  8
MEMBRANA_3D
100
AcDbFace
 10
-1.5107142857142857
 20
1.85009141442618e-16
 30
4.301673319055228
 11
-1.7642857142857142
 21
2.1606268527814017e-16
 31
4.172569491728043
 12
-1.761706103574391
 22
-0.1735129064439235
 32
4.169435841947655
 13
-1.761706103574391
 23
-0.1735129064439235
 33
4.169435841947655
  0
3DFACE
  5
25C
330
17
100
AcDbEntity
  8
MEMBRANA_3D
100
AcDbFace
 10
-1.5107142857142857
 20
1.85009141442618e-16
 30
4.301673319055228
 11
-1.761706103574391
 21
-0.1735129064439235
 31
4.169435841947655
 12
-1.5078767139318303
 22
-0.14851289364473524
 32
4.299486176770962
 13
-1.5078767139318303
 23
-0.14851289364473524
 33
4.299486176770962
  0
3DFACE
  5
25D
330
17
100
AcDbEntity
  8
MEMBRANA_3D
100
AcDbFace
 10
-1.5078767139318303
 20
-0.14851289364473524
 30
4.299486176770962
 11
-1.761706103574391
 21
-0.1735129064439235
 31
4.169435841947655
 12
-1.7539921145017305
 22
-0.34889072386079156
 32
4.159853374320747
 13
-1.7539921145017305
 23
-0.34889072386079156
 33
4.159853374320747
  0
3DFACE
  5
25E
330
17
100
AcDbEntity
  8
MEMBRANA_3D
100
AcDbFace
 10
-1.5078767139318303
 20
-0.14851289364473524
 30
4.299486176770962
 11
-1.7539921145017305
 21
-0.34889072386079156
 31
4.159853374320747
 12
-1.4993913259519036
 22
-0.2982474782736177
 32
4.292798058569121
 13
-1.4993913259519036
 23
-0.2982474782736177
 33
4.292798058569121
  0
3DFACE
  5
25F
330
17
100
AcDbEntity
  8
MEMBRANA_3D
100
AcDbFace
 10
-1.4993913259519036
 20
-0.2982474782736177
 30
4.292798058569121
 11
-1.7539921145017305
 21
-0.34889072386079156
 31
4.159853374320747
 12
-1.7412180369993975
 22
-0.5281927169610535
 32
4.143253061242209
 13
-1.7412180369993975
 23
-0.5281927169610535
 33
4.143253061242209
  0
3DFACE
  5
260
330
17
100
AcDbEntity
  8
MEMBRANA_3D
100
AcDbFace
 10
-1.4993913259519036
 20
-0.2982474782736177
 30
4.292798058569121
 11
-1.7412180369993975
 21
-0.5281927169610535
 31
4.143253061242209
 12
-1.4853398406993372
 22
-0.45057291470600175
 32
4.281211809558993
 13
-1.4853398406993372
 23
-0.45057291470600175
 33
4.281211809558993
  0
3DFACE
  5
261
330
17
100
AcDbEntity
  8
MEMBRANA_3D
100
AcDbFace
 10
-1.4853398406993372
 20
-0.45057291470600175
 30
4.281211809558993
 11
-1.7412180369993975
 21
-0.5281927169610535
 31
4.143253061242209
 12
-1.7235068924167607
 22
-0.7138999296825289
 32
4.118598799164228
 13
-1.7235068924167607
 23
-0.7138999296825289
 33
4.118598799164228
  0
3DFACE
  5
262
330
17
100
AcDbEntity
  8
MEMBRANA_3D
100
AcDbFace
 10
-1.4853398406993372
 20
-0.45057291470600175
 30
4.281211809558993
 11
-1.7235068924167607
 21
-0.7138999296825289
 31
4.118598799164228
 12
-1.4658575816584367
 22
-0.6071780908303509
 32
4.264004277493483
 13
-1.4658575816584367
 23
-0.6071780908303509
 33
4.264004277493483
  0
3DFACE
  5
263
330
17
100
AcDbEntity
  8
MEMBRANA_3D
100
AcDbFace
 10
-1.4658575816584367
 20
-0.6071780908303509
 30
4.264004277493483
 11
-1.7235068924167607
 21
-0.7138999296825289
 31
4.118598799164228
 12
-1.6047157334231108
 22
-0.8577384295500946
 32
4.143253061242209
 13
-1.6047157334231108
 23
-0.8577384295500946
 33
4.143253061242209
  0
3DFACE
  5
264
330
17
100
AcDbEntity
  8
MEMBRANA_3D
100
AcDbFace
 10
-1.4658575816584367
 20
-0.6071780908303509
 30
4.264004277493483
 11
-1.6047157334231108
 21
-0.8577384295500946
 31
4.143253061242209
 12
-1.3688970371326497
 22
-0.7316907103174455
 32
4.281211809558993
 13
-1.3688970371326497
 23
-0.7316907103174455
 33
4.281211809558993
  0
3DFACE
  5
265
330
17
100
AcDbEntity
  8
MEMBRANA_3D
100
AcDbFace
 10
-1.3688970371326497
 20
-0.7316907103174455
 30
4.281211809558993
 11
-1.6047157334231108
 21
-0.8577384295500946
 31
4.143253061242209
 12
-1.4869627150469542
 22
-0.9935567215768557
 32
4.159853374320747
 13
-1.4869627150469542
 23
-0.9935567215768557
 33
4.159853374320747
  0
3DFACE
  5
266
330
17
100
AcDbEntity
  8
MEMBRANA_3D
100
AcDbFace
 10
-1.3688970371326497
 20
-0.7316907103174455
 30
4.281211809558993
 11
-1.4869627150469542
 21
-0.9935567215768557
 31
4.159853374320747
 12
-1.2711225885919428
 22
-0.8493369598738171
 32
4.292798058569121
 13
-1.2711225885919428
 23
-0.8493369598738171
 33
4.292798058569121
  0
3DFACE
  5
267
330
17
100
AcDbEntity
  8
MEMBRANA_3D
100
AcDbFace
 10
-1.2711225885919428
 20
-0.8493369598738171
 30
4.292798058569121
 11
-1.4869627150469542
 21
-0.9935567215768557
 31
4.159853374320747
 12
-1.3684064850650677
 22
-1.1230221795252964
 32
4.169435841947655
 13
-1.3684064850650677
 23
-1.1230221795252964
 33
4.169435841947655
  0
3DFACE
  5
268
330
17
100
AcDbEntity
  8
MEMBRANA_3D
100
AcDbFace
 10
-1.2711225885919428
 20
-0.8493369598738171
 30
4.292798058569121
 11
-1.3684064850650677
 21
-1.1230221795252964
 31
4.169435841947655
 12
-1.171244323804314
 22
-0.9612153754246557
 32
4.299486176770962
 13
-1.171244323804314
 23
-0.9612153754246557
 33
4.299486176770962
  0
3DFACE
  5
269
330
17
100
AcDbEntity
  8
MEMBRANA_3D
100
AcDbFace
 10
-1.171244323804314
 20
-0.9612153754246557
 30
4.299486176770962
 11
-1.3684064850650677
 21
-1.1230221795252964
 31
4.169435841947655
 12
-1.2475383925219805
 22
-1.24753839252198
 32
4.172569491728043
 13
-1.2475383925219805
 23
-1.24753839252198
 33
4.172569491728043
  0
3DFACE
  5
26A
330
17
100
AcDbEntity
  8
MEMBRANA_3D
100
AcDbFace
 10
-1.171244323804314
 20
-0.9612153754246557
 30
4.299486176770962
 11
-1.2475383925219805
 21
-1.24753839252198
 31
4.172569491728043
 12
-1.0682363158639632
 22
-1.0682363158639627
 32
4.301673319055228
 13
-1.0682363158639632
 23
-1.0682363158639627
 33
4.301673319055228
  0
3DFACE
  5
26B
330
17
100
AcDbEntity
  8
MEMBRANA_3D
100
AcDbFace
 10
-1.0682363158639632
 20
-1.0682363158639627
 30
4.301673319055228
 11
-1.2475383925219805
 21
-1.24753839252198
 31
4.172569491728043
 12
-1.1230221795252975
 22
-1.3684064850650668
 32
4.169435841947655
 13
-1.1230221795252975
 23
-1.3684064850650668
 33
4.169435841947655
  0
3DFACE
  5
26C
330
17
100
AcDbEntity
  8
MEMBRANA_3D
100
AcDbFace
 10
-1.0682363158639632
 20
-1.0682363158639627
 30
4.301673319055228
 11
-1.1230221795252975
 21
-1.3684064850650668
 31
4.169435841947655
 12
-0.9612153754246567
 22
-1.1712443238043133
 32
4.299486176770962
 13
-0.9612153754246567
 23
-1.1712443238043133
 33
4.299486176770962
  0
3DFACE
  5
26D
330
17
100
AcDbEntity
  8
MEMBRANA_3D
100
AcDbFace
 10
-0.9612153754246567
 20
-1.1712443238043133
 30
4.299486176770962
 11
-1.1230221795252975
 21
-1.3684064850650668
 31
4.169435841947655
 12
-0.993556721576856
 22
-1.4869627150469538
 32
4.159853374320747
 13
-0.993556721576856
 23
-1.4869627150469538
 33
4.159853374320747
  0
3DFACE
  5
26E
330
17
100
AcDbEntity
  8
MEMBRANA_3D
100
AcDbFace
 10
-0.9612153754246567
 20
-1.1712443238043133
 30
4.299486176770962
 11
-0.993556721576856
 21
-1.4869627150469538
 31
4.159853374320747
 12
-0.8493369598738174
 22
-1.2711225885919426
 32
4.292798058569121
 13
-0.8493369598738174
 23
-1.2711225885919426
 33
4.292798058569121
  0
3DFACE
  5
26F
330
17
100
AcDbEntity
  8
MEMBRANA_3D
100
AcDbFace
 10
-0.8493369598738174
 20
-1.2711225885919426
 30
4.292798058569121
 11
-0.993556721576856
 21
-1.4869627150469538
 31
4.159853374320747
 12
-0.857738429550095
 22
-1.6047157334231106
 32
4.143253061242209
 13
-0.857738429550095
 23
-1.6047157334231106
 33
4.143253061242209
  0
3DFACE
  5
270
330
17
100
AcDbEntity
  8
MEMBRANA_3D
100
AcDbFace
 10
-0.8493369598738174
 20
-1.2711225885919426
 30
4.292798058569121
 11
-0.857738429550095
 21
-1.6047157334231106
 31
4.143253061242209
 12
-0.7316907103174458
 22
-1.3688970371326494
 32
4.281211809558993
 13
-0.7316907103174458
 23
-1.3688970371326494
 33
4.281211809558993
  0
3DFACE
  5
271
330
17
100
AcDbEntity
  8
MEMBRANA_3D
100
AcDbFace
 10
-0.7316907103174458
 20
-1.3688970371326494
 30
4.281211809558993
 11
-0.857738429550095
 21
-1.6047157334231106
 31
4.143253061242209
 12
-0.71389992968253
 22
-1.7235068924167598
 32
4.118598799164228
 13
-0.71389992968253
 23
-1.7235068924167598
 33
4.118598799164228
  0
3DFACE
  5
272
330
17
100
AcDbEntity
  8
MEMBRANA_3D
100
AcDbFace
 10
-0.7316907103174458
 20
-1.3688970371326494
 30
4.281211809558993
 11
-0.71389992968253
 21
-1.7235068924167598
 31
4.118598799164228
 12
-0.607178090830352
 22
-1.4658575816584363
 32
4.264004277493483
 13
-0.607178090830352
 23
-1.4658575816584363
 33
4.264004277493483
  0
3DFACE
  5
273
330
17
100
AcDbEntity
  8
MEMBRANA_3D
100
AcDbFace
 10
-0.607178090830352
 20
-1.4658575816584363
 30
4.264004277493483
 11
-0.71389992968253
 21
-1.7235068924167598
 31
4.118598799164228
 12
-0.5281927169610541
 22
-1.7412180369993973
 32
4.143253061242209
 13
-0.5281927169610541
 23
-1.7412180369993973
 33
4.143253061242209
  0
3DFACE
  5
274
330
17
100
AcDbEntity
  8
MEMBRANA_3D
100
AcDbFace
 10
-0.607178090830352
 20
-1.4658575816584363
 30
4.264004277493483
 11
-0.5281927169610541
 21
-1.7412180369993973
 31
4.143253061242209
 12
-0.4505729147060023
 22
-1.485339840699337
 32
4.281211809558993
 13
-0.4505729147060023
 23
-1.485339840699337
 33
4.281211809558993
  0
3DFACE
  5
275
330
17
100
AcDbEntity
  8
MEMBRANA_3D
100
AcDbFace
 10
-0.4505729147060023
 20
-1.485339840699337
 30
4.281211809558993
 11
-0.5281927169610541
 21
-1.7412180369993973
 31
4.143253061242209
 12
-0.3488907238607921
 22
-1.7539921145017303
 32
4.159853374320747
 13
-0.3488907238607921
 23
-1.7539921145017303
 33
4.159853374320747
  0
3DFACE
  5
276
330
17
100
AcDbEntity
  8
MEMBRANA_3D
100
AcDbFace
 10
-0.4505729147060023
 20
-1.485339840699337
 30
4.281211809558993
 11
-0.3488907238607921
 21
-1.7539921145017303
 31
4.159853374320747
 12
-0.2982474782736182
 22
-1.4993913259519034
 32
4.292798058569121
 13
-0.2982474782736182
 23
-1.4993913259519034
 33
4.292798058569121
  0
3DFACE
  5
277
330
17
100
AcDbEntity
  8
MEMBRANA_3D
100
AcDbFace
 10
-0.2982474782736182
 20
-1.4993913259519034
 30
4.292798058569121
 11
-0.3488907238607921
 21
-1.7539921145017303
 31
4.159853374320747
 12
-0.17351290644392325
 22
-1.761706103574391
 32
4.169435841947655
 13
-0.17351290644392325
 23
-1.761706103574391
 33
4.169435841947655
  0
3DFACE
  5
278
330
17
100
AcDbEntity
  8
MEMBRANA_3D
100
AcDbFace
 10
-0.2982474782736182
 20
-1.4993913259519034
 30
4.292798058569121
 11
-0.17351290644392325
 21
-1.761706103574391
 31
4.169435841947655
 12
-0.14851289364473502
 22
-1.5078767139318303
 32
4.299486176770962
 13
-0.14851289364473502
 23
-1.5078767139318303
 33
4.299486176770962
  0
3DFACE
  5
279
330
17
100
AcDbEntity
  8
MEMBRANA_3D
100
AcDbFace
 10
-0.14851289364473502
 20
-1.5078767139318303
 30
4.299486176770962
 11
-0.17351290644392325
 21
-1.761706103574391
 31
4.169435841947655
 12
-3.240940279172102e-16
 22
-1.7642857142857142
 32
4.172569491728043
 13
-3.240940279172102e-16
 23
-1.7642857142857142
 33
4.172569491728043
  0
3DFACE
  5
27A
330
17
100
AcDbEntity
  8
MEMBRANA_3D
100
AcDbFace
 10
-0.14851289364473502
 20
-1.5078767139318303
 30
4.299486176770962
 11
-3.240940279172102e-16
 21
-1.7642857142857142
 31
4.172569491728043
 12
-2.77513712163927e-16
 22
-1.5107142857142857
 32
4.301673319055228
 13
-2.77513712163927e-16
 23
-1.5107142857142857
 33
4.301673319055228
  0
3DFACE
  5
27B
330
17
100
AcDbEntity
  8
MEMBRANA_3D
100
AcDbFace
 10
-2.77513712163927e-16
 20
-1.5107142857142857
 30
4.301673319055228
 11
-3.240940279172102e-16
 21
-1.7642857142857142
 31
4.172569491728043
 12
0.17351290644392262
 22
-1.761706103574391
 32
4.169435841947655
 13
0.17351290644392262
 23
-1.761706103574391
 33
4.169435841947655
  0
3DFACE
  5
27C
330
17
100
AcDbEntity
  8
MEMBRANA_3D
100
AcDbFace
 10
-2.77513712163927e-16
 20
-1.5107142857142857
 30
4.301673319055228
 11
0.17351290644392262
 21
-1.761706103574391
 31
4.169435841947655
 12
0.1485128936447345
 22
-1.5078767139318303
 32
4.299486176770962
 13
0.1485128936447345
 23
-1.5078767139318303
 33
4.299486176770962
  0
3DFACE
  5
27D
330
17
100
AcDbEntity
  8
MEMBRANA_3D
100
AcDbFace
 10
0.1485128936447345
 20
-1.5078767139318303
 30
4.299486176770962
 11
0.17351290644392262
 21
-1.761706103574391
 31
4.169435841947655
 12
0.3488907238607915
 22
-1.7539921145017308
 32
4.159853374320747
 13
0.3488907238607915
 23
-1.7539921145017308
 33
4.159853374320747
  0
3DFACE
  5
27E
330
17
100
AcDbEntity
  8
MEMBRANA_3D
100
AcDbFace
 10
0.1485128936447345
 20
-1.5078767139318303
 30
4.299486176770962
 11
0.3488907238607915
 21
-1.7539921145017308
 31
4.159853374320747
 12
0.2982474782736177
 22
-1.4993913259519036
 32
4.292798058569121
 13
0.2982474782736177
 23
-1.4993913259519036
 33
4.292798058569121
  0
3DFACE
  5
27F
330
17
100
AcDbEntity
  8
MEMBRANA_3D
100
AcDbFace
 10
0.2982474782736177
 20
-1.4993913259519036
 30
4.292798058569121
 11
0.3488907238607915
 21
-1.7539921145017308
 31
4.159853374320747
 12
0.5281927169610535
 22
-1.7412180369993977
 32
4.143253061242209
 13
0.5281927169610535
 23
-1.7412180369993977
 33
4.143253061242209
  0
3DFACE
  5
280
330
17
100
AcDbEntity
  8
MEMBRANA_3D
100
AcDbFace
 10
0.2982474782736177
 20
-1.4993913259519036
 30
4.292798058569121
 11
0.5281927169610535
 21
-1.7412180369993977
 31
4.143253061242209
 12
0.45057291470600175
 22
-1.4853398406993374
 32
4.281211809558993
 13
0.45057291470600175
 23
-1.4853398406993374
 33
4.281211809558993
  0
3DFACE
  5
281
330
17
100
AcDbEntity
  8
MEMBRANA_3D
100
AcDbFace
 10
0.45057291470600175
 20
-1.4853398406993374
 30
4.281211809558993
 11
0.5281927169610535
 21
-1.7412180369993977
 31
4.143253061242209
 12
0.7138999296825295
 22
-1.7235068924167602
 32
4.118598799164228
 13
0.7138999296825295
 23
-1.7235068924167602
 33
4.118598799164228
  0
3DFACE
  5
282
330
17
100
AcDbEntity
  8
MEMBRANA_3D
100
AcDbFace
 10
0.45057291470600175
 20
-1.4853398406993374
 30
4.281211809558993
 11
0.7138999296825295
 21
-1.7235068924167602
 31
4.118598799164228
 12
0.6071780908303515
 22
-1.4658575816584365
 32
4.264004277493483
 13
0.6071780908303515
 23
-1.4658575816584365
 33
4.264004277493483
  0
3DFACE
  5
283
330
17
100
AcDbEntity
  8
MEMBRANA_3D
100
AcDbFace
 10
0.6071780908303515
 20
-1.4658575816584365
 30
4.264004277493483
 11
0.7138999296825295
 21
-1.7235068924167602
 31
4.118598799164228
 12
0.8577384295500946
 22
-1.6047157334231108
 32
4.143253061242209
 13
0.8577384295500946
 23
-1.6047157334231108
 33
4.143253061242209
  0
3DFACE
  5
284
330
17
100
AcDbEntity
  8
MEMBRANA_3D
100
AcDbFace
 10
0.6071780908303515
 20
-1.4658575816584365
 30
4.264004277493483
 11
0.8577384295500946
 21
-1.6047157334231108
 31
4.143253061242209
 12
0.7316907103174456
 22
-1.3688970371326499
 32
4.281211809558993
 13
0.7316907103174456
 23
-1.3688970371326499
 33
4.281211809558993
  0
3DFACE
  5
285
330
17
100
AcDbEntity
  8
MEMBRANA_3D
100
AcDbFace
 10
0.7316907103174456
 20
-1.3688970371326499
 30
4.281211809558993
 11
0.8577384295500946
 21
-1.6047157334231108
 31
4.143253061242209
 12
0.9935567215768556
 22
-1.4869627150469544
 32
4.159853374320747
 13
0.9935567215768556
 23
-1.4869627150469544
 33
4.159853374320747
  0
3DFACE
  5
286
330
17
100
AcDbEntity
  8
MEMBRANA_3D
100
AcDbFace
 10
0.7316907103174456
 20
-1.3688970371326499
 30
4.281211809558993
 11
0.9935567215768556
 21
-1.4869627150469544
 31
4.159853374320747
 12
0.8493369598738171
 22
-1.271122588591943
 32
4.292798058569121
 13
0.8493369598738171
 23
-1.271122588591943
 33
4.292798058569121
  0
3DFACE
  5
287
330
17
100
AcDbEntity
  8
MEMBRANA_3D
100
AcDbFace
 10
0.8493369598738171
 20
-1.271122588591943
 30
4.292798058569121
 11
0.9935567215768556
 21
-1.4869627150469544
 31
4.159853374320747
 12
1.1230221795252968
 22
-1.3684064850650672
 32
4.169435841947655
 13
1.1230221795252968
 23
-1.3684064850650672
 33
4.169435841947655
  0
3DFACE
  5
288
330
17
100
AcDbEntity
  8
MEMBRANA_3D
100
AcDbFace
 10
0.8493369598738171
 20
-1.271122588591943
 30
4.292798058569121
 11
1.1230221795252968
 21
-1.3684064850650672
 31
4.169435841947655
 12
0.9612153754246563
 22
-1.1712443238043135
 32
4.299486176770962
 13
0.9612153754246563
 23
-1.1712443238043135
 33
4.299486176770962
  0
3DFACE
  5
289
330
17
100
AcDbEntity
  8
MEMBRANA_3D
100
AcDbFace
 10
0.9612153754246563
 20
-1.1712443238043135
 30
4.299486176770962
 11
1.1230221795252968
 21
-1.3684064850650672
 31
4.169435841947655
 12
1.2475383925219798
 22
-1.2475383925219805
 32
4.172569491728043
 13
1.2475383925219798
 23
-1.2475383925219805
 33
4.172569491728043
  0
3DFACE
  5
28A
330
17
100
AcDbEntity
  8
MEMBRANA_3D
100
AcDbFace
 10
0.9612153754246563
 20
-1.1712443238043135
 30
4.299486176770962
 11
1.2475383925219798
 21
-1.2475383925219805
 31
4.172569491728043
 12
1.0682363158639625
 22
-1.0682363158639632
 32
4.301673319055228
 13
1.0682363158639625
 23
-1.0682363158639632
 33
4.301673319055228
  0
3DFACE
  5
28B
330
17
100
AcDbEntity
  8
MEMBRANA_3D
100
AcDbFace
 10
1.0682363158639625
 20
-1.0682363158639632
 30
4.301673319055228
 11
1.2475383925219798
 21
-1.2475383925219805
 31
4.172569491728043
 12
1.3684064850650668
 22
-1.1230221795252975
 32
4.169435841947655
 13
1.3684064850650668
 23
-1.1230221795252975
 33
4.169435841947655
  0
3DFACE
  5
28C
330
17
100
AcDbEntity
  8
MEMBRANA_3D
100
AcDbFace
 10
1.0682363158639625
 20
-1.0682363158639632
 30
4.301673319055228
 11
1.3684064850650668
 21
-1.1230221795252975
 31
4.169435841947655
 12
1.1712443238043133
 22
-0.9612153754246567
 32
4.299486176770962
 13
1.1712443238043133
 23
-0.9612153754246567
 33
4.299486176770962
  0
3DFACE
  5
28D
330
17
100
AcDbEntity
  8
MEMBRANA_3D
100
AcDbFace
 10
1.1712443238043133
 20
-0.9612153754246567
 30
4.299486176770962
 11
1.3684064850650668
 21
-1.1230221795252975
 31
4.169435841947655
 12
1.4869627150469538
 22
-0.993556721576856
 32
4.159853374320747
 13
1.4869627150469538
 23
-0.993556721576856
 33
4.159853374320747
  0
3DFACE
  5
28E
330
17
100
AcDbEntity
  8
MEMBRANA_3D
100
AcDbFace
 10
1.1712443238043133
 20
-0.9612153754246567
 30
4.299486176770962
 11
1.4869627150469538
 21
-0.993556721576856
 31
4.159853374320747
 12
1.2711225885919426
 22
-0.8493369598738174
 32
4.292798058569121
 13
1.2711225885919426
 23
-0.8493369598738174
 33
4.292798058569121
  0
3DFACE
  5
28F
330
17
100
AcDbEntity
  8
MEMBRANA_3D
100
AcDbFace
 10
1.2711225885919426
 20
-0.8493369598738174
 30
4.292798058569121
 11
1.4869627150469538
 21
-0.993556721576856
 31
4.159853374320747
 12
1.6047157334231104
 22
-0.8577384295500952
 32
4.143253061242209
 13
1.6047157334231104
 23
-0.8577384295500952
 33
4.143253061242209
  0
3DFACE
  5
290
330
17
100
AcDbEntity
  8
MEMBRANA_3D
100
AcDbFace
 10
1.2711225885919426
 20
-0.8493369598738174
 30
4.292798058569121
 11
1.6047157334231104
 21
-0.8577384295500952
 31
4.143253061242209
 12
1.3688970371326492
 22
-0.7316907103174459
 32
4.281211809558993
 13
1.3688970371326492
 23
-0.7316907103174459
 33
4.281211809558993
  0
3DFACE
  5
291
330
17
100
AcDbEntity
  8
MEMBRANA_3D
100
AcDbFace
 10
1.3688970371326492
 20
-0.7316907103174459
 30
4.281211809558993
 11
1.6047157334231104
 21
-0.8577384295500952
 31
4.143253061242209
 12
1.7235068924167598
 22
-0.7138999296825301
 32
4.118598799164228
 13
1.7235068924167598
 23
-0.7138999296825301
 33
4.118598799164228
  0
3DFACE
  5
292
330
17
100
AcDbEntity
  8
MEMBRANA_3D
100
AcDbFace
 10
1.3688970371326492
 20
-0.7316907103174459
 30
4.281211809558993
 11
1.7235068924167598
 21
-0.7138999296825301
 31
4.118598799164228
 12
1.4658575816584363
 22
-0.6071780908303521
 32
4.264004277493483
 13
1.4658575816584363
 23
-0.6071780908303521
 33
4.264004277493483
  0
3DFACE
  5
293
330
17
100
AcDbEntity
  8
MEMBRANA_3D
100
AcDbFace
 10
1.4658575816584363
 20
-0.6071780908303521
 30
4.264004277493483
 11
1.7235068924167598
 21
-0.7138999296825301
 31
4.118598799164228
 12
1.7412180369993973
 22
-0.5281927169610542
 32
4.143253061242209
 13
1.7412180369993973
 23
-0.5281927169610542
 33
4.143253061242209
  0
3DFACE
  5
294
330
17
100
AcDbEntity
  8
MEMBRANA_3D
100
AcDbFace
 10
1.4658575816584363
 20
-0.6071780908303521
 30
4.264004277493483
 11
1.7412180369993973
 21
-0.5281927169610542
 31
4.143253061242209
 12
1.485339840699337
 22
-0.45057291470600236
 32
4.281211809558993
 13
1.485339840699337
 23
-0.45057291470600236
 33
4.281211809558993
  0
3DFACE
  5
295
330
17
100
AcDbEntity
  8
MEMBRANA_3D
100
AcDbFace
 10
1.485339840699337
 20
-0.45057291470600236
 30
4.281211809558993
 11
1.7412180369993973
 21
-0.5281927169610542
 31
4.143253061242209
 12
1.7539921145017303
 22
-0.3488907238607922
 32
4.159853374320747
 13
1.7539921145017303
 23
-0.3488907238607922
 33
4.159853374320747
  0
3DFACE
  5
296
330
17
100
AcDbEntity
  8
MEMBRANA_3D
100
AcDbFace
 10
1.485339840699337
 20
-0.45057291470600236
 30
4.281211809558993
 11
1.7539921145017303
 21
-0.3488907238607922
 31
4.159853374320747
 12
1.4993913259519034
 22
-0.29824747827361825
 32
4.292798058569121
 13
1.4993913259519034
 23
-0.29824747827361825
 33
4.292798058569121
  0
3DFACE
  5
297
330
17
100
AcDbEntity
  8
MEMBRANA_3D
100
AcDbFace
 10
1.4993913259519034
 20
-0.29824747827361825
 30
4.292798058569121
 11
1.7539921145017303
 21
-0.3488907238607922
 31
4.159853374320747
 12
1.761706103574391
 22
-0.17351290644392334
 32
4.169435841947655
 13
1.761706103574391
 23
-0.17351290644392334
 33
4.169435841947655
  0
3DFACE
  5
298
330
17
100
AcDbEntity
  8
MEMBRANA_3D
100
AcDbFace
 10
1.4993913259519034
 20
-0.29824747827361825
 30
4.292798058569121
 11
1.761706103574391
 21
-0.17351290644392334
 31
4.169435841947655
 12
1.5078767139318303
 22
-0.1485128936447351
 32
4.299486176770962
 13
1.5078767139318303
 23
-0.1485128936447351
 33
4.299486176770962
  0
3DFACE
  5
299
330
17
100
AcDbEntity
  8
MEMBRANA_3D
100
AcDbFace
 10
1.5078767139318303
 20
-0.1485128936447351
 30
4.299486176770962
 11
1.761706103574391
 21
-0.17351290644392334
 31
4.169435841947655
 12
1.7642857142857142
 22
0.0
 32
4.172569491728043
 13
1.7642857142857142
 23
0.0
 33
4.172569491728043
  0
3DFACE
  5
29A
330
17
100
AcDbEntity
  8
MEMBRANA_3D
100
AcDbFace
 10
1.5078767139318303
 20
-0.1485128936447351
 30
4.299486176770962
 11
1.7642857142857142
 21
0.0
 31
4.172569491728043
 12
1.5107142857142857
 22
0.0
 32
4.301673319055228
 13
1.5107142857142857
 23
0.0
 33
4.301673319055228
  0
3DFACE
  5
29B
330
17
100
AcDbEntity
  8
MEMBRANA_3D
100
AcDbFace
 10
1.7642857142857142
 20
0.0
 30
4.172569491728043
 11
2.017857142857143
 21
0.0
 31
4.035059079294299
 12
2.0155354932169516
 22
0.1985129192431118
 32
4.0309172902599615
 13
2.0155354932169516
 23
0.1985129192431118
 33
4.0309172902599615
  0
3DFACE
  5
29C
330
17
100
AcDbEntity
  8
MEMBRANA_3D
100
AcDbFace
 10
1.7642857142857142
 20
0.0
 30
4.172569491728043
 11
2.0155354932169516
 21
0.1985129192431118
 31
4.0309172902599615
 12
1.761706103574391
 22
0.17351290644392353
 32
4.169435841947655
 13
1.761706103574391
 23
0.17351290644392353
 33
4.169435841947655
  0
3DFACE
  5
29D
330
17
100
AcDbEntity
  8
MEMBRANA_3D
100
AcDbFace
 10
1.761706103574391
 20
0.17351290644392353
 30
4.169435841947655
 11
2.0155354932169516
 21
0.1985129192431118
 31
4.0309172902599615
 12
2.0085929030515577
 22
0.3995339694479652
 32
4.018252007883034
 13
2.0085929030515577
 23
0.3995339694479652
 33
4.018252007883034
  0
3DFACE
  5
29E
330
17
100
AcDbEntity
  8
MEMBRANA_3D
100
AcDbFace
 10
1.761706103574391
 20
0.17351290644392353
 30
4.169435841947655
 11
2.0085929030515577
 21
0.3995339694479652
 31
4.018252007883034
 12
1.7539921145017305
 22
0.34889072386079134
 32
4.159853374320747
 13
1.7539921145017305
 23
0.34889072386079134
 33
4.159853374320747
  0
3DFACE
  5
29F
330
17
100
AcDbEntity
  8
MEMBRANA_3D
100
AcDbFace
 10
1.7539921145017305
 20
0.34889072386079134
 30
4.159853374320747
 11
2.0085929030515577
 21
0.3995339694479652
 31
4.018252007883034
 12
1.9970962332994575
 22
0.6058125192161058
 32
3.9963111403663305
 13
1.9970962332994575
 23
0.6058125192161058
 33
3.9963111403663305
  0
3DFACE
  5
2A0
330
17
100
AcDbEntity
  8
MEMBRANA_3D
100
AcDbFace
 10
1.7539921145017305
 20
0.34889072386079134
 30
4.159853374320747
 11
1.9970962332994575
 21
0.6058125192161058
 31
3.9963111403663305
 12
1.7412180369993975
 22
0.528192716961054
 32
4.143253061242209
 13
1.7412180369993975
 23
0.528192716961054
 33
4.143253061242209
  0
3DFACE
  5
2A1
330
17
100
AcDbEntity
  8
MEMBRANA_3D
100
AcDbFace
 10
1.7412180369993975
 20
0.528192716961054
 30
4.143253061242209
 11
1.9970962332994575
 21
0.6058125192161058
 31
3.9963111403663305
 12
1.9811562031750845
 22
0.820621768534707
 32
3.963725255063093
 13
1.9811562031750845
 23
0.820621768534707
 33
3.963725255063093
  0
3DFACE
  5
2A2
330
17
100
AcDbEntity
  8
MEMBRANA_3D
100
AcDbFace
 10
1.7412180369993975
 20
0.528192716961054
 30
4.143253061242209
 11
1.9811562031750845
 21
0.820621768534707
 31
3.963725255063093
 12
1.7235068924167605
 22
0.7138999296825291
 32
4.118598799164228
 13
1.7235068924167605
 23
0.7138999296825291
 33
4.118598799164228
  0
3DFACE
  5
2A3
330
17
100
AcDbEntity
  8
MEMBRANA_3D
100
AcDbFace
 10
1.7235068924167605
 20
0.7138999296825291
 30
4.118598799164228
 11
1.9811562031750845
 21
0.820621768534707
 31
3.963725255063093
 12
1.840534429713572
 22
0.9837861487827438
 32
3.9963111403663305
 13
1.840534429713572
 23
0.9837861487827438
 33
3.9963111403663305
  0
3DFACE
  5
2A4
330
17
100
AcDbEntity
  8
MEMBRANA_3D
100
AcDbFace
 10
1.7235068924167605
 20
0.7138999296825291
 30
4.118598799164228
 11
1.840534429713572
 21
0.9837861487827438
 31
3.9963111403663305
 12
1.6047157334231108
 22
0.8577384295500947
 32
4.143253061242209
 13
1.6047157334231108
 23
0.8577384295500947
 33
4.143253061242209
  0
3DFACE
  5
2A5
330
17
100
AcDbEntity
  8
MEMBRANA_3D
100
AcDbFace
 10
1.6047157334231108
 20
0.8577384295500947
 30
4.143253061242209
 11
1.840534429713572
 21
0.9837861487827438
 31
3.9963111403663305
 12
1.7028028415019651
 22
1.137776483279895
 32
4.018252007883034
 13
1.7028028415019651
 23
1.137776483279895
 33
4.018252007883034
  0
3DFACE
  5
2A6
330
17
100
AcDbEntity
  8
MEMBRANA_3D
100
AcDbFace
 10
1.6047157334231108
 20
0.8577384295500947
 30
4.143253061242209
 11
1.7028028415019651
 21
1.137776483279895
 31
4.018252007883034
 12
1.4869627150469538
 22
0.993556721576856
 32
4.159853374320747
 13
1.4869627150469538
 23
0.993556721576856
 33
4.159853374320747
  0
3DFACE
  5
2A7
330
17
100
AcDbEntity
  8
MEMBRANA_3D
100
AcDbFace
 10
1.4869627150469538
 20
0.993556721576856
 30
4.159853374320747
 11
1.7028028415019651
 21
1.137776483279895
 31
4.018252007883034
 12
1.5655686463258212
 22
1.2848289836259372
 32
4.0309172902599615
 13
1.5655686463258212
 23
1.2848289836259372
 33
4.0309172902599615
  0
3DFACE
  5
2A8
330
17
100
AcDbEntity
  8
MEMBRANA_3D
100
AcDbFace
 10
1.4869627150469538
 20
0.993556721576856
 30
4.159853374320747
 11
1.5655686463258212
 21
1.2848289836259372
 31
4.0309172902599615
 12
1.3684064850650675
 22
1.1230221795252968
 32
4.169435841947655
 13
1.3684064850650675
 23
1.1230221795252968
 33
4.169435841947655
  0
3DFACE
  5
2A9
330
17
100
AcDbEntity
  8
MEMBRANA_3D
100
AcDbFace
 10
1.3684064850650675
 20
1.1230221795252968
 30
4.169435841947655
 11
1.5655686463258212
 21
1.2848289836259372
 31
4.0309172902599615
 12
1.4268404691799976
 22
1.4268404691799974
 32
4.035059079294299
 13
1.4268404691799976
 23
1.4268404691799974
 33
4.035059079294299
  0
3DFACE
  5
2AA
330
17
100
AcDbEntity
  8
MEMBRANA_3D
100
AcDbFace
 10
1.3684064850650675
 20
1.1230221795252968
 30
4.169435841947655
 11
1.4268404691799976
 21
1.4268404691799974
 31
4.035059079294299
 12
1.2475383925219803
 22
1.24753839252198
 32
4.172569491728043
 13
1.2475383925219803
 23
1.24753839252198
 33
4.172569491728043
  0
3DFACE
  5
2AB
330
17
100
AcDbEntity
  8
MEMBRANA_3D
100
AcDbFace
 10
1.2475383925219803
 20
1.24753839252198
 30
4.172569491728043
 11
1.4268404691799976
 21
1.4268404691799974
 31
4.035059079294299
 12
1.2848289836259372
 22
1.5655686463258212
 32
4.0309172902599615
 13
1.2848289836259372
 23
1.5655686463258212
 33
4.0309172902599615
  0
3DFACE
  5
2AC
330
17
100
AcDbEntity
  8
MEMBRANA_3D
100
AcDbFace
 10
1.2475383925219803
 20
1.24753839252198
 30
4.172569491728043
 11
1.2848289836259372
 21
1.5655686463258212
 31
4.0309172902599615
 12
1.1230221795252968
 22
1.3684064850650675
 32
4.169435841947655
 13
1.1230221795252968
 23
1.3684064850650675
 33
4.169435841947655
  0
3DFACE
  5
2AD
330
17
100
AcDbEntity
  8
MEMBRANA_3D
100
AcDbFace
 10
1.1230221795252968
 20
1.3684064850650675
 30
4.169435841947655
 11
1.2848289836259372
 21
1.5655686463258212
 31
4.0309172902599615
 12
1.1377764832798951
 22
1.7028028415019651
 32
4.018252007883034
 13
1.1377764832798951
 23
1.7028028415019651
 33
4.018252007883034
  0
3DFACE
  5
2AE
330
17
100
AcDbEntity
  8
MEMBRANA_3D
100
AcDbFace
 10
1.1230221795252968
 20
1.3684064850650675
 30
4.169435841947655
 11
1.1377764832798951
 21
1.7028028415019651
 31
4.018252007883034
 12
0.9935567215768563
 22
1.4869627150469538
 32
4.159853374320747
 13
0.9935567215768563
 23
1.4869627150469538
 33
4.159853374320747
  0
3DFACE
  5
2AF
330
17
100
AcDbEntity
  8
MEMBRANA_3D
100
AcDbFace
 10
0.9935567215768563
 20
1.4869627150469538
 30
4.159853374320747
 11
1.1377764832798951
 21
1.7028028415019651
 31
4.018252007883034
 12
0.9837861487827442
 22
1.8405344297135717
 32
3.9963111403663305
 13
0.9837861487827442
 23
1.8405344297135717
 33
3.9963111403663305
  0
3DFACE
  5
2B0
330
17
100
AcDbEntity
  8
MEMBRANA_3D
100
AcDbFace
 10
0.9935567215768563
 20
1.4869627150469538
 30
4.159853374320747
 11
0.9837861487827442
 21
1.8405344297135717
 31
3.9963111403663305
 12
0.8577384295500949
 22
1.6047157334231106
 32
4.143253061242209
 13
0.8577384295500949
 23
1.6047157334231106
 33
4.143253061242209
  0
3DFACE
  5
2B1
330
17
100
AcDbEntity
  8
MEMBRANA_3D
100
AcDbFace
 10
0.8577384295500949
 20
1.6047157334231106
 30
4.143253061242209
 11
0.9837861487827442
 21
1.8405344297135717
 31
3.9963111403663305
 12
0.8206217685347071
 22
1.9811562031750845
 32
3.963725255063093
 13
0.8206217685347071
 23
1.9811562031750845
 33
3.963725255063093
  0
3DFACE
  5
2B2
330
17
100
AcDbEntity
  8
MEMBRANA_3D
100
AcDbFace
 10
0.8577384295500949
 20
1.6047157334231106
 30
4.143253061242209
 11
0.8206217685347071
 21
1.9811562031750845
 31
3.963725255063093
 12
0.7138999296825292
 22
1.7235068924167605
 32
4.118598799164228
 13
0.7138999296825292
 23
1.7235068924167605
 33
4.118598799164228
  0
3DFACE
  5
2B3
330
17
100
AcDbEntity
  8
MEMBRANA_3D
100
AcDbFace
 10
0.7138999296825292
 20
1.7235068924167605
 30
4.118598799164228
 11
0.8206217685347071
 21
1.9811562031750845
 31
3.963725255063093
 12
0.6058125192161058
 22
1.9970962332994577
 32
3.9963111403663305
 13
0.6058125192161058
 23
1.9970962332994577
 33
3.9963111403663305
  0
3DFACE
  5
2B4
330
17
100
AcDbEntity
  8
MEMBRANA_3D
100
AcDbFace
 10
0.7138999296825292
 20
1.7235068924167605
 30
4.118598799164228
 11
0.6058125192161058
 21
1.9970962332994577
 31
3.9963111403663305
 12
0.5281927169610539
 22
1.7412180369993975
 32
4.143253061242209
 13
0.5281927169610539
 23
1.7412180369993975
 33
4.143253061242209
  0
3DFACE
  5
2B5
330
17
100
AcDbEntity
  8
MEMBRANA_3D
100
AcDbFace
 10
0.5281927169610539
 20
1.7412180369993975
 30
4.143253061242209
 11
0.6058125192161058
 21
1.9970962332994577
 31
3.9963111403663305
 12
0.3995339694479654
 22
2.0085929030515577
 32
4.018252007883034
 13
0.3995339694479654
 23
2.0085929030515577
 33
4.018252007883034
  0
3DFACE
  5
2B6
330
17
100
AcDbEntity
  8
MEMBRANA_3D
100
AcDbFace
 10
0.5281927169610539
 20
1.7412180369993975
 30
4.143253061242209
 11
0.3995339694479654
 21
2.0085929030515577
 31
4.018252007883034
 12
0.3488907238607915
 22
1.7539921145017305
 32
4.159853374320747
 13
0.3488907238607915
 23
1.7539921145017305
 33
4.159853374320747
  0
3DFACE
  5
2B7
330
17
100
AcDbEntity
  8
MEMBRANA_3D
100
AcDbFace
 10
0.3488907238607915
 20
1.7539921145017305
 30
4.159853374320747
 11
0.3995339694479654
 21
2.0085929030515577
 31
4.018252007883034
 12
0.19851291924311212
 22
2.0155354932169516
 32
4.0309172902599615
 13
0.19851291924311212
 23
2.0155354932169516
 33
4.0309172902599615
  0
3DFACE
  5
2B8
330
17
100
AcDbEntity
  8
MEMBRANA_3D
100
AcDbFace
 10
0.3488907238607915
 20
1.7539921145017305
 30
4.159853374320747
 11
0.19851291924311212
 21
2.0155354932169516
 31
4.0309172902599615
 12
0.1735129064439238
 22
1.7617061035743908
 32
4.169435841947655
 13
0.1735129064439238
 23
1.7617061035743908
 33
4.169435841947655
  0
3DFACE
  5
2B9
330
17
100
AcDbEntity
  8
MEMBRANA_3D
100
AcDbFace
 10
0.1735129064439238
 20
1.7617061035743908
 30
4.169435841947655
 11
0.19851291924311212
 21
2.0155354932169516
 31
4.0309172902599615
 12
1.2355811455683116e-16
 22
2.017857142857143
 32
4.035059079294299
 13
1.2355811455683116e-16
 23
2.017857142857143
 33
4.035059079294299
  0
3DFACE
  5
2BA
330
17
100
AcDbEntity
  8
MEMBRANA_3D
100
AcDbFace
 10
0.1735129064439238
 20
1.7617061035743908
 30
4.169435841947655
 11
1.2355811455683116e-16
 21
2.017857142857143
 31
4.035059079294299
 12
1.0803134263907008e-16
 22
1.7642857142857142
 32
4.172569491728043
 13
1.0803134263907008e-16
 23
1.7642857142857142
 33
4.172569491728043
  0
3DFACE
  5
2BB
330
17
100
AcDbEntity
  8
MEMBRANA_3D
100
AcDbFace
 10
1.0803134263907008e-16
 20
1.7642857142857142
 30
4.172569491728043
 11
1.2355811455683116e-16
 21
2.017857142857143
 31
4.035059079294299
 12
-0.19851291924311187
 22
2.0155354932169516
 32
4.0309172902599615
 13
-0.19851291924311187
 23
2.0155354932169516
 33
4.0309172902599615
  0
3DFACE
  5
2BC
330
17
100
AcDbEntity
  8
MEMBRANA_3D
100
AcDbFace
 10
1.0803134263907008e-16
 20
1.7642857142857142
 30
4.172569491728043
 11
-0.19851291924311187
 21
2.0155354932169516
 31
4.0309172902599615
 12
-0.1735129064439236
 22
1.761706103574391
 32
4.169435841947655
 13
-0.1735129064439236
 23
1.761706103574391
 33
4.169435841947655
  0
3DFACE
  5
2BD
330
17
100
AcDbEntity
  8
MEMBRANA_3D
100
AcDbFace
 10
-0.1735129064439236
 20
1.761706103574391
 30
4.169435841947655
 11
-0.19851291924311187
 21
2.0155354932169516
 31
4.0309172902599615
 12
-0.3995339694479651
 22
2.0085929030515577
 32
4.018252007883034
 13
-0.3995339694479651
 23
2.0085929030515577
 33
4.018252007883034
  0
3DFACE
  5
2BE
330
17
100
AcDbEntity
  8
MEMBRANA_3D
100
AcDbFace
 10
-0.1735129064439236
 20
1.761706103574391
 30
4.169435841947655
 11
-0.3995339694479651
 21
2.0085929030515577
 31
4.018252007883034
 12
-0.34889072386079123
 22
1.7539921145017305
 32
4.159853374320747
 13
-0.34889072386079123
 23
1.7539921145017305
 33
4.159853374320747
  0
3DFACE
  5
2BF
330
17
100
AcDbEntity
  8
MEMBRANA_3D
100
AcDbFace
 10
-0.34889072386079123
 20
1.7539921145017305
 30
4.159853374320747
 11
-0.3995339694479651
 21
2.0085929030515577
 31
4.018252007883034
 12
-0.6058125192161055
 22
1.9970962332994577
 32
3.9963111403663305
 13
-0.6058125192161055
 23
1.9970962332994577
 33
3.9963111403663305
  0
3DFACE
  5
2C0
330
17
100
AcDbEntity
  8
MEMBRANA_3D
100
AcDbFace
 10
-0.34889072386079123
 20
1.7539921145017305
 30
4.159853374320747
 11
-0.6058125192161055
 21
1.9970962332994577
 31
3.9963111403663305
 12
-0.5281927169610536
 22
1.7412180369993975
 32
4.143253061242209
 13
-0.5281927169610536
 23
1.7412180369993975
 33
4.143253061242209
  0
3DFACE
  5
2C1
330
17
100
AcDbEntity
  8
MEMBRANA_3D
100
AcDbFace
 10
-0.5281927169610536
 20
1.7412180369993975
 30
4.143253061242209
 11
-0.6058125192161055
 21
1.9970962332994577
 31
3.9963111403663305
 12
-0.8206217685347069
 22
1.9811562031750845
 32
3.963725255063093
 13
-0.8206217685347069
 23
1.9811562031750845
 33
3.963725255063093
  0
3DFACE
  5
2C2
330
17
100
AcDbEntity
  8
MEMBRANA_3D
100
AcDbFace
 10
-0.5281927169610536
 20
1.7412180369993975
 30
4.143253061242209
 11
-0.8206217685347069
 21
1.9811562031750845
 31
3.963725255063093
 12
-0.713899929682529
 22
1.7235068924167605
 32
4.118598799164228
 13
-0.713899929682529
 23
1.7235068924167605
 33
4.118598799164228
  0
3DFACE
  5
2C3
330
17
100
AcDbEntity
  8
MEMBRANA_3D
100
AcDbFace
 10
-0.713899929682529
 20
1.7235068924167605
 30
4.118598799164228
 11
-0.8206217685347069
 21
1.9811562031750845
 31
3.963725255063093
 12
-0.983786148782744
 22
1.840534429713572
 32
3.9963111403663305
 13
-0.983786148782744
 23
1.840534429713572
 33
3.9963111403663305
  0
3DFACE
  5
2C4
330
17
100
AcDbEntity
  8
MEMBRANA_3D
100
AcDbFace
 10
-0.713899929682529
 20
1.7235068924167605
 30
4.118598799164228
 11
-0.983786148782744
 21
1.840534429713572
 31
3.9963111403663305
 12
-0.8577384295500947
 22
1.6047157334231108
 32
4.143253061242209
 13
-0.8577384295500947
 23
1.6047157334231108
 33
4.143253061242209
  0
3DFACE
  5
2C5
330
17
100
AcDbEntity
  8
MEMBRANA_3D
100
AcDbFace
 10
-0.8577384295500947
 20
1.6047157334231108
 30
4.143253061242209
 11
-0.983786148782744
 21
1.840534429713572
 31
3.9963111403663305
 12
-1.1377764832798944
 22
1.7028028415019656
 32
4.018252007883034
 13
-1.1377764832798944
 23
1.7028028415019656
 33
4.018252007883034
  0
3DFACE
  5
2C6
330
17
100
AcDbEntity
  8
MEMBRANA_3D
100
AcDbFace
 10
-0.8577384295500947
 20
1.6047157334231108
 30
4.143253061242209
 11
-1.1377764832798944
 21
1.7028028415019656
 31
4.018252007883034
 12
-0.9935567215768557
 22
1.4869627150469542
 32
4.159853374320747
 13
-0.9935567215768557
 23
1.4869627150469542
 33
4.159853374320747
  0
3DFACE
  5
2C7
330
17
100
AcDbEntity
  8
MEMBRANA_3D
100
AcDbFace
 10
-0.9935567215768557
 20
1.4869627150469542
 30
4.159853374320747
 11
-1.1377764832798944
 21
1.7028028415019656
 31
4.018252007883034
 12
-1.284828983625937
 22
1.5655686463258214
 32
4.0309172902599615
 13
-1.284828983625937
 23
1.5655686463258214
 33
4.0309172902599615
  0
3DFACE
  5
2C8
330
17
100
AcDbEntity
  8
MEMBRANA_3D
100
AcDbFace
 10
-0.9935567215768557
 20
1.4869627150469542
 30
4.159853374320747
 11
-1.284828983625937
 21
1.5655686463258214
 31
4.0309172902599615
 12
-1.1230221795252966
 22
1.3684064850650677
 32
4.169435841947655
 13
-1.1230221795252966
 23
1.3684064850650677
 33
4.169435841947655
  0
3DFACE
  5
2C9
330
17
100
AcDbEntity
  8
MEMBRANA_3D
100
AcDbFace
 10
-1.1230221795252966
 20
1.3684064850650677
 30
4.169435841947655
 11
-1.284828983625937
 21
1.5655686463258214
 31
4.0309172902599615
 12
-1.4268404691799974
 22
1.4268404691799976
 32
4.035059079294299
 13
-1.4268404691799974
 23
1.4268404691799976
 33
4.035059079294299
  0
3DFACE
  5
2CA
330
17
100
AcDbEntity
  8
MEMBRANA_3D
100
AcDbFace
 10
-1.1230221795252966
 20
1.3684064850650677
 30
4.169435841947655
 11
-1.4268404691799974
 21
1.4268404691799976
 31
4.035059079294299
 12
-1.24753839252198
 22
1.2475383925219803
 32
4.172569491728043
 13
-1.24753839252198
 23
1.2475383925219803
 33
4.172569491728043
  0
3DFACE
  5
2CB
330
17
100
AcDbEntity
  8
MEMBRANA_3D
100
AcDbFace
 10
-1.24753839252198
 20
1.2475383925219803
 30
4.172569491728043
 11
-1.4268404691799974
 21
1.4268404691799976
 31
4.035059079294299
 12
-1.5655686463258212
 22
1.2848289836259372
 32
4.0309172902599615
 13
-1.5655686463258212
 23
1.2848289836259372
 33
4.0309172902599615
  0
3DFACE
  5
2CC
330
17
100
AcDbEntity
  8
MEMBRANA_3D
100
AcDbFace
 10
-1.24753839252198
 20
1.2475383925219803
 30
4.172569491728043
 11
-1.5655686463258212
 21
1.2848289836259372
 31
4.0309172902599615
 12
-1.3684064850650675
 22
1.1230221795252968
 32
4.169435841947655
 13
-1.3684064850650675
 23
1.1230221795252968
 33
4.169435841947655
  0
3DFACE
  5
2CD
330
17
100
AcDbEntity
  8
MEMBRANA_3D
100
AcDbFace
 10
-1.3684064850650675
 20
1.1230221795252968
 30
4.169435841947655
 11
-1.5655686463258212
 21
1.2848289836259372
 31
4.0309172902599615
 12
-1.7028028415019654
 22
1.137776483279895
 32
4.018252007883034
 13
-1.7028028415019654
 23
1.137776483279895
 33
4.018252007883034
  0
3DFACE
  5
2CE
330
17
100
AcDbEntity
  8
MEMBRANA_3D
100
AcDbFace
 10
-1.3684064850650675
 20
1.1230221795252968
 30
4.169435841947655
 11
-1.7028028415019654
 21
1.137776483279895
 31
4.018252007883034
 12
-1.486962715046954
 22
0.993556721576856
 32
4.159853374320747
 13
-1.486962715046954
 23
0.993556721576856
 33
4.159853374320747
  0
3DFACE
  5
2CF
330
17
100
AcDbEntity
  8
MEMBRANA_3D
100
AcDbFace
 10
-1.486962715046954
 20
0.993556721576856
 30
4.159853374320747
 11
-1.7028028415019654
 21
1.137776483279895
 31
4.018252007883034
 12
-1.8405344297135717
 22
0.9837861487827443
 32
3.9963111403663305
 13
-1.8405344297135717
 23
0.9837861487827443
 33
3.9963111403663305
  0
3DFACE
  5
2D0
330
17
100
AcDbEntity
  8
MEMBRANA_3D
100
AcDbFace
 10
-1.486962715046954
 20
0.993556721576856
 30
4.159853374320747
 11
-1.8405344297135717
 21
0.9837861487827443
 31
3.9963111403663305
 12
-1.6047157334231106
 22
0.857738429550095
 32
4.143253061242209
 13
-1.6047157334231106
 23
0.857738429550095
 33
4.143253061242209
  0
3DFACE
  5
2D1
330
17
100
AcDbEntity
  8
MEMBRANA_3D
100
AcDbFace
 10
-1.6047157334231106
 20
0.857738429550095
 30
4.143253061242209
 11
-1.8405344297135717
 21
0.9837861487827443
 31
3.9963111403663305
 12
-1.9811562031750845
 22
0.8206217685347073
 32
3.963725255063093
 13
-1.9811562031750845
 23
0.8206217685347073
 33
3.963725255063093
  0
3DFACE
  5
2D2
330
17
100
AcDbEntity
  8
MEMBRANA_3D
100
AcDbFace
 10
-1.6047157334231106
 20
0.857738429550095
 30
4.143253061242209
 11
-1.9811562031750845
 21
0.8206217685347073
 31
3.963725255063093
 12
-1.7235068924167605
 22
0.7138999296825292
 32
4.118598799164228
 13
-1.7235068924167605
 23
0.7138999296825292
 33
4.118598799164228
  0
3DFACE
  5
2D3
330
17
100
AcDbEntity
  8
MEMBRANA_3D
100
AcDbFace
 10
-1.7235068924167605
 20
0.7138999296825292
 30
4.118598799164228
 11
-1.9811562031750845
 21
0.8206217685347073
 31
3.963725255063093
 12
-1.9970962332994575
 22
0.6058125192161059
 32
3.9963111403663305
 13
-1.9970962332994575
 23
0.6058125192161059
 33
3.9963111403663305
  0
3DFACE
  5
2D4
330
17
100
AcDbEntity
  8
MEMBRANA_3D
100
AcDbFace
 10
-1.7235068924167605
 20
0.7138999296825292
 30
4.118598799164228
 11
-1.9970962332994575
 21
0.6058125192161059
 31
3.9963111403663305
 12
-1.7412180369993973
 22
0.528192716961054
 32
4.143253061242209
 13
-1.7412180369993973
 23
0.528192716961054
 33
4.143253061242209
  0
3DFACE
  5
2D5
330
17
100
AcDbEntity
  8
MEMBRANA_3D
100
AcDbFace
 10
-1.7412180369993973
 20
0.528192716961054
 30
4.143253061242209
 11
-1.9970962332994575
 21
0.6058125192161059
 31
3.9963111403663305
 12
-2.0085929030515577
 22
0.39953396944796593
 32
4.018252007883034
 13
-2.0085929030515577
 23
0.39953396944796593
 33
4.018252007883034
  0
3DFACE
  5
2D6
330
17
100
AcDbEntity
  8
MEMBRANA_3D
100
AcDbFace
 10
-1.7412180369993973
 20
0.528192716961054
 30
4.143253061242209
 11
-2.0085929030515577
 21
0.39953396944796593
 31
4.018252007883034
 12
-1.7539921145017305
 22
0.348890723860792
 32
4.159853374320747
 13
-1.7539921145017305
 23
0.348890723860792
 33
4.159853374320747
  0
3DFACE
  5
2D7
330
17
100
AcDbEntity
  8
MEMBRANA_3D
100
AcDbFace
 10
-1.7539921145017305
 20
0.348890723860792
 30
4.159853374320747
 11
-2.0085929030515577
 21
0.39953396944796593
 31
4.018252007883034
 12
-2.0155354932169516
 22
0.19851291924311223
 32
4.0309172902599615
 13
-2.0155354932169516
 23
0.19851291924311223
 33
4.0309172902599615
  0
3DFACE
  5
2D8
330
17
100
AcDbEntity
  8
MEMBRANA_3D
100
AcDbFace
 10
-1.7539921145017305
 20
0.348890723860792
 30
4.159853374320747
 11
-2.0155354932169516
 21
0.19851291924311223
 31
4.0309172902599615
 12
-1.7617061035743908
 22
0.17351290644392392
 32
4.169435841947655
 13
-1.7617061035743908
 23
0.17351290644392392
 33
4.169435841947655
  0
3DFACE
  5
2D9
330
17
100
AcDbEntity
  8
MEMBRANA_3D
100
AcDbFace
 10
-1.7617061035743908
 20
0.17351290644392392
 30
4.169435841947655
 11
-2.0155354932169516
 21
0.19851291924311223
 31
4.0309172902599615
 12
-2.017857142857143
 22
2.471162291136623e-16
 32
4.035059079294299
 13
-2.017857142857143
 23
2.471162291136623e-16
 33
4.035059079294299
  0
3DFACE
  5
2DA
330
17
100
AcDbEntity
  8
MEMBRANA_3D
100
AcDbFace
 10
-1.7617061035743908
 20
0.17351290644392392
 30
4.169435841947655
 11
-2.017857142857143
 21
2.471162291136623e-16
 31
4.035059079294299
 12
-1.7642857142857142
 22
2.1606268527814017e-16
 32
4.172569491728043
 13
-1.7642857142857142
 23
2.1606268527814017e-16
 33
4.172569491728043
  0
3DFACE
  5
2DB
330
17
100
AcDbEntity
  8
MEMBRANA_3D
100
AcDbFace
 10
-1.7642857142857142
 20
2.1606268527814017e-16
 30
4.172569491728043
 11
-2.017857142857143
 21
2.471162291136623e-16
 31
4.035059079294299
 12
-2.0155354932169516
 22
-0.19851291924311176
 32
4.0309172902599615
 13
-2.0155354932169516
 23
-0.19851291924311176
 33
4.0309172902599615
  0
3DFACE
  5
2DC
330
17
100
AcDbEntity
  8
MEMBRANA_3D
100
AcDbFace
 10
-1.7642857142857142
 20
2.1606268527814017e-16
 30
4.172569491728043
 11
-2.0155354932169516
 21
-0.19851291924311176
 31
4.0309172902599615
 12
-1.761706103574391
 22
-0.1735129064439235
 32
4.169435841947655
 13
-1.761706103574391
 23
-0.1735129064439235
 33
4.169435841947655
  0
3DFACE
  5
2DD
330
17
100
AcDbEntity
  8
MEMBRANA_3D
100
AcDbFace
 10
-1.761706103574391
 20
-0.1735129064439235
 30
4.169435841947655
 11
-2.0155354932169516
 21
-0.19851291924311176
 31
4.0309172902599615
 12
-2.0085929030515577
 22
-0.39953396944796543
 32
4.018252007883034
 13
-2.0085929030515577
 23
-0.39953396944796543
 33
4.018252007883034
  0
3DFACE
  5
2DE
330
17
100
AcDbEntity
  8
MEMBRANA_3D
100
AcDbFace
 10
-1.761706103574391
 20
-0.1735129064439235
 30
4.169435841947655
 11
-2.0085929030515577
 21
-0.39953396944796543
 31
4.018252007883034
 12
-1.7539921145017305
 22
-0.34889072386079156
 32
4.159853374320747
 13
-1.7539921145017305
 23
-0.34889072386079156
 33
4.159853374320747
  0
3DFACE
  5
2DF
330
17
100
AcDbEntity
  8
MEMBRANA_3D
100
AcDbFace
 10
-1.7539921145017305
 20
-0.34889072386079156
 30
4.159853374320747
 11
-2.0085929030515577
 21
-0.39953396944796543
 31
4.018252007883034
 12
-1.9970962332994577
 22
-0.6058125192161053
 32
3.9963111403663305
 13
-1.9970962332994577
 23
-0.6058125192161053
 33
3.9963111403663305
  0
3DFACE
  5
2E0
330
17
100
AcDbEntity
  8
MEMBRANA_3D
100
AcDbFace
 10
-1.7539921145017305
 20
-0.34889072386079156
 30
4.159853374320747
 11
-1.9970962332994577
 21
-0.6058125192161053
 31
3.9963111403663305
 12
-1.7412180369993975
 22
-0.5281927169610535
 32
4.143253061242209
 13
-1.7412180369993975
 23
-0.5281927169610535
 33
4.143253061242209
  0
3DFACE
  5
2E1
330
17
100
AcDbEntity
  8
MEMBRANA_3D
100
AcDbFace
 10
-1.7412180369993975
 20
-0.5281927169610535
 30
4.143253061242209
 11
-1.9970962332994577
 21
-0.6058125192161053
 31
3.9963111403663305
 12
-1.9811562031750847
 22
-0.8206217685347068
 32
3.963725255063093
 13
-1.9811562031750847
 23
-0.8206217685347068
 33
3.963725255063093
  0
3DFACE
  5
2E2
330
17
100
AcDbEntity
  8
MEMBRANA_3D
100
AcDbFace
 10
-1.7412180369993975
 20
-0.5281927169610535
 30
4.143253061242209
 11
-1.9811562031750847
 21
-0.8206217685347068
 31
3.963725255063093
 12
-1.7235068924167607
 22
-0.7138999296825289
 32
4.118598799164228
 13
-1.7235068924167607
 23
-0.7138999296825289
 33
4.118598799164228
  0
3DFACE
  5
2E3
330
17
100
AcDbEntity
  8
MEMBRANA_3D
100
AcDbFace
 10
-1.7235068924167607
 20
-0.7138999296825289
 30
4.118598799164228
 11
-1.9811562031750847
 21
-0.8206217685347068
 31
3.963725255063093
 12
-1.840534429713572
 22
-0.9837861487827438
 32
3.9963111403663305
 13
-1.840534429713572
 23
-0.9837861487827438
 33
3.9963111403663305
  0
3DFACE
  5
2E4
330
17
100
AcDbEntity
  8
MEMBRANA_3D
100
AcDbFace
 10
-1.7235068924167607
 20
-0.7138999296825289
 30
4.118598799164228
 11
-1.840534429713572
 21
-0.9837861487827438
 31
3.9963111403663305
 12
-1.6047157334231108
 22
-0.8577384295500946
 32
4.143253061242209
 13
-1.6047157334231108
 23
-0.8577384295500946
 33
4.143253061242209
  0
3DFACE
  5
2E5
330
17
100
AcDbEntity
  8
MEMBRANA_3D
100
AcDbFace
 10
-1.6047157334231108
 20
-0.8577384295500946
 30
4.143253061242209
 11
-1.840534429713572
 21
-0.9837861487827438
 31
3.9963111403663305
 12
-1.7028028415019656
 22
-1.1377764832798944
 32
4.018252007883034
 13
-1.7028028415019656
 23
-1.1377764832798944
 33
4.018252007883034
  0
3DFACE
  5
2E6
330
17
100
AcDbEntity
  8
MEMBRANA_3D
100
AcDbFace
 10
-1.6047157334231108
 20
-0.8577384295500946
 30
4.143253061242209
 11
-1.7028028415019656
 21
-1.1377764832798944
 31
4.018252007883034
 12
-1.4869627150469542
 22
-0.9935567215768557
 32
4.159853374320747
 13
-1.4869627150469542
 23
-0.9935567215768557
 33
4.159853374320747
  0
3DFACE
  5
2E7
330
17
100
AcDbEntity
  8
MEMBRANA_3D
100
AcDbFace
 10
-1.4869627150469542
 20
-0.9935567215768557
 30
4.159853374320747
 11
-1.7028028415019656
 21
-1.1377764832798944
 31
4.018252007883034
 12
-1.5655686463258214
 22
-1.2848289836259368
 32
4.0309172902599615
 13
-1.5655686463258214
 23
-1.2848289836259368
 33
4.0309172902599615
  0
3DFACE
  5
2E8
330
17
100
AcDbEntity
  8
MEMBRANA_3D
100
AcDbFace
 10
-1.4869627150469542
 20
-0.9935567215768557
 30
4.159853374320747
 11
-1.5655686463258214
 21
-1.2848289836259368
 31
4.0309172902599615
 12
-1.3684064850650677
 22
-1.1230221795252964
 32
4.169435841947655
 13
-1.3684064850650677
 23
-1.1230221795252964
 33
4.169435841947655
  0
3DFACE
  5
2E9
330
17
100
AcDbEntity
  8
MEMBRANA_3D
100
AcDbFace
 10
-1.3684064850650677
 20
-1.1230221795252964
 30
4.169435841947655
 11
-1.5655686463258214
 21
-1.2848289836259368
 31
4.0309172902599615
 12
-1.4268404691799979
 22
-1.4268404691799974
 32
4.035059079294299
 13
-1.4268404691799979
 23
-1.4268404691799974
 33
4.035059079294299
  0
3DFACE
  5
2EA
330
17
100
AcDbEntity
  8
MEMBRANA_3D
100
AcDbFace
 10
-1.3684064850650677
 20
-1.1230221795252964
 30
4.169435841947655
 11
-1.4268404691799979
 21
-1.4268404691799974
 31
4.035059079294299
 12
-1.2475383925219805
 22
-1.24753839252198
 32
4.172569491728043
 13
-1.2475383925219805
 23
-1.24753839252198
 33
4.172569491728043
  0
3DFACE
  5
2EB
330
17
100
AcDbEntity
  8
MEMBRANA_3D
100
AcDbFace
 10
-1.2475383925219805
 20
-1.24753839252198
 30
4.172569491728043
 11
-1.4268404691799979
 21
-1.4268404691799974
 31
4.035059079294299
 12
-1.2848289836259383
 22
-1.5655686463258205
 32
4.0309172902599615
 13
-1.2848289836259383
 23
-1.5655686463258205
 33
4.0309172902599615
  0
3DFACE
  5
2EC
330
17
100
AcDbEntity
  8
MEMBRANA_3D
100
AcDbFace
 10
-1.2475383925219805
 20
-1.24753839252198
 30
4.172569491728043
 11
-1.2848289836259383
 21
-1.5655686463258205
 31
4.0309172902599615
 12
-1.1230221795252975
 22
-1.3684064850650668
 32
4.169435841947655
 13
-1.1230221795252975
 23
-1.3684064850650668
 33
4.169435841947655
  0
3DFACE
  5
2ED
330
17
100
AcDbEntity
  8
MEMBRANA_3D
100
AcDbFace
 10
-1.1230221795252975
 20
-1.3684064850650668
 30
4.169435841947655
 11
-1.2848289836259383
 21
-1.5655686463258205
 31
4.0309172902599615
 12
-1.137776483279895
 22
-1.7028028415019651
 32
4.018252007883034
 13
-1.137776483279895
 23
-1.7028028415019651
 33
4.018252007883034
  0
3DFACE
  5
2EE
330
17
100
AcDbEntity
  8
MEMBRANA_3D
100
AcDbFace
 10
-1.1230221795252975
 20
-1.3684064850650668
 30
4.169435841947655
 11
-1.137776483279895
 21
-1.7028028415019651
 31
4.018252007883034
 12
-0.993556721576856
 22
-1.4869627150469538
 32
4.159853374320747
 13
-0.993556721576856
 23
-1.4869627150469538
 33
4.159853374320747
  0
3DFACE
  5
2EF
330
17
100
AcDbEntity
  8
MEMBRANA_3D
100
AcDbFace
 10
-0.993556721576856
 20
-1.4869627150469538
 30
4.159853374320747
 11
-1.137776483279895
 21
-1.7028028415019651
 31
4.018252007883034
 12
-0.9837861487827443
 22
-1.8405344297135717
 32
3.9963111403663305
 13
-0.9837861487827443
 23
-1.8405344297135717
 33
3.9963111403663305
  0
3DFACE
  5
2F0
330
17
100
AcDbEntity
  8
MEMBRANA_3D
100
AcDbFace
 10
-0.993556721576856
 20
-1.4869627150469538
 30
4.159853374320747
 11
-0.9837861487827443
 21
-1.8405344297135717
 31
3.9963111403663305
 12
-0.857738429550095
 22
-1.6047157334231106
 32
4.143253061242209
 13
-0.857738429550095
 23
-1.6047157334231106
 33
4.143253061242209
  0
3DFACE
  5
2F1
330
17
100
AcDbEntity
  8
MEMBRANA_3D
100
AcDbFace
 10
-0.857738429550095
 20
-1.6047157334231106
 30
4.143253061242209
 11
-0.9837861487827443
 21
-1.8405344297135717
 31
3.9963111403663305
 12
-0.8206217685347083
 22
-1.981156203175084
 32
3.963725255063093
 13
-0.8206217685347083
 23
-1.981156203175084
 33
3.963725255063093
  0
3DFACE
  5
2F2
330
17
100
AcDbEntity
  8
MEMBRANA_3D
100
AcDbFace
 10
-0.857738429550095
 20
-1.6047157334231106
 30
4.143253061242209
 11
-0.8206217685347083
 21
-1.981156203175084
 31
3.963725255063093
 12
-0.71389992968253
 22
-1.7235068924167598
 32
4.118598799164228
 13
-0.71389992968253
 23
-1.7235068924167598
 33
4.118598799164228
  0
3DFACE
  5
2F3
330
17
100
AcDbEntity
  8
MEMBRANA_3D
100
AcDbFace
 10
-0.71389992968253
 20
-1.7235068924167598
 30
4.118598799164228
 11
-0.8206217685347083
 21
-1.981156203175084
 31
3.963725255063093
 12
-0.605812519216106
 22
-1.9970962332994575
 32
3.9963111403663305
 13
-0.605812519216106
 23
-1.9970962332994575
 33
3.9963111403663305
  0
3DFACE
  5
2F4
330
17
100
AcDbEntity
  8
MEMBRANA_3D
100
AcDbFace
 10
-0.71389992968253
 20
-1.7235068924167598
 30
4.118598799164228
 11
-0.605812519216106
 21
-1.9970962332994575
 31
3.9963111403663305
 12
-0.5281927169610541
 22
-1.7412180369993973
 32
4.143253061242209
 13
-0.5281927169610541
 23
-1.7412180369993973
 33
4.143253061242209
  0
3DFACE
  5
2F5
330
17
100
AcDbEntity
  8
MEMBRANA_3D
100
AcDbFace
 10
-0.5281927169610541
 20
-1.7412180369993973
 30
4.143253061242209
 11
-0.605812519216106
 21
-1.9970962332994575
 31
3.9963111403663305
 12
-0.39953396944796604
 22
-2.0085929030515572
 32
4.018252007883034
 13
-0.39953396944796604
 23
-2.0085929030515572
 33
4.018252007883034
  0
3DFACE
  5
2F6
330
17
100
AcDbEntity
  8
MEMBRANA_3D
100
AcDbFace
 10
-0.5281927169610541
 20
-1.7412180369993973
 30
4.143253061242209
 11
-0.39953396944796604
 21
-2.0085929030515572
 31
4.018252007883034
 12
-0.3488907238607921
 22
-1.7539921145017303
 32
4.159853374320747
 13
-0.3488907238607921
 23
-1.7539921145017303
 33
4.159853374320747
  0
3DFACE
  5
2F7
330
17
100
AcDbEntity
  8
MEMBRANA_3D
100
AcDbFace
 10
-0.3488907238607921
 20
-1.7539921145017303
 30
4.159853374320747
 11
-0.39953396944796604
 21
-2.0085929030515572
 31
4.018252007883034
 12
-0.19851291924311149
 22
-2.0155354932169516
 32
4.0309172902599615
 13
-0.19851291924311149
 23
-2.0155354932169516
 33
4.0309172902599615
  0
3DFACE
  5
2F8
330
17
100
AcDbEntity
  8
MEMBRANA_3D
100
AcDbFace
 10
-0.3488907238607921
 20
-1.7539921145017303
 30
4.159853374320747
 11
-0.19851291924311149
 21
-2.0155354932169516
 31
4.0309172902599615
 12
-0.17351290644392325
 22
-1.761706103574391
 32
4.169435841947655
 13
-0.17351290644392325
 23
-1.761706103574391
 33
4.169435841947655
  0
3DFACE
  5
2F9
330
17
100
AcDbEntity
  8
MEMBRANA_3D
100
AcDbFace
 10
-0.17351290644392325
 20
-1.761706103574391
 30
4.169435841947655
 11
-0.19851291924311149
 21
-2.0155354932169516
 31
4.0309172902599615
 12
-3.706743436704935e-16
 22
-2.017857142857143
 32
4.035059079294299
 13
-3.706743436704935e-16
 23
-2.017857142857143
 33
4.035059079294299
  0
3DFACE
  5
2FA
330
17
100
AcDbEntity
  8
MEMBRANA_3D
100
AcDbFace
 10
-0.17351290644392325
 20
-1.761706103574391
 30
4.169435841947655
 11
-3.706743436704935e-16
 21
-2.017857142857143
 31
4.035059079294299
 12
-3.240940279172102e-16
 22
-1.7642857142857142
 32
4.172569491728043
 13
-3.240940279172102e-16
 23
-1.7642857142857142
 33
4.172569491728043
  0
3DFACE
  5
2FB
330
17
100
AcDbEntity
  8
MEMBRANA_3D
100
AcDbFace
 10
-3.240940279172102e-16
 20
-1.7642857142857142
 30
4.172569491728043
 11
-3.706743436704935e-16
 21
-2.017857142857143
 31
4.035059079294299
 12
0.19851291924311074
 22
-2.0155354932169516
 32
4.0309172902599615
 13
0.19851291924311074
 23
-2.0155354932169516
 33
4.0309172902599615
  0
3DFACE
  5
2FC
330
17
100
AcDbEntity
  8
MEMBRANA_3D
100
AcDbFace
 10
-3.240940279172102e-16
 20
-1.7642857142857142
 30
4.172569491728043
 11
0.19851291924311074
 21
-2.0155354932169516
 31
4.0309172902599615
 12
0.17351290644392262
 22
-1.761706103574391
 32
4.169435841947655
 13
0.17351290644392262
 23
-1.761706103574391
 33
4.169435841947655
  0
3DFACE
  5
2FD
330
17
100
AcDbEntity
  8
MEMBRANA_3D
100
AcDbFace
 10
0.17351290644392262
 20
-1.761706103574391
 30
4.169435841947655
 11
0.19851291924311074
 21
-2.0155354932169516
 31
4.0309172902599615
 12
0.3995339694479653
 22
-2.0085929030515577
 32
4.018252007883034
 13
0.3995339694479653
 23
-2.0085929030515577
 33
4.018252007883034
  0
3DFACE
  5
2FE
330
17
100
AcDbEntity
  8
MEMBRANA_3D
100
AcDbFace
 10
0.17351290644392262
 20
-1.761706103574391
 30
4.169435841947655
 11
0.3995339694479653
 21
-2.0085929030515577
 31
4.018252007883034
 12
0.3488907238607915
 22
-1.7539921145017308
 32
4.159853374320747
 13
0.3488907238607915
 23
-1.7539921145017308
 33
4.159853374320747
  0
3DFACE
  5
2FF
330
17
100
AcDbEntity
  8
MEMBRANA_3D
100
AcDbFace
 10
0.3488907238607915
 20
-1.7539921145017308
 30
4.159853374320747
 11
0.3995339694479653
 21
-2.0085929030515577
 31
4.018252007883034
 12
0.6058125192161052
 22
-1.9970962332994577
 32
3.9963111403663305
 13
0.6058125192161052
 23
-1.9970962332994577
 33
3.9963111403663305
  0
3DFACE
  5
300
330
17
100
AcDbEntity
  8
MEMBRANA_3D
100
AcDbFace
 10
0.3488907238607915
 20
-1.7539921145017308
 30
4.159853374320747
 11
0.6058125192161052
 21
-1.9970962332994577
 31
3.9963111403663305
 12
0.5281927169610535
 22
-1.7412180369993977
 32
4.143253061242209
 13
0.5281927169610535
 23
-1.7412180369993977
 33
4.143253061242209
  0
3DFACE
  5
301
330
17
100
AcDbEntity
  8
MEMBRANA_3D
100
AcDbFace
 10
0.5281927169610535
 20
-1.7412180369993977
 30
4.143253061242209
 11
0.6058125192161052
 21
-1.9970962332994577
 31
3.9963111403663305
 12
0.8206217685347075
 22
-1.9811562031750842
 32
3.963725255063093
 13
0.8206217685347075
 23
-1.9811562031750842
 33
3.963725255063093
  0
3DFACE
  5
302
330
17
100
AcDbEntity
  8
MEMBRANA_3D
100
AcDbFace
 10
0.5281927169610535
 20
-1.7412180369993977
 30
4.143253061242209
 11
0.8206217685347075
 21
-1.9811562031750842
 31
3.963725255063093
 12
0.7138999296825295
 22
-1.7235068924167602
 32
4.118598799164228
 13
0.7138999296825295
 23
-1.7235068924167602
 33
4.118598799164228
  0
3DFACE
  5
303
330
17
100
AcDbEntity
  8
MEMBRANA_3D
100
AcDbFace
 10
0.7138999296825295
 20
-1.7235068924167602
 30
4.118598799164228
 11
0.8206217685347075
 21
-1.9811562031750842
 31
3.963725255063093
 12
0.9837861487827437
 22
-1.840534429713572
 32
3.9963111403663305
 13
0.9837861487827437
 23
-1.840534429713572
 33
3.9963111403663305
  0
3DFACE
  5
304
330
17
100
AcDbEntity
  8
MEMBRANA_3D
100
AcDbFace
 10
0.7138999296825295
 20
-1.7235068924167602
 30
4.118598799164228
 11
0.9837861487827437
 21
-1.840534429713572
 31
3.9963111403663305
 12
0.8577384295500946
 22
-1.6047157334231108
 32
4.143253061242209
 13
0.8577384295500946
 23
-1.6047157334231108
 33
4.143253061242209
  0
3DFACE
  5
305
330
17
100
AcDbEntity
  8
MEMBRANA_3D
100
AcDbFace
 10
0.8577384295500946
 20
-1.6047157334231108
 30
4.143253061242209
 11
0.9837861487827437
 21
-1.840534429713572
 31
3.9963111403663305
 12
1.1377764832798942
 22
-1.7028028415019656
 32
4.018252007883034
 13
1.1377764832798942
 23
-1.7028028415019656
 33
4.018252007883034
  0
3DFACE
  5
306
330
17
100
AcDbEntity
  8
MEMBRANA_3D
100
AcDbFace
 10
0.8577384295500946
 20
-1.6047157334231108
 30
4.143253061242209
 11
1.1377764832798942
 21
-1.7028028415019656
 31
4.018252007883034
 12
0.9935567215768556
 22
-1.4869627150469544
 32
4.159853374320747
 13
0.9935567215768556
 23
-1.4869627150469544
 33
4.159853374320747
  0
3DFACE
  5
307
330
17
100
AcDbEntity
  8
MEMBRANA_3D
100
AcDbFace
 10
0.9935567215768556
 20
-1.4869627150469544
 30
4.159853374320747
 11
1.1377764832798942
 21
-1.7028028415019656
 31
4.018252007883034
 12
1.2848289836259374
 22
-1.565568646325821
 32
4.0309172902599615
 13
1.2848289836259374
 23
-1.565568646325821
 33
4.0309172902599615
  0
3DFACE
  5
308
330
17
100
AcDbEntity
  8
MEMBRANA_3D
100
AcDbFace
 10
0.9935567215768556
 20
-1.4869627150469544
 30
4.159853374320747
 11
1.2848289836259374
 21
-1.565568646325821
 31
4.0309172902599615
 12
1.1230221795252968
 22
-1.3684064850650672
 32
4.169435841947655
 13
1.1230221795252968
 23
-1.3684064850650672
 33
4.169435841947655
  0
3DFACE
  5
309
330
17
100
AcDbEntity
  8
MEMBRANA_3D
100
AcDbFace
 10
1.1230221795252968
 20
-1.3684064850650672
 30
4.169435841947655
 11
1.2848289836259374
 21
-1.565568646325821
 31
4.0309172902599615
 12
1.4268404691799972
 22
-1.4268404691799979
 32
4.035059079294299
 13
1.4268404691799972
 23
-1.4268404691799979
 33
4.035059079294299
  0
3DFACE
  5
30A
330
17
100
AcDbEntity
  8
MEMBRANA_3D
100
AcDbFace
 10
1.1230221795252968
 20
-1.3684064850650672
 30
4.169435841947655
 11
1.4268404691799972
 21
-1.4268404691799979
 31
4.035059079294299
 12
1.2475383925219798
 22
-1.2475383925219805
 32
4.172569491728043
 13
1.2475383925219798
 23
-1.2475383925219805
 33
4.172569491728043
  0
3DFACE
  5
30B
330
17
100
AcDbEntity
  8
MEMBRANA_3D
100
AcDbFace
 10
1.2475383925219798
 20
-1.2475383925219805
 30
4.172569491728043
 11
1.4268404691799972
 21
-1.4268404691799979
 31
4.035059079294299
 12
1.5655686463258205
 22
-1.2848289836259383
 32
4.0309172902599615
 13
1.5655686463258205
 23
-1.2848289836259383
 33
4.0309172902599615
  0
3DFACE
  5
30C
330
17
100
AcDbEntity
  8
MEMBRANA_3D
100
AcDbFace
 10
1.2475383925219798
 20
-1.2475383925219805
 30
4.172569491728043
 11
1.5655686463258205
 21
-1.2848289836259383
 31
4.0309172902599615
 12
1.3684064850650668
 22
-1.1230221795252975
 32
4.169435841947655
 13
1.3684064850650668
 23
-1.1230221795252975
 33
4.169435841947655
  0
3DFACE
  5
30D
330
17
100
AcDbEntity
  8
MEMBRANA_3D
100
AcDbFace
 10
1.3684064850650668
 20
-1.1230221795252975
 30
4.169435841947655
 11
1.5655686463258205
 21
-1.2848289836259383
 31
4.0309172902599615
 12
1.7028028415019651
 22
-1.137776483279895
 32
4.018252007883034
 13
1.7028028415019651
 23
-1.137776483279895
 33
4.018252007883034
  0
3DFACE
  5
30E
330
17
100
AcDbEntity
  8
MEMBRANA_3D
100
AcDbFace
 10
1.3684064850650668
 20
-1.1230221795252975
 30
4.169435841947655
 11
1.7028028415019651
 21
-1.137776483279895
 31
4.018252007883034
 12
1.4869627150469538
 22
-0.993556721576856
 32
4.159853374320747
 13
1.4869627150469538
 23
-0.993556721576856
 33
4.159853374320747
  0
3DFACE
  5
30F
330
17
100
AcDbEntity
  8
MEMBRANA_3D
100
AcDbFace
 10
1.4869627150469538
 20
-0.993556721576856
 30
4.159853374320747
 11
1.7028028415019651
 21
-1.137776483279895
 31
4.018252007883034
 12
1.8405344297135715
 22
-0.9837861487827444
 32
3.9963111403663305
 13
1.8405344297135715
 23
-0.9837861487827444
 33
3.9963111403663305
  0
3DFACE
  5
310
330
17
100
AcDbEntity
  8
MEMBRANA_3D
100
AcDbFace
 10
1.4869627150469538
 20
-0.993556721576856
 30
4.159853374320747
 11
1.8405344297135715
 21
-0.9837861487827444
 31
3.9963111403663305
 12
1.6047157334231104
 22
-0.8577384295500952
 32
4.143253061242209
 13
1.6047157334231104
 23
-0.8577384295500952
 33
4.143253061242209
  0
3DFACE
  5
311
330
17
100
AcDbEntity
  8
MEMBRANA_3D
100
AcDbFace
 10
1.6047157334231104
 20
-0.8577384295500952
 30
4.143253061242209
 11
1.8405344297135715
 21
-0.9837861487827444
 31
3.9963111403663305
 12
1.981156203175084
 22
-0.8206217685347084
 32
3.963725255063093
 13
1.981156203175084
 23
-0.8206217685347084
 33
3.963725255063093
  0
3DFACE
  5
312
330
17
100
AcDbEntity
  8
MEMBRANA_3D
100
AcDbFace
 10
1.6047157334231104
 20
-0.8577384295500952
 30
4.143253061242209
 11
1.981156203175084
 21
-0.8206217685347084
 31
3.963725255063093
 12
1.7235068924167598
 22
-0.7138999296825301
 32
4.118598799164228
 13
1.7235068924167598
 23
-0.7138999296825301
 33
4.118598799164228
  0
3DFACE
  5
313
330
17
100
AcDbEntity
  8
MEMBRANA_3D
100
AcDbFace
 10
1.7235068924167598
 20
-0.7138999296825301
 30
4.118598799164228
 11
1.981156203175084
 21
-0.8206217685347084
 31
3.963725255063093
 12
1.9970962332994575
 22
-0.6058125192161061
 32
3.9963111403663305
 13
1.9970962332994575
 23
-0.6058125192161061
 33
3.9963111403663305
  0
3DFACE
  5
314
330
17
100
AcDbEntity
  8
MEMBRANA_3D
100
AcDbFace
 10
1.7235068924167598
 20
-0.7138999296825301
 30
4.118598799164228
 11
1.9970962332994575
 21
-0.6058125192161061
 31
3.9963111403663305
 12
1.7412180369993973
 22
-0.5281927169610542
 32
4.143253061242209
 13
1.7412180369993973
 23
-0.5281927169610542
 33
4.143253061242209
  0
3DFACE
  5
315
330
17
100
AcDbEntity
  8
MEMBRANA_3D
100
AcDbFace
 10
1.7412180369993973
 20
-0.5281927169610542
 30
4.143253061242209
 11
1.9970962332994575
 21
-0.6058125192161061
 31
3.9963111403663305
 12
2.0085929030515572
 22
-0.39953396944796615
 32
4.018252007883034
 13
2.0085929030515572
 23
-0.39953396944796615
 33
4.018252007883034
  0
3DFACE
  5
316
330
17
100
AcDbEntity
  8
MEMBRANA_3D
100
AcDbFace
 10
1.7412180369993973
 20
-0.5281927169610542
 30
4.143253061242209
 11
2.0085929030515572
 21
-0.39953396944796615
 31
4.018252007883034
 12
1.7539921145017303
 22
-0.3488907238607922
 32
4.159853374320747
 13
1.7539921145017303
 23
-0.3488907238607922
 33
4.159853374320747
  0
3DFACE
  5
317
330
17
100
AcDbEntity
  8
MEMBRANA_3D
100
AcDbFace
 10
1.7539921145017303
 20
-0.3488907238607922
 30
4.159853374320747
 11
2.0085929030515572
 21
-0.39953396944796615
 31
4.018252007883034
 12
2.0155354932169516
 22
-0.1985129192431116
 32
4.0309172902599615
 13
2.0155354932169516
 23
-0.1985129192431116
 33
4.0309172902599615
  0
3DFACE
  5
318
330
17
100
AcDbEntity
  8
MEMBRANA_3D
100
AcDbFace
 10
1.7539921145017303
 20
-0.3488907238607922
 30
4.159853374320747
 11
2.0155354932169516
 21
-0.1985129192431116
 31
4.0309172902599615
 12
1.761706103574391
 22
-0.17351290644392334
 32
4.169435841947655
 13
1.761706103574391
 23
-0.17351290644392334
 33
4.169435841947655
  0
3DFACE
  5
319
330
17
100
AcDbEntity
  8
MEMBRANA_3D
100
AcDbFace
 10
1.761706103574391
 20
-0.17351290644392334
 30
4.169435841947655
 11
2.0155354932169516
 21
-0.1985129192431116
 31
4.0309172902599615
 12
2.017857142857143
 22
0.0
 32
4.035059079294299
 13
2.017857142857143
 23
0.0
 33
4.035059079294299
  0
3DFACE
  5
31A
330
17
100
AcDbEntity
  8
MEMBRANA_3D
100
AcDbFace
 10
1.761706103574391
 20
-0.17351290644392334
 30
4.169435841947655
 11
2.017857142857143
 21
0.0
 31
4.035059079294299
 12
1.7642857142857142
 22
0.0
 32
4.172569491728043
 13
1.7642857142857142
 23
0.0
 33
4.172569491728043
  0
3DFACE
  5
31B
330
17
100
AcDbEntity
  8
MEMBRANA_3D
100
AcDbFace
 10
2.017857142857143
 20
0.0
 30
4.035059079294299
 11
2.2714285714285714
 21
0.0
 31
3.8904555768506603
 12
2.2693648828595125
 22
0.22351293204230008
 32
3.885253646518717
 13
2.2693648828595125
 23
0.22351293204230008
 33
3.885253646518717
  0
3DFACE
  5
31C
330
17
100
AcDbEntity
  8
MEMBRANA_3D
100
AcDbFace
 10
2.017857142857143
 20
0.0
 30
4.035059079294299
 11
2.2693648828595125
 21
0.22351293204230008
 31
3.885253646518717
 12
2.0155354932169516
 22
0.1985129192431118
 32
4.0309172902599615
 13
2.0155354932169516
 23
0.1985129192431118
 33
4.0309172902599615
  0
3DFACE
  5
31D
330
17
100
AcDbEntity
  8
MEMBRANA_3D
100
AcDbFace
 10
2.0155354932169516
 20
0.1985129192431118
 30
4.0309172902599615
 11
2.2693648828595125
 21
0.22351293204230008
 31
3.885253646518717
 12
2.2631936916013844
 22
0.4501772150351389
 32
3.869346531015499
 13
2.2631936916013844
 23
0.4501772150351389
 33
3.869346531015499
  0
3DFACE
  5
31E
330
17
100
AcDbEntity
  8
MEMBRANA_3D
100
AcDbFace
 10
2.0155354932169516
 20
0.1985129192431118
 30
4.0309172902599615
 11
2.2631936916013844
 21
0.4501772150351389
 31
3.869346531015499
 12
2.0085929030515577
 22
0.3995339694479652
 32
4.018252007883034
 13
2.0085929030515577
 23
0.3995339694479652
 33
4.018252007883034
  0
3DFACE
  5
31F
330
17
100
AcDbEntity
  8
MEMBRANA_3D
100
AcDbFace
 10
2.0085929030515577
 20
0.3995339694479652
 30
4.018252007883034
 11
2.2631936916013844
 21
0.4501772150351389
 31
3.869346531015499
 12
2.2529744295995178
 22
0.6834323214711576
 32
3.841789631497424
 13
2.2529744295995178
 23
0.6834323214711576
 33
3.841789631497424
  0
3DFACE
  5
320
330
17
100
AcDbEntity
  8
MEMBRANA_3D
100
AcDbFace
 10
2.0085929030515577
 20
0.3995339694479652
 30
4.018252007883034
 11
2.2529744295995178
 21
0.6834323214711576
 31
3.841789631497424
 12
1.9970962332994575
 22
0.6058125192161058
 32
3.9963111403663305
 13
1.9970962332994575
 23
0.6058125192161058
 33
3.9963111403663305
  0
3DFACE
  5
321
330
17
100
AcDbEntity
  8
MEMBRANA_3D
100
AcDbFace
 10
1.9970962332994575
 20
0.6058125192161058
 30
3.9963111403663305
 11
2.2529744295995178
 21
0.6834323214711576
 31
3.841789631497424
 12
2.238805513933408
 22
0.9273436073868849
 32
3.8008629923695407
 13
2.238805513933408
 23
0.9273436073868849
 33
3.8008629923695407
  0
3DFACE
  5
322
330
17
100
AcDbEntity
  8
MEMBRANA_3D
100
AcDbFace
 10
1.9970962332994575
 20
0.6058125192161058
 30
3.9963111403663305
 11
2.238805513933408
 21
0.9273436073868849
 31
3.8008629923695407
 12
1.9811562031750845
 22
0.820621768534707
 32
3.963725255063093
 13
1.9811562031750845
 23
0.820621768534707
 33
3.963725255063093
  0
3DFACE
  5
323
330
17
100
AcDbEntity
  8
MEMBRANA_3D
100
AcDbFace
 10
1.9811562031750845
 20
0.820621768534707
 30
3.963725255063093
 11
2.238805513933408
 21
0.9273436073868849
 31
3.8008629923695407
 12
2.076353126004033
 22
1.109833868015393
 32
3.841789631497424
 13
2.076353126004033
 23
1.109833868015393
 33
3.841789631497424
  0
3DFACE
  5
324
330
17
100
AcDbEntity
  8
MEMBRANA_3D
100
AcDbFace
 10
1.9811562031750845
 20
0.820621768534707
 30
3.963725255063093
 11
2.076353126004033
 21
1.109833868015393
 31
3.841789631497424
 12
1.840534429713572
 22
0.9837861487827438
 32
3.9963111403663305
 13
1.840534429713572
 23
0.9837861487827438
 33
3.9963111403663305
  0
3DFACE
  5
325
330
17
100
AcDbEntity
  8
MEMBRANA_3D
100
AcDbFace
 10
1.840534429713572
 20
0.9837861487827438
 30
3.9963111403663305
 11
2.076353126004033
 21
1.109833868015393
 31
3.841789631497424
 12
1.918642967956976
 22
1.2819962449829332
 32
3.869346531015499
 13
1.918642967956976
 23
1.2819962449829332
 33
3.869346531015499
  0
3DFACE
  5
326
330
17
100
AcDbEntity
  8
MEMBRANA_3D
100
AcDbFace
 10
1.840534429713572
 20
0.9837861487827438
 30
3.9963111403663305
 11
1.918642967956976
 21
1.2819962449829332
 31
3.869346531015499
 12
1.7028028415019651
 22
1.137776483279895
 32
4.018252007883034
 13
1.7028028415019651
 23
1.137776483279895
 33
4.018252007883034
  0
3DFACE
  5
327
330
17
100
AcDbEntity
  8
MEMBRANA_3D
100
AcDbFace
 10
1.7028028415019651
 20
1.137776483279895
 30
4.018252007883034
 11
1.918642967956976
 21
1.2819962449829332
 31
3.869346531015499
 12
1.7627308075865749
 22
1.446635787726578
 32
3.885253646518717
 13
1.7627308075865749
 23
1.446635787726578
 33
3.885253646518717
  0
3DFACE
  5
328
330
17
100
AcDbEntity
  8
MEMBRANA_3D
100
AcDbFace
 10
1.7028028415019651
 20
1.137776483279895
 30
4.018252007883034
 11
1.7627308075865749
 21
1.446635787726578
 31
3.885253646518717
 12
1.5655686463258212
 22
1.2848289836259372
 32
4.0309172902599615
 13
1.5655686463258212
 23
1.2848289836259372
 33
4.0309172902599615
  0
3DFACE
  5
329
330
17
100
AcDbEntity
  8
MEMBRANA_3D
100
AcDbFace
 10
1.5655686463258212
 20
1.2848289836259372
 30
4.0309172902599615
 11
1.7627308075865749
 21
1.446635787726578
 31
3.885253646518717
 12
1.6061425458380152
 22
1.606142545838015
 32
3.8904555768506603
 13
1.6061425458380152
 23
1.606142545838015
 33
3.8904555768506603
  0
3DFACE
  5
32A
330
17
100
AcDbEntity
  8
MEMBRANA_3D
100
AcDbFace
 10
1.5655686463258212
 20
1.2848289836259372
 30
4.0309172902599615
 11
1.6061425458380152
 21
1.606142545838015
 31
3.8904555768506603
 12
1.4268404691799976
 22
1.4268404691799974
 32
4.035059079294299
 13
1.4268404691799976
 23
1.4268404691799974
 33
4.035059079294299
  0
3DFACE
  5
32B
330
17
100
AcDbEntity
  8
MEMBRANA_3D
100
AcDbFace
 10
1.4268404691799976
 20
1.4268404691799974
 30
4.035059079294299
 11
1.6061425458380152
 21
1.606142545838015
 31
3.8904555768506603
 12
1.446635787726578
 22
1.7627308075865749
 32
3.885253646518717
 13
1.446635787726578
 23
1.7627308075865749
 33
3.885253646518717
  0
3DFACE
  5
32C
330
17
100
AcDbEntity
  8
MEMBRANA_3D
100
AcDbFace
 10
1.4268404691799976
 20
1.4268404691799974
 30
4.035059079294299
 11
1.446635787726578
 21
1.7627308075865749
 31
3.885253646518717
 12
1.2848289836259372
 22
1.5655686463258212
 32
4.0309172902599615
 13
1.2848289836259372
 23
1.5655686463258212
 33
4.0309172902599615
  0
3DFACE
  5
32D
330
17
100
AcDbEntity
  8
MEMBRANA_3D
100
AcDbFace
 10
1.2848289836259372
 20
1.5655686463258212
 30
4.0309172902599615
 11
1.446635787726578
 21
1.7627308075865749
 31
3.885253646518717
 12
1.2819962449829334
 22
1.918642967956976
 32
3.869346531015499
 13
1.2819962449829334
 23
1.918642967956976
 33
3.869346531015499
  0
3DFACE
  5
32E
330
17
100
AcDbEntity
  8
MEMBRANA_3D
100
AcDbFace
 10
1.2848289836259372
 20
1.5655686463258212
 30
4.0309172902599615
 11
1.2819962449829334
 21
1.918642967956976
 31
3.869346531015499
 12
1.1377764832798951
 22
1.7028028415019651
 32
4.018252007883034
 13
1.1377764832798951
 23
1.7028028415019651
 33
4.018252007883034
  0
3DFACE
  5
32F
330
17
100
AcDbEntity
  8
MEMBRANA_3D
100
AcDbFace
 10
1.1377764832798951
 20
1.7028028415019651
 30
4.018252007883034
 11
1.2819962449829334
 21
1.918642967956976
 31
3.869346531015499
 12
1.1098338680153932
 22
2.0763531260040327
 32
3.841789631497424
 13
1.1098338680153932
 23
2.0763531260040327
 33
3.841789631497424
  0
3DFACE
  5
330
330
17
100
AcDbEntity
  8
MEMBRANA_3D
100
AcDbFace
 10
1.1377764832798951
 20
1.7028028415019651
 30
4.018252007883034
 11
1.1098338680153932
 21
2.0763531260040327
 31
3.841789631497424
 12
0.9837861487827442
 22
1.8405344297135717
 32
3.9963111403663305
 13
0.9837861487827442
 23
1.8405344297135717
 33
3.9963111403663305
  0
3DFACE
  5
331
330
17
100
AcDbEntity
  8
MEMBRANA_3D
100
AcDbFace
 10
0.9837861487827442
 20
1.8405344297135717
 30
3.9963111403663305
 11
1.1098338680153932
 21
2.0763531260040327
 31
3.841789631497424
 12
0.927343607386885
 22
2.238805513933408
 32
3.8008629923695407
 13
0.927343607386885
 23
2.238805513933408
 33
3.8008629923695407
  0
3DFACE
  5
332
330
17
100
AcDbEntity
  8
MEMBRANA_3D
100
AcDbFace
 10
0.9837861487827442
 20
1.8405344297135717
 30
3.9963111403663305
 11
0.927343607386885
 21
2.238805513933408
 31
3.8008629923695407
 12
0.8206217685347071
 22
1.9811562031750845
 32
3.963725255063093
 13
0.8206217685347071
 23
1.9811562031750845
 33
3.963725255063093
  0
3DFACE
  5
333
330
17
100
AcDbEntity
  8
MEMBRANA_3D
100
AcDbFace
 10
0.8206217685347071
 20
1.9811562031750845
 30
3.963725255063093
 11
0.927343607386885
 21
2.238805513933408
 31
3.8008629923695407
 12
0.6834323214711575
 22
2.2529744295995178
 32
3.841789631497424
 13
0.6834323214711575
 23
2.2529744295995178
 33
3.841789631497424
  0
3DFACE
  5
334
330
17
100
AcDbEntity
  8
MEMBRANA_3D
100
AcDbFace
 10
0.8206217685347071
 20
1.9811562031750845
 30
3.963725255063093
 11
0.6834323214711575
 21
2.2529744295995178
 31
3.841789631497424
 12
0.6058125192161058
 22
1.9970962332994577
 32
3.9963111403663305
 13
0.6058125192161058
 23
1.9970962332994577
 33
3.9963111403663305
  0
3DFACE
  5
335
330
17
100
AcDbEntity
  8
MEMBRANA_3D
100
AcDbFace
 10
0.6058125192161058
 20
1.9970962332994577
 30
3.9963111403663305
 11
0.6834323214711575
 21
2.2529744295995178
 31
3.841789631497424
 12
0.45017721503513913
 22
2.2631936916013844
 32
3.869346531015499
 13
0.45017721503513913
 23
2.2631936916013844
 33
3.869346531015499
  0
3DFACE
  5
336
330
17
100
AcDbEntity
  8
MEMBRANA_3D
100
AcDbFace
 10
0.6058125192161058
 20
1.9970962332994577
 30
3.9963111403663305
 11
0.45017721503513913
 21
2.2631936916013844
 31
3.869346531015499
 12
0.3995339694479654
 22
2.0085929030515577
 32
4.018252007883034
 13
0.3995339694479654
 23
2.0085929030515577
 33
4.018252007883034
  0
3DFACE
  5
337
330
17
100
AcDbEntity
  8
MEMBRANA_3D
100
AcDbFace
 10
0.3995339694479654
 20
2.0085929030515577
 30
4.018252007883034
 11
0.45017721503513913
 21
2.2631936916013844
 31
3.869346531015499
 12
0.22351293204230044
 22
2.2693648828595125
 32
3.885253646518717
 13
0.22351293204230044
 23
2.2693648828595125
 33
3.885253646518717
  0
3DFACE
  5
338
330
17
100
AcDbEntity
  8
MEMBRANA_3D
100
AcDbFace
 10
0.3995339694479654
 20
2.0085929030515577
 30
4.018252007883034
 11
0.22351293204230044
 21
2.2693648828595125
 31
3.885253646518717
 12
0.19851291924311212
 22
2.0155354932169516
 32
4.0309172902599615
 13
0.19851291924311212
 23
2.0155354932169516
 33
4.0309172902599615
  0
3DFACE
  5
339
330
17
100
AcDbEntity
  8
MEMBRANA_3D
100
AcDbFace
 10
0.19851291924311212
 20
2.0155354932169516
 30
4.0309172902599615
 11
0.22351293204230044
 21
2.2693648828595125
 31
3.885253646518717
 12
1.3908488647459224e-16
 22
2.2714285714285714
 32
3.8904555768506603
 13
1.3908488647459224e-16
 23
2.2714285714285714
 33
3.8904555768506603
  0
3DFACE
  5
33A
330
17
100
AcDbEntity
  8
MEMBRANA_3D
100
AcDbFace
 10
0.19851291924311212
 20
2.0155354932169516
 30
4.0309172902599615
 11
1.3908488647459224e-16
 21
2.2714285714285714
 31
3.8904555768506603
 12
1.2355811455683116e-16
 22
2.017857142857143
 32
4.035059079294299
 13
1.2355811455683116e-16
 23
2.017857142857143
 33
4.035059079294299
  0
3DFACE
  5
33B
330
17
100
AcDbEntity
  8
MEMBRANA_3D
100
AcDbFace
 10
1.2355811455683116e-16
 20
2.017857142857143
 30
4.035059079294299
 11
1.3908488647459224e-16
 21
2.2714285714285714
 31
3.8904555768506603
 12
-0.22351293204230016
 22
2.2693648828595125
 32
3.885253646518717
 13
-0.22351293204230016
 23
2.2693648828595125
 33
3.885253646518717
  0
3DFACE
  5
33C
330
17
100
AcDbEntity
  8
MEMBRANA_3D
100
AcDbFace
 10
1.2355811455683116e-16
 20
2.017857142857143
 30
4.035059079294299
 11
-0.22351293204230016
 21
2.2693648828595125
 31
3.885253646518717
 12
-0.19851291924311187
 22
2.0155354932169516
 32
4.0309172902599615
 13
-0.19851291924311187
 23
2.0155354932169516
 33
4.0309172902599615
  0
3DFACE
  5
33D
330
17
100
AcDbEntity
  8
MEMBRANA_3D
100
AcDbFace
 10
-0.19851291924311187
 20
2.0155354932169516
 30
4.0309172902599615
 11
-0.22351293204230016
 21
2.2693648828595125
 31
3.885253646518717
 12
-0.4501772150351388
 22
2.2631936916013844
 32
3.869346531015499
 13
-0.4501772150351388
 23
2.2631936916013844
 33
3.869346531015499
  0
3DFACE
  5
33E
330
17
100
AcDbEntity
  8
MEMBRANA_3D
100
AcDbFace
 10
-0.19851291924311187
 20
2.0155354932169516
 30
4.0309172902599615
 11
-0.4501772150351388
 21
2.2631936916013844
 31
3.869346531015499
 12
-0.3995339694479651
 22
2.0085929030515577
 32
4.018252007883034
 13
-0.3995339694479651
 23
2.0085929030515577
 33
4.018252007883034
  0
3DFACE
  5
33F
330
17
100
AcDbEntity
  8
MEMBRANA_3D
100
AcDbFace
 10
-0.3995339694479651
 20
2.0085929030515577
 30
4.018252007883034
 11
-0.4501772150351388
 21
2.2631936916013844
 31
3.869346531015499
 12
-0.6834323214711571
 22
2.2529744295995178
 32
3.841789631497424
 13
-0.6834323214711571
 23
2.2529744295995178
 33
3.841789631497424
  0
3DFACE
  5
340
330
17
100
AcDbEntity
  8
MEMBRANA_3D
100
AcDbFace
 10
-0.3995339694479651
 20
2.0085929030515577
 30
4.018252007883034
 11
-0.6834323214711571
 21
2.2529744295995178
 31
3.841789631497424
 12
-0.6058125192161055
 22
1.9970962332994577
 32
3.9963111403663305
 13
-0.6058125192161055
 23
1.9970962332994577
 33
3.9963111403663305
  0
3DFACE
  5
341
330
17
100
AcDbEntity
  8
MEMBRANA_3D
100
AcDbFace
 10
-0.6058125192161055
 20
1.9970962332994577
 30
3.9963111403663305
 11
-0.6834323214711571
 21
2.2529744295995178
 31
3.841789631497424
 12
-0.9273436073868848
 22
2.238805513933408
 32
3.8008629923695407
 13
-0.9273436073868848
 23
2.238805513933408
 33
3.8008629923695407
  0
3DFACE
  5
342
330
17
100
AcDbEntity
  8
MEMBRANA_3D
100
AcDbFace
 10
-0.6058125192161055
 20
1.9970962332994577
 30
3.9963111403663305
 11
-0.9273436073868848
 21
2.238805513933408
 31
3.8008629923695407
 12
-0.8206217685347069
 22
1.9811562031750845
 32
3.963725255063093
 13
-0.8206217685347069
 23
1.9811562031750845
 33
3.963725255063093
  0
3DFACE
  5
343
330
17
100
AcDbEntity
  8
MEMBRANA_3D
100
AcDbFace
 10
-0.8206217685347069
 20
1.9811562031750845
 30
3.963725255063093
 11
-0.9273436073868848
 21
2.238805513933408
 31
3.8008629923695407
 12
-1.109833868015393
 22
2.076353126004033
 32
3.841789631497424
 13
-1.109833868015393
 23
2.076353126004033
 33
3.841789631497424
  0
3DFACE
  5
344
330
17
100
AcDbEntity
  8
MEMBRANA_3D
100
AcDbFace
 10
-0.8206217685347069
 20
1.9811562031750845
 30
3.963725255063093
 11
-1.109833868015393
 21
2.076353126004033
 31
3.841789631497424
 12
-0.983786148782744
 22
1.840534429713572
 32
3.9963111403663305
 13
-0.983786148782744
 23
1.840534429713572
 33
3.9963111403663305
  0
3DFACE
  5
345
330
17
100
AcDbEntity
  8
MEMBRANA_3D
100
AcDbFace
 10
-0.983786148782744
 20
1.840534429713572
 30
3.9963111403663305
 11
-1.109833868015393
 21
2.076353126004033
 31
3.841789631497424
 12
-1.2819962449829327
 22
1.9186429679569765
 32
3.869346531015499
 13
-1.2819962449829327
 23
1.9186429679569765
 33
3.869346531015499
  0
3DFACE
  5
346
330
17
100
AcDbEntity
  8
MEMBRANA_3D
100
AcDbFace
 10
-0.983786148782744
 20
1.840534429713572
 30
3.9963111403663305
 11
-1.2819962449829327
 21
1.9186429679569765
 31
3.869346531015499
 12
-1.1377764832798944
 22
1.7028028415019656
 32
4.018252007883034
 13
-1.1377764832798944
 23
1.7028028415019656
 33
4.018252007883034
  0
3DFACE
  5
347
330
17
100
AcDbEntity
  8
MEMBRANA_3D
100
AcDbFace
 10
-1.1377764832798944
 20
1.7028028415019656
 30
4.018252007883034
 11
-1.2819962449829327
 21
1.9186429679569765
 31
3.869346531015499
 12
-1.4466357877265779
 22
1.762730807586575
 32
3.885253646518717
 13
-1.4466357877265779
 23
1.762730807586575
 33
3.885253646518717
  0
3DFACE
  5
348
330
17
100
AcDbEntity
  8
MEMBRANA_3D
100
AcDbFace
 10
-1.1377764832798944
 20
1.7028028415019656
 30
4.018252007883034
 11
-1.4466357877265779
 21
1.762730807586575
 31
3.885253646518717
 12
-1.284828983625937
 22
1.5655686463258214
 32
4.0309172902599615
 13
-1.284828983625937
 23
1.5655686463258214
 33
4.0309172902599615
  0
3DFACE
  5
349
330
17
100
AcDbEntity
  8
MEMBRANA_3D
100
AcDbFace
 10
-1.284828983625937
 20
1.5655686463258214
 30
4.0309172902599615
 11
-1.4466357877265779
 21
1.762730807586575
 31
3.885253646518717
 12
-1.606142545838015
 22
1.6061425458380152
 32
3.8904555768506603
 13
-1.606142545838015
 23
1.6061425458380152
 33
3.8904555768506603
  0
3DFACE
  5
34A
330
17
100
AcDbEntity
  8
MEMBRANA_3D
100
AcDbFace
 10
-1.284828983625937
 20
1.5655686463258214
 30
4.0309172902599615
 11
-1.606142545838015
 21
1.6061425458380152
 31
3.8904555768506603
 12
-1.4268404691799974
 22
1.4268404691799976
 32
4.035059079294299
 13
-1.4268404691799974
 23
1.4268404691799976
 33
4.035059079294299
  0
3DFACE
  5
34B
330
17
100
AcDbEntity
  8
MEMBRANA_3D
100
AcDbFace
 10
-1.4268404691799974
 20
1.4268404691799976
 30
4.035059079294299
 11
-1.606142545838015
 21
1.6061425458380152
 31
3.8904555768506603
 12
-1.7627308075865749
 22
1.446635787726578
 32
3.885253646518717
 13
-1.7627308075865749
 23
1.446635787726578
 33
3.885253646518717
  0
3DFACE
  5
34C
330
17
100
AcDbEntity
  8
MEMBRANA_3D
100
AcDbFace
 10
-1.4268404691799974
 20
1.4268404691799976
 30
4.035059079294299
 11
-1.7627308075865749
 21
1.446635787726578
 31
3.885253646518717
 12
-1.5655686463258212
 22
1.2848289836259372
 32
4.0309172902599615
 13
-1.5655686463258212
 23
1.2848289836259372
 33
4.0309172902599615
  0
3DFACE
  5
34D
330
17
100
AcDbEntity
  8
MEMBRANA_3D
100
AcDbFace
 10
-1.5655686463258212
 20
1.2848289836259372
 30
4.0309172902599615
 11
-1.7627308075865749
 21
1.446635787726578
 31
3.885253646518717
 12
-1.9186429679569763
 22
1.2819962449829332
 32
3.869346531015499
 13
-1.9186429679569763
 23
1.2819962449829332
 33
3.869346531015499
  0
3DFACE
  5
34E
330
17
100
AcDbEntity
  8
MEMBRANA_3D
100
AcDbFace
 10
-1.5655686463258212
 20
1.2848289836259372
 30
4.0309172902599615
 11
-1.9186429679569763
 21
1.2819962449829332
 31
3.869346531015499
 12
-1.7028028415019654
 22
1.137776483279895
 32
4.018252007883034
 13
-1.7028028415019654
 23
1.137776483279895
 33
4.018252007883034
  0
3DFACE
  5
34F
330
17
100
AcDbEntity
  8
MEMBRANA_3D
100
AcDbFace
 10
-1.7028028415019654
 20
1.137776483279895
 30
4.018252007883034
 11
-1.9186429679569763
 21
1.2819962449829332
 31
3.869346531015499
 12
-2.0763531260040327
 22
1.1098338680153934
 32
3.841789631497424
 13
-2.0763531260040327
 23
1.1098338680153934
 33
3.841789631497424
  0
3DFACE
  5
350
330
17
100
AcDbEntity
  8
MEMBRANA_3D
100
AcDbFace
 10
-1.7028028415019654
 20
1.137776483279895
 30
4.018252007883034
 11
-2.0763531260040327
 21
1.1098338680153934
 31
3.841789631497424
 12
-1.8405344297135717
 22
0.9837861487827443
 32
3.9963111403663305
 13
-1.8405344297135717
 23
0.9837861487827443
 33
3.9963111403663305
  0
3DFACE
  5
351
330
17
100
AcDbEntity
  8
MEMBRANA_3D
100
AcDbFace
 10
-1.8405344297135717
 20
0.9837861487827443
 30
3.9963111403663305
 11
-2.0763531260040327
 21
1.1098338680153934
 31
3.841789631497424
 12
-2.238805513933408
 22
0.9273436073868851
 32
3.8008629923695407
 13
-2.238805513933408
 23
0.9273436073868851
 33
3.8008629923695407
  0
3DFACE
  5
352
330
17
100
AcDbEntity
  8
MEMBRANA_3D
100
AcDbFace
 10
-1.8405344297135717
 20
0.9837861487827443
 30
3.9963111403663305
 11
-2.238805513933408
 21
0.9273436073868851
 31
3.8008629923695407
 12
-1.9811562031750845
 22
0.8206217685347073
 32
3.963725255063093
 13
-1.9811562031750845
 23
0.8206217685347073
 33
3.963725255063093
  0
3DFACE
  5
353
330
17
100
AcDbEntity
  8
MEMBRANA_3D
100
AcDbFace
 10
-1.9811562031750845
 20
0.8206217685347073
 30
3.963725255063093
 11
-2.238805513933408
 21
0.9273436073868851
 31
3.8008629923695407
 12
-2.2529744295995178
 22
0.6834323214711576
 32
3.841789631497424
 13
-2.2529744295995178
 23
0.6834323214711576
 33
3.841789631497424
  0
3DFACE
  5
354
330
17
100
AcDbEntity
  8
MEMBRANA_3D
100
AcDbFace
 10
-1.9811562031750845
 20
0.8206217685347073
 30
3.963725255063093
 11
-2.2529744295995178
 21
0.6834323214711576
 31
3.841789631497424
 12
-1.9970962332994575
 22
0.6058125192161059
 32
3.9963111403663305
 13
-1.9970962332994575
 23
0.6058125192161059
 33
3.9963111403663305
  0
3DFACE
  5
355
330
17
100
AcDbEntity
  8
MEMBRANA_3D
100
AcDbFace
 10
-1.9970962332994575
 20
0.6058125192161059
 30
3.9963111403663305
 11
-2.2529744295995178
 21
0.6834323214711576
 31
3.841789631497424
 12
-2.2631936916013844
 22
0.45017721503513974
 32
3.869346531015499
 13
-2.2631936916013844
 23
0.45017721503513974
 33
3.869346531015499
  0
3DFACE
  5
356
330
17
100
AcDbEntity
  8
MEMBRANA_3D
100
AcDbFace
 10
-1.9970962332994575
 20
0.6058125192161059
 30
3.9963111403663305
 11
-2.2631936916013844
 21
0.45017721503513974
 31
3.869346531015499
 12
-2.0085929030515577
 22
0.39953396944796593
 32
4.018252007883034
 13
-2.0085929030515577
 23
0.39953396944796593
 33
4.018252007883034
  0
3DFACE
  5
357
330
17
100
AcDbEntity
  8
MEMBRANA_3D
100
AcDbFace
 10
-2.0085929030515577
 20
0.39953396944796593
 30
4.018252007883034
 11
-2.2631936916013844
 21
0.45017721503513974
 31
3.869346531015499
 12
-2.2693648828595125
 22
0.22351293204230058
 32
3.885253646518717
 13
-2.2693648828595125
 23
0.22351293204230058
 33
3.885253646518717
  0
3DFACE
  5
358
330
17
100
AcDbEntity
  8
MEMBRANA_3D
100
AcDbFace
 10
-2.0085929030515577
 20
0.39953396944796593
 30
4.018252007883034
 11
-2.2693648828595125
 21
0.22351293204230058
 31
3.885253646518717
 12
-2.0155354932169516
 22
0.19851291924311223
 32
4.0309172902599615
 13
-2.0155354932169516
 23
0.19851291924311223
 33
4.0309172902599615
  0
3DFACE
  5
359
330
17
100
AcDbEntity
  8
MEMBRANA_3D
100
AcDbFace
 10
-2.0155354932169516
 20
0.19851291924311223
 30
4.0309172902599615
 11
-2.2693648828595125
 21
0.22351293204230058
 31
3.885253646518717
 12
-2.2714285714285714
 22
2.781697729491845e-16
 32
3.8904555768506603
 13
-2.2714285714285714
 23
2.781697729491845e-16
 33
3.8904555768506603
  0
3DFACE
  5
35A
330
17
100
AcDbEntity
  8
MEMBRANA_3D
100
AcDbFace
 10
-2.0155354932169516
 20
0.19851291924311223
 30
4.0309172902599615
 11
-2.2714285714285714
 21
2.781697729491845e-16
 31
3.8904555768506603
 12
-2.017857142857143
 22
2.471162291136623e-16
 32
4.035059079294299
 13
-2.017857142857143
 23
2.471162291136623e-16
 33
4.035059079294299
  0
3DFACE
  5
35B
330
17
100
AcDbEntity
  8
MEMBRANA_3D
100
AcDbFace
 10
-2.017857142857143
 20
2.471162291136623e-16
 30
4.035059079294299
 11
-2.2714285714285714
 21
2.781697729491845e-16
 31
3.8904555768506603
 12
-2.2693648828595125
 22
-0.22351293204230002
 32
3.885253646518717
 13
-2.2693648828595125
 23
-0.22351293204230002
 33
3.885253646518717
  0
3DFACE
  5
35C
330
17
100
AcDbEntity
  8
MEMBRANA_3D
100
AcDbFace
 10
-2.017857142857143
 20
2.471162291136623e-16
 30
4.035059079294299
 11
-2.2693648828595125
 21
-0.22351293204230002
 31
3.885253646518717
 12
-2.0155354932169516
 22
-0.19851291924311176
 32
4.0309172902599615
 13
-2.0155354932169516
 23
-0.19851291924311176
 33
4.0309172902599615
  0
3DFACE
  5
35D
330
17
100
AcDbEntity
  8
MEMBRANA_3D
100
AcDbFace
 10
-2.0155354932169516
 20
-0.19851291924311176
 30
4.0309172902599615
 11
-2.2693648828595125
 21
-0.22351293204230002
 31
3.885253646518717
 12
-2.2631936916013844
 22
-0.4501772150351392
 32
3.869346531015499
 13
-2.2631936916013844
 23
-0.4501772150351392
 33
3.869346531015499
  0
3DFACE
  5
35E
330
17
100
AcDbEntity
  8
MEMBRANA_3D
100
AcDbFace
 10
-2.0155354932169516
 20
-0.19851291924311176
 30
4.0309172902599615
 11
-2.2631936916013844
 21
-0.4501772150351392
 31
3.869346531015499
 12
-2.0085929030515577
 22
-0.39953396944796543
 32
4.018252007883034
 13
-2.0085929030515577
 23
-0.39953396944796543
 33
4.018252007883034
  0
3DFACE
  5
35F
330
17
100
AcDbEntity
  8
MEMBRANA_3D
100
AcDbFace
 10
-2.0085929030515577
 20
-0.39953396944796543
 30
4.018252007883034
 11
-2.2631936916013844
 21
-0.4501772150351392
 31
3.869346531015499
 12
-2.2529744295995178
 22
-0.683432321471157
 32
3.841789631497424
 13
-2.2529744295995178
 23
-0.683432321471157
 33
3.841789631497424
  0
3DFACE
  5
360
330
17
100
AcDbEntity
  8
MEMBRANA_3D
100
AcDbFace
 10
-2.0085929030515577
 20
-0.39953396944796543
 30
4.018252007883034
 11
-2.2529744295995178
 21
-0.683432321471157
 31
3.841789631497424
 12
-1.9970962332994577
 22
-0.6058125192161053
 32
3.9963111403663305
 13
-1.9970962332994577
 23
-0.6058125192161053
 33
3.9963111403663305
  0
3DFACE
  5
361
330
17
100
AcDbEntity
  8
MEMBRANA_3D
100
AcDbFace
 10
-1.9970962332994577
 20
-0.6058125192161053
 30
3.9963111403663305
 11
-2.2529744295995178
 21
-0.683432321471157
 31
3.841789631497424
 12
-2.2388055139334084
 22
-0.9273436073868846
 32
3.8008629923695407
 13
-2.2388055139334084
 23
-0.9273436073868846
 33
3.8008629923695407
  0
3DFACE
  5
362
330
17
100
AcDbEntity
  8
MEMBRANA_3D
100
AcDbFace
 10
-1.9970962332994577
 20
-0.6058125192161053
 30
3.9963111403663305
 11
-2.2388055139334084
 21
-0.9273436073868846
 31
3.8008629923695407
 12
-1.9811562031750847
 22
-0.8206217685347068
 32
3.963725255063093
 13
-1.9811562031750847
 23
-0.8206217685347068
 33
3.963725255063093
  0
3DFACE
  5
363
330
17
100
AcDbEntity
  8
MEMBRANA_3D
100
AcDbFace
 10
-1.9811562031750847
 20
-0.8206217685347068
 30
3.963725255063093
 11
-2.2388055139334084
 21
-0.9273436073868846
 31
3.8008629923695407
 12
-2.076353126004033
 22
-1.1098338680153927
 32
3.841789631497424
 13
-2.076353126004033
 23
-1.1098338680153927
 33
3.841789631497424
  0
3DFACE
  5
364
330
17
100
AcDbEntity
  8
MEMBRANA_3D
100
AcDbFace
 10
-1.9811562031750847
 20
-0.8206217685347068
 30
3.963725255063093
 11
-2.076353126004033
 21
-1.1098338680153927
 31
3.841789631497424
 12
-1.840534429713572
 22
-0.9837861487827438
 32
3.9963111403663305
 13
-1.840534429713572
 23
-0.9837861487827438
 33
3.9963111403663305
  0
3DFACE
  5
365
330
17
100
AcDbEntity
  8
MEMBRANA_3D
100
AcDbFace
 10
-1.840534429713572
 20
-0.9837861487827438
 30
3.9963111403663305
 11
-2.076353126004033
 21
-1.1098338680153927
 31
3.841789631497424
 12
-1.9186429679569765
 22
-1.2819962449829327
 32
3.869346531015499
 13
-1.9186429679569765
 23
-1.2819962449829327
 33
3.869346531015499
  0
3DFACE
  5
366
330
17
100
AcDbEntity
  8
MEMBRANA_3D
100
AcDbFace
 10
-1.840534429713572
 20
-0.9837861487827438
 30
3.9963111403663305
 11
-1.9186429679569765
 21
-1.2819962449829327
 31
3.869346531015499
 12
-1.7028028415019656
 22
-1.1377764832798944
 32
4.018252007883034
 13
-1.7028028415019656
 23
-1.1377764832798944
 33
4.018252007883034
  0
3DFACE
  5
367
330
17
100
AcDbEntity
  8
MEMBRANA_3D
100
AcDbFace
 10
-1.7028028415019656
 20
-1.1377764832798944
 30
4.018252007883034
 11
-1.9186429679569765
 21
-1.2819962449829327
 31
3.869346531015499
 12
-1.762730807586575
 22
-1.4466357877265776
 32
3.885253646518717
 13
-1.762730807586575
 23
-1.4466357877265776
 33
3.885253646518717
  0
3DFACE
  5
368
330
17
100
AcDbEntity
  8
MEMBRANA_3D
100
AcDbFace
 10
-1.7028028415019656
 20
-1.1377764832798944
 30
4.018252007883034
 11
-1.762730807586575
 21
-1.4466357877265776
 31
3.885253646518717
 12
-1.5655686463258214
 22
-1.2848289836259368
 32
4.0309172902599615
 13
-1.5655686463258214
 23
-1.2848289836259368
 33
4.0309172902599615
  0
3DFACE
  5
369
330
17
100
AcDbEntity
  8
MEMBRANA_3D
100
AcDbFace
 10
-1.5655686463258214
 20
-1.2848289836259368
 30
4.0309172902599615
 11
-1.762730807586575
 21
-1.4466357877265776
 31
3.885253646518717
 12
-1.6061425458380154
 22
-1.606142545838015
 32
3.8904555768506603
 13
-1.6061425458380154
 23
-1.606142545838015
 33
3.8904555768506603
  0
3DFACE
  5
36A
330
17
100
AcDbEntity
  8
MEMBRANA_3D
100
AcDbFace
 10
-1.5655686463258214
 20
-1.2848289836259368
 30
4.0309172902599615
 11
-1.6061425458380154
 21
-1.606142545838015
 31
3.8904555768506603
 12
-1.4268404691799979
 22
-1.4268404691799974
 32
4.035059079294299
 13
-1.4268404691799979
 23
-1.4268404691799974
 33
4.035059079294299
  0
3DFACE
  5
36B
330
17
100
AcDbEntity
  8
MEMBRANA_3D
100
AcDbFace
 10
-1.4268404691799979
 20
-1.4268404691799974
 30
4.035059079294299
 11
-1.6061425458380154
 21
-1.606142545838015
 31
3.8904555768506603
 12
-1.4466357877265792
 22
-1.7627308075865742
 32
3.885253646518717
 13
-1.4466357877265792
 23
-1.7627308075865742
 33
3.885253646518717
  0
3DFACE
  5
36C
330
17
100
AcDbEntity
  8
MEMBRANA_3D
100
AcDbFace
 10
-1.4268404691799979
 20
-1.4268404691799974
 30
4.035059079294299
 11
-1.4466357877265792
 21
-1.7627308075865742
 31
3.885253646518717
 12
-1.2848289836259383
 22
-1.5655686463258205
 32
4.0309172902599615
 13
-1.2848289836259383
 23
-1.5655686463258205
 33
4.0309172902599615
  0
3DFACE
  5
36D
330
17
100
AcDbEntity
  8
MEMBRANA_3D
100
AcDbFace
 10
-1.2848289836259383
 20
-1.5655686463258205
 30
4.0309172902599615
 11
-1.4466357877265792
 21
-1.7627308075865742
 31
3.885253646518717
 12
-1.2819962449829332
 22
-1.918642967956976
 32
3.869346531015499
 13
-1.2819962449829332
 23
-1.918642967956976
 33
3.869346531015499
  0
3DFACE
  5
36E
330
17
100
AcDbEntity
  8
MEMBRANA_3D
100
AcDbFace
 10
-1.2848289836259383
 20
-1.5655686463258205
 30
4.0309172902599615
 11
-1.2819962449829332
 21
-1.918642967956976
 31
3.869346531015499
 12
-1.137776483279895
 22
-1.7028028415019651
 32
4.018252007883034
 13
-1.137776483279895
 23
-1.7028028415019651
 33
4.018252007883034
  0
3DFACE
  5
36F
330
17
100
AcDbEntity
  8
MEMBRANA_3D
100
AcDbFace
 10
-1.137776483279895
 20
-1.7028028415019651
 30
4.018252007883034
 11
-1.2819962449829332
 21
-1.918642967956976
 31
3.869346531015499
 12
-1.1098338680153934
 22
-2.0763531260040327
 32
3.841789631497424
 13
-1.1098338680153934
 23
-2.0763531260040327
 33
3.841789631497424
  0
3DFACE
  5
370
330
17
100
AcDbEntity
  8
MEMBRANA_3D
100
AcDbFace
 10
-1.137776483279895
 20
-1.7028028415019651
 30
4.018252007883034
 11
-1.1098338680153934
 21
-2.0763531260040327
 31
3.841789631497424
 12
-0.9837861487827443
 22
-1.8405344297135717
 32
3.9963111403663305
 13
-0.9837861487827443
 23
-1.8405344297135717
 33
3.9963111403663305
  0
3DFACE
  5
371
330
17
100
AcDbEntity
  8
MEMBRANA_3D
100
AcDbFace
 10
-0.9837861487827443
 20
-1.8405344297135717
 30
3.9963111403663305
 11
-1.1098338680153934
 21
-2.0763531260040327
 31
3.841789631497424
 12
-0.9273436073868863
 22
-2.2388055139334075
 32
3.8008629923695407
 13
-0.9273436073868863
 23
-2.2388055139334075
 33
3.8008629923695407
  0
3DFACE
  5
372
330
17
100
AcDbEntity
  8
MEMBRANA_3D
100
AcDbFace
 10
-0.9837861487827443
 20
-1.8405344297135717
 30
3.9963111403663305
 11
-0.9273436073868863
 21
-2.2388055139334075
 31
3.8008629923695407
 12
-0.8206217685347083
 22
-1.981156203175084
 32
3.963725255063093
 13
-0.8206217685347083
 23
-1.981156203175084
 33
3.963725255063093
  0
3DFACE
  5
373
330
17
100
AcDbEntity
  8
MEMBRANA_3D
100
AcDbFace
 10
-0.8206217685347083
 20
-1.981156203175084
 30
3.963725255063093
 11
-0.9273436073868863
 21
-2.2388055139334075
 31
3.8008629923695407
 12
-0.6834323214711577
 22
-2.2529744295995178
 32
3.841789631497424
 13
-0.6834323214711577
 23
-2.2529744295995178
 33
3.841789631497424
  0
3DFACE
  5
374
330
17
100
AcDbEntity
  8
MEMBRANA_3D
100
AcDbFace
 10
-0.8206217685347083
 20
-1.981156203175084
 30
3.963725255063093
 11
-0.6834323214711577
 21
-2.2529744295995178
 31
3.841789631497424
 12
-0.605812519216106
 22
-1.9970962332994575
 32
3.9963111403663305
 13
-0.605812519216106
 23
-1.9970962332994575
 33
3.9963111403663305
  0
3DFACE
  5
375
330
17
100
AcDbEntity
  8
MEMBRANA_3D
100
AcDbFace
 10
-0.605812519216106
 20
-1.9970962332994575
 30
3.9963111403663305
 11
-0.6834323214711577
 21
-2.2529744295995178
 31
3.841789631497424
 12
-0.45017721503513985
 22
-2.263193691601384
 32
3.869346531015499
 13
-0.45017721503513985
 23
-2.263193691601384
 33
3.869346531015499
  0
3DFACE
  5
376
330
17
100
AcDbEntity
  8
MEMBRANA_3D
100
AcDbFace
 10
-0.605812519216106
 20
-1.9970962332994575
 30
3.9963111403663305
 11
-0.45017721503513985
 21
-2.263193691601384
 31
3.869346531015499
 12
-0.39953396944796604
 22
-2.0085929030515572
 32
4.018252007883034
 13
-0.39953396944796604
 23
-2.0085929030515572
 33
4.018252007883034
  0
3DFACE
  5
377
330
17
100
AcDbEntity
  8
MEMBRANA_3D
100
AcDbFace
 10
-0.39953396944796604
 20
-2.0085929030515572
 30
4.018252007883034
 11
-0.45017721503513985
 21
-2.263193691601384
 31
3.869346531015499
 12
-0.22351293204229972
 22
-2.2693648828595125
 32
3.885253646518717
 13
-0.22351293204229972
 23
-2.2693648828595125
 33
3.885253646518717
  0
3DFACE
  5
378
330
17
100
AcDbEntity
  8
MEMBRANA_3D
100
AcDbFace
 10
-0.39953396944796604
 20
-2.0085929030515572
 30
4.018252007883034
 11
-0.22351293204229972
 21
-2.2693648828595125
 31
3.885253646518717
 12
-0.19851291924311149
 22
-2.0155354932169516
 32
4.0309172902599615
 13
-0.19851291924311149
 23
-2.0155354932169516
 33
4.0309172902599615
  0
3DFACE
  5
379
330
17
100
AcDbEntity
  8
MEMBRANA_3D
100
AcDbFace
 10
-0.19851291924311149
 20
-2.0155354932169516
 30
4.0309172902599615
 11
-0.22351293204229972
 21
-2.2693648828595125
 31
3.885253646518717
 12
-4.172546594237767e-16
 22
-2.2714285714285714
 32
3.8904555768506603
 13
-4.172546594237767e-16
 23
-2.2714285714285714
 33
3.8904555768506603
  0
3DFACE
  5
37A
330
17
100
AcDbEntity
  8
MEMBRANA_3D
100
AcDbFace
 10
-0.19851291924311149
 20
-2.0155354932169516
 30
4.0309172902599615
 11
-4.172546594237767e-16
 21
-2.2714285714285714
 31
3.8904555768506603
 12
-3.706743436704935e-16
 22
-2.017857142857143
 32
4.035059079294299
 13
-3.706743436704935e-16
 23
-2.017857142857143
 33
4.035059079294299
  0
3DFACE
  5
37B
330
17
100
AcDbEntity
  8
MEMBRANA_3D
100
AcDbFace
 10
-3.706743436704935e-16
 20
-2.017857142857143
 30
4.035059079294299
 11
-4.172546594237767e-16
 21
-2.2714285714285714
 31
3.8904555768506603
 12
0.22351293204229888
 22
-2.2693648828595125
 32
3.885253646518717
 13
0.22351293204229888
 23
-2.2693648828595125
 33
3.885253646518717
  0
3DFACE
  5
37C
330
17
100
AcDbEntity
  8
MEMBRANA_3D
100
AcDbFace
 10
-3.706743436704935e-16
 20
-2.017857142857143
 30
4.035059079294299
 11
0.22351293204229888
 21
-2.2693648828595125
 31
3.885253646518717
 12
0.19851291924311074
 22
-2.0155354932169516
 32
4.0309172902599615
 13
0.19851291924311074
 23
-2.0155354932169516
 33
4.0309172902599615
  0
3DFACE
  5
37D
330
17
100
AcDbEntity
  8
MEMBRANA_3D
100
AcDbFace
 10
0.19851291924311074
 20
-2.0155354932169516
 30
4.0309172902599615
 11
0.22351293204229888
 21
-2.2693648828595125
 31
3.885253646518717
 12
0.45017721503513913
 22
-2.2631936916013844
 32
3.8693465310154984
 13
0.45017721503513913
 23
-2.2631936916013844
 33
3.8693465310154984
  0
3DFACE
  5
37E
330
17
100
AcDbEntity
  8
MEMBRANA_3D
100
AcDbFace
 10
0.19851291924311074
 20
-2.0155354932169516
 30
4.0309172902599615
 11
0.45017721503513913
 21
-2.2631936916013844
 31
3.8693465310154984
 12
0.3995339694479653
 22
-2.0085929030515577
 32
4.018252007883034
 13
0.3995339694479653
 23
-2.0085929030515577
 33
4.018252007883034
  0
3DFACE
  5
37F
330
17
100
AcDbEntity
  8
MEMBRANA_3D
100
AcDbFace
 10
0.3995339694479653
 20
-2.0085929030515577
 30
4.018252007883034
 11
0.45017721503513913
 21
-2.2631936916013844
 31
3.8693465310154984
 12
0.683432321471157
 22
-2.252974429599518
 32
3.841789631497424
 13
0.683432321471157
 23
-2.252974429599518
 33
3.841789631497424
  0
3DFACE
  5
380
330
17
100
AcDbEntity
  8
MEMBRANA_3D
100
AcDbFace
 10
0.3995339694479653
 20
-2.0085929030515577
 30
4.018252007883034
 11
0.683432321471157
 21
-2.252974429599518
 31
3.841789631497424
 12
0.6058125192161052
 22
-1.9970962332994577
 32
3.9963111403663305
 13
0.6058125192161052
 23
-1.9970962332994577
 33
3.9963111403663305
  0
3DFACE
  5
381
330
17
100
AcDbEntity
  8
MEMBRANA_3D
100
AcDbFace
 10
0.6058125192161052
 20
-1.9970962332994577
 30
3.9963111403663305
 11
0.683432321471157
 21
-2.252974429599518
 31
3.841789631497424
 12
0.9273436073868855
 22
-2.238805513933408
 32
3.8008629923695407
 13
0.9273436073868855
 23
-2.238805513933408
 33
3.8008629923695407
  0
3DFACE
  5
382
330
17
100
AcDbEntity
  8
MEMBRANA_3D
100
AcDbFace
 10
0.6058125192161052
 20
-1.9970962332994577
 30
3.9963111403663305
 11
0.9273436073868855
 21
-2.238805513933408
 31
3.8008629923695407
 12
0.8206217685347075
 22
-1.9811562031750842
 32
3.963725255063093
 13
0.8206217685347075
 23
-1.9811562031750842
 33
3.963725255063093
  0
3DFACE
  5
383
330
17
100
AcDbEntity
  8
MEMBRANA_3D
100
AcDbFace
 10
0.8206217685347075
 20
-1.9811562031750842
 30
3.963725255063093
 11
0.9273436073868855
 21
-2.238805513933408
 31
3.8008629923695407
 12
1.109833868015393
 22
-2.076353126004033
 32
3.841789631497424
 13
1.109833868015393
 23
-2.076353126004033
 33
3.841789631497424
  0
3DFACE
  5
384
330
17
100
AcDbEntity
  8
MEMBRANA_3D
100
AcDbFace
 10
0.8206217685347075
 20
-1.9811562031750842
 30
3.963725255063093
 11
1.109833868015393
 21
-2.076353126004033
 31
3.841789631497424
 12
0.9837861487827437
 22
-1.840534429713572
 32
3.9963111403663305
 13
0.9837861487827437
 23
-1.840534429713572
 33
3.9963111403663305
  0
3DFACE
  5
385
330
17
100
AcDbEntity
  8
MEMBRANA_3D
100
AcDbFace
 10
0.9837861487827437
 20
-1.840534429713572
 30
3.9963111403663305
 11
1.109833868015393
 21
-2.076353126004033
 31
3.841789631497424
 12
1.2819962449829327
 22
-1.918642967956977
 32
3.8693465310154984
 13
1.2819962449829327
 23
-1.918642967956977
 33
3.8693465310154984
  0
3DFACE
  5
386
330
17
100
AcDbEntity
  8
MEMBRANA_3D
100
AcDbFace
 10
0.9837861487827437
 20
-1.840534429713572
 30
3.9963111403663305
 11
1.2819962449829327
 21
-1.918642967956977
 31
3.8693465310154984
 12
1.1377764832798942
 22
-1.7028028415019656
 32
4.018252007883034
 13
1.1377764832798942
 23
-1.7028028415019656
 33
4.018252007883034
  0
3DFACE
  5
387
330
17
100
AcDbEntity
  8
MEMBRANA_3D
100
AcDbFace
 10
1.1377764832798942
 20
-1.7028028415019656
 30
4.018252007883034
 11
1.2819962449829327
 21
-1.918642967956977
 31
3.8693465310154984
 12
1.4466357877265783
 22
-1.7627308075865746
 32
3.885253646518717
 13
1.4466357877265783
 23
-1.7627308075865746
 33
3.885253646518717
  0
3DFACE
  5
388
330
17
100
AcDbEntity
  8
MEMBRANA_3D
100
AcDbFace
 10
1.1377764832798942
 20
-1.7028028415019656
 30
4.018252007883034
 11
1.4466357877265783
 21
-1.7627308075865746
 31
3.885253646518717
 12
1.2848289836259374
 22
-1.565568646325821
 32
4.0309172902599615
 13
1.2848289836259374
 23
-1.565568646325821
 33
4.0309172902599615
  0
3DFACE
  5
389
330
17
100
AcDbEntity
  8
MEMBRANA_3D
100
AcDbFace
 10
1.2848289836259374
 20
-1.565568646325821
 30
4.0309172902599615
 11
1.4466357877265783
 21
-1.7627308075865746
 31
3.885253646518717
 12
1.6061425458380147
 22
-1.6061425458380154
 32
3.8904555768506603
 13
1.6061425458380147
 23
-1.6061425458380154
 33
3.8904555768506603
  0
3DFACE
  5
38A
330
17
100
AcDbEntity
  8
MEMBRANA_3D
100
AcDbFace
 10
1.2848289836259374
 20
-1.565568646325821
 30
4.0309172902599615
 11
1.6061425458380147
 21
-1.6061425458380154
 31
3.8904555768506603
 12
1.4268404691799972
 22
-1.4268404691799979
 32
4.035059079294299
 13
1.4268404691799972
 23
-1.4268404691799979
 33
4.035059079294299
  0
3DFACE
  5
38B
330
17
100
AcDbEntity
  8
MEMBRANA_3D
100
AcDbFace
 10
1.4268404691799972
 20
-1.4268404691799979
 30
4.035059079294299
 11
1.6061425458380147
 21
-1.6061425458380154
 31
3.8904555768506603
 12
1.7627308075865742
 22
-1.4466357877265792
 32
3.885253646518717
 13
1.7627308075865742
 23
-1.4466357877265792
 33
3.885253646518717
  0
3DFACE
  5
38C
330
17
100
AcDbEntity
  8
MEMBRANA_3D
100
AcDbFace
 10
1.4268404691799972
 20
-1.4268404691799979
 30
4.035059079294299
 11
1.7627308075865742
 21
-1.4466357877265792
 31
3.885253646518717
 12
1.5655686463258205
 22
-1.2848289836259383
 32
4.0309172902599615
 13
1.5655686463258205
 23
-1.2848289836259383
 33
4.0309172902599615
  0
3DFACE
  5
38D
330
17
100
AcDbEntity
  8
MEMBRANA_3D
100
AcDbFace
 10
1.5655686463258205
 20
-1.2848289836259383
 30
4.0309172902599615
 11
1.7627308075865742
 21
-1.4466357877265792
 31
3.885253646518717
 12
1.918642967956976
 22
-1.2819962449829332
 32
3.869346531015499
 13
1.918642967956976
 23
-1.2819962449829332
 33
3.869346531015499
  0
3DFACE
  5
38E
330
17
100
AcDbEntity
  8
MEMBRANA_3D
100
AcDbFace
 10
1.5655686463258205
 20
-1.2848289836259383
 30
4.0309172902599615
 11
1.918642967956976
 21
-1.2819962449829332
 31
3.869346531015499
 12
1.7028028415019651
 22
-1.137776483279895
 32
4.018252007883034
 13
1.7028028415019651
 23
-1.137776483279895
 33
4.018252007883034
  0
3DFACE
  5
38F
330
17
100
AcDbEntity
  8
MEMBRANA_3D
100
AcDbFace
 10
1.7028028415019651
 20
-1.137776483279895
 30
4.018252007883034
 11
1.918642967956976
 21
-1.2819962449829332
 31
3.869346531015499
 12
2.076353126004032
 22
-1.1098338680153934
 32
3.841789631497424
 13
2.076353126004032
 23
-1.1098338680153934
 33
3.841789631497424
  0
3DFACE
  5
390
330
17
100
AcDbEntity
  8
MEMBRANA_3D
100
AcDbFace
 10
1.7028028415019651
 20
-1.137776483279895
 30
4.018252007883034
 11
2.076353126004032
 21
-1.1098338680153934
 31
3.841789631497424
 12
1.8405344297135715
 22
-0.9837861487827444
 32
3.9963111403663305
 13
1.8405344297135715
 23
-0.9837861487827444
 33
3.9963111403663305
  0
3DFACE
  5
391
330
17
100
AcDbEntity
  8
MEMBRANA_3D
100
AcDbFace
 10
1.8405344297135715
 20
-0.9837861487827444
 30
3.9963111403663305
 11
2.076353126004032
 21
-1.1098338680153934
 31
3.841789631497424
 12
2.2388055139334075
 22
-0.9273436073868864
 32
3.8008629923695407
 13
2.2388055139334075
 23
-0.9273436073868864
 33
3.8008629923695407
  0
3DFACE
  5
392
330
17
100
AcDbEntity
  8
MEMBRANA_3D
100
AcDbFace
 10
1.8405344297135715
 20
-0.9837861487827444
 30
3.9963111403663305
 11
2.2388055139334075
 21
-0.9273436073868864
 31
3.8008629923695407
 12
1.981156203175084
 22
-0.8206217685347084
 32
3.963725255063093
 13
1.981156203175084
 23
-0.8206217685347084
 33
3.963725255063093
  0
3DFACE
  5
393
330
17
100
AcDbEntity
  8
MEMBRANA_3D
100
AcDbFace
 10
1.981156203175084
 20
-0.8206217685347084
 30
3.963725255063093
 11
2.2388055139334075
 21
-0.9273436073868864
 31
3.8008629923695407
 12
2.2529744295995178
 22
-0.6834323214711578
 32
3.841789631497424
 13
2.2529744295995178
 23
-0.6834323214711578
 33
3.841789631497424
  0
3DFACE
  5
394
330
17
100
AcDbEntity
  8
MEMBRANA_3D
100
AcDbFace
 10
1.981156203175084
 20
-0.8206217685347084
 30
3.963725255063093
 11
2.2529744295995178
 21
-0.6834323214711578
 31
3.841789631497424
 12
1.9970962332994575
 22
-0.6058125192161061
 32
3.9963111403663305
 13
1.9970962332994575
 23
-0.6058125192161061
 33
3.9963111403663305
  0
3DFACE
  5
395
330
17
100
AcDbEntity
  8
MEMBRANA_3D
100
AcDbFace
 10
1.9970962332994575
 20
-0.6058125192161061
 30
3.9963111403663305
 11
2.2529744295995178
 21
-0.6834323214711578
 31
3.841789631497424
 12
2.263193691601384
 22
-0.45017721503514
 32
3.869346531015499
 13
2.263193691601384
 23
-0.45017721503514
 33
3.869346531015499
  0
3DFACE
  5
396
330
17
100
AcDbEntity
  8
MEMBRANA_3D
100
AcDbFace
 10
1.9970962332994575
 20
-0.6058125192161061
 30
3.9963111403663305
 11
2.263193691601384
 21
-0.45017721503514
 31
3.869346531015499
 12
2.0085929030515572
 22
-0.39953396944796615
 32
4.018252007883034
 13
2.0085929030515572
 23
-0.39953396944796615
 33
4.018252007883034
  0
3DFACE
  5
397
330
17
100
AcDbEntity
  8
MEMBRANA_3D
100
AcDbFace
 10
2.0085929030515572
 20
-0.39953396944796615
 30
4.018252007883034
 11
2.263193691601384
 21
-0.45017721503514
 31
3.869346531015499
 12
2.2693648828595125
 22
-0.22351293204229986
 32
3.885253646518717
 13
2.2693648828595125
 23
-0.22351293204229986
 33
3.885253646518717
  0
3DFACE
  5
398
330
17
100
AcDbEntity
  8
MEMBRANA_3D
100
AcDbFace
 10
2.0085929030515572
 20
-0.39953396944796615
 30
4.018252007883034
 11
2.2693648828595125
 21
-0.22351293204229986
 31
3.885253646518717
 12
2.0155354932169516
 22
-0.1985129192431116
 32
4.0309172902599615
 13
2.0155354932169516
 23
-0.1985129192431116
 33
4.0309172902599615
  0
3DFACE
  5
399
330
17
100
AcDbEntity
  8
MEMBRANA_3D
100
AcDbFace
 10
2.0155354932169516
 20
-0.1985129192431116
 30
4.0309172902599615
 11
2.2693648828595125
 21
-0.22351293204229986
 31
3.885253646518717
 12
2.2714285714285714
 22
0.0
 32
3.8904555768506603
 13
2.2714285714285714
 23
0.0
 33
3.8904555768506603
  0
3DFACE
  5
39A
330
17
100
AcDbEntity
  8
MEMBRANA_3D
100
AcDbFace
 10
2.0155354932169516
 20
-0.1985129192431116
 30
4.0309172902599615
 11
2.2714285714285714
 21
0.0
 31
3.8904555768506603
 12
2.017857142857143
 22
0.0
 32
4.035059079294299
 13
2.017857142857143
 23
0.0
 33
4.035059079294299
  0
3DFACE
  5
39B
330
17
100
AcDbEntity
  8
MEMBRANA_3D
100
AcDbFace
 10
2.2714285714285714
 20
0.0
 30
3.8904555768506603
 11
2.525
 21
0.0
 31
3.7396739405112176
 12
2.5231942725020735
 22
0.24851294484148834
 32
3.733366574716766
 13
2.5231942725020735
 23
0.24851294484148834
 33
3.733366574716766
  0
3DFACE
  5
39C
330
17
100
AcDbEntity
  8
MEMBRANA_3D
100
AcDbFace
 10
2.2714285714285714
 20
0.0
 30
3.8904555768506603
 11
2.5231942725020735
 21
0.24851294484148834
 31
3.733366574716766
 12
2.2693648828595125
 22
0.22351293204230008
 32
3.885253646518717
 13
2.2693648828595125
 23
0.22351293204230008
 33
3.885253646518717
  0
3DFACE
  5
39D
330
17
100
AcDbEntity
  8
MEMBRANA_3D
100
AcDbFace
 10
2.2693648828595125
 20
0.22351293204230008
 30
3.885253646518717
 11
2.5231942725020735
 21
0.24851294484148834
 31
3.733366574716766
 12
2.517794480151211
 22
0.5008204606223127
 32
3.7140791199046013
 13
2.517794480151211
 23
0.5008204606223127
 33
3.7140791199046013
  0
3DFACE
  5
39E
330
17
100
AcDbEntity
  8
MEMBRANA_3D
100
AcDbFace
 10
2.2693648828595125
 20
0.22351293204230008
 30
3.885253646518717
 11
2.517794480151211
 21
0.5008204606223127
 31
3.7140791199046013
 12
2.2631936916013844
 22
0.4501772150351389
 32
3.869346531015499
 13
2.2631936916013844
 23
0.4501772150351389
 33
3.869346531015499
  0
3DFACE
  5
39F
330
17
100
AcDbEntity
  8
MEMBRANA_3D
100
AcDbFace
 10
2.2631936916013844
 20
0.4501772150351389
 30
3.869346531015499
 11
2.517794480151211
 21
0.5008204606223127
 31
3.7140791199046013
 12
2.5088526258995785
 22
0.7610521237262095
 32
3.680666245388746
 13
2.5088526258995785
 23
0.7610521237262095
 33
3.680666245388746
  0
3DFACE
  5
3A0
330
17
100
AcDbEntity
  8
MEMBRANA_3D
100
AcDbFace
 10
2.2631936916013844
 20
0.4501772150351389
 30
3.869346531015499
 11
2.5088526258995785
 21
0.7610521237262095
 31
3.680666245388746
 12
2.2529744295995178
 22
0.6834323214711576
 32
3.841789631497424
 13
2.2529744295995178
 23
0.6834323214711576
 33
3.841789631497424
  0
3DFACE
  5
3A1
330
17
100
AcDbEntity
  8
MEMBRANA_3D
100
AcDbFace
 10
2.2529744295995178
 20
0.6834323214711576
 30
3.841789631497424
 11
2.5088526258995785
 21
0.7610521237262095
 31
3.680666245388746
 12
2.496454824691732
 22
1.034065446239063
 32
3.631042496656103
 13
2.496454824691732
 23
1.034065446239063
 33
3.631042496656103
  0
3DFACE
  5
3A2
330
17
100
AcDbEntity
  8
MEMBRANA_3D
100
AcDbFace
 10
2.2529744295995178
 20
0.6834323214711576
 30
3.841789631497424
 11
2.496454824691732
 21
1.034065446239063
 31
3.631042496656103
 12
2.238805513933408
 22
0.9273436073868849
 32
3.8008629923695407
 13
2.238805513933408
 23
0.9273436073868849
 33
3.8008629923695407
  0
3DFACE
  5
3A3
330
17
100
AcDbEntity
  8
MEMBRANA_3D
100
AcDbFace
 10
2.238805513933408
 20
0.9273436073868849
 30
3.8008629923695407
 11
2.496454824691732
 21
1.034065446239063
 31
3.631042496656103
 12
2.3121718222944945
 22
1.2358815872480422
 32
3.680666245388746
 13
2.3121718222944945
 23
1.2358815872480422
 33
3.680666245388746
  0
3DFACE
  5
3A4
330
17
100
AcDbEntity
  8
MEMBRANA_3D
100
AcDbFace
 10
2.238805513933408
 20
0.9273436073868849
 30
3.8008629923695407
 11
2.3121718222944945
 21
1.2358815872480422
 31
3.680666245388746
 12
2.076353126004033
 22
1.109833868015393
 32
3.841789631497424
 13
2.076353126004033
 23
1.109833868015393
 33
3.841789631497424
  0
3DFACE
  5
3A5
330
17
100
AcDbEntity
  8
MEMBRANA_3D
100
AcDbFace
 10
2.076353126004033
 20
1.109833868015393
 30
3.841789631497424
 11
2.3121718222944945
 21
1.2358815872480422
 31
3.680666245388746
 12
2.1344830944119875
 22
1.426216006685972
 32
3.7140791199046013
 13
2.1344830944119875
 23
1.426216006685972
 33
3.7140791199046013
  0
3DFACE
  5
3A6
330
17
100
AcDbEntity
  8
MEMBRANA_3D
100
AcDbFace
 10
2.076353126004033
 20
1.109833868015393
 30
3.841789631497424
 11
2.1344830944119875
 21
1.426216006685972
 31
3.7140791199046013
 12
1.918642967956976
 22
1.2819962449829332
 32
3.869346531015499
 13
1.918642967956976
 23
1.2819962449829332
 33
3.869346531015499
  0
3DFACE
  5
3A7
330
17
100
AcDbEntity
  8
MEMBRANA_3D
100
AcDbFace
 10
1.918642967956976
 20
1.2819962449829332
 30
3.869346531015499
 11
2.1344830944119875
 21
1.426216006685972
 31
3.7140791199046013
 12
1.9598929688473286
 22
1.608442591827219
 32
3.733366574716766
 13
1.9598929688473286
 23
1.608442591827219
 33
3.733366574716766
  0
3DFACE
  5
3A8
330
17
100
AcDbEntity
  8
MEMBRANA_3D
100
AcDbFace
 10
1.918642967956976
 20
1.2819962449829332
 30
3.869346531015499
 11
1.9598929688473286
 21
1.608442591827219
 31
3.733366574716766
 12
1.7627308075865749
 22
1.446635787726578
 32
3.885253646518717
 13
1.7627308075865749
 23
1.446635787726578
 33
3.885253646518717
  0
3DFACE
  5
3A9
330
17
100
AcDbEntity
  8
MEMBRANA_3D
100
AcDbFace
 10
1.7627308075865749
 20
1.446635787726578
 30
3.885253646518717
 11
1.9598929688473286
 21
1.608442591827219
 31
3.733366574716766
 12
1.7854446224960325
 22
1.7854446224960323
 32
3.7396739405112176
 13
1.7854446224960325
 23
1.7854446224960323
 33
3.7396739405112176
  0
3DFACE
  5
3AA
330
17
100
AcDbEntity
  8
MEMBRANA_3D
100
AcDbFace
 10
1.7627308075865749
 20
1.446635787726578
 30
3.885253646518717
 11
1.7854446224960325
 21
1.7854446224960323
 31
3.7396739405112176
 12
1.6061425458380152
 22
1.606142545838015
 32
3.8904555768506603
 13
1.6061425458380152
 23
1.606142545838015
 33
3.8904555768506603
  0
3DFACE
  5
3AB
330
17
100
AcDbEntity
  8
MEMBRANA_3D
100
AcDbFace
 10
1.6061425458380152
 20
1.606142545838015
 30
3.8904555768506603
 11
1.7854446224960325
 21
1.7854446224960323
 31
3.7396739405112176
 12
1.608442591827219
 22
1.9598929688473286
 32
3.733366574716766
 13
1.608442591827219
 23
1.9598929688473286
 33
3.733366574716766
  0
3DFACE
  5
3AC
330
17
100
AcDbEntity
  8
MEMBRANA_3D
100
AcDbFace
 10
1.6061425458380152
 20
1.606142545838015
 30
3.8904555768506603
 11
1.608442591827219
 21
1.9598929688473286
 31
3.733366574716766
 12
1.446635787726578
 22
1.7627308075865749
 32
3.885253646518717
 13
1.446635787726578
 23
1.7627308075865749
 33
3.885253646518717
  0
3DFACE
  5
3AD
330
17
100
AcDbEntity
  8
MEMBRANA_3D
100
AcDbFace
 10
1.446635787726578
 20
1.7627308075865749
 30
3.885253646518717
 11
1.608442591827219
 21
1.9598929688473286
 31
3.733366574716766
 12
1.4262160066859721
 22
2.1344830944119875
 32
3.7140791199046013
 13
1.4262160066859721
 23
2.1344830944119875
 33
3.7140791199046013
  0
3DFACE
  5
3AE
330
17
100
AcDbEntity
  8
MEMBRANA_3D
100
AcDbFace
 10
1.446635787726578
 20
1.7627308075865749
 30
3.885253646518717
 11
1.4262160066859721
 21
2.1344830944119875
 31
3.7140791199046013
 12
1.2819962449829334
 22
1.918642967956976
 32
3.869346531015499
 13
1.2819962449829334
 23
1.918642967956976
 33
3.869346531015499
  0
3DFACE
  5
3AF
330
17
100
AcDbEntity
  8
MEMBRANA_3D
100
AcDbFace
 10
1.2819962449829334
 20
1.918642967956976
 30
3.869346531015499
 11
1.4262160066859721
 21
2.1344830944119875
 31
3.7140791199046013
 12
1.2358815872480424
 22
2.312171822294494
 32
3.680666245388746
 13
1.2358815872480424
 23
2.312171822294494
 33
3.680666245388746
  0
3DFACE
  5
3B0
330
17
100
AcDbEntity
  8
MEMBRANA_3D
100
AcDbFace
 10
1.2819962449829334
 20
1.918642967956976
 30
3.869346531015499
 11
1.2358815872480424
 21
2.312171822294494
 31
3.680666245388746
 12
1.1098338680153932
 22
2.0763531260040327
 32
3.841789631497424
 13
1.1098338680153932
 23
2.0763531260040327
 33
3.841789631497424
  0
3DFACE
  5
3B1
330
17
100
AcDbEntity
  8
MEMBRANA_3D
100
AcDbFace
 10
1.1098338680153932
 20
2.0763531260040327
 30
3.841789631497424
 11
1.2358815872480424
 21
2.312171822294494
 31
3.680666245388746
 12
1.034065446239063
 22
2.496454824691732
 32
3.631042496656103
 13
1.034065446239063
 23
2.496454824691732
 33
3.631042496656103
  0
3DFACE
  5
3B2
330
17
100
AcDbEntity
  8
MEMBRANA_3D
100
AcDbFace
 10
1.1098338680153932
 20
2.0763531260040327
 30
3.841789631497424
 11
1.034065446239063
 21
2.496454824691732
 31
3.631042496656103
 12
0.927343607386885
 22
2.238805513933408
 32
3.8008629923695407
 13
0.927343607386885
 23
2.238805513933408
 33
3.8008629923695407
  0
3DFACE
  5
3B3
330
17
100
AcDbEntity
  8
MEMBRANA_3D
100
AcDbFace
 10
0.927343607386885
 20
2.238805513933408
 30
3.8008629923695407
 11
1.034065446239063
 21
2.496454824691732
 31
3.631042496656103
 12
0.7610521237262093
 22
2.508852625899578
 32
3.680666245388746
 13
0.7610521237262093
 23
2.508852625899578
 33
3.680666245388746
  0
3DFACE
  5
3B4
330
17
100
AcDbEntity
  8
MEMBRANA_3D
100
AcDbFace
 10
0.927343607386885
 20
2.238805513933408
 30
3.8008629923695407
 11
0.7610521237262093
 21
2.508852625899578
 31
3.680666245388746
 12
0.6834323214711575
 22
2.2529744295995178
 32
3.841789631497424
 13
0.6834323214711575
 23
2.2529744295995178
 33
3.841789631497424
  0
3DFACE
  5
3B5
330
17
100
AcDbEntity
  8
MEMBRANA_3D
100
AcDbFace
 10
0.6834323214711575
 20
2.2529744295995178
 30
3.841789631497424
 11
0.7610521237262093
 21
2.508852625899578
 31
3.680666245388746
 12
0.5008204606223129
 22
2.517794480151211
 32
3.7140791199046013
 13
0.5008204606223129
 23
2.517794480151211
 33
3.7140791199046013
  0
3DFACE
  5
3B6
330
17
100
AcDbEntity
  8
MEMBRANA_3D
100
AcDbFace
 10
0.6834323214711575
 20
2.2529744295995178
 30
3.841789631497424
 11
0.5008204606223129
 21
2.517794480151211
 31
3.7140791199046013
 12
0.45017721503513913
 22
2.2631936916013844
 32
3.869346531015499
 13
0.45017721503513913
 23
2.2631936916013844
 33
3.869346531015499
  0
3DFACE
  5
3B7
330
17
100
AcDbEntity
  8
MEMBRANA_3D
100
AcDbFace
 10
0.45017721503513913
 20
2.2631936916013844
 30
3.869346531015499
 11
0.5008204606223129
 21
2.517794480151211
 31
3.7140791199046013
 12
0.24851294484148878
 22
2.5231942725020735
 32
3.733366574716766
 13
0.24851294484148878
 23
2.5231942725020735
 33
3.733366574716766
  0
3DFACE
  5
3B8
330
17
100
AcDbEntity
  8
MEMBRANA_3D
100
AcDbFace
 10
0.45017721503513913
 20
2.2631936916013844
 30
3.869346531015499
 11
0.24851294484148878
 21
2.5231942725020735
 31
3.733366574716766
 12
0.22351293204230044
 22
2.2693648828595125
 32
3.885253646518717
 13
0.22351293204230044
 23
2.2693648828595125
 33
3.885253646518717
  0
3DFACE
  5
3B9
330
17
100
AcDbEntity
  8
MEMBRANA_3D
100
AcDbFace
 10
0.22351293204230044
 20
2.2693648828595125
 30
3.885253646518717
 11
0.24851294484148878
 21
2.5231942725020735
 31
3.733366574716766
 12
1.5461165839235333e-16
 22
2.525
 32
3.7396739405112176
 13
1.5461165839235333e-16
 23
2.525
 33
3.7396739405112176
  0
3DFACE
  5
3BA
330
17
100
AcDbEntity
  8
MEMBRANA_3D
100
AcDbFace
 10
0.22351293204230044
 20
2.2693648828595125
 30
3.885253646518717
 11
1.5461165839235333e-16
 21
2.525
 31
3.7396739405112176
 12
1.3908488647459224e-16
 22
2.2714285714285714
 32
3.8904555768506603
 13
1.3908488647459224e-16
 23
2.2714285714285714
 33
3.8904555768506603
  0
3DFACE
  5
3BB
330
17
100
AcDbEntity
  8
MEMBRANA_3D
100
AcDbFace
 10
1.3908488647459224e-16
 20
2.2714285714285714
 30
3.8904555768506603
 11
1.5461165839235333e-16
 21
2.525
 31
3.7396739405112176
 12
-0.24851294484148845
 22
2.5231942725020735
 32
3.733366574716766
 13
-0.24851294484148845
 23
2.5231942725020735
 33
3.733366574716766
  0
3DFACE
  5
3BC
330
17
100
AcDbEntity
  8
MEMBRANA_3D
100
AcDbFace
 10
1.3908488647459224e-16
 20
2.2714285714285714
 30
3.8904555768506603
 11
-0.24851294484148845
 21
2.5231942725020735
 31
3.733366574716766
 12
-0.22351293204230016
 22
2.2693648828595125
 32
3.885253646518717
 13
-0.22351293204230016
 23
2.2693648828595125
 33
3.885253646518717
  0
3DFACE
  5
3BD
330
17
100
AcDbEntity
  8
MEMBRANA_3D
100
AcDbFace
 10
-0.22351293204230016
 20
2.2693648828595125
 30
3.885253646518717
 11
-0.24851294484148845
 21
2.5231942725020735
 31
3.733366574716766
 12
-0.5008204606223126
 22
2.517794480151211
 32
3.7140791199046013
 13
-0.5008204606223126
 23
2.517794480151211
 33
3.7140791199046013
  0
3DFACE
  5
3BE
330
17
100
AcDbEntity
  8
MEMBRANA_3D
100
AcDbFace
 10
-0.22351293204230016
 20
2.2693648828595125
 30
3.885253646518717
 11
-0.5008204606223126
 21
2.517794480151211
 31
3.7140791199046013
 12
-0.4501772150351388
 22
2.2631936916013844
 32
3.869346531015499
 13
-0.4501772150351388
 23
2.2631936916013844
 33
3.869346531015499
  0
3DFACE
  5
3BF
330
17
100
AcDbEntity
  8
MEMBRANA_3D
100
AcDbFace
 10
-0.4501772150351388
 20
2.2631936916013844
 30
3.869346531015499
 11
-0.5008204606223126
 21
2.517794480151211
 31
3.7140791199046013
 12
-0.7610521237262089
 22
2.508852625899578
 32
3.680666245388746
 13
-0.7610521237262089
 23
2.508852625899578
 33
3.680666245388746
  0
3DFACE
  5
3C0
330
17
100
AcDbEntity
  8
MEMBRANA_3D
100
AcDbFace
 10
-0.4501772150351388
 20
2.2631936916013844
 30
3.869346531015499
 11
-0.7610521237262089
 21
2.508852625899578
 31
3.680666245388746
 12
-0.6834323214711571
 22
2.2529744295995178
 32
3.841789631497424
 13
-0.6834323214711571
 23
2.2529744295995178
 33
3.841789631497424
  0
3DFACE
  5
3C1
330
17
100
AcDbEntity
  8
MEMBRANA_3D
100
AcDbFace
 10
-0.6834323214711571
 20
2.2529744295995178
 30
3.841789631497424
 11
-0.7610521237262089
 21
2.508852625899578
 31
3.680666245388746
 12
-1.0340654462390628
 22
2.496454824691732
 32
3.631042496656103
 13
-1.0340654462390628
 23
2.496454824691732
 33
3.631042496656103
  0
3DFACE
  5
3C2
330
17
100
AcDbEntity
  8
MEMBRANA_3D
100
AcDbFace
 10
-0.6834323214711571
 20
2.2529744295995178
 30
3.841789631497424
 11
-1.0340654462390628
 21
2.496454824691732
 31
3.631042496656103
 12
-0.9273436073868848
 22
2.238805513933408
 32
3.8008629923695407
 13
-0.9273436073868848
 23
2.238805513933408
 33
3.8008629923695407
  0
3DFACE
  5
3C3
330
17
100
AcDbEntity
  8
MEMBRANA_3D
100
AcDbFace
 10
-0.9273436073868848
 20
2.238805513933408
 30
3.8008629923695407
 11
-1.0340654462390628
 21
2.496454824691732
 31
3.631042496656103
 12
-1.2358815872480422
 22
2.312171822294494
 32
3.680666245388746
 13
-1.2358815872480422
 23
2.312171822294494
 33
3.680666245388746
  0
3DFACE
  5
3C4
330
17
100
AcDbEntity
  8
MEMBRANA_3D
100
AcDbFace
 10
-0.9273436073868848
 20
2.238805513933408
 30
3.8008629923695407
 11
-1.2358815872480422
 21
2.312171822294494
 31
3.680666245388746
 12
-1.109833868015393
 22
2.076353126004033
 32
3.841789631497424
 13
-1.109833868015393
 23
2.076353126004033
 33
3.841789631497424
  0
3DFACE
  5
3C5
330
17
100
AcDbEntity
  8
MEMBRANA_3D
100
AcDbFace
 10
-1.109833868015393
 20
2.076353126004033
 30
3.841789631497424
 11
-1.2358815872480422
 21
2.312171822294494
 31
3.680666245388746
 12
-1.4262160066859713
 22
2.134483094411988
 32
3.7140791199046013
 13
-1.4262160066859713
 23
2.134483094411988
 33
3.7140791199046013
  0
3DFACE
  5
3C6
330
17
100
AcDbEntity
  8
MEMBRANA_3D
100
AcDbFace
 10
-1.109833868015393
 20
2.076353126004033
 30
3.841789631497424
 11
-1.4262160066859713
 21
2.134483094411988
 31
3.7140791199046013
 12
-1.2819962449829327
 22
1.9186429679569765
 32
3.869346531015499
 13
-1.2819962449829327
 23
1.9186429679569765
 33
3.869346531015499
  0
3DFACE
  5
3C7
330
17
100
AcDbEntity
  8
MEMBRANA_3D
100
AcDbFace
 10
-1.2819962449829327
 20
1.9186429679569765
 30
3.869346531015499
 11
-1.4262160066859713
 21
2.134483094411988
 31
3.7140791199046013
 12
-1.6084425918272185
 22
1.959892968847329
 32
3.733366574716766
 13
-1.6084425918272185
 23
1.959892968847329
 33
3.733366574716766
  0
3DFACE
  5
3C8
330
17
100
AcDbEntity
  8
MEMBRANA_3D
100
AcDbFace
 10
-1.2819962449829327
 20
1.9186429679569765
 30
3.869346531015499
 11
-1.6084425918272185
 21
1.959892968847329
 31
3.733366574716766
 12
-1.4466357877265779
 22
1.762730807586575
 32
3.885253646518717
 13
-1.4466357877265779
 23
1.762730807586575
 33
3.885253646518717
  0
3DFACE
  5
3C9
330
17
100
AcDbEntity
  8
MEMBRANA_3D
100
AcDbFace
 10
-1.4466357877265779
 20
1.762730807586575
 30
3.885253646518717
 11
-1.6084425918272185
 21
1.959892968847329
 31
3.733366574716766
 12
-1.7854446224960323
 22
1.7854446224960325
 32
3.7396739405112176
 13
-1.7854446224960323
 23
1.7854446224960325
 33
3.7396739405112176
  0
3DFACE
  5
3CA
330
17
100
AcDbEntity
  8
MEMBRANA_3D
100
AcDbFace
 10
-1.4466357877265779
 20
1.762730807586575
 30
3.885253646518717
 11
-1.7854446224960323
 21
1.7854446224960325
 31
3.7396739405112176
 12
-1.606142545838015
 22
1.6061425458380152
 32
3.8904555768506603
 13
-1.606142545838015
 23
1.6061425458380152
 33
3.8904555768506603
  0
3DFACE
  5
3CB
330
17
100
AcDbEntity
  8
MEMBRANA_3D
100
AcDbFace
 10
-1.606142545838015
 20
1.6061425458380152
 30
3.8904555768506603
 11
-1.7854446224960323
 21
1.7854446224960325
 31
3.7396739405112176
 12
-1.9598929688473286
 22
1.608442591827219
 32
3.733366574716766
 13
-1.9598929688473286
 23
1.608442591827219
 33
3.733366574716766
  0
3DFACE
  5
3CC
330
17
100
AcDbEntity
  8
MEMBRANA_3D
100
AcDbFace
 10
-1.606142545838015
 20
1.6061425458380152
 30
3.8904555768506603
 11
-1.9598929688473286
 21
1.608442591827219
 31
3.733366574716766
 12
-1.7627308075865749
 22
1.446635787726578
 32
3.885253646518717
 13
-1.7627308075865749
 23
1.446635787726578
 33
3.885253646518717
  0
3DFACE
  5
3CD
330
17
100
AcDbEntity
  8
MEMBRANA_3D
100
AcDbFace
 10
-1.7627308075865749
 20
1.446635787726578
 30
3.885253646518717
 11
-1.9598929688473286
 21
1.608442591827219
 31
3.733366574716766
 12
-2.1344830944119875
 22
1.426216006685972
 32
3.7140791199046013
 13
-2.1344830944119875
 23
1.426216006685972
 33
3.7140791199046013
  0
3DFACE
  5
3CE
330
17
100
AcDbEntity
  8
MEMBRANA_3D
100
AcDbFace
 10
-1.7627308075865749
 20
1.446635787726578
 30
3.885253646518717
 11
-2.1344830944119875
 21
1.426216006685972
 31
3.7140791199046013
 12
-1.9186429679569763
 22
1.2819962449829332
 32
3.869346531015499
 13
-1.9186429679569763
 23
1.2819962449829332
 33
3.869346531015499
  0
3DFACE
  5
3CF
330
17
100
AcDbEntity
  8
MEMBRANA_3D
100
AcDbFace
 10
-1.9186429679569763
 20
1.2819962449829332
 30
3.869346531015499
 11
-2.1344830944119875
 21
1.426216006685972
 31
3.7140791199046013
 12
-2.312171822294494
 22
1.2358815872480426
 32
3.680666245388746
 13
-2.312171822294494
 23
1.2358815872480426
 33
3.680666245388746
  0
3DFACE
  5
3D0
330
17
100
AcDbEntity
  8
MEMBRANA_3D
100
AcDbFace
 10
-1.9186429679569763
 20
1.2819962449829332
 30
3.869346531015499
 11
-2.312171822294494
 21
1.2358815872480426
 31
3.680666245388746
 12
-2.0763531260040327
 22
1.1098338680153934
 32
3.841789631497424
 13
-2.0763531260040327
 23
1.1098338680153934
 33
3.841789631497424
  0
3DFACE
  5
3D1
330
17
100
AcDbEntity
  8
MEMBRANA_3D
100
AcDbFace
 10
-2.0763531260040327
 20
1.1098338680153934
 30
3.841789631497424
 11
-2.312171822294494
 21
1.2358815872480426
 31
3.680666245388746
 12
-2.496454824691732
 22
1.0340654462390633
 32
3.631042496656103
 13
-2.496454824691732
 23
1.0340654462390633
 33
3.631042496656103
  0
3DFACE
  5
3D2
330
17
100
AcDbEntity
  8
MEMBRANA_3D
100
AcDbFace
 10
-2.0763531260040327
 20
1.1098338680153934
 30
3.841789631497424
 11
-2.496454824691732
 21
1.0340654462390633
 31
3.631042496656103
 12
-2.238805513933408
 22
0.9273436073868851
 32
3.8008629923695407
 13
-2.238805513933408
 23
0.9273436073868851
 33
3.8008629923695407
  0
3DFACE
  5
3D3
330
17
100
AcDbEntity
  8
MEMBRANA_3D
100
AcDbFace
 10
-2.238805513933408
 20
0.9273436073868851
 30
3.8008629923695407
 11
-2.496454824691732
 21
1.0340654462390633
 31
3.631042496656103
 12
-2.508852625899578
 22
0.7610521237262095
 32
3.680666245388746
 13
-2.508852625899578
 23
0.7610521237262095
 33
3.680666245388746
  0
3DFACE
  5
3D4
330
17
100
AcDbEntity
  8
MEMBRANA_3D
100
AcDbFace
 10
-2.238805513933408
 20
0.9273436073868851
 30
3.8008629923695407
 11
-2.508852625899578
 21
0.7610521237262095
 31
3.680666245388746
 12
-2.2529744295995178
 22
0.6834323214711576
 32
3.841789631497424
 13
-2.2529744295995178
 23
0.6834323214711576
 33
3.841789631497424
  0
3DFACE
  5
3D5
330
17
100
AcDbEntity
  8
MEMBRANA_3D
100
AcDbFace
 10
-2.2529744295995178
 20
0.6834323214711576
 30
3.841789631497424
 11
-2.508852625899578
 21
0.7610521237262095
 31
3.680666245388746
 12
-2.517794480151211
 22
0.5008204606223137
 32
3.7140791199046013
 13
-2.517794480151211
 23
0.5008204606223137
 33
3.7140791199046013
  0
3DFACE
  5
3D6
330
17
100
AcDbEntity
  8
MEMBRANA_3D
100
AcDbFace
 10
-2.2529744295995178
 20
0.6834323214711576
 30
3.841789631497424
 11
-2.517794480151211
 21
0.5008204606223137
 31
3.7140791199046013
 12
-2.2631936916013844
 22
0.45017721503513974
 32
3.869346531015499
 13
-2.2631936916013844
 23
0.45017721503513974
 33
3.869346531015499
  0
3DFACE
  5
3D7
330
17
100
AcDbEntity
  8
MEMBRANA_3D
100
AcDbFace
 10
-2.2631936916013844
 20
0.45017721503513974
 30
3.869346531015499
 11
-2.517794480151211
 21
0.5008204606223137
 31
3.7140791199046013
 12
-2.5231942725020735
 22
0.24851294484148892
 32
3.733366574716766
 13
-2.5231942725020735
 23
0.24851294484148892
 33
3.733366574716766
  0
3DFACE
  5
3D8
330
17
100
AcDbEntity
  8
MEMBRANA_3D
100
AcDbFace
 10
-2.2631936916013844
 20
0.45017721503513974
 30
3.869346531015499
 11
-2.5231942725020735
 21
0.24851294484148892
 31
3.733366574716766
 12
-2.2693648828595125
 22
0.22351293204230058
 32
3.885253646518717
 13
-2.2693648828595125
 23
0.22351293204230058
 33
3.885253646518717
  0
3DFACE
  5
3D9
330
17
100
AcDbEntity
  8
MEMBRANA_3D
100
AcDbFace
 10
-2.2693648828595125
 20
0.22351293204230058
 30
3.885253646518717
 11
-2.5231942725020735
 21
0.24851294484148892
 31
3.733366574716766
 12
-2.525
 22
3.0922331678470665e-16
 32
3.7396739405112176
 13
-2.525
 23
3.0922331678470665e-16
 33
3.7396739405112176
  0
3DFACE
  5
3DA
330
17
100
AcDbEntity
  8
MEMBRANA_3D
100
AcDbFace
 10
-2.2693648828595125
 20
0.22351293204230058
 30
3.885253646518717
 11
-2.525
 21
3.0922331678470665e-16
 31
3.7396739405112176
 12
-2.2714285714285714
 22
2.781697729491845e-16
 32
3.8904555768506603
 13
-2.2714285714285714
 23
2.781697729491845e-16
 33
3.8904555768506603
  0
3DFACE
  5
3DB
330
17
100
AcDbEntity
  8
MEMBRANA_3D
100
AcDbFace
 10
-2.2714285714285714
 20
2.781697729491845e-16
 30
3.8904555768506603
 11
-2.525
 21
3.0922331678470665e-16
 31
3.7396739405112176
 12
-2.5231942725020735
 22
-0.2485129448414883
 32
3.733366574716766
 13
-2.5231942725020735
 23
-0.2485129448414883
 33
3.733366574716766
  0
3DFACE
  5
3DC
330
17
100
AcDbEntity
  8
MEMBRANA_3D
100
AcDbFace
 10
-2.2714285714285714
 20
2.781697729491845e-16
 30
3.8904555768506603
 11
-2.5231942725020735
 21
-0.2485129448414883
 31
3.733366574716766
 12
-2.2693648828595125
 22
-0.22351293204230002
 32
3.885253646518717
 13
-2.2693648828595125
 23
-0.22351293204230002
 33
3.885253646518717
  0
3DFACE
  5
3DD
330
17
100
AcDbEntity
  8
MEMBRANA_3D
100
AcDbFace
 10
-2.2693648828595125
 20
-0.22351293204230002
 30
3.885253646518717
 11
-2.5231942725020735
 21
-0.2485129448414883
 31
3.733366574716766
 12
-2.517794480151211
 22
-0.500820460622313
 32
3.7140791199046013
 13
-2.517794480151211
 23
-0.500820460622313
 33
3.7140791199046013
  0
3DFACE
  5
3DE
330
17
100
AcDbEntity
  8
MEMBRANA_3D
100
AcDbFace
 10
-2.2693648828595125
 20
-0.22351293204230002
 30
3.885253646518717
 11
-2.517794480151211
 21
-0.500820460622313
 31
3.7140791199046013
 12
-2.2631936916013844
 22
-0.4501772150351392
 32
3.869346531015499
 13
-2.2631936916013844
 23
-0.4501772150351392
 33
3.869346531015499
  0
3DFACE
  5
3DF
330
17
100
AcDbEntity
  8
MEMBRANA_3D
100
AcDbFace
 10
-2.2631936916013844
 20
-0.4501772150351392
 30
3.869346531015499
 11
-2.517794480151211
 21
-0.500820460622313
 31
3.7140791199046013
 12
-2.508852625899578
 22
-0.7610521237262088
 32
3.680666245388746
 13
-2.508852625899578
 23
-0.7610521237262088
 33
3.680666245388746
  0
3DFACE
  5
3E0
330
17
100
AcDbEntity
  8
MEMBRANA_3D
100
AcDbFace
 10
-2.2631936916013844
 20
-0.4501772150351392
 30
3.869346531015499
 11
-2.508852625899578
 21
-0.7610521237262088
 31
3.680666245388746
 12
-2.2529744295995178
 22
-0.683432321471157
 32
3.841789631497424
 13
-2.2529744295995178
 23
-0.683432321471157
 33
3.841789631497424
  0
3DFACE
  5
3E1
330
17
100
AcDbEntity
  8
MEMBRANA_3D
100
AcDbFace
 10
-2.2529744295995178
 20
-0.683432321471157
 30
3.841789631497424
 11
-2.508852625899578
 21
-0.7610521237262088
 31
3.680666245388746
 12
-2.4964548246917326
 22
-1.0340654462390626
 32
3.631042496656103
 13
-2.4964548246917326
 23
-1.0340654462390626
 33
3.631042496656103
  0
3DFACE
  5
3E2
330
17
100
AcDbEntity
  8
MEMBRANA_3D
100
AcDbFace
 10
-2.2529744295995178
 20
-0.683432321471157
 30
3.841789631497424
 11
-2.4964548246917326
 21
-1.0340654462390626
 31
3.631042496656103
 12
-2.2388055139334084
 22
-0.9273436073868846
 32
3.8008629923695407
 13
-2.2388055139334084
 23
-0.9273436073868846
 33
3.8008629923695407
  0
3DFACE
  5
3E3
330
17
100
AcDbEntity
  8
MEMBRANA_3D
100
AcDbFace
 10
-2.2388055139334084
 20
-0.9273436073868846
 30
3.8008629923695407
 11
-2.4964548246917326
 21
-1.0340654462390626
 31
3.631042496656103
 12
-2.312171822294494
 22
-1.235881587248042
 32
3.680666245388746
 13
-2.312171822294494
 23
-1.235881587248042
 33
3.680666245388746
  0
3DFACE
  5
3E4
330
17
100
AcDbEntity
  8
MEMBRANA_3D
100
AcDbFace
 10
-2.2388055139334084
 20
-0.9273436073868846
 30
3.8008629923695407
 11
-2.312171822294494
 21
-1.235881587248042
 31
3.680666245388746
 12
-2.076353126004033
 22
-1.1098338680153927
 32
3.841789631497424
 13
-2.076353126004033
 23
-1.1098338680153927
 33
3.841789631497424
  0
3DFACE
  5
3E5
330
17
100
AcDbEntity
  8
MEMBRANA_3D
100
AcDbFace
 10
-2.076353126004033
 20
-1.1098338680153927
 30
3.841789631497424
 11
-2.312171822294494
 21
-1.235881587248042
 31
3.680666245388746
 12
-2.134483094411988
 22
-1.4262160066859713
 32
3.7140791199046013
 13
-2.134483094411988
 23
-1.4262160066859713
 33
3.7140791199046013
  0
3DFACE
  5
3E6
330
17
100
AcDbEntity
  8
MEMBRANA_3D
100
AcDbFace
 10
-2.076353126004033
 20
-1.1098338680153927
 30
3.841789631497424
 11
-2.134483094411988
 21
-1.4262160066859713
 31
3.7140791199046013
 12
-1.9186429679569765
 22
-1.2819962449829327
 32
3.869346531015499
 13
-1.9186429679569765
 23
-1.2819962449829327
 33
3.869346531015499
  0
3DFACE
  5
3E7
330
17
100
AcDbEntity
  8
MEMBRANA_3D
100
AcDbFace
 10
-1.9186429679569765
 20
-1.2819962449829327
 30
3.869346531015499
 11
-2.134483094411988
 21
-1.4262160066859713
 31
3.7140791199046013
 12
-1.959892968847329
 22
-1.6084425918272183
 32
3.733366574716766
 13
-1.959892968847329
 23
-1.6084425918272183
 33
3.733366574716766
  0
3DFACE
  5
3E8
330
17
100
AcDbEntity
  8
MEMBRANA_3D
100
AcDbFace
 10
-1.9186429679569765
 20
-1.2819962449829327
 30
3.869346531015499
 11
-1.959892968847329
 21
-1.6084425918272183
 31
3.733366574716766
 12
-1.762730807586575
 22
-1.4466357877265776
 32
3.885253646518717
 13
-1.762730807586575
 23
-1.4466357877265776
 33
3.885253646518717
  0
3DFACE
  5
3E9
330
17
100
AcDbEntity
  8
MEMBRANA_3D
100
AcDbFace
 10
-1.762730807586575
 20
-1.4466357877265776
 30
3.885253646518717
 11
-1.959892968847329
 21
-1.6084425918272183
 31
3.733366574716766
 12
-1.7854446224960328
 22
-1.7854446224960323
 32
3.7396739405112176
 13
-1.7854446224960328
 23
-1.7854446224960323
 33
3.7396739405112176
  0
3DFACE
  5
3EA
330
17
100
AcDbEntity
  8
MEMBRANA_3D
100
AcDbFace
 10
-1.762730807586575
 20
-1.4466357877265776
 30
3.885253646518717
 11
-1.7854446224960328
 21
-1.7854446224960323
 31
3.7396739405112176
 12
-1.6061425458380154
 22
-1.606142545838015
 32
3.8904555768506603
 13
-1.6061425458380154
 23
-1.606142545838015
 33
3.8904555768506603
  0
3DFACE
  5
3EB
330
17
100
AcDbEntity
  8
MEMBRANA_3D
100
AcDbFace
 10
-1.6061425458380154
 20
-1.606142545838015
 30
3.8904555768506603
 11
-1.7854446224960328
 21
-1.7854446224960323
 31
3.7396739405112176
 12
-1.60844259182722
 22
-1.9598929688473279
 32
3.733366574716766
 13
-1.60844259182722
 23
-1.9598929688473279
 33
3.733366574716766
  0
3DFACE
  5
3EC
330
17
100
AcDbEntity
  8
MEMBRANA_3D
100
AcDbFace
 10
-1.6061425458380154
 20
-1.606142545838015
 30
3.8904555768506603
 11
-1.60844259182722
 21
-1.9598929688473279
 31
3.733366574716766
 12
-1.4466357877265792
 22
-1.7627308075865742
 32
3.885253646518717
 13
-1.4466357877265792
 23
-1.7627308075865742
 33
3.885253646518717
  0
3DFACE
  5
3ED
330
17
100
AcDbEntity
  8
MEMBRANA_3D
100
AcDbFace
 10
-1.4466357877265792
 20
-1.7627308075865742
 30
3.885253646518717
 11
-1.60844259182722
 21
-1.9598929688473279
 31
3.733366574716766
 12
-1.426216006685972
 22
-2.1344830944119875
 32
3.7140791199046013
 13
-1.426216006685972
 23
-2.1344830944119875
 33
3.7140791199046013
  0
3DFACE
  5
3EE
330
17
100
AcDbEntity
  8
MEMBRANA_3D
100
AcDbFace
 10
-1.4466357877265792
 20
-1.7627308075865742
 30
3.885253646518717
 11
-1.426216006685972
 21
-2.1344830944119875
 31
3.7140791199046013
 12
-1.2819962449829332
 22
-1.918642967956976
 32
3.869346531015499
 13
-1.2819962449829332
 23
-1.918642967956976
 33
3.869346531015499
  0
3DFACE
  5
3EF
330
17
100
AcDbEntity
  8
MEMBRANA_3D
100
AcDbFace
 10
-1.2819962449829332
 20
-1.918642967956976
 30
3.869346531015499
 11
-1.426216006685972
 21
-2.1344830944119875
 31
3.7140791199046013
 12
-1.2358815872480426
 22
-2.312171822294494
 32
3.680666245388746
 13
-1.2358815872480426
 23
-2.312171822294494
 33
3.680666245388746
  0
3DFACE
  5
3F0
330
17
100
AcDbEntity
  8
MEMBRANA_3D
100
AcDbFace
 10
-1.2819962449829332
 20
-1.918642967956976
 30
3.869346531015499
 11
-1.2358815872480426
 21
-2.312171822294494
 31
3.680666245388746
 12
-1.1098338680153934
 22
-2.0763531260040327
 32
3.841789631497424
 13
-1.1098338680153934
 23
-2.0763531260040327
 33
3.841789631497424
  0
3DFACE
  5
3F1
330
17
100
AcDbEntity
  8
MEMBRANA_3D
100
AcDbFace
 10
-1.1098338680153934
 20
-2.0763531260040327
 30
3.841789631497424
 11
-1.2358815872480426
 21
-2.312171822294494
 31
3.680666245388746
 12
-1.0340654462390644
 22
-2.4964548246917313
 32
3.631042496656103
 13
-1.0340654462390644
 23
-2.4964548246917313
 33
3.631042496656103
  0
3DFACE
  5
3F2
330
17
100
AcDbEntity
  8
MEMBRANA_3D
100
AcDbFace
 10
-1.1098338680153934
 20
-2.0763531260040327
 30
3.841789631497424
 11
-1.0340654462390644
 21
-2.4964548246917313
 31
3.631042496656103
 12
-0.9273436073868863
 22
-2.2388055139334075
 32
3.8008629923695407
 13
-0.9273436073868863
 23
-2.2388055139334075
 33
3.8008629923695407
  0
3DFACE
  5
3F3
330
17
100
AcDbEntity
  8
MEMBRANA_3D
100
AcDbFace
 10
-0.9273436073868863
 20
-2.2388055139334075
 30
3.8008629923695407
 11
-1.0340654462390644
 21
-2.4964548246917313
 31
3.631042496656103
 12
-0.7610521237262097
 22
-2.508852625899578
 32
3.680666245388746
 13
-0.7610521237262097
 23
-2.508852625899578
 33
3.680666245388746
  0
3DFACE
  5
3F4
330
17
100
AcDbEntity
  8
MEMBRANA_3D
100
AcDbFace
 10
-0.9273436073868863
 20
-2.2388055139334075
 30
3.8008629923695407
 11
-0.7610521237262097
 21
-2.508852625899578
 31
3.680666245388746
 12
-0.6834323214711577
 22
-2.2529744295995178
 32
3.841789631497424
 13
-0.6834323214711577
 23
-2.2529744295995178
 33
3.841789631497424
  0
3DFACE
  5
3F5
330
17
100
AcDbEntity
  8
MEMBRANA_3D
100
AcDbFace
 10
-0.6834323214711577
 20
-2.2529744295995178
 30
3.841789631497424
 11
-0.7610521237262097
 21
-2.508852625899578
 31
3.680666245388746
 12
-0.5008204606223138
 22
-2.5177944801512107
 32
3.7140791199046013
 13
-0.5008204606223138
 23
-2.5177944801512107
 33
3.7140791199046013
  0
3DFACE
  5
3F6
330
17
100
AcDbEntity
  8
MEMBRANA_3D
100
AcDbFace
 10
-0.6834323214711577
 20
-2.2529744295995178
 30
3.841789631497424
 11
-0.5008204606223138
 21
-2.5177944801512107
 31
3.7140791199046013
 12
-0.45017721503513985
 22
-2.263193691601384
 32
3.869346531015499
 13
-0.45017721503513985
 23
-2.263193691601384
 33
3.869346531015499
  0
3DFACE
  5
3F7
330
17
100
AcDbEntity
  8
MEMBRANA_3D
100
AcDbFace
 10
-0.45017721503513985
 20
-2.263193691601384
 30
3.869346531015499
 11
-0.5008204606223138
 21
-2.5177944801512107
 31
3.7140791199046013
 12
-0.24851294484148798
 22
-2.5231942725020735
 32
3.733366574716766
 13
-0.24851294484148798
 23
-2.5231942725020735
 33
3.733366574716766
  0
3DFACE
  5
3F8
330
17
100
AcDbEntity
  8
MEMBRANA_3D
100
AcDbFace
 10
-0.45017721503513985
 20
-2.263193691601384
 30
3.869346531015499
 11
-0.24851294484148798
 21
-2.5231942725020735
 31
3.733366574716766
 12
-0.22351293204229972
 22
-2.2693648828595125
 32
3.885253646518717
 13
-0.22351293204229972
 23
-2.2693648828595125
 33
3.885253646518717
  0
3DFACE
  5
3F9
330
17
100
AcDbEntity
  8
MEMBRANA_3D
100
AcDbFace
 10
-0.22351293204229972
 20
-2.2693648828595125
 30
3.885253646518717
 11
-0.24851294484148798
 21
-2.5231942725020735
 31
3.733366574716766
 12
-4.6383497517706e-16
 22
-2.525
 32
3.7396739405112176
 13
-4.6383497517706e-16
 23
-2.525
 33
3.7396739405112176
  0
3DFACE
  5
3FA
330
17
100
AcDbEntity
  8
MEMBRANA_3D
100
AcDbFace
 10
-0.22351293204229972
 20
-2.2693648828595125
 30
3.885253646518717
 11
-4.6383497517706e-16
 21
-2.525
 31
3.7396739405112176
 12
-4.172546594237767e-16
 22
-2.2714285714285714
 32
3.8904555768506603
 13
-4.172546594237767e-16
 23
-2.2714285714285714
 33
3.8904555768506603
  0
3DFACE
  5
3FB
330
17
100
AcDbEntity
  8
MEMBRANA_3D
100
AcDbFace
 10
-4.172546594237767e-16
 20
-2.2714285714285714
 30
3.8904555768506603
 11
-4.6383497517706e-16
 21
-2.525
 31
3.7396739405112176
 12
0.24851294484148706
 22
-2.5231942725020735
 32
3.733366574716766
 13
0.24851294484148706
 23
-2.5231942725020735
 33
3.733366574716766
  0
3DFACE
  5
3FC
330
17
100
AcDbEntity
  8
MEMBRANA_3D
100
AcDbFace
 10
-4.172546594237767e-16
 20
-2.2714285714285714
 30
3.8904555768506603
 11
0.24851294484148706
 21
-2.5231942725020735
 31
3.733366574716766
 12
0.22351293204229888
 22
-2.2693648828595125
 32
3.885253646518717
 13
0.22351293204229888
 23
-2.2693648828595125
 33
3.885253646518717
  0
3DFACE
  5
3FD
330
17
100
AcDbEntity
  8
MEMBRANA_3D
100
AcDbFace
 10
0.22351293204229888
 20
-2.2693648828595125
 30
3.885253646518717
 11
0.24851294484148706
 21
-2.5231942725020735
 31
3.733366574716766
 12
0.500820460622313
 22
-2.5177944801512115
 32
3.714079119904601
 13
0.500820460622313
 23
-2.5177944801512115
 33
3.714079119904601
  0
3DFACE
  5
3FE
330
17
100
AcDbEntity
  8
MEMBRANA_3D
100
AcDbFace
 10
0.22351293204229888
 20
-2.2693648828595125
 30
3.885253646518717
 11
0.500820460622313
 21
-2.5177944801512115
 31
3.714079119904601
 12
0.45017721503513913
 22
-2.2631936916013844
 32
3.8693465310154984
 13
0.45017721503513913
 23
-2.2631936916013844
 33
3.8693465310154984
  0
3DFACE
  5
3FF
330
17
100
AcDbEntity
  8
MEMBRANA_3D
100
AcDbFace
 10
0.45017721503513913
 20
-2.2631936916013844
 30
3.8693465310154984
 11
0.500820460622313
 21
-2.5177944801512115
 31
3.714079119904601
 12
0.7610521237262088
 22
-2.5088526258995785
 32
3.680666245388746
 13
0.7610521237262088
 23
-2.5088526258995785
 33
3.680666245388746
  0
3DFACE
  5
400
330
17
100
AcDbEntity
  8
MEMBRANA_3D
100
AcDbFace
 10
0.45017721503513913
 20
-2.2631936916013844
 30
3.8693465310154984
 11
0.7610521237262088
 21
-2.5088526258995785
 31
3.680666245388746
 12
0.683432321471157
 22
-2.252974429599518
 32
3.841789631497424
 13
0.683432321471157
 23
-2.252974429599518
 33
3.841789631497424
  0
3DFACE
  5
401
330
17
100
AcDbEntity
  8
MEMBRANA_3D
100
AcDbFace
 10
0.683432321471157
 20
-2.252974429599518
 30
3.841789631497424
 11
0.7610521237262088
 21
-2.5088526258995785
 31
3.680666245388746
 12
1.0340654462390635
 22
-2.496454824691732
 32
3.631042496656103
 13
1.0340654462390635
 23
-2.496454824691732
 33
3.631042496656103
  0
3DFACE
  5
402
330
17
100
AcDbEntity
  8
MEMBRANA_3D
100
AcDbFace
 10
0.683432321471157
 20
-2.252974429599518
 30
3.841789631497424
 11
1.0340654462390635
 21
-2.496454824691732
 31
3.631042496656103
 12
0.9273436073868855
 22
-2.238805513933408
 32
3.8008629923695407
 13
0.9273436073868855
 23
-2.238805513933408
 33
3.8008629923695407
  0
3DFACE
  5
403
330
17
100
AcDbEntity
  8
MEMBRANA_3D
100
AcDbFace
 10
0.9273436073868855
 20
-2.238805513933408
 30
3.8008629923695407
 11
1.0340654462390635
 21
-2.496454824691732
 31
3.631042496656103
 12
1.235881587248042
 22
-2.3121718222944945
 32
3.680666245388746
 13
1.235881587248042
 23
-2.3121718222944945
 33
3.680666245388746
  0
3DFACE
  5
404
330
17
100
AcDbEntity
  8
MEMBRANA_3D
100
AcDbFace
 10
0.9273436073868855
 20
-2.238805513933408
 30
3.8008629923695407
 11
1.235881587248042
 21
-2.3121718222944945
 31
3.680666245388746
 12
1.109833868015393
 22
-2.076353126004033
 32
3.841789631497424
 13
1.109833868015393
 23
-2.076353126004033
 33
3.841789631497424
  0
3DFACE
  5
405
330
17
100
AcDbEntity
  8
MEMBRANA_3D
100
AcDbFace
 10
1.109833868015393
 20
-2.076353126004033
 30
3.841789631497424
 11
1.235881587248042
 21
-2.3121718222944945
 31
3.680666245388746
 12
1.4262160066859713
 22
-2.1344830944119884
 32
3.714079119904601
 13
1.4262160066859713
 23
-2.1344830944119884
 33
3.714079119904601
  0
3DFACE
  5
406
330
17
100
AcDbEntity
  8
MEMBRANA_3D
100
AcDbFace
 10
1.109833868015393
 20
-2.076353126004033
 30
3.841789631497424
 11
1.4262160066859713
 21
-2.1344830944119884
 31
3.714079119904601
 12
1.2819962449829327
 22
-1.918642967956977
 32
3.8693465310154984
 13
1.2819962449829327
 23
-1.918642967956977
 33
3.8693465310154984
  0
3DFACE
  5
407
330
17
100
AcDbEntity
  8
MEMBRANA_3D
100
AcDbFace
 10
1.2819962449829327
 20
-1.918642967956977
 30
3.8693465310154984
 11
1.4262160066859713
 21
-2.1344830944119884
 31
3.714079119904601
 12
1.6084425918272192
 22
-1.9598929688473283
 32
3.733366574716766
 13
1.6084425918272192
 23
-1.9598929688473283
 33
3.733366574716766
  0
3DFACE
  5
408
330
17
100
AcDbEntity
  8
MEMBRANA_3D
100
AcDbFace
 10
1.2819962449829327
 20
-1.918642967956977
 30
3.8693465310154984
 11
1.6084425918272192
 21
-1.9598929688473283
 31
3.733366574716766
 12
1.4466357877265783
 22
-1.7627308075865746
 32
3.885253646518717
 13
1.4466357877265783
 23
-1.7627308075865746
 33
3.885253646518717
  0
3DFACE
  5
409
330
17
100
AcDbEntity
  8
MEMBRANA_3D
100
AcDbFace
 10
1.4466357877265783
 20
-1.7627308075865746
 30
3.885253646518717
 11
1.6084425918272192
 21
-1.9598929688473283
 31
3.733366574716766
 12
1.785444622496032
 22
-1.7854446224960328
 32
3.7396739405112176
 13
1.785444622496032
 23
-1.7854446224960328
 33
3.7396739405112176
  0
3DFACE
  5
40A
330
17
100
AcDbEntity
  8
MEMBRANA_3D
100
AcDbFace
 10
1.4466357877265783
 20
-1.7627308075865746
 30
3.885253646518717
 11
1.785444622496032
 21
-1.7854446224960328
 31
3.7396739405112176
 12
1.6061425458380147
 22
-1.6061425458380154
 32
3.8904555768506603
 13
1.6061425458380147
 23
-1.6061425458380154
 33
3.8904555768506603
  0
3DFACE
  5
40B
330
17
100
AcDbEntity
  8
MEMBRANA_3D
100
AcDbFace
 10
1.6061425458380147
 20
-1.6061425458380154
 30
3.8904555768506603
 11
1.785444622496032
 21
-1.7854446224960328
 31
3.7396739405112176
 12
1.9598929688473279
 22
-1.60844259182722
 32
3.733366574716766
 13
1.9598929688473279
 23
-1.60844259182722
 33
3.733366574716766
  0
3DFACE
  5
40C
330
17
100
AcDbEntity
  8
MEMBRANA_3D
100
AcDbFace
 10
1.6061425458380147
 20
-1.6061425458380154
 30
3.8904555768506603
 11
1.9598929688473279
 21
-1.60844259182722
 31
3.733366574716766
 12
1.7627308075865742
 22
-1.4466357877265792
 32
3.885253646518717
 13
1.7627308075865742
 23
-1.4466357877265792
 33
3.885253646518717
  0
3DFACE
  5
40D
330
17
100
AcDbEntity
  8
MEMBRANA_3D
100
AcDbFace
 10
1.7627308075865742
 20
-1.4466357877265792
 30
3.885253646518717
 11
1.9598929688473279
 21
-1.60844259182722
 31
3.733366574716766
 12
2.1344830944119875
 22
-1.426216006685972
 32
3.7140791199046013
 13
2.1344830944119875
 23
-1.426216006685972
 33
3.7140791199046013
  0
3DFACE
  5
40E
330
17
100
AcDbEntity
  8
MEMBRANA_3D
100
AcDbFace
 10
1.7627308075865742
 20
-1.4466357877265792
 30
3.885253646518717
 11
2.1344830944119875
 21
-1.426216006685972
 31
3.7140791199046013
 12
1.918642967956976
 22
-1.2819962449829332
 32
3.869346531015499
 13
1.918642967956976
 23
-1.2819962449829332
 33
3.869346531015499
  0
3DFACE
  5
40F
330
17
100
AcDbEntity
  8
MEMBRANA_3D
100
AcDbFace
 10
1.918642967956976
 20
-1.2819962449829332
 30
3.869346531015499
 11
2.1344830944119875
 21
-1.426216006685972
 31
3.7140791199046013
 12
2.3121718222944936
 22
-1.2358815872480426
 32
3.680666245388746
 13
2.3121718222944936
 23
-1.2358815872480426
 33
3.680666245388746
  0
3DFACE
  5
410
330
17
100
AcDbEntity
  8
MEMBRANA_3D
100
AcDbFace
 10
1.918642967956976
 20
-1.2819962449829332
 30
3.869346531015499
 11
2.3121718222944936
 21
-1.2358815872480426
 31
3.680666245388746
 12
2.076353126004032
 22
-1.1098338680153934
 32
3.841789631497424
 13
2.076353126004032
 23
-1.1098338680153934
 33
3.841789631497424
  0
3DFACE
  5
411
330
17
100
AcDbEntity
  8
MEMBRANA_3D
100
AcDbFace
 10
2.076353126004032
 20
-1.1098338680153934
 30
3.841789631497424
 11
2.3121718222944936
 21
-1.2358815872480426
 31
3.680666245388746
 12
2.4964548246917313
 22
-1.0340654462390644
 32
3.631042496656103
 13
2.4964548246917313
 23
-1.0340654462390644
 33
3.631042496656103
  0
3DFACE
  5
412
330
17
100
AcDbEntity
  8
MEMBRANA_3D
100
AcDbFace
 10
2.076353126004032
 20
-1.1098338680153934
 30
3.841789631497424
 11
2.4964548246917313
 21
-1.0340654462390644
 31
3.631042496656103
 12
2.2388055139334075
 22
-0.9273436073868864
 32
3.8008629923695407
 13
2.2388055139334075
 23
-0.9273436073868864
 33
3.8008629923695407
  0
3DFACE
  5
413
330
17
100
AcDbEntity
  8
MEMBRANA_3D
100
AcDbFace
 10
2.2388055139334075
 20
-0.9273436073868864
 30
3.8008629923695407
 11
2.4964548246917313
 21
-1.0340654462390644
 31
3.631042496656103
 12
2.508852625899578
 22
-0.7610521237262098
 32
3.680666245388746
 13
2.508852625899578
 23
-0.7610521237262098
 33
3.680666245388746
  0
3DFACE
  5
414
330
17
100
AcDbEntity
  8
MEMBRANA_3D
100
AcDbFace
 10
2.2388055139334075
 20
-0.9273436073868864
 30
3.8008629923695407
 11
2.508852625899578
 21
-0.7610521237262098
 31
3.680666245388746
 12
2.2529744295995178
 22
-0.6834323214711578
 32
3.841789631497424
 13
2.2529744295995178
 23
-0.6834323214711578
 33
3.841789631497424
  0
3DFACE
  5
415
330
17
100
AcDbEntity
  8
MEMBRANA_3D
100
AcDbFace
 10
2.2529744295995178
 20
-0.6834323214711578
 30
3.841789631497424
 11
2.508852625899578
 21
-0.7610521237262098
 31
3.680666245388746
 12
2.5177944801512107
 22
-0.5008204606223139
 32
3.7140791199046013
 13
2.5177944801512107
 23
-0.5008204606223139
 33
3.7140791199046013
  0
3DFACE
  5
416
330
17
100
AcDbEntity
  8
MEMBRANA_3D
100
AcDbFace
 10
2.2529744295995178
 20
-0.6834323214711578
 30
3.841789631497424
 11
2.5177944801512107
 21
-0.5008204606223139
 31
3.7140791199046013
 12
2.263193691601384
 22
-0.45017721503514
 32
3.869346531015499
 13
2.263193691601384
 23
-0.45017721503514
 33
3.869346531015499
  0
3DFACE
  5
417
330
17
100
AcDbEntity
  8
MEMBRANA_3D
100
AcDbFace
 10
2.263193691601384
 20
-0.45017721503514
 30
3.869346531015499
 11
2.5177944801512107
 21
-0.5008204606223139
 31
3.7140791199046013
 12
2.5231942725020735
 22
-0.24851294484148811
 32
3.733366574716766
 13
2.5231942725020735
 23
-0.24851294484148811
 33
3.733366574716766
  0
3DFACE
  5
418
330
17
100
AcDbEntity
  8
MEMBRANA_3D
100
AcDbFace
 10
2.263193691601384
 20
-0.45017721503514
 30
3.869346531015499
 11
2.5231942725020735
 21
-0.24851294484148811
 31
3.733366574716766
 12
2.2693648828595125
 22
-0.22351293204229986
 32
3.885253646518717
 13
2.2693648828595125
 23
-0.22351293204229986
 33
3.885253646518717
  0
3DFACE
  5
419
330
17
100
AcDbEntity
  8
MEMBRANA_3D
100
AcDbFace
 10
2.2693648828595125
 20
-0.22351293204229986
 30
3.885253646518717
 11
2.5231942725020735
 21
-0.24851294484148811
 31
3.733366574716766
 12
2.525
 22
0.0
 32
3.7396739405112176
 13
2.525
 23
0.0
 33
3.7396739405112176
  0
3DFACE
  5
41A
330
17
100
AcDbEntity
  8
MEMBRANA_3D
100
AcDbFace
 10
2.2693648828595125
 20
-0.22351293204229986
 30
3.885253646518717
 11
2.525
 21
0.0
 31
3.7396739405112176
 12
2.2714285714285714
 22
0.0
 32
3.8904555768506603
 13
2.2714285714285714
 23
0.0
 33
3.8904555768506603
  0
3DFACE
  5
41B
330
17
100
AcDbEntity
  8
MEMBRANA_3D
100
AcDbFace
 10
2.525
 20
0.0
 30
3.7396739405112176
 11
2.7785714285714285
 21
0.0
 31
3.5833931967875197
 12
2.777023662144634
 22
0.27351295764067657
 32
3.5759400795579905
 13
2.777023662144634
 23
0.27351295764067657
 33
3.5759400795579905
  0
3DFACE
  5
41C
330
17
100
AcDbEntity
  8
MEMBRANA_3D
100
AcDbFace
 10
2.525
 20
0.0
 30
3.7396739405112176
 11
2.777023662144634
 21
0.27351295764067657
 31
3.5759400795579905
 12
2.5231942725020735
 22
0.24851294484148834
 32
3.733366574716766
 13
2.5231942725020735
 23
0.24851294484148834
 33
3.733366574716766
  0
3DFACE
  5
41D
330
17
100
AcDbEntity
  8
MEMBRANA_3D
100
AcDbFace
 10
2.5231942725020735
 20
0.24851294484148834
 30
3.733366574716766
 11
2.777023662144634
 21
0.27351295764067657
 31
3.5759400795579905
 12
2.7723952687010383
 22
0.5514637062094865
 32
3.553149002195587
 13
2.7723952687010383
 23
0.5514637062094865
 33
3.553149002195587
  0
3DFACE
  5
41E
330
17
100
AcDbEntity
  8
MEMBRANA_3D
100
AcDbFace
 10
2.5231942725020735
 20
0.24851294484148834
 30
3.733366574716766
 11
2.7723952687010383
 21
0.5514637062094865
 31
3.553149002195587
 12
2.517794480151211
 22
0.5008204606223127
 32
3.7140791199046013
 13
2.517794480151211
 23
0.5008204606223127
 33
3.7140791199046013
  0
3DFACE
  5
41F
330
17
100
AcDbEntity
  8
MEMBRANA_3D
100
AcDbFace
 10
2.517794480151211
 20
0.5008204606223127
 30
3.7140791199046013
 11
2.7723952687010383
 21
0.5514637062094865
 31
3.553149002195587
 12
2.7647308221996383
 22
0.8386719259812612
 32
3.513666581347046
 13
2.7647308221996383
 23
0.8386719259812612
 33
3.513666581347046
  0
3DFACE
  5
420
330
17
100
AcDbEntity
  8
MEMBRANA_3D
100
AcDbFace
 10
2.517794480151211
 20
0.5008204606223127
 30
3.7140791199046013
 11
2.7647308221996383
 21
0.8386719259812612
 31
3.513666581347046
 12
2.5088526258995785
 22
0.7610521237262095
 32
3.680666245388746
 13
2.5088526258995785
 23
0.7610521237262095
 33
3.680666245388746
  0
3DFACE
  5
421
330
17
100
AcDbEntity
  8
MEMBRANA_3D
100
AcDbFace
 10
2.5088526258995785
 20
0.7610521237262095
 30
3.680666245388746
 11
2.7647308221996383
 21
0.8386719259812612
 31
3.513666581347046
 12
2.754104135450056
 22
1.1407872850912408
 32
3.4550285335904913
 13
2.754104135450056
 23
1.1407872850912408
 33
3.4550285335904913
  0
3DFACE
  5
422
330
17
100
AcDbEntity
  8
MEMBRANA_3D
100
AcDbFace
 10
2.5088526258995785
 20
0.7610521237262095
 30
3.680666245388746
 11
2.754104135450056
 21
1.1407872850912408
 31
3.4550285335904913
 12
2.496454824691732
 22
1.034065446239063
 32
3.631042496656103
 13
2.496454824691732
 23
1.034065446239063
 33
3.631042496656103
  0
3DFACE
  5
423
330
17
100
AcDbEntity
  8
MEMBRANA_3D
100
AcDbFace
 10
2.496454824691732
 20
1.034065446239063
 30
3.631042496656103
 11
2.754104135450056
 21
1.1407872850912408
 31
3.4550285335904913
 12
2.5479905185849554
 22
1.3619293064806912
 32
3.513666581347046
 13
2.5479905185849554
 23
1.3619293064806912
 33
3.513666581347046
  0
3DFACE
  5
424
330
17
100
AcDbEntity
  8
MEMBRANA_3D
100
AcDbFace
 10
2.496454824691732
 20
1.034065446239063
 30
3.631042496656103
 11
2.5479905185849554
 21
1.3619293064806912
 31
3.513666581347046
 12
2.3121718222944945
 22
1.2358815872480422
 32
3.680666245388746
 13
2.3121718222944945
 23
1.2358815872480422
 33
3.680666245388746
  0
3DFACE
  5
425
330
17
100
AcDbEntity
  8
MEMBRANA_3D
100
AcDbFace
 10
2.3121718222944945
 20
1.2358815872480422
 30
3.680666245388746
 11
2.5479905185849554
 21
1.3619293064806912
 31
3.513666581347046
 12
2.3503232208669984
 22
1.5704357683890104
 32
3.553149002195587
 13
2.3503232208669984
 23
1.5704357683890104
 33
3.553149002195587
  0
3DFACE
  5
426
330
17
100
AcDbEntity
  8
MEMBRANA_3D
100
AcDbFace
 10
2.3121718222944945
 20
1.2358815872480422
 30
3.680666245388746
 11
2.3503232208669984
 21
1.5704357683890104
 31
3.553149002195587
 12
2.1344830944119875
 22
1.426216006685972
 32
3.7140791199046013
 13
2.1344830944119875
 23
1.426216006685972
 33
3.7140791199046013
  0
3DFACE
  5
427
330
17
100
AcDbEntity
  8
MEMBRANA_3D
100
AcDbFace
 10
2.1344830944119875
 20
1.426216006685972
 30
3.7140791199046013
 11
2.3503232208669984
 21
1.5704357683890104
 31
3.553149002195587
 12
2.1570551301080823
 22
1.7702493959278593
 32
3.5759400795579905
 13
2.1570551301080823
 23
1.7702493959278593
 33
3.5759400795579905
  0
3DFACE
  5
428
330
17
100
AcDbEntity
  8
MEMBRANA_3D
100
AcDbFace
 10
2.1344830944119875
 20
1.426216006685972
 30
3.7140791199046013
 11
2.1570551301080823
 21
1.7702493959278593
 31
3.5759400795579905
 12
1.9598929688473286
 22
1.608442591827219
 32
3.733366574716766
 13
1.9598929688473286
 23
1.608442591827219
 33
3.733366574716766
  0
3DFACE
  5
429
330
17
100
AcDbEntity
  8
MEMBRANA_3D
100
AcDbFace
 10
1.9598929688473286
 20
1.608442591827219
 30
3.733366574716766
 11
2.1570551301080823
 21
1.7702493959278593
 31
3.5759400795579905
 12
1.9647466991540499
 22
1.9647466991540496
 32
3.5833931967875197
 13
1.9647466991540499
 23
1.9647466991540496
 33
3.5833931967875197
  0
3DFACE
  5
42A
330
17
100
AcDbEntity
  8
MEMBRANA_3D
100
AcDbFace
 10
1.9598929688473286
 20
1.608442591827219
 30
3.733366574716766
 11
1.9647466991540499
 21
1.9647466991540496
 31
3.5833931967875197
 12
1.7854446224960325
 22
1.7854446224960323
 32
3.7396739405112176
 13
1.7854446224960325
 23
1.7854446224960323
 33
3.7396739405112176
  0
3DFACE
  5
42B
330
17
100
AcDbEntity
  8
MEMBRANA_3D
100
AcDbFace
 10
1.7854446224960325
 20
1.7854446224960323
 30
3.7396739405112176
 11
1.9647466991540499
 21
1.9647466991540496
 31
3.5833931967875197
 12
1.7702493959278593
 22
2.1570551301080823
 32
3.5759400795579905
 13
1.7702493959278593
 23
2.1570551301080823
 33
3.5759400795579905
  0
3DFACE
  5
42C
330
17
100
AcDbEntity
  8
MEMBRANA_3D
100
AcDbFace
 10
1.7854446224960325
 20
1.7854446224960323
 30
3.7396739405112176
 11
1.7702493959278593
 21
2.1570551301080823
 31
3.5759400795579905
 12
1.608442591827219
 22
1.9598929688473286
 32
3.733366574716766
 13
1.608442591827219
 23
1.9598929688473286
 33
3.733366574716766
  0
3DFACE
  5
42D
330
17
100
AcDbEntity
  8
MEMBRANA_3D
100
AcDbFace
 10
1.608442591827219
 20
1.9598929688473286
 30
3.733366574716766
 11
1.7702493959278593
 21
2.1570551301080823
 31
3.5759400795579905
 12
1.5704357683890109
 22
2.3503232208669984
 32
3.553149002195587
 13
1.5704357683890109
 23
2.3503232208669984
 33
3.553149002195587
  0
3DFACE
  5
42E
330
17
100
AcDbEntity
  8
MEMBRANA_3D
100
AcDbFace
 10
1.608442591827219
 20
1.9598929688473286
 30
3.733366574716766
 11
1.5704357683890109
 21
2.3503232208669984
 31
3.553149002195587
 12
1.4262160066859721
 22
2.1344830944119875
 32
3.7140791199046013
 13
1.4262160066859721
 23
2.1344830944119875
 33
3.7140791199046013
  0
3DFACE
  5
42F
330
17
100
AcDbEntity
  8
MEMBRANA_3D
100
AcDbFace
 10
1.4262160066859721
 20
2.1344830944119875
 30
3.7140791199046013
 11
1.5704357683890109
 21
2.3503232208669984
 31
3.553149002195587
 12
1.3619293064806914
 22
2.547990518584955
 32
3.5136665813470462
 13
1.3619293064806914
 23
2.547990518584955
 33
3.5136665813470462
  0
3DFACE
  5
430
330
17
100
AcDbEntity
  8
MEMBRANA_3D
100
AcDbFace
 10
1.4262160066859721
 20
2.1344830944119875
 30
3.7140791199046013
 11
1.3619293064806914
 21
2.547990518584955
 31
3.5136665813470462
 12
1.2358815872480424
 22
2.312171822294494
 32
3.680666245388746
 13
1.2358815872480424
 23
2.312171822294494
 33
3.680666245388746
  0
3DFACE
  5
431
330
17
100
AcDbEntity
  8
MEMBRANA_3D
100
AcDbFace
 10
1.2358815872480424
 20
2.312171822294494
 30
3.680666245388746
 11
1.3619293064806914
 21
2.547990518584955
 31
3.5136665813470462
 12
1.140787285091241
 22
2.754104135450056
 32
3.4550285335904913
 13
1.140787285091241
 23
2.754104135450056
 33
3.4550285335904913
  0
3DFACE
  5
432
330
17
100
AcDbEntity
  8
MEMBRANA_3D
100
AcDbFace
 10
1.2358815872480424
 20
2.312171822294494
 30
3.680666245388746
 11
1.140787285091241
 21
2.754104135450056
 31
3.4550285335904913
 12
1.034065446239063
 22
2.496454824691732
 32
3.631042496656103
 13
1.034065446239063
 23
2.496454824691732
 33
3.631042496656103
  0
3DFACE
  5
433
330
17
100
AcDbEntity
  8
MEMBRANA_3D
100
AcDbFace
 10
1.034065446239063
 20
2.496454824691732
 30
3.631042496656103
 11
1.140787285091241
 21
2.754104135450056
 31
3.4550285335904913
 12
0.8386719259812611
 22
2.7647308221996383
 32
3.5136665813470462
 13
0.8386719259812611
 23
2.7647308221996383
 33
3.5136665813470462
  0
3DFACE
  5
434
330
17
100
AcDbEntity
  8
MEMBRANA_3D
100
AcDbFace
 10
1.034065446239063
 20
2.496454824691732
 30
3.631042496656103
 11
0.8386719259812611
 21
2.7647308221996383
 31
3.5136665813470462
 12
0.7610521237262093
 22
2.508852625899578
 32
3.680666245388746
 13
0.7610521237262093
 23
2.508852625899578
 33
3.680666245388746
  0
3DFACE
  5
435
330
17
100
AcDbEntity
  8
MEMBRANA_3D
100
AcDbFace
 10
0.7610521237262093
 20
2.508852625899578
 30
3.680666245388746
 11
0.8386719259812611
 21
2.7647308221996383
 31
3.5136665813470462
 12
0.5514637062094867
 22
2.7723952687010383
 32
3.553149002195587
 13
0.5514637062094867
 23
2.7723952687010383
 33
3.553149002195587
  0
3DFACE
  5
436
330
17
100
AcDbEntity
  8
MEMBRANA_3D
100
AcDbFace
 10
0.7610521237262093
 20
2.508852625899578
 30
3.680666245388746
 11
0.5514637062094867
 21
2.7723952687010383
 31
3.553149002195587
 12
0.5008204606223129
 22
2.517794480151211
 32
3.7140791199046013
 13
0.5008204606223129
 23
2.517794480151211
 33
3.7140791199046013
  0
3DFACE
  5
437
330
17
100
AcDbEntity
  8
MEMBRANA_3D
100
AcDbFace
 10
0.5008204606223129
 20
2.517794480151211
 30
3.7140791199046013
 11
0.5514637062094867
 21
2.7723952687010383
 31
3.553149002195587
 12
0.27351295764067707
 22
2.777023662144634
 32
3.5759400795579905
 13
0.27351295764067707
 23
2.777023662144634
 33
3.5759400795579905
  0
3DFACE
  5
438
330
17
100
AcDbEntity
  8
MEMBRANA_3D
100
AcDbFace
 10
0.5008204606223129
 20
2.517794480151211
 30
3.7140791199046013
 11
0.27351295764067707
 21
2.777023662144634
 31
3.5759400795579905
 12
0.24851294484148878
 22
2.5231942725020735
 32
3.733366574716766
 13
0.24851294484148878
 23
2.5231942725020735
 33
3.733366574716766
  0
3DFACE
  5
439
330
17
100
AcDbEntity
  8
MEMBRANA_3D
100
AcDbFace
 10
0.24851294484148878
 20
2.5231942725020735
 30
3.733366574716766
 11
0.27351295764067707
 21
2.777023662144634
 31
3.5759400795579905
 12
1.701384303101144e-16
 22
2.7785714285714285
 32
3.5833931967875197
 13
1.701384303101144e-16
 23
2.7785714285714285
 33
3.5833931967875197
  0
3DFACE
  5
43A
330
17
100
AcDbEntity
  8
MEMBRANA_3D
100
AcDbFace
 10
0.24851294484148878
 20
2.5231942725020735
 30
3.733366574716766
 11
1.701384303101144e-16
 21
2.7785714285714285
 31
3.5833931967875197
 12
1.5461165839235333e-16
 22
2.525
 32
3.7396739405112176
 13
1.5461165839235333e-16
 23
2.525
 33
3.7396739405112176
  0
3DFACE
  5
43B
330
17
100
AcDbEntity
  8
MEMBRANA_3D
100
AcDbFace
 10
1.5461165839235333e-16
 20
2.525
 30
3.7396739405112176
 11
1.701384303101144e-16
 21
2.7785714285714285
 31
3.5833931967875197
 12
-0.2735129576406767
 22
2.777023662144634
 32
3.5759400795579905
 13
-0.2735129576406767
 23
2.777023662144634
 33
3.5759400795579905
  0
3DFACE
  5
43C
330
17
100
AcDbEntity
  8
MEMBRANA_3D
100
AcDbFace
 10
1.5461165839235333e-16
 20
2.525
 30
3.7396739405112176
 11
-0.2735129576406767
 21
2.777023662144634
 31
3.5759400795579905
 12
-0.24851294484148845
 22
2.5231942725020735
 32
3.733366574716766
 13
-0.24851294484148845
 23
2.5231942725020735
 33
3.733366574716766
  0
3DFACE
  5
43D
330
17
100
AcDbEntity
  8
MEMBRANA_3D
100
AcDbFace
 10
-0.24851294484148845
 20
2.5231942725020735
 30
3.733366574716766
 11
-0.2735129576406767
 21
2.777023662144634
 31
3.5759400795579905
 12
-0.5514637062094864
 22
2.7723952687010383
 32
3.553149002195587
 13
-0.5514637062094864
 23
2.7723952687010383
 33
3.553149002195587
  0
3DFACE
  5
43E
330
17
100
AcDbEntity
  8
MEMBRANA_3D
100
AcDbFace
 10
-0.24851294484148845
 20
2.5231942725020735
 30
3.733366574716766
 11
-0.5514637062094864
 21
2.7723952687010383
 31
3.553149002195587
 12
-0.5008204606223126
 22
2.517794480151211
 32
3.7140791199046013
 13
-0.5008204606223126
 23
2.517794480151211
 33
3.7140791199046013
  0
3DFACE
  5
43F
330
17
100
AcDbEntity
  8
MEMBRANA_3D
100
AcDbFace
 10
-0.5008204606223126
 20
2.517794480151211
 30
3.7140791199046013
 11
-0.5514637062094864
 21
2.7723952687010383
 31
3.553149002195587
 12
-0.8386719259812606
 22
2.7647308221996383
 32
3.5136665813470462
 13
-0.8386719259812606
 23
2.7647308221996383
 33
3.5136665813470462
  0
3DFACE
  5
440
330
17
100
AcDbEntity
  8
MEMBRANA_3D
100
AcDbFace
 10
-0.5008204606223126
 20
2.517794480151211
 30
3.7140791199046013
 11
-0.8386719259812606
 21
2.7647308221996383
 31
3.5136665813470462
 12
-0.7610521237262089
 22
2.508852625899578
 32
3.680666245388746
 13
-0.7610521237262089
 23
2.508852625899578
 33
3.680666245388746
  0
3DFACE
  5
441
330
17
100
AcDbEntity
  8
MEMBRANA_3D
100
AcDbFace
 10
-0.7610521237262089
 20
2.508852625899578
 30
3.680666245388746
 11
-0.8386719259812606
 21
2.7647308221996383
 31
3.5136665813470462
 12
-1.1407872850912406
 22
2.754104135450056
 32
3.4550285335904913
 13
-1.1407872850912406
 23
2.754104135450056
 33
3.4550285335904913
  0
3DFACE
  5
442
330
17
100
AcDbEntity
  8
MEMBRANA_3D
100
AcDbFace
 10
-0.7610521237262089
 20
2.508852625899578
 30
3.680666245388746
 11
-1.1407872850912406
 21
2.754104135450056
 31
3.4550285335904913
 12
-1.0340654462390628
 22
2.496454824691732
 32
3.631042496656103
 13
-1.0340654462390628
 23
2.496454824691732
 33
3.631042496656103
  0
3DFACE
  5
443
330
17
100
AcDbEntity
  8
MEMBRANA_3D
100
AcDbFace
 10
-1.0340654462390628
 20
2.496454824691732
 30
3.631042496656103
 11
-1.1407872850912406
 21
2.754104135450056
 31
3.4550285335904913
 12
-1.3619293064806912
 22
2.547990518584955
 32
3.5136665813470462
 13
-1.3619293064806912
 23
2.547990518584955
 33
3.5136665813470462
  0
3DFACE
  5
444
330
17
100
AcDbEntity
  8
MEMBRANA_3D
100
AcDbFace
 10
-1.0340654462390628
 20
2.496454824691732
 30
3.631042496656103
 11
-1.3619293064806912
 21
2.547990518584955
 31
3.5136665813470462
 12
-1.2358815872480422
 22
2.312171822294494
 32
3.680666245388746
 13
-1.2358815872480422
 23
2.312171822294494
 33
3.680666245388746
  0
3DFACE
  5
445
330
17
100
AcDbEntity
  8
MEMBRANA_3D
100
AcDbFace
 10
-1.2358815872480422
 20
2.312171822294494
 30
3.680666245388746
 11
-1.3619293064806912
 21
2.547990518584955
 31
3.5136665813470462
 12
-1.57043576838901
 22
2.3503232208669993
 32
3.553149002195587
 13
-1.57043576838901
 23
2.3503232208669993
 33
3.553149002195587
  0
3DFACE
  5
446
330
17
100
AcDbEntity
  8
MEMBRANA_3D
100
AcDbFace
 10
-1.2358815872480422
 20
2.312171822294494
 30
3.680666245388746
 11
-1.57043576838901
 21
2.3503232208669993
 31
3.553149002195587
 12
-1.4262160066859713
 22
2.134483094411988
 32
3.7140791199046013
 13
-1.4262160066859713
 23
2.134483094411988
 33
3.7140791199046013
  0
3DFACE
  5
447
330
17
100
AcDbEntity
  8
MEMBRANA_3D
100
AcDbFace
 10
-1.4262160066859713
 20
2.134483094411988
 30
3.7140791199046013
 11
-1.57043576838901
 21
2.3503232208669993
 31
3.553149002195587
 12
-1.770249395927859
 22
2.1570551301080823
 32
3.5759400795579905
 13
-1.770249395927859
 23
2.1570551301080823
 33
3.5759400795579905
  0
3DFACE
  5
448
330
17
100
AcDbEntity
  8
MEMBRANA_3D
100
AcDbFace
 10
-1.4262160066859713
 20
2.134483094411988
 30
3.7140791199046013
 11
-1.770249395927859
 21
2.1570551301080823
 31
3.5759400795579905
 12
-1.6084425918272185
 22
1.959892968847329
 32
3.733366574716766
 13
-1.6084425918272185
 23
1.959892968847329
 33
3.733366574716766
  0
3DFACE
  5
449
330
17
100
AcDbEntity
  8
MEMBRANA_3D
100
AcDbFace
 10
-1.6084425918272185
 20
1.959892968847329
 30
3.733366574716766
 11
-1.770249395927859
 21
2.1570551301080823
 31
3.5759400795579905
 12
-1.9647466991540496
 22
1.9647466991540499
 32
3.5833931967875197
 13
-1.9647466991540496
 23
1.9647466991540499
 33
3.5833931967875197
  0
3DFACE
  5
44A
330
17
100
AcDbEntity
  8
MEMBRANA_3D
100
AcDbFace
 10
-1.6084425918272185
 20
1.959892968847329
 30
3.733366574716766
 11
-1.9647466991540496
 21
1.9647466991540499
 31
3.5833931967875197
 12
-1.7854446224960323
 22
1.7854446224960325
 32
3.7396739405112176
 13
-1.7854446224960323
 23
1.7854446224960325
 33
3.7396739405112176
  0
3DFACE
  5
44B
330
17
100
AcDbEntity
  8
MEMBRANA_3D
100
AcDbFace
 10
-1.7854446224960323
 20
1.7854446224960325
 30
3.7396739405112176
 11
-1.9647466991540496
 21
1.9647466991540499
 31
3.5833931967875197
 12
-2.1570551301080823
 22
1.7702493959278593
 32
3.5759400795579905
 13
-2.1570551301080823
 23
1.7702493959278593
 33
3.5759400795579905
  0
3DFACE
  5
44C
330
17
100
AcDbEntity
  8
MEMBRANA_3D
100
AcDbFace
 10
-1.7854446224960323
 20
1.7854446224960325
 30
3.7396739405112176
 11
-2.1570551301080823
 21
1.7702493959278593
 31
3.5759400795579905
 12
-1.9598929688473286
 22
1.608442591827219
 32
3.733366574716766
 13
-1.9598929688473286
 23
1.608442591827219
 33
3.733366574716766
  0
3DFACE
  5
44D
330
17
100
AcDbEntity
  8
MEMBRANA_3D
100
AcDbFace
 10
-1.9598929688473286
 20
1.608442591827219
 30
3.733366574716766
 11
-2.1570551301080823
 21
1.7702493959278593
 31
3.5759400795579905
 12
-2.350323220866999
 22
1.5704357683890104
 32
3.553149002195587
 13
-2.350323220866999
 23
1.5704357683890104
 33
3.553149002195587
  0
3DFACE
  5
44E
330
17
100
AcDbEntity
  8
MEMBRANA_3D
100
AcDbFace
 10
-1.9598929688473286
 20
1.608442591827219
 30
3.733366574716766
 11
-2.350323220866999
 21
1.5704357683890104
 31
3.553149002195587
 12
-2.1344830944119875
 22
1.426216006685972
 32
3.7140791199046013
 13
-2.1344830944119875
 23
1.426216006685972
 33
3.7140791199046013
  0
3DFACE
  5
44F
330
17
100
AcDbEntity
  8
MEMBRANA_3D
100
AcDbFace
 10
-2.1344830944119875
 20
1.426216006685972
 30
3.7140791199046013
 11
-2.350323220866999
 21
1.5704357683890104
 31
3.553149002195587
 12
-2.547990518584955
 22
1.3619293064806917
 32
3.5136665813470462
 13
-2.547990518584955
 23
1.3619293064806917
 33
3.5136665813470462
  0
3DFACE
  5
450
330
17
100
AcDbEntity
  8
MEMBRANA_3D
100
AcDbFace
 10
-2.1344830944119875
 20
1.426216006685972
 30
3.7140791199046013
 11
-2.547990518584955
 21
1.3619293064806917
 31
3.5136665813470462
 12
-2.312171822294494
 22
1.2358815872480426
 32
3.680666245388746
 13
-2.312171822294494
 23
1.2358815872480426
 33
3.680666245388746
  0
3DFACE
  5
451
330
17
100
AcDbEntity
  8
MEMBRANA_3D
100
AcDbFace
 10
-2.312171822294494
 20
1.2358815872480426
 30
3.680666245388746
 11
-2.547990518584955
 21
1.3619293064806917
 31
3.5136665813470462
 12
-2.754104135450056
 22
1.140787285091241
 32
3.4550285335904913
 13
-2.754104135450056
 23
1.140787285091241
 33
3.4550285335904913
  0
3DFACE
  5
452
330
17
100
AcDbEntity
  8
MEMBRANA_3D
100
AcDbFace
 10
-2.312171822294494
 20
1.2358815872480426
 30
3.680666245388746
 11
-2.754104135450056
 21
1.140787285091241
 31
3.4550285335904913
 12
-2.496454824691732
 22
1.0340654462390633
 32
3.631042496656103
 13
-2.496454824691732
 23
1.0340654462390633
 33
3.631042496656103
  0
3DFACE
  5
453
330
17
100
AcDbEntity
  8
MEMBRANA_3D
100
AcDbFace
 10
-2.496454824691732
 20
1.0340654462390633
 30
3.631042496656103
 11
-2.754104135450056
 21
1.140787285091241
 31
3.4550285335904913
 12
-2.764730822199638
 22
0.8386719259812613
 32
3.5136665813470462
 13
-2.764730822199638
 23
0.8386719259812613
 33
3.5136665813470462
  0
3DFACE
  5
454
330
17
100
AcDbEntity
  8
MEMBRANA_3D
100
AcDbFace
 10
-2.496454824691732
 20
1.0340654462390633
 30
3.631042496656103
 11
-2.764730822199638
 21
0.8386719259812613
 31
3.5136665813470462
 12
-2.508852625899578
 22
0.7610521237262095
 32
3.680666245388746
 13
-2.508852625899578
 23
0.7610521237262095
 33
3.680666245388746
  0
3DFACE
  5
455
330
17
100
AcDbEntity
  8
MEMBRANA_3D
100
AcDbFace
 10
-2.508852625899578
 20
0.7610521237262095
 30
3.680666245388746
 11
-2.764730822199638
 21
0.8386719259812613
 31
3.5136665813470462
 12
-2.7723952687010383
 22
0.5514637062094876
 32
3.553149002195587
 13
-2.7723952687010383
 23
0.5514637062094876
 33
3.553149002195587
  0
3DFACE
  5
456
330
17
100
AcDbEntity
  8
MEMBRANA_3D
100
AcDbFace
 10
-2.508852625899578
 20
0.7610521237262095
 30
3.680666245388746
 11
-2.7723952687010383
 21
0.5514637062094876
 31
3.553149002195587
 12
-2.517794480151211
 22
0.5008204606223137
 32
3.7140791199046013
 13
-2.517794480151211
 23
0.5008204606223137
 33
3.7140791199046013
  0
3DFACE
  5
457
330
17
100
AcDbEntity
  8
MEMBRANA_3D
100
AcDbFace
 10
-2.517794480151211
 20
0.5008204606223137
 30
3.7140791199046013
 11
-2.7723952687010383
 21
0.5514637062094876
 31
3.553149002195587
 12
-2.777023662144634
 22
0.27351295764067723
 32
3.5759400795579905
 13
-2.777023662144634
 23
0.27351295764067723
 33
3.5759400795579905
  0
3DFACE
  5
458
330
17
100
AcDbEntity
  8
MEMBRANA_3D
100
AcDbFace
 10
-2.517794480151211
 20
0.5008204606223137
 30
3.7140791199046013
 11
-2.777023662144634
 21
0.27351295764067723
 31
3.5759400795579905
 12
-2.5231942725020735
 22
0.24851294484148892
 32
3.733366574716766
 13
-2.5231942725020735
 23
0.24851294484148892
 33
3.733366574716766
  0
3DFACE
  5
459
330
17
100
AcDbEntity
  8
MEMBRANA_3D
100
AcDbFace
 10
-2.5231942725020735
 20
0.24851294484148892
 30
3.733366574716766
 11
-2.777023662144634
 21
0.27351295764067723
 31
3.5759400795579905
 12
-2.7785714285714285
 22
3.402768606202288e-16
 32
3.5833931967875197
 13
-2.7785714285714285
 23
3.402768606202288e-16
 33
3.5833931967875197
  0
3DFACE
  5
45A
330
17
100
AcDbEntity
  8
MEMBRANA_3D
100
AcDbFace
 10
-2.5231942725020735
 20
0.24851294484148892
 30
3.733366574716766
 11
-2.7785714285714285
 21
3.402768606202288e-16
 31
3.5833931967875197
 12
-2.525
 22
3.0922331678470665e-16
 32
3.7396739405112176
 13
-2.525
 23
3.0922331678470665e-16
 33
3.7396739405112176
  0
3DFACE
  5
45B
330
17
100
AcDbEntity
  8
MEMBRANA_3D
100
AcDbFace
 10
-2.525
 20
3.0922331678470665e-16
 30
3.7396739405112176
 11
-2.7785714285714285
 21
3.402768606202288e-16
 31
3.5833931967875197
 12
-2.777023662144634
 22
-0.27351295764067657
 32
3.5759400795579905
 13
-2.777023662144634
 23
-0.27351295764067657
 33
3.5759400795579905
  0
3DFACE
  5
45C
330
17
100
AcDbEntity
  8
MEMBRANA_3D
100
AcDbFace
 10
-2.525
 20
3.0922331678470665e-16
 30
3.7396739405112176
 11
-2.777023662144634
 21
-0.27351295764067657
 31
3.5759400795579905
 12
-2.5231942725020735
 22
-0.2485129448414883
 32
3.733366574716766
 13
-2.5231942725020735
 23
-0.2485129448414883
 33
3.733366574716766
  0
3DFACE
  5
45D
330
17
100
AcDbEntity
  8
MEMBRANA_3D
100
AcDbFace
 10
-2.5231942725020735
 20
-0.2485129448414883
 30
3.733366574716766
 11
-2.777023662144634
 21
-0.27351295764067657
 31
3.5759400795579905
 12
-2.7723952687010383
 22
-0.5514637062094868
 32
3.553149002195587
 13
-2.7723952687010383
 23
-0.5514637062094868
 33
3.553149002195587
  0
3DFACE
  5
45E
330
17
100
AcDbEntity
  8
MEMBRANA_3D
100
AcDbFace
 10
-2.5231942725020735
 20
-0.2485129448414883
 30
3.733366574716766
 11
-2.7723952687010383
 21
-0.5514637062094868
 31
3.553149002195587
 12
-2.517794480151211
 22
-0.500820460622313
 32
3.7140791199046013
 13
-2.517794480151211
 23
-0.500820460622313
 33
3.7140791199046013
  0
3DFACE
  5
45F
330
17
100
AcDbEntity
  8
MEMBRANA_3D
100
AcDbFace
 10
-2.517794480151211
 20
-0.500820460622313
 30
3.7140791199046013
 11
-2.7723952687010383
 21
-0.5514637062094868
 31
3.553149002195587
 12
-2.7647308221996383
 22
-0.8386719259812604
 32
3.5136665813470462
 13
-2.7647308221996383
 23
-0.8386719259812604
 33
3.5136665813470462
  0
3DFACE
  5
460
330
17
100
AcDbEntity
  8
MEMBRANA_3D
100
AcDbFace
 10
-2.517794480151211
 20
-0.500820460622313
 30
3.7140791199046013
 11
-2.7647308221996383
 21
-0.8386719259812604
 31
3.5136665813470462
 12
-2.508852625899578
 22
-0.7610521237262088
 32
3.680666245388746
 13
-2.508852625899578
 23
-0.7610521237262088
 33
3.680666245388746
  0
3DFACE
  5
461
330
17
100
AcDbEntity
  8
MEMBRANA_3D
100
AcDbFace
 10
-2.508852625899578
 20
-0.7610521237262088
 30
3.680666245388746
 11
-2.7647308221996383
 21
-0.8386719259812604
 31
3.5136665813470462
 12
-2.7541041354500564
 22
-1.1407872850912406
 32
3.4550285335904913
 13
-2.7541041354500564
 23
-1.1407872850912406
 33
3.4550285335904913
  0
3DFACE
  5
462
330
17
100
AcDbEntity
  8
MEMBRANA_3D
100
AcDbFace
 10
-2.508852625899578
 20
-0.7610521237262088
 30
3.680666245388746
 11
-2.7541041354500564
 21
-1.1407872850912406
 31
3.4550285335904913
 12
-2.4964548246917326
 22
-1.0340654462390626
 32
3.631042496656103
 13
-2.4964548246917326
 23
-1.0340654462390626
 33
3.631042496656103
  0
3DFACE
  5
463
330
17
100
AcDbEntity
  8
MEMBRANA_3D
100
AcDbFace
 10
-2.4964548246917326
 20
-1.0340654462390626
 30
3.631042496656103
 11
-2.7541041354500564
 21
-1.1407872850912406
 31
3.4550285335904913
 12
-2.547990518584955
 22
-1.361929306480691
 32
3.5136665813470462
 13
-2.547990518584955
 23
-1.361929306480691
 33
3.5136665813470462
  0
3DFACE
  5
464
330
17
100
AcDbEntity
  8
MEMBRANA_3D
100
AcDbFace
 10
-2.4964548246917326
 20
-1.0340654462390626
 30
3.631042496656103
 11
-2.547990518584955
 21
-1.361929306480691
 31
3.5136665813470462
 12
-2.312171822294494
 22
-1.235881587248042
 32
3.680666245388746
 13
-2.312171822294494
 23
-1.235881587248042
 33
3.680666245388746
  0
3DFACE
  5
465
330
17
100
AcDbEntity
  8
MEMBRANA_3D
100
AcDbFace
 10
-2.312171822294494
 20
-1.235881587248042
 30
3.680666245388746
 11
-2.547990518584955
 21
-1.361929306480691
 31
3.5136665813470462
 12
-2.3503232208669993
 22
-1.57043576838901
 32
3.553149002195587
 13
-2.3503232208669993
 23
-1.57043576838901
 33
3.553149002195587
  0
3DFACE
  5
466
330
17
100
AcDbEntity
  8
MEMBRANA_3D
100
AcDbFace
 10
-2.312171822294494
 20
-1.235881587248042
 30
3.680666245388746
 11
-2.3503232208669993
 21
-1.57043576838901
 31
3.553149002195587
 12
-2.134483094411988
 22
-1.4262160066859713
 32
3.7140791199046013
 13
-2.134483094411988
 23
-1.4262160066859713
 33
3.7140791199046013
  0
3DFACE
  5
467
330
17
100
AcDbEntity
  8
MEMBRANA_3D
100
AcDbFace
 10
-2.134483094411988
 20
-1.4262160066859713
 30
3.7140791199046013
 11
-2.3503232208669993
 21
-1.57043576838901
 31
3.553149002195587
 12
-2.1570551301080823
 22
-1.7702493959278587
 32
3.5759400795579905
 13
-2.1570551301080823
 23
-1.7702493959278587
 33
3.5759400795579905
  0
3DFACE
  5
468
330
17
100
AcDbEntity
  8
MEMBRANA_3D
100
AcDbFace
 10
-2.134483094411988
 20
-1.4262160066859713
 30
3.7140791199046013
 11
-2.1570551301080823
 21
-1.7702493959278587
 31
3.5759400795579905
 12
-1.959892968847329
 22
-1.6084425918272183
 32
3.733366574716766
 13
-1.959892968847329
 23
-1.6084425918272183
 33
3.733366574716766
  0
3DFACE
  5
469
330
17
100
AcDbEntity
  8
MEMBRANA_3D
100
AcDbFace
 10
-1.959892968847329
 20
-1.6084425918272183
 30
3.733366574716766
 11
-2.1570551301080823
 21
-1.7702493959278587
 31
3.5759400795579905
 12
-1.9647466991540503
 22
-1.9647466991540496
 32
3.5833931967875197
 13
-1.9647466991540503
 23
-1.9647466991540496
 33
3.5833931967875197
  0
3DFACE
  5
46A
330
17
100
AcDbEntity
  8
MEMBRANA_3D
100
AcDbFace
 10
-1.959892968847329
 20
-1.6084425918272183
 30
3.733366574716766
 11
-1.9647466991540503
 21
-1.9647466991540496
 31
3.5833931967875197
 12
-1.7854446224960328
 22
-1.7854446224960323
 32
3.7396739405112176
 13
-1.7854446224960328
 23
-1.7854446224960323
 33
3.7396739405112176
  0
3DFACE
  5
46B
330
17
100
AcDbEntity
  8
MEMBRANA_3D
100
AcDbFace
 10
-1.7854446224960328
 20
-1.7854446224960323
 30
3.7396739405112176
 11
-1.9647466991540503
 21
-1.9647466991540496
 31
3.5833931967875197
 12
-1.7702493959278605
 22
-2.1570551301080814
 32
3.5759400795579905
 13
-1.7702493959278605
 23
-2.1570551301080814
 33
3.5759400795579905
  0
3DFACE
  5
46C
330
17
100
AcDbEntity
  8
MEMBRANA_3D
100
AcDbFace
 10
-1.7854446224960328
 20
-1.7854446224960323
 30
3.7396739405112176
 11
-1.7702493959278605
 21
-2.1570551301080814
 31
3.5759400795579905
 12
-1.60844259182722
 22
-1.9598929688473279
 32
3.733366574716766
 13
-1.60844259182722
 23
-1.9598929688473279
 33
3.733366574716766
  0
3DFACE
  5
46D
330
17
100
AcDbEntity
  8
MEMBRANA_3D
100
AcDbFace
 10
-1.60844259182722
 20
-1.9598929688473279
 30
3.733366574716766
 11
-1.7702493959278605
 21
-2.1570551301080814
 31
3.5759400795579905
 12
-1.5704357683890104
 22
-2.3503232208669984
 32
3.553149002195587
 13
-1.5704357683890104
 23
-2.3503232208669984
 33
3.553149002195587
  0
3DFACE
  5
46E
330
17
100
AcDbEntity
  8
MEMBRANA_3D
100
AcDbFace
 10
-1.60844259182722
 20
-1.9598929688473279
 30
3.733366574716766
 11
-1.5704357683890104
 21
-2.3503232208669984
 31
3.553149002195587
 12
-1.426216006685972
 22
-2.1344830944119875
 32
3.7140791199046013
 13
-1.426216006685972
 23
-2.1344830944119875
 33
3.7140791199046013
  0
3DFACE
  5
46F
330
17
100
AcDbEntity
  8
MEMBRANA_3D
100
AcDbFace
 10
-1.426216006685972
 20
-2.1344830944119875
 30
3.7140791199046013
 11
-1.5704357683890104
 21
-2.3503232208669984
 31
3.553149002195587
 12
-1.3619293064806917
 22
-2.547990518584955
 32
3.5136665813470462
 13
-1.3619293064806917
 23
-2.547990518584955
 33
3.5136665813470462
  0
3DFACE
  5
470
330
17
100
AcDbEntity
  8
MEMBRANA_3D
100
AcDbFace
 10
-1.426216006685972
 20
-2.1344830944119875
 30
3.7140791199046013
 11
-1.3619293064806917
 21
-2.547990518584955
 31
3.5136665813470462
 12
-1.2358815872480426
 22
-2.312171822294494
 32
3.680666245388746
 13
-1.2358815872480426
 23
-2.312171822294494
 33
3.680666245388746
  0
3DFACE
  5
471
330
17
100
AcDbEntity
  8
MEMBRANA_3D
100
AcDbFace
 10
-1.2358815872480426
 20
-2.312171822294494
 30
3.680666245388746
 11
-1.3619293064806917
 21
-2.547990518584955
 31
3.5136665813470462
 12
-1.1407872850912424
 22
-2.754104135450055
 32
3.4550285335904913
 13
-1.1407872850912424
 23
-2.754104135450055
 33
3.4550285335904913
  0
3DFACE
  5
472
330
17
100
AcDbEntity
  8
MEMBRANA_3D
100
AcDbFace
 10
-1.2358815872480426
 20
-2.312171822294494
 30
3.680666245388746
 11
-1.1407872850912424
 21
-2.754104135450055
 31
3.4550285335904913
 12
-1.0340654462390644
 22
-2.4964548246917313
 32
3.631042496656103
 13
-1.0340654462390644
 23
-2.4964548246917313
 33
3.631042496656103
  0
3DFACE
  5
473
330
17
100
AcDbEntity
  8
MEMBRANA_3D
100
AcDbFace
 10
-1.0340654462390644
 20
-2.4964548246917313
 30
3.631042496656103
 11
-1.1407872850912424
 21
-2.754104135450055
 31
3.4550285335904913
 12
-0.8386719259812614
 22
-2.764730822199638
 32
3.5136665813470462
 13
-0.8386719259812614
 23
-2.764730822199638
 33
3.5136665813470462
  0
3DFACE
  5
474
330
17
100
AcDbEntity
  8
MEMBRANA_3D
100
AcDbFace
 10
-1.0340654462390644
 20
-2.4964548246917313
 30
3.631042496656103
 11
-0.8386719259812614
 21
-2.764730822199638
 31
3.5136665813470462
 12
-0.7610521237262097
 22
-2.508852625899578
 32
3.680666245388746
 13
-0.7610521237262097
 23
-2.508852625899578
 33
3.680666245388746
  0
3DFACE
  5
475
330
17
100
AcDbEntity
  8
MEMBRANA_3D
100
AcDbFace
 10
-0.7610521237262097
 20
-2.508852625899578
 30
3.680666245388746
 11
-0.8386719259812614
 21
-2.764730822199638
 31
3.5136665813470462
 12
-0.5514637062094877
 22
-2.772395268701038
 32
3.553149002195587
 13
-0.5514637062094877
 23
-2.772395268701038
 33
3.553149002195587
  0
3DFACE
  5
476
330
17
100
AcDbEntity
  8
MEMBRANA_3D
100
AcDbFace
 10
-0.7610521237262097
 20
-2.508852625899578
 30
3.680666245388746
 11
-0.5514637062094877
 21
-2.772395268701038
 31
3.553149002195587
 12
-0.5008204606223138
 22
-2.5177944801512107
 32
3.7140791199046013
 13
-0.5008204606223138
 23
-2.5177944801512107
 33
3.7140791199046013
  0
3DFACE
  5
477
330
17
100
AcDbEntity
  8
MEMBRANA_3D
100
AcDbFace
 10
-0.5008204606223138
 20
-2.5177944801512107
 30
3.7140791199046013
 11
-0.5514637062094877
 21
-2.772395268701038
 31
3.553149002195587
 12
-0.2735129576406762
 22
-2.777023662144634
 32
3.5759400795579905
 13
-0.2735129576406762
 23
-2.777023662144634
 33
3.5759400795579905
  0
3DFACE
  5
478
330
17
100
AcDbEntity
  8
MEMBRANA_3D
100
AcDbFace
 10
-0.5008204606223138
 20
-2.5177944801512107
 30
3.7140791199046013
 11
-0.2735129576406762
 21
-2.777023662144634
 31
3.5759400795579905
 12
-0.24851294484148798
 22
-2.5231942725020735
 32
3.733366574716766
 13
-0.24851294484148798
 23
-2.5231942725020735
 33
3.733366574716766
  0
3DFACE
  5
479
330
17
100
AcDbEntity
  8
MEMBRANA_3D
100
AcDbFace
 10
-0.24851294484148798
 20
-2.5231942725020735
 30
3.733366574716766
 11
-0.2735129576406762
 21
-2.777023662144634
 31
3.5759400795579905
 12
-5.104152909303432e-16
 22
-2.7785714285714285
 32
3.5833931967875197
 13
-5.104152909303432e-16
 23
-2.7785714285714285
 33
3.5833931967875197
  0
3DFACE
  5
47A
330
17
100
AcDbEntity
  8
MEMBRANA_3D
100
AcDbFace
 10
-0.24851294484148798
 20
-2.5231942725020735
 30
3.733366574716766
 11
-5.104152909303432e-16
 21
-2.7785714285714285
 31
3.5833931967875197
 12
-4.6383497517706e-16
 22
-2.525
 32
3.7396739405112176
 13
-4.6383497517706e-16
 23
-2.525
 33
3.7396739405112176
  0
3DFACE
  5
47B
330
17
100
AcDbEntity
  8
MEMBRANA_3D
100
AcDbFace
 10
-4.6383497517706e-16
 20
-2.525
 30
3.7396739405112176
 11
-5.104152909303432e-16
 21
-2.7785714285714285
 31
3.5833931967875197
 12
0.2735129576406752
 22
-2.777023662144634
 32
3.5759400795579905
 13
0.2735129576406752
 23
-2.777023662144634
 33
3.5759400795579905
  0
3DFACE
  5
47C
330
17
100
AcDbEntity
  8
MEMBRANA_3D
100
AcDbFace
 10
-4.6383497517706e-16
 20
-2.525
 30
3.7396739405112176
 11
0.2735129576406752
 21
-2.777023662144634
 31
3.5759400795579905
 12
0.24851294484148706
 22
-2.5231942725020735
 32
3.733366574716766
 13
0.24851294484148706
 23
-2.5231942725020735
 33
3.733366574716766
  0
3DFACE
  5
47D
330
17
100
AcDbEntity
  8
MEMBRANA_3D
100
AcDbFace
 10
0.24851294484148706
 20
-2.5231942725020735
 30
3.733366574716766
 11
0.2735129576406752
 21
-2.777023662144634
 31
3.5759400795579905
 12
0.5514637062094868
 22
-2.7723952687010387
 32
3.5531490021955867
 13
0.5514637062094868
 23
-2.7723952687010387
 33
3.5531490021955867
  0
3DFACE
  5
47E
330
17
100
AcDbEntity
  8
MEMBRANA_3D
100
AcDbFace
 10
0.24851294484148706
 20
-2.5231942725020735
 30
3.733366574716766
 11
0.5514637062094868
 21
-2.7723952687010387
 31
3.5531490021955867
 12
0.500820460622313
 22
-2.5177944801512115
 32
3.714079119904601
 13
0.500820460622313
 23
-2.5177944801512115
 33
3.714079119904601
  0
3DFACE
  5
47F
330
17
100
AcDbEntity
  8
MEMBRANA_3D
100
AcDbFace
 10
0.500820460622313
 20
-2.5177944801512115
 30
3.714079119904601
 11
0.5514637062094868
 21
-2.7723952687010387
 31
3.5531490021955867
 12
0.8386719259812604
 22
-2.7647308221996387
 32
3.513666581347046
 13
0.8386719259812604
 23
-2.7647308221996387
 33
3.513666581347046
  0
3DFACE
  5
480
330
17
100
AcDbEntity
  8
MEMBRANA_3D
100
AcDbFace
 10
0.500820460622313
 20
-2.5177944801512115
 30
3.714079119904601
 11
0.8386719259812604
 21
-2.7647308221996387
 31
3.513666581347046
 12
0.7610521237262088
 22
-2.5088526258995785
 32
3.680666245388746
 13
0.7610521237262088
 23
-2.5088526258995785
 33
3.680666245388746
  0
3DFACE
  5
481
330
17
100
AcDbEntity
  8
MEMBRANA_3D
100
AcDbFace
 10
0.7610521237262088
 20
-2.5088526258995785
 30
3.680666245388746
 11
0.8386719259812604
 21
-2.7647308221996387
 31
3.513666581347046
 12
1.1407872850912415
 22
-2.7541041354500555
 32
3.4550285335904913
 13
1.1407872850912415
 23
-2.7541041354500555
 33
3.4550285335904913
  0
3DFACE
  5
482
330
17
100
AcDbEntity
  8
MEMBRANA_3D
100
AcDbFace
 10
0.7610521237262088
 20
-2.5088526258995785
 30
3.680666245388746
 11
1.1407872850912415
 21
-2.7541041354500555
 31
3.4550285335904913
 12
1.0340654462390635
 22
-2.496454824691732
 32
3.631042496656103
 13
1.0340654462390635
 23
-2.496454824691732
 33
3.631042496656103
  0
3DFACE
  5
483
330
17
100
AcDbEntity
  8
MEMBRANA_3D
100
AcDbFace
 10
1.0340654462390635
 20
-2.496454824691732
 30
3.631042496656103
 11
1.1407872850912415
 21
-2.7541041354500555
 31
3.4550285335904913
 12
1.361929306480691
 22
-2.5479905185849554
 32
3.513666581347046
 13
1.361929306480691
 23
-2.5479905185849554
 33
3.513666581347046
  0
3DFACE
  5
484
330
17
100
AcDbEntity
  8
MEMBRANA_3D
100
AcDbFace
 10
1.0340654462390635
 20
-2.496454824691732
 30
3.631042496656103
 11
1.361929306480691
 21
-2.5479905185849554
 31
3.513666581347046
 12
1.235881587248042
 22
-2.3121718222944945
 32
3.680666245388746
 13
1.235881587248042
 23
-2.3121718222944945
 33
3.680666245388746
  0
3DFACE
  5
485
330
17
100
AcDbEntity
  8
MEMBRANA_3D
100
AcDbFace
 10
1.235881587248042
 20
-2.3121718222944945
 30
3.680666245388746
 11
1.361929306480691
 21
-2.5479905185849554
 31
3.513666581347046
 12
1.5704357683890098
 22
-2.3503232208669997
 32
3.5531490021955867
 13
1.5704357683890098
 23
-2.3503232208669997
 33
3.5531490021955867
  0
3DFACE
  5
486
330
17
100
AcDbEntity
  8
MEMBRANA_3D
100
AcDbFace
 10
1.235881587248042
 20
-2.3121718222944945
 30
3.680666245388746
 11
1.5704357683890098
 21
-2.3503232208669997
 31
3.5531490021955867
 12
1.4262160066859713
 22
-2.1344830944119884
 32
3.714079119904601
 13
1.4262160066859713
 23
-2.1344830944119884
 33
3.714079119904601
  0
3DFACE
  5
487
330
17
100
AcDbEntity
  8
MEMBRANA_3D
100
AcDbFace
 10
1.4262160066859713
 20
-2.1344830944119884
 30
3.714079119904601
 11
1.5704357683890098
 21
-2.3503232208669997
 31
3.5531490021955867
 12
1.7702493959278596
 22
-2.157055130108082
 32
3.5759400795579905
 13
1.7702493959278596
 23
-2.157055130108082
 33
3.5759400795579905
  0
3DFACE
  5
488
330
17
100
AcDbEntity
  8
MEMBRANA_3D
100
AcDbFace
 10
1.4262160066859713
 20
-2.1344830944119884
 30
3.714079119904601
 11
1.7702493959278596
 21
-2.157055130108082
 31
3.5759400795579905
 12
1.6084425918272192
 22
-1.9598929688473283
 32
3.733366574716766
 13
1.6084425918272192
 23
-1.9598929688473283
 33
3.733366574716766
  0
3DFACE
  5
489
330
17
100
AcDbEntity
  8
MEMBRANA_3D
100
AcDbFace
 10
1.6084425918272192
 20
-1.9598929688473283
 30
3.733366574716766
 11
1.7702493959278596
 21
-2.157055130108082
 31
3.5759400795579905
 12
1.9647466991540494
 22
-1.9647466991540503
 32
3.5833931967875197
 13
1.9647466991540494
 23
-1.9647466991540503
 33
3.5833931967875197
  0
3DFACE
  5
48A
330
17
100
AcDbEntity
  8
MEMBRANA_3D
100
AcDbFace
 10
1.6084425918272192
 20
-1.9598929688473283
 30
3.733366574716766
 11
1.9647466991540494
 21
-1.9647466991540503
 31
3.5833931967875197
 12
1.785444622496032
 22
-1.7854446224960328
 32
3.7396739405112176
 13
1.785444622496032
 23
-1.7854446224960328
 33
3.7396739405112176
  0
3DFACE
  5
48B
330
17
100
AcDbEntity
  8
MEMBRANA_3D
100
AcDbFace
 10
1.785444622496032
 20
-1.7854446224960328
 30
3.7396739405112176
 11
1.9647466991540494
 21
-1.9647466991540503
 31
3.5833931967875197
 12
2.1570551301080814
 22
-1.7702493959278605
 32
3.5759400795579905
 13
2.1570551301080814
 23
-1.7702493959278605
 33
3.5759400795579905
  0
3DFACE
  5
48C
330
17
100
AcDbEntity
  8
MEMBRANA_3D
100
AcDbFace
 10
1.785444622496032
 20
-1.7854446224960328
 30
3.7396739405112176
 11
2.1570551301080814
 21
-1.7702493959278605
 31
3.5759400795579905
 12
1.9598929688473279
 22
-1.60844259182722
 32
3.733366574716766
 13
1.9598929688473279
 23
-1.60844259182722
 33
3.733366574716766
  0
3DFACE
  5
48D
330
17
100
AcDbEntity
  8
MEMBRANA_3D
100
AcDbFace
 10
1.9598929688473279
 20
-1.60844259182722
 30
3.733366574716766
 11
2.1570551301080814
 21
-1.7702493959278605
 31
3.5759400795579905
 12
2.3503232208669984
 22
-1.5704357683890104
 32
3.553149002195587
 13
2.3503232208669984
 23
-1.5704357683890104
 33
3.553149002195587
  0
3DFACE
  5
48E
330
17
100
AcDbEntity
  8
MEMBRANA_3D
100
AcDbFace
 10
1.9598929688473279
 20
-1.60844259182722
 30
3.733366574716766
 11
2.3503232208669984
 21
-1.5704357683890104
 31
3.553149002195587
 12
2.1344830944119875
 22
-1.426216006685972
 32
3.7140791199046013
 13
2.1344830944119875
 23
-1.426216006685972
 33
3.7140791199046013
  0
3DFACE
  5
48F
330
17
100
AcDbEntity
  8
MEMBRANA_3D
100
AcDbFace
 10
2.1344830944119875
 20
-1.426216006685972
 30
3.7140791199046013
 11
2.3503232208669984
 21
-1.5704357683890104
 31
3.553149002195587
 12
2.5479905185849545
 22
-1.3619293064806919
 32
3.5136665813470462
 13
2.5479905185849545
 23
-1.3619293064806919
 33
3.5136665813470462
  0
3DFACE
  5
490
330
17
100
AcDbEntity
  8
MEMBRANA_3D
100
AcDbFace
 10
2.1344830944119875
 20
-1.426216006685972
 30
3.7140791199046013
 11
2.5479905185849545
 21
-1.3619293064806919
 31
3.5136665813470462
 12
2.3121718222944936
 22
-1.2358815872480426
 32
3.680666245388746
 13
2.3121718222944936
 23
-1.2358815872480426
 33
3.680666245388746
  0
3DFACE
  5
491
330
17
100
AcDbEntity
  8
MEMBRANA_3D
100
AcDbFace
 10
2.3121718222944936
 20
-1.2358815872480426
 30
3.680666245388746
 11
2.5479905185849545
 21
-1.3619293064806919
 31
3.5136665813470462
 12
2.754104135450055
 22
-1.1407872850912424
 32
3.4550285335904913
 13
2.754104135450055
 23
-1.1407872850912424
 33
3.4550285335904913
  0
3DFACE
  5
492
330
17
100
AcDbEntity
  8
MEMBRANA_3D
100
AcDbFace
 10
2.3121718222944936
 20
-1.2358815872480426
 30
3.680666245388746
 11
2.754104135450055
 21
-1.1407872850912424
 31
3.4550285335904913
 12
2.4964548246917313
 22
-1.0340654462390644
 32
3.631042496656103
 13
2.4964548246917313
 23
-1.0340654462390644
 33
3.631042496656103
  0
3DFACE
  5
493
330
17
100
AcDbEntity
  8
MEMBRANA_3D
100
AcDbFace
 10
2.4964548246917313
 20
-1.0340654462390644
 30
3.631042496656103
 11
2.754104135450055
 21
-1.1407872850912424
 31
3.4550285335904913
 12
2.764730822199638
 22
-0.8386719259812615
 32
3.5136665813470462
 13
2.764730822199638
 23
-0.8386719259812615
 33
3.5136665813470462
  0
3DFACE
  5
494
330
17
100
AcDbEntity
  8
MEMBRANA_3D
100
AcDbFace
 10
2.4964548246917313
 20
-1.0340654462390644
 30
3.631042496656103
 11
2.764730822199638
 21
-0.8386719259812615
 31
3.5136665813470462
 12
2.508852625899578
 22
-0.7610521237262098
 32
3.680666245388746
 13
2.508852625899578
 23
-0.7610521237262098
 33
3.680666245388746
  0
3DFACE
  5
495
330
17
100
AcDbEntity
  8
MEMBRANA_3D
100
AcDbFace
 10
2.508852625899578
 20
-0.7610521237262098
 30
3.680666245388746
 11
2.764730822199638
 21
-0.8386719259812615
 31
3.5136665813470462
 12
2.772395268701038
 22
-0.5514637062094878
 32
3.553149002195587
 13
2.772395268701038
 23
-0.5514637062094878
 33
3.553149002195587
  0
3DFACE
  5
496
330
17
100
AcDbEntity
  8
MEMBRANA_3D
100
AcDbFace
 10
2.508852625899578
 20
-0.7610521237262098
 30
3.680666245388746
 11
2.772395268701038
 21
-0.5514637062094878
 31
3.553149002195587
 12
2.5177944801512107
 22
-0.5008204606223139
 32
3.7140791199046013
 13
2.5177944801512107
 23
-0.5008204606223139
 33
3.7140791199046013
  0
3DFACE
  5
497
330
17
100
AcDbEntity
  8
MEMBRANA_3D
100
AcDbFace
 10
2.5177944801512107
 20
-0.5008204606223139
 30
3.7140791199046013
 11
2.772395268701038
 21
-0.5514637062094878
 31
3.553149002195587
 12
2.777023662144634
 22
-0.27351295764067635
 32
3.5759400795579905
 13
2.777023662144634
 23
-0.27351295764067635
 33
3.5759400795579905
  0
3DFACE
  5
498
330
17
100
AcDbEntity
  8
MEMBRANA_3D
100
AcDbFace
 10
2.5177944801512107
 20
-0.5008204606223139
 30
3.7140791199046013
 11
2.777023662144634
 21
-0.27351295764067635
 31
3.5759400795579905
 12
2.5231942725020735
 22
-0.24851294484148811
 32
3.733366574716766
 13
2.5231942725020735
 23
-0.24851294484148811
 33
3.733366574716766
  0
3DFACE
  5
499
330
17
100
AcDbEntity
  8
MEMBRANA_3D
100
AcDbFace
 10
2.5231942725020735
 20
-0.24851294484148811
 30
3.733366574716766
 11
2.777023662144634
 21
-0.27351295764067635
 31
3.5759400795579905
 12
2.7785714285714285
 22
0.0
 32
3.5833931967875197
 13
2.7785714285714285
 23
0.0
 33
3.5833931967875197
  0
3DFACE
  5
49A
330
17
100
AcDbEntity
  8
MEMBRANA_3D
100
AcDbFace
 10
2.5231942725020735
 20
-0.24851294484148811
 30
3.733366574716766
 11
2.7785714285714285
 21
0.0
 31
3.5833931967875197
 12
2.525
 22
0.0
 32
3.7396739405112176
 13
2.525
 23
0.0
 33
3.7396739405112176
  0
3DFACE
  5
49B
330
17
100
AcDbEntity
  8
MEMBRANA_3D
100
AcDbFace
 10
2.7785714285714285
 20
0.0
 30
3.5833931967875197
 11
3.032142857142857
 21
0.0
 31
3.4221400235146473
 12
3.030853051787196
 22
0.2985129704398649
 32
3.4135047001457934
 13
3.030853051787196
 23
0.2985129704398649
 33
3.4135047001457934
  0
3DFACE
  5
49C
330
17
100
AcDbEntity
  8
MEMBRANA_3D
100
AcDbFace
 10
2.7785714285714285
 20
0.0
 30
3.5833931967875197
 11
3.030853051787196
 21
0.2985129704398649
 31
3.4135047001457934
 12
2.777023662144634
 22
0.27351295764067657
 32
3.5759400795579905
 13
2.777023662144634
 23
0.27351295764067657
 33
3.5759400795579905
  0
3DFACE
  5
49D
330
17
100
AcDbEntity
  8
MEMBRANA_3D
100
AcDbFace
 10
2.777023662144634
 20
0.27351295764067657
 30
3.5759400795579905
 11
3.030853051787196
 21
0.2985129704398649
 31
3.4135047001457934
 12
3.026996057250865
 22
0.6021069517966603
 32
3.3870985244627994
 13
3.026996057250865
 23
0.6021069517966603
 33
3.3870985244627994
  0
3DFACE
  5
49E
330
17
100
AcDbEntity
  8
MEMBRANA_3D
100
AcDbFace
 10
2.777023662144634
 20
0.27351295764067657
 30
3.5759400795579905
 11
3.026996057250865
 21
0.6021069517966603
 31
3.3870985244627994
 12
2.7723952687010383
 22
0.5514637062094865
 32
3.553149002195587
 13
2.7723952687010383
 23
0.5514637062094865
 33
3.553149002195587
  0
3DFACE
  5
49F
330
17
100
AcDbEntity
  8
MEMBRANA_3D
100
AcDbFace
 10
2.7723952687010383
 20
0.5514637062094865
 30
3.553149002195587
 11
3.026996057250865
 21
0.6021069517966603
 31
3.3870985244627994
 12
3.020609018499699
 22
0.9162917282363132
 32
3.341353440773321
 13
3.020609018499699
 23
0.9162917282363132
 33
3.341353440773321
  0
3DFACE
  5
4A0
330
17
100
AcDbEntity
  8
MEMBRANA_3D
100
AcDbFace
 10
2.7723952687010383
 20
0.5514637062094865
 30
3.553149002195587
 11
3.020609018499699
 21
0.9162917282363132
 31
3.341353440773321
 12
2.7647308221996383
 22
0.8386719259812612
 32
3.513666581347046
 13
2.7647308221996383
 23
0.8386719259812612
 33
3.513666581347046
  0
3DFACE
  5
4A1
330
17
100
AcDbEntity
  8
MEMBRANA_3D
100
AcDbFace
 10
2.7647308221996383
 20
0.8386719259812612
 30
3.513666581347046
 11
3.020609018499699
 21
0.9162917282363132
 31
3.341353440773321
 12
3.01175344620838
 22
1.2475091239434188
 32
3.27341428343793
 13
3.01175344620838
 23
1.2475091239434188
 33
3.27341428343793
  0
3DFACE
  5
4A2
330
17
100
AcDbEntity
  8
MEMBRANA_3D
100
AcDbFace
 10
2.7647308221996383
 20
0.8386719259812612
 30
3.513666581347046
 11
3.01175344620838
 21
1.2475091239434188
 31
3.27341428343793
 12
2.754104135450056
 22
1.1407872850912408
 32
3.4550285335904913
 13
2.754104135450056
 23
1.1407872850912408
 33
3.4550285335904913
  0
3DFACE
  5
4A3
330
17
100
AcDbEntity
  8
MEMBRANA_3D
100
AcDbFace
 10
2.754104135450056
 20
1.1407872850912408
 30
3.4550285335904913
 11
3.01175344620838
 21
1.2475091239434188
 31
3.27341428343793
 12
2.783809214875417
 22
1.4879770257133407
 32
3.341353440773321
 13
2.783809214875417
 23
1.4879770257133407
 33
3.341353440773321
  0
3DFACE
  5
4A4
330
17
100
AcDbEntity
  8
MEMBRANA_3D
100
AcDbFace
 10
2.754104135450056
 20
1.1407872850912408
 30
3.4550285335904913
 11
2.783809214875417
 21
1.4879770257133407
 31
3.341353440773321
 12
2.5479905185849554
 22
1.3619293064806912
 32
3.513666581347046
 13
2.5479905185849554
 23
1.3619293064806912
 33
3.513666581347046
  0
3DFACE
  5
4A5
330
17
100
AcDbEntity
  8
MEMBRANA_3D
100
AcDbFace
 10
2.5479905185849554
 20
1.3619293064806912
 30
3.513666581347046
 11
2.783809214875417
 21
1.4879770257133407
 31
3.341353440773321
 12
2.56616334732201
 22
1.7146555300920492
 32
3.3870985244627994
 13
2.56616334732201
 23
1.7146555300920492
 33
3.3870985244627994
  0
3DFACE
  5
4A6
330
17
100
AcDbEntity
  8
MEMBRANA_3D
100
AcDbFace
 10
2.5479905185849554
 20
1.3619293064806912
 30
3.513666581347046
 11
2.56616334732201
 21
1.7146555300920492
 31
3.3870985244627994
 12
2.3503232208669984
 22
1.5704357683890104
 32
3.553149002195587
 13
2.3503232208669984
 23
1.5704357683890104
 33
3.553149002195587
  0
3DFACE
  5
4A7
330
17
100
AcDbEntity
  8
MEMBRANA_3D
100
AcDbFace
 10
2.3503232208669984
 20
1.5704357683890104
 30
3.553149002195587
 11
2.56616334732201
 21
1.7146555300920492
 31
3.3870985244627994
 12
2.3542172913688364
 22
1.9320562000285004
 32
3.4135047001457934
 13
2.3542172913688364
 23
1.9320562000285004
 33
3.4135047001457934
  0
3DFACE
  5
4A8
330
17
100
AcDbEntity
  8
MEMBRANA_3D
100
AcDbFace
 10
2.3503232208669984
 20
1.5704357683890104
 30
3.553149002195587
 11
2.3542172913688364
 21
1.9320562000285004
 31
3.4135047001457934
 12
2.1570551301080823
 22
1.7702493959278593
 32
3.5759400795579905
 13
2.1570551301080823
 23
1.7702493959278593
 33
3.5759400795579905
  0
3DFACE
  5
4A9
330
17
100
AcDbEntity
  8
MEMBRANA_3D
100
AcDbFace
 10
2.1570551301080823
 20
1.7702493959278593
 30
3.5759400795579905
 11
2.3542172913688364
 21
1.9320562000285004
 31
3.4135047001457934
 12
2.144048775812067
 22
2.144048775812067
 32
3.4221400235146473
 13
2.144048775812067
 23
2.144048775812067
 33
3.4221400235146473
  0
3DFACE
  5
4AA
330
17
100
AcDbEntity
  8
MEMBRANA_3D
100
AcDbFace
 10
2.1570551301080823
 20
1.7702493959278593
 30
3.5759400795579905
 11
2.144048775812067
 21
2.144048775812067
 31
3.4221400235146473
 12
1.9647466991540499
 22
1.9647466991540496
 32
3.5833931967875197
 13
1.9647466991540499
 23
1.9647466991540496
 33
3.5833931967875197
  0
3DFACE
  5
4AB
330
17
100
AcDbEntity
  8
MEMBRANA_3D
100
AcDbFace
 10
1.9647466991540499
 20
1.9647466991540496
 30
3.5833931967875197
 11
2.144048775812067
 21
2.144048775812067
 31
3.4221400235146473
 12
1.9320562000285004
 22
2.3542172913688364
 32
3.4135047001457934
 13
1.9320562000285004
 23
2.3542172913688364
 33
3.4135047001457934
  0
3DFACE
  5
4AC
330
17
100
AcDbEntity
  8
MEMBRANA_3D
100
AcDbFace
 10
1.9647466991540499
 20
1.9647466991540496
 30
3.5833931967875197
 11
1.9320562000285004
 21
2.3542172913688364
 31
3.4135047001457934
 12
1.7702493959278593
 22
2.1570551301080823
 32
3.5759400795579905
 13
1.7702493959278593
 23
2.1570551301080823
 33
3.5759400795579905
  0
3DFACE
  5
4AD
330
17
100
AcDbEntity
  8
MEMBRANA_3D
100
AcDbFace
 10
1.7702493959278593
 20
2.1570551301080823
 30
3.5759400795579905
 11
1.9320562000285004
 21
2.3542172913688364
 31
3.4135047001457934
 12
1.7146555300920496
 22
2.56616334732201
 32
3.3870985244627994
 13
1.7146555300920496
 23
2.56616334732201
 33
3.3870985244627994
  0
3DFACE
  5
4AE
330
17
100
AcDbEntity
  8
MEMBRANA_3D
100
AcDbFace
 10
1.7702493959278593
 20
2.1570551301080823
 30
3.5759400795579905
 11
1.7146555300920496
 21
2.56616334732201
 31
3.3870985244627994
 12
1.5704357683890109
 22
2.3503232208669984
 32
3.553149002195587
 13
1.5704357683890109
 23
2.3503232208669984
 33
3.553149002195587
  0
3DFACE
  5
4AF
330
17
100
AcDbEntity
  8
MEMBRANA_3D
100
AcDbFace
 10
1.5704357683890109
 20
2.3503232208669984
 30
3.553149002195587
 11
1.7146555300920496
 21
2.56616334732201
 31
3.3870985244627994
 12
1.487977025713341
 22
2.7838092148754163
 32
3.3413534407733216
 13
1.487977025713341
 23
2.7838092148754163
 33
3.3413534407733216
  0
3DFACE
  5
4B0
330
17
100
AcDbEntity
  8
MEMBRANA_3D
100
AcDbFace
 10
1.5704357683890109
 20
2.3503232208669984
 30
3.553149002195587
 11
1.487977025713341
 21
2.7838092148754163
 31
3.3413534407733216
 12
1.3619293064806914
 22
2.547990518584955
 32
3.5136665813470462
 13
1.3619293064806914
 23
2.547990518584955
 33
3.5136665813470462
  0
3DFACE
  5
4B1
330
17
100
AcDbEntity
  8
MEMBRANA_3D
100
AcDbFace
 10
1.3619293064806914
 20
2.547990518584955
 30
3.5136665813470462
 11
1.487977025713341
 21
2.7838092148754163
 31
3.3413534407733216
 12
1.247509123943419
 22
3.01175344620838
 32
3.27341428343793
 13
1.247509123943419
 23
3.01175344620838
 33
3.27341428343793
  0
3DFACE
  5
4B2
330
17
100
AcDbEntity
  8
MEMBRANA_3D
100
AcDbFace
 10
1.3619293064806914
 20
2.547990518584955
 30
3.5136665813470462
 11
1.247509123943419
 21
3.01175344620838
 31
3.27341428343793
 12
1.140787285091241
 22
2.754104135450056
 32
3.4550285335904913
 13
1.140787285091241
 23
2.754104135450056
 33
3.4550285335904913
  0
3DFACE
  5
4B3
330
17
100
AcDbEntity
  8
MEMBRANA_3D
100
AcDbFace
 10
1.140787285091241
 20
2.754104135450056
 30
3.4550285335904913
 11
1.247509123943419
 21
3.01175344620838
 31
3.27341428343793
 12
0.9162917282363131
 22
3.020609018499699
 32
3.3413534407733216
 13
0.9162917282363131
 23
3.020609018499699
 33
3.3413534407733216
  0
3DFACE
  5
4B4
330
17
100
AcDbEntity
  8
MEMBRANA_3D
100
AcDbFace
 10
1.140787285091241
 20
2.754104135450056
 30
3.4550285335904913
 11
0.9162917282363131
 21
3.020609018499699
 31
3.3413534407733216
 12
0.8386719259812611
 22
2.7647308221996383
 32
3.5136665813470462
 13
0.8386719259812611
 23
2.7647308221996383
 33
3.5136665813470462
  0
3DFACE
  5
4B5
330
17
100
AcDbEntity
  8
MEMBRANA_3D
100
AcDbFace
 10
0.8386719259812611
 20
2.7647308221996383
 30
3.5136665813470462
 11
0.9162917282363131
 21
3.020609018499699
 31
3.3413534407733216
 12
0.6021069517966606
 22
3.026996057250865
 32
3.3870985244627994
 13
0.6021069517966606
 23
3.026996057250865
 33
3.3870985244627994
  0
3DFACE
  5
4B6
330
17
100
AcDbEntity
  8
MEMBRANA_3D
100
AcDbFace
 10
0.8386719259812611
 20
2.7647308221996383
 30
3.5136665813470462
 11
0.6021069517966606
 21
3.026996057250865
 31
3.3870985244627994
 12
0.5514637062094867
 22
2.7723952687010383
 32
3.553149002195587
 13
0.5514637062094867
 23
2.7723952687010383
 33
3.553149002195587
  0
3DFACE
  5
4B7
330
17
100
AcDbEntity
  8
MEMBRANA_3D
100
AcDbFace
 10
0.5514637062094867
 20
2.7723952687010383
 30
3.553149002195587
 11
0.6021069517966606
 21
3.026996057250865
 31
3.3870985244627994
 12
0.2985129704398654
 22
3.0308530517871954
 32
3.4135047001457934
 13
0.2985129704398654
 23
3.0308530517871954
 33
3.4135047001457934
  0
3DFACE
  5
4B8
330
17
100
AcDbEntity
  8
MEMBRANA_3D
100
AcDbFace
 10
0.5514637062094867
 20
2.7723952687010383
 30
3.553149002195587
 11
0.2985129704398654
 21
3.0308530517871954
 31
3.4135047001457934
 12
0.27351295764067707
 22
2.777023662144634
 32
3.5759400795579905
 13
0.27351295764067707
 23
2.777023662144634
 33
3.5759400795579905
  0
3DFACE
  5
4B9
330
17
100
AcDbEntity
  8
MEMBRANA_3D
100
AcDbFace
 10
0.27351295764067707
 20
2.777023662144634
 30
3.5759400795579905
 11
0.2985129704398654
 21
3.0308530517871954
 31
3.4135047001457934
 12
1.856652022278755e-16
 22
3.032142857142857
 32
3.4221400235146473
 13
1.856652022278755e-16
 23
3.032142857142857
 33
3.4221400235146473
  0
3DFACE
  5
4BA
330
17
100
AcDbEntity
  8
MEMBRANA_3D
100
AcDbFace
 10
0.27351295764067707
 20
2.777023662144634
 30
3.5759400795579905
 11
1.856652022278755e-16
 21
3.032142857142857
 31
3.4221400235146473
 12
1.701384303101144e-16
 22
2.7785714285714285
 32
3.5833931967875197
 13
1.701384303101144e-16
 23
2.7785714285714285
 33
3.5833931967875197
  0
3DFACE
  5
4BB
330
17
100
AcDbEntity
  8
MEMBRANA_3D
100
AcDbFace
 10
1.701384303101144e-16
 20
2.7785714285714285
 30
3.5833931967875197
 11
1.856652022278755e-16
 21
3.032142857142857
 31
3.4221400235146473
 12
-0.298512970439865
 22
3.030853051787196
 32
3.4135047001457934
 13
-0.298512970439865
 23
3.030853051787196
 33
3.4135047001457934
  0
3DFACE
  5
4BC
330
17
100
AcDbEntity
  8
MEMBRANA_3D
100
AcDbFace
 10
1.701384303101144e-16
 20
2.7785714285714285
 30
3.5833931967875197
 11
-0.298512970439865
 21
3.030853051787196
 31
3.4135047001457934
 12
-0.2735129576406767
 22
2.777023662144634
 32
3.5759400795579905
 13
-0.2735129576406767
 23
2.777023662144634
 33
3.5759400795579905
  0
3DFACE
  5
4BD
330
17
100
AcDbEntity
  8
MEMBRANA_3D
100
AcDbFace
 10
-0.2735129576406767
 20
2.777023662144634
 30
3.5759400795579905
 11
-0.298512970439865
 21
3.030853051787196
 31
3.4135047001457934
 12
-0.6021069517966602
 22
3.026996057250865
 32
3.3870985244627994
 13
-0.6021069517966602
 23
3.026996057250865
 33
3.3870985244627994
  0
3DFACE
  5
4BE
330
17
100
AcDbEntity
  8
MEMBRANA_3D
100
AcDbFace
 10
-0.2735129576406767
 20
2.777023662144634
 30
3.5759400795579905
 11
-0.6021069517966602
 21
3.026996057250865
 31
3.3870985244627994
 12
-0.5514637062094864
 22
2.7723952687010383
 32
3.553149002195587
 13
-0.5514637062094864
 23
2.7723952687010383
 33
3.553149002195587
  0
3DFACE
  5
4BF
330
17
100
AcDbEntity
  8
MEMBRANA_3D
100
AcDbFace
 10
-0.5514637062094864
 20
2.7723952687010383
 30
3.553149002195587
 11
-0.6021069517966602
 21
3.026996057250865
 31
3.3870985244627994
 12
-0.9162917282363126
 22
3.020609018499699
 32
3.3413534407733216
 13
-0.9162917282363126
 23
3.020609018499699
 33
3.3413534407733216
  0
3DFACE
  5
4C0
330
17
100
AcDbEntity
  8
MEMBRANA_3D
100
AcDbFace
 10
-0.5514637062094864
 20
2.7723952687010383
 30
3.553149002195587
 11
-0.9162917282363126
 21
3.020609018499699
 31
3.3413534407733216
 12
-0.8386719259812606
 22
2.7647308221996383
 32
3.5136665813470462
 13
-0.8386719259812606
 23
2.7647308221996383
 33
3.5136665813470462
  0
3DFACE
  5
4C1
330
17
100
AcDbEntity
  8
MEMBRANA_3D
100
AcDbFace
 10
-0.8386719259812606
 20
2.7647308221996383
 30
3.5136665813470462
 11
-0.9162917282363126
 21
3.020609018499699
 31
3.3413534407733216
 12
-1.2475091239434186
 22
3.01175344620838
 32
3.27341428343793
 13
-1.2475091239434186
 23
3.01175344620838
 33
3.27341428343793
  0
3DFACE
  5
4C2
330
17
100
AcDbEntity
  8
MEMBRANA_3D
100
AcDbFace
 10
-0.8386719259812606
 20
2.7647308221996383
 30
3.5136665813470462
 11
-1.2475091239434186
 21
3.01175344620838
 31
3.27341428343793
 12
-1.1407872850912406
 22
2.754104135450056
 32
3.4550285335904913
 13
-1.1407872850912406
 23
2.754104135450056
 33
3.4550285335904913
  0
3DFACE
  5
4C3
330
17
100
AcDbEntity
  8
MEMBRANA_3D
100
AcDbFace
 10
-1.1407872850912406
 20
2.754104135450056
 30
3.4550285335904913
 11
-1.2475091239434186
 21
3.01175344620838
 31
3.27341428343793
 12
-1.4879770257133407
 22
2.7838092148754168
 32
3.3413534407733216
 13
-1.4879770257133407
 23
2.7838092148754168
 33
3.3413534407733216
  0
3DFACE
  5
4C4
330
17
100
AcDbEntity
  8
MEMBRANA_3D
100
AcDbFace
 10
-1.1407872850912406
 20
2.754104135450056
 30
3.4550285335904913
 11
-1.4879770257133407
 21
2.7838092148754168
 31
3.3413534407733216
 12
-1.3619293064806912
 22
2.547990518584955
 32
3.5136665813470462
 13
-1.3619293064806912
 23
2.547990518584955
 33
3.5136665813470462
  0
3DFACE
  5
4C5
330
17
100
AcDbEntity
  8
MEMBRANA_3D
100
AcDbFace
 10
-1.3619293064806912
 20
2.547990518584955
 30
3.5136665813470462
 11
-1.4879770257133407
 21
2.7838092148754168
 31
3.3413534407733216
 12
-1.7146555300920485
 22
2.5661633473220107
 32
3.3870985244627994
 13
-1.7146555300920485
 23
2.5661633473220107
 33
3.3870985244627994
  0
3DFACE
  5
4C6
330
17
100
AcDbEntity
  8
MEMBRANA_3D
100
AcDbFace
 10
-1.3619293064806912
 20
2.547990518584955
 30
3.5136665813470462
 11
-1.7146555300920485
 21
2.5661633473220107
 31
3.3870985244627994
 12
-1.57043576838901
 22
2.3503232208669993
 32
3.553149002195587
 13
-1.57043576838901
 23
2.3503232208669993
 33
3.553149002195587
  0
3DFACE
  5
4C7
330
17
100
AcDbEntity
  8
MEMBRANA_3D
100
AcDbFace
 10
-1.57043576838901
 20
2.3503232208669993
 30
3.553149002195587
 11
-1.7146555300920485
 21
2.5661633473220107
 31
3.3870985244627994
 12
-1.9320562000285
 22
2.3542172913688364
 32
3.4135047001457934
 13
-1.9320562000285
 23
2.3542172913688364
 33
3.4135047001457934
  0
3DFACE
  5
4C8
330
17
100
AcDbEntity
  8
MEMBRANA_3D
100
AcDbFace
 10
-1.57043576838901
 20
2.3503232208669993
 30
3.553149002195587
 11
-1.9320562000285
 21
2.3542172913688364
 31
3.4135047001457934
 12
-1.770249395927859
 22
2.1570551301080823
 32
3.5759400795579905
 13
-1.770249395927859
 23
2.1570551301080823
 33
3.5759400795579905
  0
3DFACE
  5
4C9
330
17
100
AcDbEntity
  8
MEMBRANA_3D
100
AcDbFace
 10
-1.770249395927859
 20
2.1570551301080823
 30
3.5759400795579905
 11
-1.9320562000285
 21
2.3542172913688364
 31
3.4135047001457934
 12
-2.144048775812067
 22
2.144048775812067
 32
3.4221400235146473
 13
-2.144048775812067
 23
2.144048775812067
 33
3.4221400235146473
  0
3DFACE
  5
4CA
330
17
100
AcDbEntity
  8
MEMBRANA_3D
100
AcDbFace
 10
-1.770249395927859
 20
2.1570551301080823
 30
3.5759400795579905
 11
-2.144048775812067
 21
2.144048775812067
 31
3.4221400235146473
 12
-1.9647466991540496
 22
1.9647466991540499
 32
3.5833931967875197
 13
-1.9647466991540496
 23
1.9647466991540499
 33
3.5833931967875197
  0
3DFACE
  5
4CB
330
17
100
AcDbEntity
  8
MEMBRANA_3D
100
AcDbFace
 10
-1.9647466991540496
 20
1.9647466991540499
 30
3.5833931967875197
 11
-2.144048775812067
 21
2.144048775812067
 31
3.4221400235146473
 12
-2.3542172913688364
 22
1.9320562000285004
 32
3.4135047001457934
 13
-2.3542172913688364
 23
1.9320562000285004
 33
3.4135047001457934
  0
3DFACE
  5
4CC
330
17
100
AcDbEntity
  8
MEMBRANA_3D
100
AcDbFace
 10
-1.9647466991540496
 20
1.9647466991540499
 30
3.5833931967875197
 11
-2.3542172913688364
 21
1.9320562000285004
 31
3.4135047001457934
 12
-2.1570551301080823
 22
1.7702493959278593
 32
3.5759400795579905
 13
-2.1570551301080823
 23
1.7702493959278593
 33
3.5759400795579905
  0
3DFACE
  5
4CD
330
17
100
AcDbEntity
  8
MEMBRANA_3D
100
AcDbFace
 10
-2.1570551301080823
 20
1.7702493959278593
 30
3.5759400795579905
 11
-2.3542172913688364
 21
1.9320562000285004
 31
3.4135047001457934
 12
-2.5661633473220102
 22
1.7146555300920492
 32
3.3870985244627994
 13
-2.5661633473220102
 23
1.7146555300920492
 33
3.3870985244627994
  0
3DFACE
  5
4CE
330
17
100
AcDbEntity
  8
MEMBRANA_3D
100
AcDbFace
 10
-2.1570551301080823
 20
1.7702493959278593
 30
3.5759400795579905
 11
-2.5661633473220102
 21
1.7146555300920492
 31
3.3870985244627994
 12
-2.350323220866999
 22
1.5704357683890104
 32
3.553149002195587
 13
-2.350323220866999
 23
1.5704357683890104
 33
3.553149002195587
  0
3DFACE
  5
4CF
330
17
100
AcDbEntity
  8
MEMBRANA_3D
100
AcDbFace
 10
-2.350323220866999
 20
1.5704357683890104
 30
3.553149002195587
 11
-2.5661633473220102
 21
1.7146555300920492
 31
3.3870985244627994
 12
-2.7838092148754163
 22
1.4879770257133411
 32
3.3413534407733216
 13
-2.7838092148754163
 23
1.4879770257133411
 33
3.3413534407733216
  0
3DFACE
  5
4D0
330
17
100
AcDbEntity
  8
MEMBRANA_3D
100
AcDbFace
 10
-2.350323220866999
 20
1.5704357683890104
 30
3.553149002195587
 11
-2.7838092148754163
 21
1.4879770257133411
 31
3.3413534407733216
 12
-2.547990518584955
 22
1.3619293064806917
 32
3.5136665813470462
 13
-2.547990518584955
 23
1.3619293064806917
 33
3.5136665813470462
  0
3DFACE
  5
4D1
330
17
100
AcDbEntity
  8
MEMBRANA_3D
100
AcDbFace
 10
-2.547990518584955
 20
1.3619293064806917
 30
3.5136665813470462
 11
-2.7838092148754163
 21
1.4879770257133411
 31
3.3413534407733216
 12
-3.01175344620838
 22
1.2475091239434193
 32
3.27341428343793
 13
-3.01175344620838
 23
1.2475091239434193
 33
3.27341428343793
  0
3DFACE
  5
4D2
330
17
100
AcDbEntity
  8
MEMBRANA_3D
100
AcDbFace
 10
-2.547990518584955
 20
1.3619293064806917
 30
3.5136665813470462
 11
-3.01175344620838
 21
1.2475091239434193
 31
3.27341428343793
 12
-2.754104135450056
 22
1.140787285091241
 32
3.4550285335904913
 13
-2.754104135450056
 23
1.140787285091241
 33
3.4550285335904913
  0
3DFACE
  5
4D3
330
17
100
AcDbEntity
  8
MEMBRANA_3D
100
AcDbFace
 10
-2.754104135450056
 20
1.140787285091241
 30
3.4550285335904913
 11
-3.01175344620838
 21
1.2475091239434193
 31
3.27341428343793
 12
-3.0206090184996985
 22
0.9162917282363132
 32
3.3413534407733216
 13
-3.0206090184996985
 23
0.9162917282363132
 33
3.3413534407733216
  0
3DFACE
  5
4D4
330
17
100
AcDbEntity
  8
MEMBRANA_3D
100
AcDbFace
 10
-2.754104135450056
 20
1.140787285091241
 30
3.4550285335904913
 11
-3.0206090184996985
 21
0.9162917282363132
 31
3.3413534407733216
 12
-2.764730822199638
 22
0.8386719259812613
 32
3.5136665813470462
 13
-2.764730822199638
 23
0.8386719259812613
 33
3.5136665813470462
  0
3DFACE
  5
4D5
330
17
100
AcDbEntity
  8
MEMBRANA_3D
100
AcDbFace
 10
-2.764730822199638
 20
0.8386719259812613
 30
3.5136665813470462
 11
-3.0206090184996985
 21
0.9162917282363132
 31
3.3413534407733216
 12
-3.026996057250865
 22
0.6021069517966614
 32
3.3870985244627994
 13
-3.026996057250865
 23
0.6021069517966614
 33
3.3870985244627994
  0
3DFACE
  5
4D6
330
17
100
AcDbEntity
  8
MEMBRANA_3D
100
AcDbFace
 10
-2.764730822199638
 20
0.8386719259812613
 30
3.5136665813470462
 11
-3.026996057250865
 21
0.6021069517966614
 31
3.3870985244627994
 12
-2.7723952687010383
 22
0.5514637062094876
 32
3.553149002195587
 13
-2.7723952687010383
 23
0.5514637062094876
 33
3.553149002195587
  0
3DFACE
  5
4D7
330
17
100
AcDbEntity
  8
MEMBRANA_3D
100
AcDbFace
 10
-2.7723952687010383
 20
0.5514637062094876
 30
3.553149002195587
 11
-3.026996057250865
 21
0.6021069517966614
 31
3.3870985244627994
 12
-3.0308530517871954
 22
0.2985129704398656
 32
3.4135047001457934
 13
-3.0308530517871954
 23
0.2985129704398656
 33
3.4135047001457934
  0
3DFACE
  5
4D8
330
17
100
AcDbEntity
  8
MEMBRANA_3D
100
AcDbFace
 10
-2.7723952687010383
 20
0.5514637062094876
 30
3.553149002195587
 11
-3.0308530517871954
 21
0.2985129704398656
 31
3.4135047001457934
 12
-2.777023662144634
 22
0.27351295764067723
 32
3.5759400795579905
 13
-2.777023662144634
 23
0.27351295764067723
 33
3.5759400795579905
  0
3DFACE
  5
4D9
330
17
100
AcDbEntity
  8
MEMBRANA_3D
100
AcDbFace
 10
-2.777023662144634
 20
0.27351295764067723
 30
3.5759400795579905
 11
-3.0308530517871954
 21
0.2985129704398656
 31
3.4135047001457934
 12
-3.032142857142857
 22
3.71330404455751e-16
 32
3.4221400235146473
 13
-3.032142857142857
 23
3.71330404455751e-16
 33
3.4221400235146473
  0
3DFACE
  5
4DA
330
17
100
AcDbEntity
  8
MEMBRANA_3D
100
AcDbFace
 10
-2.777023662144634
 20
0.27351295764067723
 30
3.5759400795579905
 11
-3.032142857142857
 21
3.71330404455751e-16
 31
3.4221400235146473
 12
-2.7785714285714285
 22
3.402768606202288e-16
 32
3.5833931967875197
 13
-2.7785714285714285
 23
3.402768606202288e-16
 33
3.5833931967875197
  0
3DFACE
  5
4DB
330
17
100
AcDbEntity
  8
MEMBRANA_3D
100
AcDbFace
 10
-2.7785714285714285
 20
3.402768606202288e-16
 30
3.5833931967875197
 11
-3.032142857142857
 21
3.71330404455751e-16
 31
3.4221400235146473
 12
-3.030853051787196
 22
-0.29851297043986486
 32
3.4135047001457934
 13
-3.030853051787196
 23
-0.29851297043986486
 33
3.4135047001457934
  0
3DFACE
  5
4DC
330
17
100
AcDbEntity
  8
MEMBRANA_3D
100
AcDbFace
 10
-2.7785714285714285
 20
3.402768606202288e-16
 30
3.5833931967875197
 11
-3.030853051787196
 21
-0.29851297043986486
 31
3.4135047001457934
 12
-2.777023662144634
 22
-0.27351295764067657
 32
3.5759400795579905
 13
-2.777023662144634
 23
-0.27351295764067657
 33
3.5759400795579905
  0
3DFACE
  5
4DD
330
17
100
AcDbEntity
  8
MEMBRANA_3D
100
AcDbFace
 10
-2.777023662144634
 20
-0.27351295764067657
 30
3.5759400795579905
 11
-3.030853051787196
 21
-0.29851297043986486
 31
3.4135047001457934
 12
-3.026996057250865
 22
-0.6021069517966606
 32
3.3870985244627994
 13
-3.026996057250865
 23
-0.6021069517966606
 33
3.3870985244627994
  0
3DFACE
  5
4DE
330
17
100
AcDbEntity
  8
MEMBRANA_3D
100
AcDbFace
 10
-2.777023662144634
 20
-0.27351295764067657
 30
3.5759400795579905
 11
-3.026996057250865
 21
-0.6021069517966606
 31
3.3870985244627994
 12
-2.7723952687010383
 22
-0.5514637062094868
 32
3.553149002195587
 13
-2.7723952687010383
 23
-0.5514637062094868
 33
3.553149002195587
  0
3DFACE
  5
4DF
330
17
100
AcDbEntity
  8
MEMBRANA_3D
100
AcDbFace
 10
-2.7723952687010383
 20
-0.5514637062094868
 30
3.553149002195587
 11
-3.026996057250865
 21
-0.6021069517966606
 31
3.3870985244627994
 12
-3.020609018499699
 22
-0.9162917282363123
 32
3.3413534407733216
 13
-3.020609018499699
 23
-0.9162917282363123
 33
3.3413534407733216
  0
3DFACE
  5
4E0
330
17
100
AcDbEntity
  8
MEMBRANA_3D
100
AcDbFace
 10
-2.7723952687010383
 20
-0.5514637062094868
 30
3.553149002195587
 11
-3.020609018499699
 21
-0.9162917282363123
 31
3.3413534407733216
 12
-2.7647308221996383
 22
-0.8386719259812604
 32
3.5136665813470462
 13
-2.7647308221996383
 23
-0.8386719259812604
 33
3.5136665813470462
  0
3DFACE
  5
4E1
330
17
100
AcDbEntity
  8
MEMBRANA_3D
100
AcDbFace
 10
-2.7647308221996383
 20
-0.8386719259812604
 30
3.5136665813470462
 11
-3.020609018499699
 21
-0.9162917282363123
 31
3.3413534407733216
 12
-3.0117534462083806
 22
-1.2475091239434186
 32
3.27341428343793
 13
-3.0117534462083806
 23
-1.2475091239434186
 33
3.27341428343793
  0
3DFACE
  5
4E2
330
17
100
AcDbEntity
  8
MEMBRANA_3D
100
AcDbFace
 10
-2.7647308221996383
 20
-0.8386719259812604
 30
3.5136665813470462
 11
-3.0117534462083806
 21
-1.2475091239434186
 31
3.27341428343793
 12
-2.7541041354500564
 22
-1.1407872850912406
 32
3.4550285335904913
 13
-2.7541041354500564
 23
-1.1407872850912406
 33
3.4550285335904913
  0
3DFACE
  5
4E3
330
17
100
AcDbEntity
  8
MEMBRANA_3D
100
AcDbFace
 10
-2.7541041354500564
 20
-1.1407872850912406
 30
3.4550285335904913
 11
-3.0117534462083806
 21
-1.2475091239434186
 31
3.27341428343793
 12
-2.7838092148754168
 22
-1.4879770257133405
 32
3.3413534407733216
 13
-2.7838092148754168
 23
-1.4879770257133405
 33
3.3413534407733216
  0
3DFACE
  5
4E4
330
17
100
AcDbEntity
  8
MEMBRANA_3D
100
AcDbFace
 10
-2.7541041354500564
 20
-1.1407872850912406
 30
3.4550285335904913
 11
-2.7838092148754168
 21
-1.4879770257133405
 31
3.3413534407733216
 12
-2.547990518584955
 22
-1.361929306480691
 32
3.5136665813470462
 13
-2.547990518584955
 23
-1.361929306480691
 33
3.5136665813470462
  0
3DFACE
  5
4E5
330
17
100
AcDbEntity
  8
MEMBRANA_3D
100
AcDbFace
 10
-2.547990518584955
 20
-1.361929306480691
 30
3.5136665813470462
 11
-2.7838092148754168
 21
-1.4879770257133405
 31
3.3413534407733216
 12
-2.5661633473220107
 22
-1.7146555300920485
 32
3.3870985244627994
 13
-2.5661633473220107
 23
-1.7146555300920485
 33
3.3870985244627994
  0
3DFACE
  5
4E6
330
17
100
AcDbEntity
  8
MEMBRANA_3D
100
AcDbFace
 10
-2.547990518584955
 20
-1.361929306480691
 30
3.5136665813470462
 11
-2.5661633473220107
 21
-1.7146555300920485
 31
3.3870985244627994
 12
-2.3503232208669993
 22
-1.57043576838901
 32
3.553149002195587
 13
-2.3503232208669993
 23
-1.57043576838901
 33
3.553149002195587
  0
3DFACE
  5
4E7
330
17
100
AcDbEntity
  8
MEMBRANA_3D
100
AcDbFace
 10
-2.3503232208669993
 20
-1.57043576838901
 30
3.553149002195587
 11
-2.5661633473220107
 21
-1.7146555300920485
 31
3.3870985244627994
 12
-2.3542172913688364
 22
-1.9320562000284998
 32
3.4135047001457934
 13
-2.3542172913688364
 23
-1.9320562000284998
 33
3.4135047001457934
  0
3DFACE
  5
4E8
330
17
100
AcDbEntity
  8
MEMBRANA_3D
100
AcDbFace
 10
-2.3503232208669993
 20
-1.57043576838901
 30
3.553149002195587
 11
-2.3542172913688364
 21
-1.9320562000284998
 31
3.4135047001457934
 12
-2.1570551301080823
 22
-1.7702493959278587
 32
3.5759400795579905
 13
-2.1570551301080823
 23
-1.7702493959278587
 33
3.5759400795579905
  0
3DFACE
  5
4E9
330
17
100
AcDbEntity
  8
MEMBRANA_3D
100
AcDbFace
 10
-2.1570551301080823
 20
-1.7702493959278587
 30
3.5759400795579905
 11
-2.3542172913688364
 21
-1.9320562000284998
 31
3.4135047001457934
 12
-2.1440487758120677
 22
-2.144048775812067
 32
3.4221400235146473
 13
-2.1440487758120677
 23
-2.144048775812067
 33
3.4221400235146473
  0
3DFACE
  5
4EA
330
17
100
AcDbEntity
  8
MEMBRANA_3D
100
AcDbFace
 10
-2.1570551301080823
 20
-1.7702493959278587
 30
3.5759400795579905
 11
-2.1440487758120677
 21
-2.144048775812067
 31
3.4221400235146473
 12
-1.9647466991540503
 22
-1.9647466991540496
 32
3.5833931967875197
 13
-1.9647466991540503
 23
-1.9647466991540496
 33
3.5833931967875197
  0
3DFACE
  5
4EB
330
17
100
AcDbEntity
  8
MEMBRANA_3D
100
AcDbFace
 10
-1.9647466991540503
 20
-1.9647466991540496
 30
3.5833931967875197
 11
-2.1440487758120677
 21
-2.144048775812067
 31
3.4221400235146473
 12
-1.9320562000285018
 22
-2.354217291368835
 32
3.4135047001457934
 13
-1.9320562000285018
 23
-2.354217291368835
 33
3.4135047001457934
  0
3DFACE
  5
4EC
330
17
100
AcDbEntity
  8
MEMBRANA_3D
100
AcDbFace
 10
-1.9647466991540503
 20
-1.9647466991540496
 30
3.5833931967875197
 11
-1.9320562000285018
 21
-2.354217291368835
 31
3.4135047001457934
 12
-1.7702493959278605
 22
-2.1570551301080814
 32
3.5759400795579905
 13
-1.7702493959278605
 23
-2.1570551301080814
 33
3.5759400795579905
  0
3DFACE
  5
4ED
330
17
100
AcDbEntity
  8
MEMBRANA_3D
100
AcDbFace
 10
-1.7702493959278605
 20
-2.1570551301080814
 30
3.5759400795579905
 11
-1.9320562000285018
 21
-2.354217291368835
 31
3.4135047001457934
 12
-1.7146555300920492
 22
-2.56616334732201
 32
3.3870985244627994
 13
-1.7146555300920492
 23
-2.56616334732201
 33
3.3870985244627994
  0
3DFACE
  5
4EE
330
17
100
AcDbEntity
  8
MEMBRANA_3D
100
AcDbFace
 10
-1.7702493959278605
 20
-2.1570551301080814
 30
3.5759400795579905
 11
-1.7146555300920492
 21
-2.56616334732201
 31
3.3870985244627994
 12
-1.5704357683890104
 22
-2.3503232208669984
 32
3.553149002195587
 13
-1.5704357683890104
 23
-2.3503232208669984
 33
3.553149002195587
  0
3DFACE
  5
4EF
330
17
100
AcDbEntity
  8
MEMBRANA_3D
100
AcDbFace
 10
-1.5704357683890104
 20
-2.3503232208669984
 30
3.553149002195587
 11
-1.7146555300920492
 21
-2.56616334732201
 31
3.3870985244627994
 12
-1.4879770257133411
 22
-2.7838092148754163
 32
3.3413534407733216
 13
-1.4879770257133411
 23
-2.7838092148754163
 33
3.3413534407733216
  0
3DFACE
  5
4F0
330
17
100
AcDbEntity
  8
MEMBRANA_3D
100
AcDbFace
 10
-1.5704357683890104
 20
-2.3503232208669984
 30
3.553149002195587
 11
-1.4879770257133411
 21
-2.7838092148754163
 31
3.3413534407733216
 12
-1.3619293064806917
 22
-2.547990518584955
 32
3.5136665813470462
 13
-1.3619293064806917
 23
-2.547990518584955
 33
3.5136665813470462
  0
3DFACE
  5
4F1
330
17
100
AcDbEntity
  8
MEMBRANA_3D
100
AcDbFace
 10
-1.3619293064806917
 20
-2.547990518584955
 30
3.5136665813470462
 11
-1.4879770257133411
 21
-2.7838092148754163
 31
3.3413534407733216
 12
-1.2475091239434206
 22
-3.011753446208379
 32
3.27341428343793
 13
-1.2475091239434206
 23
-3.011753446208379
 33
3.27341428343793
  0
3DFACE
  5
4F2
330
17
100
AcDbEntity
  8
MEMBRANA_3D
100
AcDbFace
 10
-1.3619293064806917
 20
-2.547990518584955
 30
3.5136665813470462
 11
-1.2475091239434206
 21
-3.011753446208379
 31
3.27341428343793
 12
-1.1407872850912424
 22
-2.754104135450055
 32
3.4550285335904913
 13
-1.1407872850912424
 23
-2.754104135450055
 33
3.4550285335904913
  0
3DFACE
  5
4F3
330
17
100
AcDbEntity
  8
MEMBRANA_3D
100
AcDbFace
 10
-1.1407872850912424
 20
-2.754104135450055
 30
3.4550285335904913
 11
-1.2475091239434206
 21
-3.011753446208379
 31
3.27341428343793
 12
-0.9162917282363134
 22
-3.0206090184996985
 32
3.3413534407733216
 13
-0.9162917282363134
 23
-3.0206090184996985
 33
3.3413534407733216
  0
3DFACE
  5
4F4
330
17
100
AcDbEntity
  8
MEMBRANA_3D
100
AcDbFace
 10
-1.1407872850912424
 20
-2.754104135450055
 30
3.4550285335904913
 11
-0.9162917282363134
 21
-3.0206090184996985
 31
3.3413534407733216
 12
-0.8386719259812614
 22
-2.764730822199638
 32
3.5136665813470462
 13
-0.8386719259812614
 23
-2.764730822199638
 33
3.5136665813470462
  0
3DFACE
  5
4F5
330
17
100
AcDbEntity
  8
MEMBRANA_3D
100
AcDbFace
 10
-0.8386719259812614
 20
-2.764730822199638
 30
3.5136665813470462
 11
-0.9162917282363134
 21
-3.0206090184996985
 31
3.3413534407733216
 12
-0.6021069517966616
 22
-3.0269960572508645
 32
3.3870985244627994
 13
-0.6021069517966616
 23
-3.0269960572508645
 33
3.3870985244627994
  0
3DFACE
  5
4F6
330
17
100
AcDbEntity
  8
MEMBRANA_3D
100
AcDbFace
 10
-0.8386719259812614
 20
-2.764730822199638
 30
3.5136665813470462
 11
-0.6021069517966616
 21
-3.0269960572508645
 31
3.3870985244627994
 12
-0.5514637062094877
 22
-2.772395268701038
 32
3.553149002195587
 13
-0.5514637062094877
 23
-2.772395268701038
 33
3.553149002195587
  0
3DFACE
  5
4F7
330
17
100
AcDbEntity
  8
MEMBRANA_3D
100
AcDbFace
 10
-0.5514637062094877
 20
-2.772395268701038
 30
3.553149002195587
 11
-0.6021069517966616
 21
-3.0269960572508645
 31
3.3870985244627994
 12
-0.29851297043986447
 22
-3.030853051787196
 32
3.4135047001457934
 13
-0.29851297043986447
 23
-3.030853051787196
 33
3.4135047001457934
  0
3DFACE
  5
4F8
330
17
100
AcDbEntity
  8
MEMBRANA_3D
100
AcDbFace
 10
-0.5514637062094877
 20
-2.772395268701038
 30
3.553149002195587
 11
-0.29851297043986447
 21
-3.030853051787196
 31
3.4135047001457934
 12
-0.2735129576406762
 22
-2.777023662144634
 32
3.5759400795579905
 13
-0.2735129576406762
 23
-2.777023662144634
 33
3.5759400795579905
  0
3DFACE
  5
4F9
330
17
100
AcDbEntity
  8
MEMBRANA_3D
100
AcDbFace
 10
-0.2735129576406762
 20
-2.777023662144634
 30
3.5759400795579905
 11
-0.29851297043986447
 21
-3.030853051787196
 31
3.4135047001457934
 12
-5.569956066836265e-16
 22
-3.032142857142857
 32
3.4221400235146473
 13
-5.569956066836265e-16
 23
-3.032142857142857
 33
3.4221400235146473
  0
3DFACE
  5
4FA
330
17
100
AcDbEntity
  8
MEMBRANA_3D
100
AcDbFace
 10
-0.2735129576406762
 20
-2.777023662144634
 30
3.5759400795579905
 11
-5.569956066836265e-16
 21
-3.032142857142857
 31
3.4221400235146473
 12
-5.104152909303432e-16
 22
-2.7785714285714285
 32
3.5833931967875197
 13
-5.104152909303432e-16
 23
-2.7785714285714285
 33
3.5833931967875197
  0
3DFACE
  5
4FB
330
17
100
AcDbEntity
  8
MEMBRANA_3D
100
AcDbFace
 10
-5.104152909303432e-16
 20
-2.7785714285714285
 30
3.5833931967875197
 11
-5.569956066836265e-16
 21
-3.032142857142857
 31
3.4221400235146473
 12
0.29851297043986336
 22
-3.030853051787196
 32
3.4135047001457934
 13
0.29851297043986336
 23
-3.030853051787196
 33
3.4135047001457934
  0
3DFACE
  5
4FC
330
17
100
AcDbEntity
  8
MEMBRANA_3D
100
AcDbFace
 10
-5.104152909303432e-16
 20
-2.7785714285714285
 30
3.5833931967875197
 11
0.29851297043986336
 21
-3.030853051787196
 31
3.4135047001457934
 12
0.2735129576406752
 22
-2.777023662144634
 32
3.5759400795579905
 13
0.2735129576406752
 23
-2.777023662144634
 33
3.5759400795579905
  0
3DFACE
  5
4FD
330
17
100
AcDbEntity
  8
MEMBRANA_3D
100
AcDbFace
 10
0.2735129576406752
 20
-2.777023662144634
 30
3.5759400795579905
 11
0.29851297043986336
 21
-3.030853051787196
 31
3.4135047001457934
 12
0.6021069517966606
 22
-3.0269960572508654
 32
3.3870985244627994
 13
0.6021069517966606
 23
-3.0269960572508654
 33
3.3870985244627994
  0
3DFACE
  5
4FE
330
17
100
AcDbEntity
  8
MEMBRANA_3D
100
AcDbFace
 10
0.2735129576406752
 20
-2.777023662144634
 30
3.5759400795579905
 11
0.6021069517966606
 21
-3.0269960572508654
 31
3.3870985244627994
 12
0.5514637062094868
 22
-2.7723952687010387
 32
3.5531490021955867
 13
0.5514637062094868
 23
-2.7723952687010387
 33
3.5531490021955867
  0
3DFACE
  5
4FF
330
17
100
AcDbEntity
  8
MEMBRANA_3D
100
AcDbFace
 10
0.5514637062094868
 20
-2.7723952687010387
 30
3.5531490021955867
 11
0.6021069517966606
 21
-3.0269960572508654
 31
3.3870985244627994
 12
0.9162917282363123
 22
-3.0206090184996994
 32
3.341353440773321
 13
0.9162917282363123
 23
-3.0206090184996994
 33
3.341353440773321
  0
3DFACE
  5
500
330
17
100
AcDbEntity
  8
MEMBRANA_3D
100
AcDbFace
 10
0.5514637062094868
 20
-2.7723952687010387
 30
3.5531490021955867
 11
0.9162917282363123
 21
-3.0206090184996994
 31
3.341353440773321
 12
0.8386719259812604
 22
-2.7647308221996387
 32
3.513666581347046
 13
0.8386719259812604
 23
-2.7647308221996387
 33
3.513666581347046
  0
3DFACE
  5
501
330
17
100
AcDbEntity
  8
MEMBRANA_3D
100
AcDbFace
 10
0.8386719259812604
 20
-2.7647308221996387
 30
3.513666581347046
 11
0.9162917282363123
 21
-3.0206090184996994
 31
3.341353440773321
 12
1.2475091239434195
 22
-3.0117534462083797
 32
3.27341428343793
 13
1.2475091239434195
 23
-3.0117534462083797
 33
3.27341428343793
  0
3DFACE
  5
502
330
17
100
AcDbEntity
  8
MEMBRANA_3D
100
AcDbFace
 10
0.8386719259812604
 20
-2.7647308221996387
 30
3.513666581347046
 11
1.2475091239434195
 21
-3.0117534462083797
 31
3.27341428343793
 12
1.1407872850912415
 22
-2.7541041354500555
 32
3.4550285335904913
 13
1.1407872850912415
 23
-2.7541041354500555
 33
3.4550285335904913
  0
3DFACE
  5
503
330
17
100
AcDbEntity
  8
MEMBRANA_3D
100
AcDbFace
 10
1.1407872850912415
 20
-2.7541041354500555
 30
3.4550285335904913
 11
1.2475091239434195
 21
-3.0117534462083797
 31
3.27341428343793
 12
1.4879770257133405
 22
-2.783809214875417
 32
3.341353440773321
 13
1.4879770257133405
 23
-2.783809214875417
 33
3.341353440773321
  0
3DFACE
  5
504
330
17
100
AcDbEntity
  8
MEMBRANA_3D
100
AcDbFace
 10
1.1407872850912415
 20
-2.7541041354500555
 30
3.4550285335904913
 11
1.4879770257133405
 21
-2.783809214875417
 31
3.341353440773321
 12
1.361929306480691
 22
-2.5479905185849554
 32
3.513666581347046
 13
1.361929306480691
 23
-2.5479905185849554
 33
3.513666581347046
  0
3DFACE
  5
505
330
17
100
AcDbEntity
  8
MEMBRANA_3D
100
AcDbFace
 10
1.361929306480691
 20
-2.5479905185849554
 30
3.513666581347046
 11
1.4879770257133405
 21
-2.783809214875417
 31
3.341353440773321
 12
1.7146555300920483
 22
-2.5661633473220107
 32
3.3870985244627994
 13
1.7146555300920483
 23
-2.5661633473220107
 33
3.3870985244627994
  0
3DFACE
  5
506
330
17
100
AcDbEntity
  8
MEMBRANA_3D
100
AcDbFace
 10
1.361929306480691
 20
-2.5479905185849554
 30
3.513666581347046
 11
1.7146555300920483
 21
-2.5661633473220107
 31
3.3870985244627994
 12
1.5704357683890098
 22
-2.3503232208669997
 32
3.5531490021955867
 13
1.5704357683890098
 23
-2.3503232208669997
 33
3.5531490021955867
  0
3DFACE
  5
507
330
17
100
AcDbEntity
  8
MEMBRANA_3D
100
AcDbFace
 10
1.5704357683890098
 20
-2.3503232208669997
 30
3.5531490021955867
 11
1.7146555300920483
 21
-2.5661633473220107
 31
3.3870985244627994
 12
1.9320562000285006
 22
-2.354217291368836
 32
3.4135047001457934
 13
1.9320562000285006
 23
-2.354217291368836
 33
3.4135047001457934
  0
3DFACE
  5
508
330
17
100
AcDbEntity
  8
MEMBRANA_3D
100
AcDbFace
 10
1.5704357683890098
 20
-2.3503232208669997
 30
3.5531490021955867
 11
1.9320562000285006
 21
-2.354217291368836
 31
3.4135047001457934
 12
1.7702493959278596
 22
-2.157055130108082
 32
3.5759400795579905
 13
1.7702493959278596
 23
-2.157055130108082
 33
3.5759400795579905
  0
3DFACE
  5
509
330
17
100
AcDbEntity
  8
MEMBRANA_3D
100
AcDbFace
 10
1.7702493959278596
 20
-2.157055130108082
 30
3.5759400795579905
 11
1.9320562000285006
 21
-2.354217291368836
 31
3.4135047001457934
 12
2.1440487758120668
 22
-2.1440487758120677
 32
3.4221400235146473
 13
2.1440487758120668
 23
-2.1440487758120677
 33
3.4221400235146473
  0
3DFACE
  5
50A
330
17
100
AcDbEntity
  8
MEMBRANA_3D
100
AcDbFace
 10
1.7702493959278596
 20
-2.157055130108082
 30
3.5759400795579905
 11
2.1440487758120668
 21
-2.1440487758120677
 31
3.4221400235146473
 12
1.9647466991540494
 22
-1.9647466991540503
 32
3.5833931967875197
 13
1.9647466991540494
 23
-1.9647466991540503
 33
3.5833931967875197
  0
3DFACE
  5
50B
330
17
100
AcDbEntity
  8
MEMBRANA_3D
100
AcDbFace
 10
1.9647466991540494
 20
-1.9647466991540503
 30
3.5833931967875197
 11
2.1440487758120668
 21
-2.1440487758120677
 31
3.4221400235146473
 12
2.354217291368835
 22
-1.9320562000285018
 32
3.4135047001457934
 13
2.354217291368835
 23
-1.9320562000285018
 33
3.4135047001457934
  0
3DFACE
  5
50C
330
17
100
AcDbEntity
  8
MEMBRANA_3D
100
AcDbFace
 10
1.9647466991540494
 20
-1.9647466991540503
 30
3.5833931967875197
 11
2.354217291368835
 21
-1.9320562000285018
 31
3.4135047001457934
 12
2.1570551301080814
 22
-1.7702493959278605
 32
3.5759400795579905
 13
2.1570551301080814
 23
-1.7702493959278605
 33
3.5759400795579905
  0
3DFACE
  5
50D
330
17
100
AcDbEntity
  8
MEMBRANA_3D
100
AcDbFace
 10
2.1570551301080814
 20
-1.7702493959278605
 30
3.5759400795579905
 11
2.354217291368835
 21
-1.9320562000285018
 31
3.4135047001457934
 12
2.56616334732201
 22
-1.7146555300920492
 32
3.3870985244627994
 13
2.56616334732201
 23
-1.7146555300920492
 33
3.3870985244627994
  0
3DFACE
  5
50E
330
17
100
AcDbEntity
  8
MEMBRANA_3D
100
AcDbFace
 10
2.1570551301080814
 20
-1.7702493959278605
 30
3.5759400795579905
 11
2.56616334732201
 21
-1.7146555300920492
 31
3.3870985244627994
 12
2.3503232208669984
 22
-1.5704357683890104
 32
3.553149002195587
 13
2.3503232208669984
 23
-1.5704357683890104
 33
3.553149002195587
  0
3DFACE
  5
50F
330
17
100
AcDbEntity
  8
MEMBRANA_3D
100
AcDbFace
 10
2.3503232208669984
 20
-1.5704357683890104
 30
3.553149002195587
 11
2.56616334732201
 21
-1.7146555300920492
 31
3.3870985244627994
 12
2.7838092148754163
 22
-1.4879770257133413
 32
3.3413534407733216
 13
2.7838092148754163
 23
-1.4879770257133413
 33
3.3413534407733216
  0
3DFACE
  5
510
330
17
100
AcDbEntity
  8
MEMBRANA_3D
100
AcDbFace
 10
2.3503232208669984
 20
-1.5704357683890104
 30
3.553149002195587
 11
2.7838092148754163
 21
-1.4879770257133413
 31
3.3413534407733216
 12
2.5479905185849545
 22
-1.3619293064806919
 32
3.5136665813470462
 13
2.5479905185849545
 23
-1.3619293064806919
 33
3.5136665813470462
  0
3DFACE
  5
511
330
17
100
AcDbEntity
  8
MEMBRANA_3D
100
AcDbFace
 10
2.5479905185849545
 20
-1.3619293064806919
 30
3.5136665813470462
 11
2.7838092148754163
 21
-1.4879770257133413
 31
3.3413534407733216
 12
3.011753446208379
 22
-1.2475091239434206
 32
3.27341428343793
 13
3.011753446208379
 23
-1.2475091239434206
 33
3.27341428343793
  0
3DFACE
  5
512
330
17
100
AcDbEntity
  8
MEMBRANA_3D
100
AcDbFace
 10
2.5479905185849545
 20
-1.3619293064806919
 30
3.5136665813470462
 11
3.011753446208379
 21
-1.2475091239434206
 31
3.27341428343793
 12
2.754104135450055
 22
-1.1407872850912424
 32
3.4550285335904913
 13
2.754104135450055
 23
-1.1407872850912424
 33
3.4550285335904913
  0
3DFACE
  5
513
330
17
100
AcDbEntity
  8
MEMBRANA_3D
100
AcDbFace
 10
2.754104135450055
 20
-1.1407872850912424
 30
3.4550285335904913
 11
3.011753446208379
 21
-1.2475091239434206
 31
3.27341428343793
 12
3.0206090184996985
 22
-0.9162917282363136
 32
3.3413534407733216
 13
3.0206090184996985
 23
-0.9162917282363136
 33
3.3413534407733216
  0
3DFACE
  5
514
330
17
100
AcDbEntity
  8
MEMBRANA_3D
100
AcDbFace
 10
2.754104135450055
 20
-1.1407872850912424
 30
3.4550285335904913
 11
3.0206090184996985
 21
-0.9162917282363136
 31
3.3413534407733216
 12
2.764730822199638
 22
-0.8386719259812615
 32
3.5136665813470462
 13
2.764730822199638
 23
-0.8386719259812615
 33
3.5136665813470462
  0
3DFACE
  5
515
330
17
100
AcDbEntity
  8
MEMBRANA_3D
100
AcDbFace
 10
2.764730822199638
 20
-0.8386719259812615
 30
3.5136665813470462
 11
3.0206090184996985
 21
-0.9162917282363136
 31
3.3413534407733216
 12
3.0269960572508645
 22
-0.6021069517966617
 32
3.3870985244627994
 13
3.0269960572508645
 23
-0.6021069517966617
 33
3.3870985244627994
  0
3DFACE
  5
516
330
17
100
AcDbEntity
  8
MEMBRANA_3D
100
AcDbFace
 10
2.764730822199638
 20
-0.8386719259812615
 30
3.5136665813470462
 11
3.0269960572508645
 21
-0.6021069517966617
 31
3.3870985244627994
 12
2.772395268701038
 22
-0.5514637062094878
 32
3.553149002195587
 13
2.772395268701038
 23
-0.5514637062094878
 33
3.553149002195587
  0
3DFACE
  5
517
330
17
100
AcDbEntity
  8
MEMBRANA_3D
100
AcDbFace
 10
2.772395268701038
 20
-0.5514637062094878
 30
3.553149002195587
 11
3.0269960572508645
 21
-0.6021069517966617
 31
3.3870985244627994
 12
3.030853051787196
 22
-0.29851297043986463
 32
3.4135047001457934
 13
3.030853051787196
 23
-0.29851297043986463
 33
3.4135047001457934
  0
3DFACE
  5
518
330
17
100
AcDbEntity
  8
MEMBRANA_3D
100
AcDbFace
 10
2.772395268701038
 20
-0.5514637062094878
 30
3.553149002195587
 11
3.030853051787196
 21
-0.29851297043986463
 31
3.4135047001457934
 12
2.777023662144634
 22
-0.27351295764067635
 32
3.5759400795579905
 13
2.777023662144634
 23
-0.27351295764067635
 33
3.5759400795579905
  0
3DFACE
  5
519
330
17
100
AcDbEntity
  8
MEMBRANA_3D
100
AcDbFace
 10
2.777023662144634
 20
-0.27351295764067635
 30
3.5759400795579905
 11
3.030853051787196
 21
-0.29851297043986463
 31
3.4135047001457934
 12
3.032142857142857
 22
0.0
 32
3.4221400235146473
 13
3.032142857142857
 23
0.0
 33
3.4221400235146473
  0
3DFACE
  5
51A
330
17
100
AcDbEntity
  8
MEMBRANA_3D
100
AcDbFace
 10
2.777023662144634
 20
-0.27351295764067635
 30
3.5759400795579905
 11
3.032142857142857
 21
0.0
 31
3.4221400235146473
 12
2.7785714285714285
 22
0.0
 32
3.5833931967875197
 13
2.7785714285714285
 23
0.0
 33
3.5833931967875197
  0
3DFACE
  5
51B
330
17
100
AcDbEntity
  8
MEMBRANA_3D
100
AcDbFace
 10
3.032142857142857
 20
0.0
 30
3.4221400235146473
 11
3.2857142857142856
 21
0.0
 31
3.2563364750811834
 12
3.2846824414297564
 22
0.32351298323905314
 32
3.2464855851042356
 13
3.2846824414297564
 23
0.32351298323905314
 33
3.2464855851042356
  0
3DFACE
  5
51C
330
17
100
AcDbEntity
  8
MEMBRANA_3D
100
AcDbFace
 10
3.032142857142857
 20
0.0
 30
3.4221400235146473
 11
3.2846824414297564
 21
0.32351298323905314
 31
3.2464855851042356
 12
3.030853051787196
 22
0.2985129704398649
 32
3.4135047001457934
 13
3.030853051787196
 23
0.2985129704398649
 33
3.4135047001457934
  0
3DFACE
  5
51D
330
17
100
AcDbEntity
  8
MEMBRANA_3D
100
AcDbFace
 10
3.030853051787196
 20
0.2985129704398649
 30
3.4135047001457934
 11
3.2846824414297564
 21
0.32351298323905314
 31
3.2464855851042356
 12
3.281596845800692
 22
0.6527501973838341
 32
3.2163622972719157
 13
3.281596845800692
 23
0.6527501973838341
 33
3.2163622972719157
  0
3DFACE
  5
51E
330
17
100
AcDbEntity
  8
MEMBRANA_3D
100
AcDbFace
 10
3.030853051787196
 20
0.2985129704398649
 30
3.4135047001457934
 11
3.281596845800692
 21
0.6527501973838341
 31
3.2163622972719157
 12
3.026996057250865
 22
0.6021069517966603
 32
3.3870985244627994
 13
3.026996057250865
 23
0.6021069517966603
 33
3.3870985244627994
  0
3DFACE
  5
51F
330
17
100
AcDbEntity
  8
MEMBRANA_3D
100
AcDbFace
 10
3.026996057250865
 20
0.6021069517966603
 30
3.3870985244627994
 11
3.281596845800692
 21
0.6527501973838341
 31
3.2163622972719157
 12
3.2764872147997592
 22
0.9939115304913649
 32
3.1641778257515227
 13
3.2764872147997592
 23
0.9939115304913649
 33
3.1641778257515227
  0
3DFACE
  5
520
330
17
100
AcDbEntity
  8
MEMBRANA_3D
100
AcDbFace
 10
3.026996057250865
 20
0.6021069517966603
 30
3.3870985244627994
 11
3.2764872147997592
 21
0.9939115304913649
 31
3.1641778257515227
 12
3.020609018499699
 22
0.9162917282363132
 32
3.341353440773321
 13
3.020609018499699
 23
0.9162917282363132
 33
3.341353440773321
  0
3DFACE
  5
521
330
17
100
AcDbEntity
  8
MEMBRANA_3D
100
AcDbFace
 10
3.020609018499699
 20
0.9162917282363132
 30
3.341353440773321
 11
3.2764872147997592
 21
0.9939115304913649
 31
3.1641778257515227
 12
3.269402756966704
 22
1.3542309627955968
 32
3.086675092448978
 13
3.269402756966704
 23
1.3542309627955968
 33
3.086675092448978
  0
3DFACE
  5
522
330
17
100
AcDbEntity
  8
MEMBRANA_3D
100
AcDbFace
 10
3.020609018499699
 20
0.9162917282363132
 30
3.341353440773321
 11
3.269402756966704
 21
1.3542309627955968
 31
3.086675092448978
 12
3.01175344620838
 22
1.2475091239434188
 32
3.27341428343793
 13
3.01175344620838
 23
1.2475091239434188
 33
3.27341428343793
  0
3DFACE
  5
523
330
17
100
AcDbEntity
  8
MEMBRANA_3D
100
AcDbFace
 10
3.01175344620838
 20
1.2475091239434188
 30
3.27341428343793
 11
3.269402756966704
 21
1.3542309627955968
 31
3.086675092448978
 12
3.019627911165878
 22
1.6140247449459897
 32
3.1641778257515227
 13
3.019627911165878
 23
1.6140247449459897
 33
3.1641778257515227
  0
3DFACE
  5
524
330
17
100
AcDbEntity
  8
MEMBRANA_3D
100
AcDbFace
 10
3.01175344620838
 20
1.2475091239434188
 30
3.27341428343793
 11
3.019627911165878
 21
1.6140247449459897
 31
3.1641778257515227
 12
2.783809214875417
 22
1.4879770257133407
 32
3.341353440773321
 13
2.783809214875417
 23
1.4879770257133407
 33
3.341353440773321
  0
3DFACE
  5
525
330
17
100
AcDbEntity
  8
MEMBRANA_3D
100
AcDbFace
 10
2.783809214875417
 20
1.4879770257133407
 30
3.341353440773321
 11
3.019627911165878
 21
1.6140247449459897
 31
3.1641778257515227
 12
2.782003473777021
 22
1.858875291795088
 32
3.2163622972719157
 13
2.782003473777021
 23
1.858875291795088
 33
3.2163622972719157
  0
3DFACE
  5
526
330
17
100
AcDbEntity
  8
MEMBRANA_3D
100
AcDbFace
 10
2.783809214875417
 20
1.4879770257133407
 30
3.341353440773321
 11
2.782003473777021
 21
1.858875291795088
 31
3.2163622972719157
 12
2.56616334732201
 22
1.7146555300920492
 32
3.3870985244627994
 13
2.56616334732201
 23
1.7146555300920492
 33
3.3870985244627994
  0
3DFACE
  5
527
330
17
100
AcDbEntity
  8
MEMBRANA_3D
100
AcDbFace
 10
2.56616334732201
 20
1.7146555300920492
 30
3.3870985244627994
 11
2.782003473777021
 21
1.858875291795088
 31
3.2163622972719157
 12
2.5513794526295897
 22
2.093863004129141
 32
3.2464855851042356
 13
2.5513794526295897
 23
2.093863004129141
 33
3.2464855851042356
  0
3DFACE
  5
528
330
17
100
AcDbEntity
  8
MEMBRANA_3D
100
AcDbFace
 10
2.56616334732201
 20
1.7146555300920492
 30
3.3870985244627994
 11
2.5513794526295897
 21
2.093863004129141
 31
3.2464855851042356
 12
2.3542172913688364
 22
1.9320562000285004
 32
3.4135047001457934
 13
2.3542172913688364
 23
1.9320562000285004
 33
3.4135047001457934
  0
3DFACE
  5
529
330
17
100
AcDbEntity
  8
MEMBRANA_3D
100
AcDbFace
 10
2.3542172913688364
 20
1.9320562000285004
 30
3.4135047001457934
 11
2.5513794526295897
 21
2.093863004129141
 31
3.2464855851042356
 12
2.3233508524700848
 22
2.3233508524700843
 32
3.2563364750811834
 13
2.3233508524700848
 23
2.3233508524700843
 33
3.2563364750811834
  0
3DFACE
  5
52A
330
17
100
AcDbEntity
  8
MEMBRANA_3D
100
AcDbFace
 10
2.3542172913688364
 20
1.9320562000285004
 30
3.4135047001457934
 11
2.3233508524700848
 21
2.3233508524700843
 31
3.2563364750811834
 12
2.144048775812067
 22
2.144048775812067
 32
3.4221400235146473
 13
2.144048775812067
 23
2.144048775812067
 33
3.4221400235146473
  0
3DFACE
  5
52B
330
17
100
AcDbEntity
  8
MEMBRANA_3D
100
AcDbFace
 10
2.144048775812067
 20
2.144048775812067
 30
3.4221400235146473
 11
2.3233508524700848
 21
2.3233508524700843
 31
3.2563364750811834
 12
2.093863004129141
 22
2.5513794526295897
 32
3.2464855851042356
 13
2.093863004129141
 23
2.5513794526295897
 33
3.2464855851042356
  0
3DFACE
  5
52C
330
17
100
AcDbEntity
  8
MEMBRANA_3D
100
AcDbFace
 10
2.144048775812067
 20
2.144048775812067
 30
3.4221400235146473
 11
2.093863004129141
 21
2.5513794526295897
 31
3.2464855851042356
 12
1.9320562000285004
 22
2.3542172913688364
 32
3.4135047001457934
 13
1.9320562000285004
 23
2.3542172913688364
 33
3.4135047001457934
  0
3DFACE
  5
52D
330
17
100
AcDbEntity
  8
MEMBRANA_3D
100
AcDbFace
 10
1.9320562000285004
 20
2.3542172913688364
 30
3.4135047001457934
 11
2.093863004129141
 21
2.5513794526295897
 31
3.2464855851042356
 12
1.8588752917950881
 22
2.782003473777021
 32
3.2163622972719157
 13
1.8588752917950881
 23
2.782003473777021
 33
3.2163622972719157
  0
3DFACE
  5
52E
330
17
100
AcDbEntity
  8
MEMBRANA_3D
100
AcDbFace
 10
1.9320562000285004
 20
2.3542172913688364
 30
3.4135047001457934
 11
1.8588752917950881
 21
2.782003473777021
 31
3.2163622972719157
 12
1.7146555300920496
 22
2.56616334732201
 32
3.3870985244627994
 13
1.7146555300920496
 23
2.56616334732201
 33
3.3870985244627994
  0
3DFACE
  5
52F
330
17
100
AcDbEntity
  8
MEMBRANA_3D
100
AcDbFace
 10
1.7146555300920496
 20
2.56616334732201
 30
3.3870985244627994
 11
1.8588752917950881
 21
2.782003473777021
 31
3.2163622972719157
 12
1.61402474494599
 22
3.0196279111658773
 32
3.1641778257515236
 13
1.61402474494599
 23
3.0196279111658773
 33
3.1641778257515236
  0
3DFACE
  5
530
330
17
100
AcDbEntity
  8
MEMBRANA_3D
100
AcDbFace
 10
1.7146555300920496
 20
2.56616334732201
 30
3.3870985244627994
 11
1.61402474494599
 21
3.0196279111658773
 31
3.1641778257515236
 12
1.487977025713341
 22
2.7838092148754163
 32
3.3413534407733216
 13
1.487977025713341
 23
2.7838092148754163
 33
3.3413534407733216
  0
3DFACE
  5
531
330
17
100
AcDbEntity
  8
MEMBRANA_3D
100
AcDbFace
 10
1.487977025713341
 20
2.7838092148754163
 30
3.3413534407733216
 11
1.61402474494599
 21
3.0196279111658773
 31
3.1641778257515236
 12
1.3542309627955968
 22
3.269402756966704
 32
3.086675092448978
 13
1.3542309627955968
 23
3.269402756966704
 33
3.086675092448978
  0
3DFACE
  5
532
330
17
100
AcDbEntity
  8
MEMBRANA_3D
100
AcDbFace
 10
1.487977025713341
 20
2.7838092148754163
 30
3.3413534407733216
 11
1.3542309627955968
 21
3.269402756966704
 31
3.086675092448978
 12
1.247509123943419
 22
3.01175344620838
 32
3.27341428343793
 13
1.247509123943419
 23
3.01175344620838
 33
3.27341428343793
  0
3DFACE
  5
533
330
17
100
AcDbEntity
  8
MEMBRANA_3D
100
AcDbFace
 10
1.247509123943419
 20
3.01175344620838
 30
3.27341428343793
 11
1.3542309627955968
 21
3.269402756966704
 31
3.086675092448978
 12
0.9939115304913648
 22
3.276487214799759
 32
3.1641778257515236
 13
0.9939115304913648
 23
3.276487214799759
 33
3.1641778257515236
  0
3DFACE
  5
534
330
17
100
AcDbEntity
  8
MEMBRANA_3D
100
AcDbFace
 10
1.247509123943419
 20
3.01175344620838
 30
3.27341428343793
 11
0.9939115304913648
 21
3.276487214799759
 31
3.1641778257515236
 12
0.9162917282363131
 22
3.020609018499699
 32
3.3413534407733216
 13
0.9162917282363131
 23
3.020609018499699
 33
3.3413534407733216
  0
3DFACE
  5
535
330
17
100
AcDbEntity
  8
MEMBRANA_3D
100
AcDbFace
 10
0.9162917282363131
 20
3.020609018499699
 30
3.3413534407733216
 11
0.9939115304913648
 21
3.276487214799759
 31
3.1641778257515236
 12
0.6527501973838344
 22
3.281596845800692
 32
3.2163622972719157
 13
0.6527501973838344
 23
3.281596845800692
 33
3.2163622972719157
  0
3DFACE
  5
536
330
17
100
AcDbEntity
  8
MEMBRANA_3D
100
AcDbFace
 10
0.9162917282363131
 20
3.020609018499699
 30
3.3413534407733216
 11
0.6527501973838344
 21
3.281596845800692
 31
3.2163622972719157
 12
0.6021069517966606
 22
3.026996057250865
 32
3.3870985244627994
 13
0.6021069517966606
 23
3.026996057250865
 33
3.3870985244627994
  0
3DFACE
  5
537
330
17
100
AcDbEntity
  8
MEMBRANA_3D
100
AcDbFace
 10
0.6021069517966606
 20
3.026996057250865
 30
3.3870985244627994
 11
0.6527501973838344
 21
3.281596845800692
 31
3.2163622972719157
 12
0.3235129832390537
 22
3.284682441429756
 32
3.2464855851042356
 13
0.3235129832390537
 23
3.284682441429756
 33
3.2464855851042356
  0
3DFACE
  5
538
330
17
100
AcDbEntity
  8
MEMBRANA_3D
100
AcDbFace
 10
0.6021069517966606
 20
3.026996057250865
 30
3.3870985244627994
 11
0.3235129832390537
 21
3.284682441429756
 31
3.2464855851042356
 12
0.2985129704398654
 22
3.0308530517871954
 32
3.4135047001457934
 13
0.2985129704398654
 23
3.0308530517871954
 33
3.4135047001457934
  0
3DFACE
  5
539
330
17
100
AcDbEntity
  8
MEMBRANA_3D
100
AcDbFace
 10
0.2985129704398654
 20
3.0308530517871954
 30
3.4135047001457934
 11
0.3235129832390537
 21
3.284682441429756
 31
3.2464855851042356
 12
2.0119197414563658e-16
 22
3.2857142857142856
 32
3.2563364750811834
 13
2.0119197414563658e-16
 23
3.2857142857142856
 33
3.2563364750811834
  0
3DFACE
  5
53A
330
17
100
AcDbEntity
  8
MEMBRANA_3D
100
AcDbFace
 10
0.2985129704398654
 20
3.0308530517871954
 30
3.4135047001457934
 11
2.0119197414563658e-16
 21
3.2857142857142856
 31
3.2563364750811834
 12
1.856652022278755e-16
 22
3.032142857142857
 32
3.4221400235146473
 13
1.856652022278755e-16
 23
3.032142857142857
 33
3.4221400235146473
  0
3DFACE
  5
53B
330
17
100
AcDbEntity
  8
MEMBRANA_3D
100
AcDbFace
 10
1.856652022278755e-16
 20
3.032142857142857
 30
3.4221400235146473
 11
2.0119197414563658e-16
 21
3.2857142857142856
 31
3.2563364750811834
 12
-0.3235129832390533
 22
3.2846824414297564
 32
3.2464855851042356
 13
-0.3235129832390533
 23
3.2846824414297564
 33
3.2464855851042356
  0
3DFACE
  5
53C
330
17
100
AcDbEntity
  8
MEMBRANA_3D
100
AcDbFace
 10
1.856652022278755e-16
 20
3.032142857142857
 30
3.4221400235146473
 11
-0.3235129832390533
 21
3.2846824414297564
 31
3.2464855851042356
 12
-0.298512970439865
 22
3.030853051787196
 32
3.4135047001457934
 13
-0.298512970439865
 23
3.030853051787196
 33
3.4135047001457934
  0
3DFACE
  5
53D
330
17
100
AcDbEntity
  8
MEMBRANA_3D
100
AcDbFace
 10
-0.298512970439865
 20
3.030853051787196
 30
3.4135047001457934
 11
-0.3235129832390533
 21
3.2846824414297564
 31
3.2464855851042356
 12
-0.652750197383834
 22
3.281596845800692
 32
3.2163622972719157
 13
-0.652750197383834
 23
3.281596845800692
 33
3.2163622972719157
  0
3DFACE
  5
53E
330
17
100
AcDbEntity
  8
MEMBRANA_3D
100
AcDbFace
 10
-0.298512970439865
 20
3.030853051787196
 30
3.4135047001457934
 11
-0.652750197383834
 21
3.281596845800692
 31
3.2163622972719157
 12
-0.6021069517966602
 22
3.026996057250865
 32
3.3870985244627994
 13
-0.6021069517966602
 23
3.026996057250865
 33
3.3870985244627994
  0
3DFACE
  5
53F
330
17
100
AcDbEntity
  8
MEMBRANA_3D
100
AcDbFace
 10
-0.6021069517966602
 20
3.026996057250865
 30
3.3870985244627994
 11
-0.652750197383834
 21
3.281596845800692
 31
3.2163622972719157
 12
-0.9939115304913642
 22
3.276487214799759
 32
3.1641778257515236
 13
-0.9939115304913642
 23
3.276487214799759
 33
3.1641778257515236
  0
3DFACE
  5
540
330
17
100
AcDbEntity
  8
MEMBRANA_3D
100
AcDbFace
 10
-0.6021069517966602
 20
3.026996057250865
 30
3.3870985244627994
 11
-0.9939115304913642
 21
3.276487214799759
 31
3.1641778257515236
 12
-0.9162917282363126
 22
3.020609018499699
 32
3.3413534407733216
 13
-0.9162917282363126
 23
3.020609018499699
 33
3.3413534407733216
  0
3DFACE
  5
541
330
17
100
AcDbEntity
  8
MEMBRANA_3D
100
AcDbFace
 10
-0.9162917282363126
 20
3.020609018499699
 30
3.3413534407733216
 11
-0.9939115304913642
 21
3.276487214799759
 31
3.1641778257515236
 12
-1.3542309627955966
 22
3.269402756966704
 32
3.086675092448978
 13
-1.3542309627955966
 23
3.269402756966704
 33
3.086675092448978
  0
3DFACE
  5
542
330
17
100
AcDbEntity
  8
MEMBRANA_3D
100
AcDbFace
 10
-0.9162917282363126
 20
3.020609018499699
 30
3.3413534407733216
 11
-1.3542309627955966
 21
3.269402756966704
 31
3.086675092448978
 12
-1.2475091239434186
 22
3.01175344620838
 32
3.27341428343793
 13
-1.2475091239434186
 23
3.01175344620838
 33
3.27341428343793
  0
3DFACE
  5
543
330
17
100
AcDbEntity
  8
MEMBRANA_3D
100
AcDbFace
 10
-1.2475091239434186
 20
3.01175344620838
 30
3.27341428343793
 11
-1.3542309627955966
 21
3.269402756966704
 31
3.086675092448978
 12
-1.6140247449459897
 22
3.0196279111658777
 32
3.1641778257515236
 13
-1.6140247449459897
 23
3.0196279111658777
 33
3.1641778257515236
  0
3DFACE
  5
544
330
17
100
AcDbEntity
  8
MEMBRANA_3D
100
AcDbFace
 10
-1.2475091239434186
 20
3.01175344620838
 30
3.27341428343793
 11
-1.6140247449459897
 21
3.0196279111658777
 31
3.1641778257515236
 12
-1.4879770257133407
 22
2.7838092148754168
 32
3.3413534407733216
 13
-1.4879770257133407
 23
2.7838092148754168
 33
3.3413534407733216
  0
3DFACE
  5
545
330
17
100
AcDbEntity
  8
MEMBRANA_3D
100
AcDbFace
 10
-1.4879770257133407
 20
2.7838092148754168
 30
3.3413534407733216
 11
-1.6140247449459897
 21
3.0196279111658777
 31
3.1641778257515236
 12
-1.858875291795087
 22
2.7820034737770216
 32
3.2163622972719157
 13
-1.858875291795087
 23
2.7820034737770216
 33
3.2163622972719157
  0
3DFACE
  5
546
330
17
100
AcDbEntity
  8
MEMBRANA_3D
100
AcDbFace
 10
-1.4879770257133407
 20
2.7838092148754168
 30
3.3413534407733216
 11
-1.858875291795087
 21
2.7820034737770216
 31
3.2163622972719157
 12
-1.7146555300920485
 22
2.5661633473220107
 32
3.3870985244627994
 13
-1.7146555300920485
 23
2.5661633473220107
 33
3.3870985244627994
  0
3DFACE
  5
547
330
17
100
AcDbEntity
  8
MEMBRANA_3D
100
AcDbFace
 10
-1.7146555300920485
 20
2.5661633473220107
 30
3.3870985244627994
 11
-1.858875291795087
 21
2.7820034737770216
 31
3.2163622972719157
 12
-2.0938630041291404
 22
2.55137945262959
 32
3.2464855851042356
 13
-2.0938630041291404
 23
2.55137945262959
 33
3.2464855851042356
  0
3DFACE
  5
548
330
17
100
AcDbEntity
  8
MEMBRANA_3D
100
AcDbFace
 10
-1.7146555300920485
 20
2.5661633473220107
 30
3.3870985244627994
 11
-2.0938630041291404
 21
2.55137945262959
 31
3.2464855851042356
 12
-1.9320562000285
 22
2.3542172913688364
 32
3.4135047001457934
 13
-1.9320562000285
 23
2.3542172913688364
 33
3.4135047001457934
  0
3DFACE
  5
549
330
17
100
AcDbEntity
  8
MEMBRANA_3D
100
AcDbFace
 10
-1.9320562000285
 20
2.3542172913688364
 30
3.4135047001457934
 11
-2.0938630041291404
 21
2.55137945262959
 31
3.2464855851042356
 12
-2.3233508524700843
 22
2.3233508524700848
 32
3.2563364750811834
 13
-2.3233508524700843
 23
2.3233508524700848
 33
3.2563364750811834
  0
3DFACE
  5
54A
330
17
100
AcDbEntity
  8
MEMBRANA_3D
100
AcDbFace
 10
-1.9320562000285
 20
2.3542172913688364
 30
3.4135047001457934
 11
-2.3233508524700843
 21
2.3233508524700848
 31
3.2563364750811834
 12
-2.144048775812067
 22
2.144048775812067
 32
3.4221400235146473
 13
-2.144048775812067
 23
2.144048775812067
 33
3.4221400235146473
  0
3DFACE
  5
54B
330
17
100
AcDbEntity
  8
MEMBRANA_3D
100
AcDbFace
 10
-2.144048775812067
 20
2.144048775812067
 30
3.4221400235146473
 11
-2.3233508524700843
 21
2.3233508524700848
 31
3.2563364750811834
 12
-2.5513794526295897
 22
2.093863004129141
 32
3.2464855851042356
 13
-2.5513794526295897
 23
2.093863004129141
 33
3.2464855851042356
  0
3DFACE
  5
54C
330
17
100
AcDbEntity
  8
MEMBRANA_3D
100
AcDbFace
 10
-2.144048775812067
 20
2.144048775812067
 30
3.4221400235146473
 11
-2.5513794526295897
 21
2.093863004129141
 31
3.2464855851042356
 12
-2.3542172913688364
 22
1.9320562000285004
 32
3.4135047001457934
 13
-2.3542172913688364
 23
1.9320562000285004
 33
3.4135047001457934
  0
3DFACE
  5
54D
330
17
100
AcDbEntity
  8
MEMBRANA_3D
100
AcDbFace
 10
-2.3542172913688364
 20
1.9320562000285004
 30
3.4135047001457934
 11
-2.5513794526295897
 21
2.093863004129141
 31
3.2464855851042356
 12
-2.7820034737770216
 22
1.858875291795088
 32
3.2163622972719157
 13
-2.7820034737770216
 23
1.858875291795088
 33
3.2163622972719157
  0
3DFACE
  5
54E
330
17
100
AcDbEntity
  8
MEMBRANA_3D
100
AcDbFace
 10
-2.3542172913688364
 20
1.9320562000285004
 30
3.4135047001457934
 11
-2.7820034737770216
 21
1.858875291795088
 31
3.2163622972719157
 12
-2.5661633473220102
 22
1.7146555300920492
 32
3.3870985244627994
 13
-2.5661633473220102
 23
1.7146555300920492
 33
3.3870985244627994
  0
3DFACE
  5
54F
330
17
100
AcDbEntity
  8
MEMBRANA_3D
100
AcDbFace
 10
-2.5661633473220102
 20
1.7146555300920492
 30
3.3870985244627994
 11
-2.7820034737770216
 21
1.858875291795088
 31
3.2163622972719157
 12
-3.0196279111658773
 22
1.6140247449459901
 32
3.1641778257515236
 13
-3.0196279111658773
 23
1.6140247449459901
 33
3.1641778257515236
  0
3DFACE
  5
550
330
17
100
AcDbEntity
  8
MEMBRANA_3D
100
AcDbFace
 10
-2.5661633473220102
 20
1.7146555300920492
 30
3.3870985244627994
 11
-3.0196279111658773
 21
1.6140247449459901
 31
3.1641778257515236
 12
-2.7838092148754163
 22
1.4879770257133411
 32
3.3413534407733216
 13
-2.7838092148754163
 23
1.4879770257133411
 33
3.3413534407733216
  0
3DFACE
  5
551
330
17
100
AcDbEntity
  8
MEMBRANA_3D
100
AcDbFace
 10
-2.7838092148754163
 20
1.4879770257133411
 30
3.3413534407733216
 11
-3.0196279111658773
 21
1.6140247449459901
 31
3.1641778257515236
 12
-3.269402756966704
 22
1.354230962795597
 32
3.086675092448978
 13
-3.269402756966704
 23
1.354230962795597
 33
3.086675092448978
  0
3DFACE
  5
552
330
17
100
AcDbEntity
  8
MEMBRANA_3D
100
AcDbFace
 10
-2.7838092148754163
 20
1.4879770257133411
 30
3.3413534407733216
 11
-3.269402756966704
 21
1.354230962795597
 31
3.086675092448978
 12
-3.01175344620838
 22
1.2475091239434193
 32
3.27341428343793
 13
-3.01175344620838
 23
1.2475091239434193
 33
3.27341428343793
  0
3DFACE
  5
553
330
17
100
AcDbEntity
  8
MEMBRANA_3D
100
AcDbFace
 10
-3.01175344620838
 20
1.2475091239434193
 30
3.27341428343793
 11
-3.269402756966704
 21
1.354230962795597
 31
3.086675092448978
 12
-3.276487214799759
 22
0.9939115304913649
 32
3.1641778257515236
 13
-3.276487214799759
 23
0.9939115304913649
 33
3.1641778257515236
  0
3DFACE
  5
554
330
17
100
AcDbEntity
  8
MEMBRANA_3D
100
AcDbFace
 10
-3.01175344620838
 20
1.2475091239434193
 30
3.27341428343793
 11
-3.276487214799759
 21
0.9939115304913649
 31
3.1641778257515236
 12
-3.0206090184996985
 22
0.9162917282363132
 32
3.3413534407733216
 13
-3.0206090184996985
 23
0.9162917282363132
 33
3.3413534407733216
  0
3DFACE
  5
555
330
17
100
AcDbEntity
  8
MEMBRANA_3D
100
AcDbFace
 10
-3.0206090184996985
 20
0.9162917282363132
 30
3.3413534407733216
 11
-3.276487214799759
 21
0.9939115304913649
 31
3.1641778257515236
 12
-3.281596845800692
 22
0.6527501973838353
 32
3.2163622972719157
 13
-3.281596845800692
 23
0.6527501973838353
 33
3.2163622972719157
  0
3DFACE
  5
556
330
17
100
AcDbEntity
  8
MEMBRANA_3D
100
AcDbFace
 10
-3.0206090184996985
 20
0.9162917282363132
 30
3.3413534407733216
 11
-3.281596845800692
 21
0.6527501973838353
 31
3.2163622972719157
 12
-3.026996057250865
 22
0.6021069517966614
 32
3.3870985244627994
 13
-3.026996057250865
 23
0.6021069517966614
 33
3.3870985244627994
  0
3DFACE
  5
557
330
17
100
AcDbEntity
  8
MEMBRANA_3D
100
AcDbFace
 10
-3.026996057250865
 20
0.6021069517966614
 30
3.3870985244627994
 11
-3.281596845800692
 21
0.6527501973838353
 31
3.2163622972719157
 12
-3.284682441429756
 22
0.32351298323905386
 32
3.2464855851042356
 13
-3.284682441429756
 23
0.32351298323905386
 33
3.2464855851042356
  0
3DFACE
  5
558
330
17
100
AcDbEntity
  8
MEMBRANA_3D
100
AcDbFace
 10
-3.026996057250865
 20
0.6021069517966614
 30
3.3870985244627994
 11
-3.284682441429756
 21
0.32351298323905386
 31
3.2464855851042356
 12
-3.0308530517871954
 22
0.2985129704398656
 32
3.4135047001457934
 13
-3.0308530517871954
 23
0.2985129704398656
 33
3.4135047001457934
  0
3DFACE
  5
559
330
17
100
AcDbEntity
  8
MEMBRANA_3D
100
AcDbFace
 10
-3.0308530517871954
 20
0.2985129704398656
 30
3.4135047001457934
 11
-3.284682441429756
 21
0.32351298323905386
 31
3.2464855851042356
 12
-3.2857142857142856
 22
4.0238394829127316e-16
 32
3.2563364750811834
 13
-3.2857142857142856
 23
4.0238394829127316e-16
 33
3.2563364750811834
  0
3DFACE
  5
55A
330
17
100
AcDbEntity
  8
MEMBRANA_3D
100
AcDbFace
 10
-3.0308530517871954
 20
0.2985129704398656
 30
3.4135047001457934
 11
-3.2857142857142856
 21
4.0238394829127316e-16
 31
3.2563364750811834
 12
-3.032142857142857
 22
3.71330404455751e-16
 32
3.4221400235146473
 13
-3.032142857142857
 23
3.71330404455751e-16
 33
3.4221400235146473
  0
3DFACE
  5
55B
330
17
100
AcDbEntity
  8
MEMBRANA_3D
100
AcDbFace
 10
-3.032142857142857
 20
3.71330404455751e-16
 30
3.4221400235146473
 11
-3.2857142857142856
 21
4.0238394829127316e-16
 31
3.2563364750811834
 12
-3.2846824414297564
 22
-0.3235129832390531
 32
3.2464855851042356
 13
-3.2846824414297564
 23
-0.3235129832390531
 33
3.2464855851042356
  0
3DFACE
  5
55C
330
17
100
AcDbEntity
  8
MEMBRANA_3D
100
AcDbFace
 10
-3.032142857142857
 20
3.71330404455751e-16
 30
3.4221400235146473
 11
-3.2846824414297564
 21
-0.3235129832390531
 31
3.2464855851042356
 12
-3.030853051787196
 22
-0.29851297043986486
 32
3.4135047001457934
 13
-3.030853051787196
 23
-0.29851297043986486
 33
3.4135047001457934
  0
3DFACE
  5
55D
330
17
100
AcDbEntity
  8
MEMBRANA_3D
100
AcDbFace
 10
-3.030853051787196
 20
-0.29851297043986486
 30
3.4135047001457934
 11
-3.2846824414297564
 21
-0.3235129832390531
 31
3.2464855851042356
 12
-3.281596845800692
 22
-0.6527501973838346
 32
3.2163622972719157
 13
-3.281596845800692
 23
-0.6527501973838346
 33
3.2163622972719157
  0
3DFACE
  5
55E
330
17
100
AcDbEntity
  8
MEMBRANA_3D
100
AcDbFace
 10
-3.030853051787196
 20
-0.29851297043986486
 30
3.4135047001457934
 11
-3.281596845800692
 21
-0.6527501973838346
 31
3.2163622972719157
 12
-3.026996057250865
 22
-0.6021069517966606
 32
3.3870985244627994
 13
-3.026996057250865
 23
-0.6021069517966606
 33
3.3870985244627994
  0
3DFACE
  5
55F
330
17
100
AcDbEntity
  8
MEMBRANA_3D
100
AcDbFace
 10
-3.026996057250865
 20
-0.6021069517966606
 30
3.3870985244627994
 11
-3.281596845800692
 21
-0.6527501973838346
 31
3.2163622972719157
 12
-3.276487214799759
 22
-0.993911530491364
 32
3.1641778257515236
 13
-3.276487214799759
 23
-0.993911530491364
 33
3.1641778257515236
  0
3DFACE
  5
560
330
17
100
AcDbEntity
  8
MEMBRANA_3D
100
AcDbFace
 10
-3.026996057250865
 20
-0.6021069517966606
 30
3.3870985244627994
 11
-3.276487214799759
 21
-0.993911530491364
 31
3.1641778257515236
 12
-3.020609018499699
 22
-0.9162917282363123
 32
3.3413534407733216
 13
-3.020609018499699
 23
-0.9162917282363123
 33
3.3413534407733216
  0
3DFACE
  5
561
330
17
100
AcDbEntity
  8
MEMBRANA_3D
100
AcDbFace
 10
-3.020609018499699
 20
-0.9162917282363123
 30
3.3413534407733216
 11
-3.276487214799759
 21
-0.993911530491364
 31
3.1641778257515236
 12
-3.2694027569667043
 22
-1.3542309627955964
 32
3.086675092448978
 13
-3.2694027569667043
 23
-1.3542309627955964
 33
3.086675092448978
  0
3DFACE
  5
562
330
17
100
AcDbEntity
  8
MEMBRANA_3D
100
AcDbFace
 10
-3.020609018499699
 20
-0.9162917282363123
 30
3.3413534407733216
 11
-3.2694027569667043
 21
-1.3542309627955964
 31
3.086675092448978
 12
-3.0117534462083806
 22
-1.2475091239434186
 32
3.27341428343793
 13
-3.0117534462083806
 23
-1.2475091239434186
 33
3.27341428343793
  0
3DFACE
  5
563
330
17
100
AcDbEntity
  8
MEMBRANA_3D
100
AcDbFace
 10
-3.0117534462083806
 20
-1.2475091239434186
 30
3.27341428343793
 11
-3.2694027569667043
 21
-1.3542309627955964
 31
3.086675092448978
 12
-3.0196279111658777
 22
-1.6140247449459895
 32
3.1641778257515236
 13
-3.0196279111658777
 23
-1.6140247449459895
 33
3.1641778257515236
  0
3DFACE
  5
564
330
17
100
AcDbEntity
  8
MEMBRANA_3D
100
AcDbFace
 10
-3.0117534462083806
 20
-1.2475091239434186
 30
3.27341428343793
 11
-3.0196279111658777
 21
-1.6140247449459895
 31
3.1641778257515236
 12
-2.7838092148754168
 22
-1.4879770257133405
 32
3.3413534407733216
 13
-2.7838092148754168
 23
-1.4879770257133405
 33
3.3413534407733216
  0
3DFACE
  5
565
330
17
100
AcDbEntity
  8
MEMBRANA_3D
100
AcDbFace
 10
-2.7838092148754168
 20
-1.4879770257133405
 30
3.3413534407733216
 11
-3.0196279111658777
 21
-1.6140247449459895
 31
3.1641778257515236
 12
-2.7820034737770216
 22
-1.858875291795087
 32
3.2163622972719157
 13
-2.7820034737770216
 23
-1.858875291795087
 33
3.2163622972719157
  0
3DFACE
  5
566
330
17
100
AcDbEntity
  8
MEMBRANA_3D
100
AcDbFace
 10
-2.7838092148754168
 20
-1.4879770257133405
 30
3.3413534407733216
 11
-2.7820034737770216
 21
-1.858875291795087
 31
3.2163622972719157
 12
-2.5661633473220107
 22
-1.7146555300920485
 32
3.3870985244627994
 13
-2.5661633473220107
 23
-1.7146555300920485
 33
3.3870985244627994
  0
3DFACE
  5
567
330
17
100
AcDbEntity
  8
MEMBRANA_3D
100
AcDbFace
 10
-2.5661633473220107
 20
-1.7146555300920485
 30
3.3870985244627994
 11
-2.7820034737770216
 21
-1.858875291795087
 31
3.2163622972719157
 12
-2.55137945262959
 22
-2.09386300412914
 32
3.2464855851042356
 13
-2.55137945262959
 23
-2.09386300412914
 33
3.2464855851042356
  0
3DFACE
  5
568
330
17
100
AcDbEntity
  8
MEMBRANA_3D
100
AcDbFace
 10
-2.5661633473220107
 20
-1.7146555300920485
 30
3.3870985244627994
 11
-2.55137945262959
 21
-2.09386300412914
 31
3.2464855851042356
 12
-2.3542172913688364
 22
-1.9320562000284998
 32
3.4135047001457934
 13
-2.3542172913688364
 23
-1.9320562000284998
 33
3.4135047001457934
  0
3DFACE
  5
569
330
17
100
AcDbEntity
  8
MEMBRANA_3D
100
AcDbFace
 10
-2.3542172913688364
 20
-1.9320562000284998
 30
3.4135047001457934
 11
-2.55137945262959
 21
-2.09386300412914
 31
3.2464855851042356
 12
-2.323350852470085
 22
-2.3233508524700843
 32
3.2563364750811834
 13
-2.323350852470085
 23
-2.3233508524700843
 33
3.2563364750811834
  0
3DFACE
  5
56A
330
17
100
AcDbEntity
  8
MEMBRANA_3D
100
AcDbFace
 10
-2.3542172913688364
 20
-1.9320562000284998
 30
3.4135047001457934
 11
-2.323350852470085
 21
-2.3233508524700843
 31
3.2563364750811834
 12
-2.1440487758120677
 22
-2.144048775812067
 32
3.4221400235146473
 13
-2.1440487758120677
 23
-2.144048775812067
 33
3.4221400235146473
  0
3DFACE
  5
56B
330
17
100
AcDbEntity
  8
MEMBRANA_3D
100
AcDbFace
 10
-2.1440487758120677
 20
-2.144048775812067
 30
3.4221400235146473
 11
-2.323350852470085
 21
-2.3233508524700843
 31
3.2563364750811834
 12
-2.093863004129142
 22
-2.5513794526295888
 32
3.2464855851042356
 13
-2.093863004129142
 23
-2.5513794526295888
 33
3.2464855851042356
  0
3DFACE
  5
56C
330
17
100
AcDbEntity
  8
MEMBRANA_3D
100
AcDbFace
 10
-2.1440487758120677
 20
-2.144048775812067
 30
3.4221400235146473
 11
-2.093863004129142
 21
-2.5513794526295888
 31
3.2464855851042356
 12
-1.9320562000285018
 22
-2.354217291368835
 32
3.4135047001457934
 13
-1.9320562000285018
 23
-2.354217291368835
 33
3.4135047001457934
  0
3DFACE
  5
56D
330
17
100
AcDbEntity
  8
MEMBRANA_3D
100
AcDbFace
 10
-1.9320562000285018
 20
-2.354217291368835
 30
3.4135047001457934
 11
-2.093863004129142
 21
-2.5513794526295888
 31
3.2464855851042356
 12
-1.858875291795088
 22
-2.782003473777021
 32
3.2163622972719157
 13
-1.858875291795088
 23
-2.782003473777021
 33
3.2163622972719157
  0
3DFACE
  5
56E
330
17
100
AcDbEntity
  8
MEMBRANA_3D
100
AcDbFace
 10
-1.9320562000285018
 20
-2.354217291368835
 30
3.4135047001457934
 11
-1.858875291795088
 21
-2.782003473777021
 31
3.2163622972719157
 12
-1.7146555300920492
 22
-2.56616334732201
 32
3.3870985244627994
 13
-1.7146555300920492
 23
-2.56616334732201
 33
3.3870985244627994
  0
3DFACE
  5
56F
330
17
100
AcDbEntity
  8
MEMBRANA_3D
100
AcDbFace
 10
-1.7146555300920492
 20
-2.56616334732201
 30
3.3870985244627994
 11
-1.858875291795088
 21
-2.782003473777021
 31
3.2163622972719157
 12
-1.6140247449459901
 22
-3.0196279111658773
 32
3.1641778257515236
 13
-1.6140247449459901
 23
-3.0196279111658773
 33
3.1641778257515236
  0
3DFACE
  5
570
330
17
100
AcDbEntity
  8
MEMBRANA_3D
100
AcDbFace
 10
-1.7146555300920492
 20
-2.56616334732201
 30
3.3870985244627994
 11
-1.6140247449459901
 21
-3.0196279111658773
 31
3.1641778257515236
 12
-1.4879770257133411
 22
-2.7838092148754163
 32
3.3413534407733216
 13
-1.4879770257133411
 23
-2.7838092148754163
 33
3.3413534407733216
  0
3DFACE
  5
571
330
17
100
AcDbEntity
  8
MEMBRANA_3D
100
AcDbFace
 10
-1.4879770257133411
 20
-2.7838092148754163
 30
3.3413534407733216
 11
-1.6140247449459901
 21
-3.0196279111658773
 31
3.1641778257515236
 12
-1.3542309627955986
 22
-3.2694027569667026
 32
3.086675092448978
 13
-1.3542309627955986
 23
-3.2694027569667026
 33
3.086675092448978
  0
3DFACE
  5
572
330
17
100
AcDbEntity
  8
MEMBRANA_3D
100
AcDbFace
 10
-1.4879770257133411
 20
-2.7838092148754163
 30
3.3413534407733216
 11
-1.3542309627955986
 21
-3.2694027569667026
 31
3.086675092448978
 12
-1.2475091239434206
 22
-3.011753446208379
 32
3.27341428343793
 13
-1.2475091239434206
 23
-3.011753446208379
 33
3.27341428343793
  0
3DFACE
  5
573
330
17
100
AcDbEntity
  8
MEMBRANA_3D
100
AcDbFace
 10
-1.2475091239434206
 20
-3.011753446208379
 30
3.27341428343793
 11
-1.3542309627955986
 21
-3.2694027569667026
 31
3.086675092448978
 12
-0.9939115304913652
 22
-3.276487214799759
 32
3.1641778257515236
 13
-0.9939115304913652
 23
-3.276487214799759
 33
3.1641778257515236
  0
3DFACE
  5
574
330
17
100
AcDbEntity
  8
MEMBRANA_3D
100
AcDbFace
 10
-1.2475091239434206
 20
-3.011753446208379
 30
3.27341428343793
 11
-0.9939115304913652
 21
-3.276487214799759
 31
3.1641778257515236
 12
-0.9162917282363134
 22
-3.0206090184996985
 32
3.3413534407733216
 13
-0.9162917282363134
 23
-3.0206090184996985
 33
3.3413534407733216
  0
3DFACE
  5
575
330
17
100
AcDbEntity
  8
MEMBRANA_3D
100
AcDbFace
 10
-0.9162917282363134
 20
-3.0206090184996985
 30
3.3413534407733216
 11
-0.9939115304913652
 21
-3.276487214799759
 31
3.1641778257515236
 12
-0.6527501973838356
 22
-3.2815968458006917
 32
3.2163622972719157
 13
-0.6527501973838356
 23
-3.2815968458006917
 33
3.2163622972719157
  0
3DFACE
  5
576
330
17
100
AcDbEntity
  8
MEMBRANA_3D
100
AcDbFace
 10
-0.9162917282363134
 20
-3.0206090184996985
 30
3.3413534407733216
 11
-0.6527501973838356
 21
-3.2815968458006917
 31
3.2163622972719157
 12
-0.6021069517966616
 22
-3.0269960572508645
 32
3.3870985244627994
 13
-0.6021069517966616
 23
-3.0269960572508645
 33
3.3870985244627994
  0
3DFACE
  5
577
330
17
100
AcDbEntity
  8
MEMBRANA_3D
100
AcDbFace
 10
-0.6021069517966616
 20
-3.0269960572508645
 30
3.3870985244627994
 11
-0.6527501973838356
 21
-3.2815968458006917
 31
3.2163622972719157
 12
-0.32351298323905264
 22
-3.2846824414297564
 32
3.2464855851042356
 13
-0.32351298323905264
 23
-3.2846824414297564
 33
3.2464855851042356
  0
3DFACE
  5
578
330
17
100
AcDbEntity
  8
MEMBRANA_3D
100
AcDbFace
 10
-0.6021069517966616
 20
-3.0269960572508645
 30
3.3870985244627994
 11
-0.32351298323905264
 21
-3.2846824414297564
 31
3.2464855851042356
 12
-0.29851297043986447
 22
-3.030853051787196
 32
3.4135047001457934
 13
-0.29851297043986447
 23
-3.030853051787196
 33
3.4135047001457934
  0
3DFACE
  5
579
330
17
100
AcDbEntity
  8
MEMBRANA_3D
100
AcDbFace
 10
-0.29851297043986447
 20
-3.030853051787196
 30
3.4135047001457934
 11
-0.32351298323905264
 21
-3.2846824414297564
 31
3.2464855851042356
 12
-6.035759224369097e-16
 22
-3.2857142857142856
 32
3.2563364750811834
 13
-6.035759224369097e-16
 23
-3.2857142857142856
 33
3.2563364750811834
  0
3DFACE
  5
57A
330
17
100
AcDbEntity
  8
MEMBRANA_3D
100
AcDbFace
 10
-0.29851297043986447
 20
-3.030853051787196
 30
3.4135047001457934
 11
-6.035759224369097e-16
 21
-3.2857142857142856
 31
3.2563364750811834
 12
-5.569956066836265e-16
 22
-3.032142857142857
 32
3.4221400235146473
 13
-5.569956066836265e-16
 23
-3.032142857142857
 33
3.4221400235146473
  0
3DFACE
  5
57B
330
17
100
AcDbEntity
  8
MEMBRANA_3D
100
AcDbFace
 10
-5.569956066836265e-16
 20
-3.032142857142857
 30
3.4221400235146473
 11
-6.035759224369097e-16
 21
-3.2857142857142856
 31
3.2563364750811834
 12
0.3235129832390515
 22
-3.2846824414297564
 32
3.2464855851042356
 13
0.3235129832390515
 23
-3.2846824414297564
 33
3.2464855851042356
  0
3DFACE
  5
57C
330
17
100
AcDbEntity
  8
MEMBRANA_3D
100
AcDbFace
 10
-5.569956066836265e-16
 20
-3.032142857142857
 30
3.4221400235146473
 11
0.3235129832390515
 21
-3.2846824414297564
 31
3.2464855851042356
 12
0.29851297043986336
 22
-3.030853051787196
 32
3.4135047001457934
 13
0.29851297043986336
 23
-3.030853051787196
 33
3.4135047001457934
  0
3DFACE
  5
57D
330
17
100
AcDbEntity
  8
MEMBRANA_3D
100
AcDbFace
 10
0.29851297043986336
 20
-3.030853051787196
 30
3.4135047001457934
 11
0.3235129832390515
 21
-3.2846824414297564
 31
3.2464855851042356
 12
0.6527501973838344
 22
-3.2815968458006926
 32
3.2163622972719157
 13
0.6527501973838344
 23
-3.2815968458006926
 33
3.2163622972719157
  0
3DFACE
  5
57E
330
17
100
AcDbEntity
  8
MEMBRANA_3D
100
AcDbFace
 10
0.29851297043986336
 20
-3.030853051787196
 30
3.4135047001457934
 11
0.6527501973838344
 21
-3.2815968458006926
 31
3.2163622972719157
 12
0.6021069517966606
 22
-3.0269960572508654
 32
3.3870985244627994
 13
0.6021069517966606
 23
-3.0269960572508654
 33
3.3870985244627994
  0
3DFACE
  5
57F
330
17
100
AcDbEntity
  8
MEMBRANA_3D
100
AcDbFace
 10
0.6021069517966606
 20
-3.0269960572508654
 30
3.3870985244627994
 11
0.6527501973838344
 21
-3.2815968458006926
 31
3.2163622972719157
 12
0.9939115304913639
 22
-3.2764872147997592
 32
3.1641778257515227
 13
0.9939115304913639
 23
-3.2764872147997592
 33
3.1641778257515227
  0
3DFACE
  5
580
330
17
100
AcDbEntity
  8
MEMBRANA_3D
100
AcDbFace
 10
0.6021069517966606
 20
-3.0269960572508654
 30
3.3870985244627994
 11
0.9939115304913639
 21
-3.2764872147997592
 31
3.1641778257515227
 12
0.9162917282363123
 22
-3.0206090184996994
 32
3.341353440773321
 13
0.9162917282363123
 23
-3.0206090184996994
 33
3.341353440773321
  0
3DFACE
  5
581
330
17
100
AcDbEntity
  8
MEMBRANA_3D
100
AcDbFace
 10
0.9162917282363123
 20
-3.0206090184996994
 30
3.341353440773321
 11
0.9939115304913639
 21
-3.2764872147997592
 31
3.1641778257515227
 12
1.3542309627955975
 22
-3.2694027569667035
 32
3.086675092448978
 13
1.3542309627955975
 23
-3.2694027569667035
 33
3.086675092448978
  0
3DFACE
  5
582
330
17
100
AcDbEntity
  8
MEMBRANA_3D
100
AcDbFace
 10
0.9162917282363123
 20
-3.0206090184996994
 30
3.341353440773321
 11
1.3542309627955975
 21
-3.2694027569667035
 31
3.086675092448978
 12
1.2475091239434195
 22
-3.0117534462083797
 32
3.27341428343793
 13
1.2475091239434195
 23
-3.0117534462083797
 33
3.27341428343793
  0
3DFACE
  5
583
330
17
100
AcDbEntity
  8
MEMBRANA_3D
100
AcDbFace
 10
1.2475091239434195
 20
-3.0117534462083797
 30
3.27341428343793
 11
1.3542309627955975
 21
-3.2694027569667035
 31
3.086675092448978
 12
1.6140247449459895
 22
-3.019627911165878
 32
3.1641778257515227
 13
1.6140247449459895
 23
-3.019627911165878
 33
3.1641778257515227
  0
3DFACE
  5
584
330
17
100
AcDbEntity
  8
MEMBRANA_3D
100
AcDbFace
 10
1.2475091239434195
 20
-3.0117534462083797
 30
3.27341428343793
 11
1.6140247449459895
 21
-3.019627911165878
 31
3.1641778257515227
 12
1.4879770257133405
 22
-2.783809214875417
 32
3.341353440773321
 13
1.4879770257133405
 23
-2.783809214875417
 33
3.341353440773321
  0
3DFACE
  5
585
330
17
100
AcDbEntity
  8
MEMBRANA_3D
100
AcDbFace
 10
1.4879770257133405
 20
-2.783809214875417
 30
3.341353440773321
 11
1.6140247449459895
 21
-3.019627911165878
 31
3.1641778257515227
 12
1.858875291795087
 22
-2.782003473777022
 32
3.2163622972719157
 13
1.858875291795087
 23
-2.782003473777022
 33
3.2163622972719157
  0
3DFACE
  5
586
330
17
100
AcDbEntity
  8
MEMBRANA_3D
100
AcDbFace
 10
1.4879770257133405
 20
-2.783809214875417
 30
3.341353440773321
 11
1.858875291795087
 21
-2.782003473777022
 31
3.2163622972719157
 12
1.7146555300920483
 22
-2.5661633473220107
 32
3.3870985244627994
 13
1.7146555300920483
 23
-2.5661633473220107
 33
3.3870985244627994
  0
3DFACE
  5
587
330
17
100
AcDbEntity
  8
MEMBRANA_3D
100
AcDbFace
 10
1.7146555300920483
 20
-2.5661633473220107
 30
3.3870985244627994
 11
1.858875291795087
 21
-2.782003473777022
 31
3.2163622972719157
 12
2.0938630041291413
 22
-2.551379452629589
 32
3.2464855851042356
 13
2.0938630041291413
 23
-2.551379452629589
 33
3.2464855851042356
  0
3DFACE
  5
588
330
17
100
AcDbEntity
  8
MEMBRANA_3D
100
AcDbFace
 10
1.7146555300920483
 20
-2.5661633473220107
 30
3.3870985244627994
 11
2.0938630041291413
 21
-2.551379452629589
 31
3.2464855851042356
 12
1.9320562000285006
 22
-2.354217291368836
 32
3.4135047001457934
 13
1.9320562000285006
 23
-2.354217291368836
 33
3.4135047001457934
  0
3DFACE
  5
589
330
17
100
AcDbEntity
  8
MEMBRANA_3D
100
AcDbFace
 10
1.9320562000285006
 20
-2.354217291368836
 30
3.4135047001457934
 11
2.0938630041291413
 21
-2.551379452629589
 31
3.2464855851042356
 12
2.323350852470084
 22
-2.323350852470085
 32
3.2563364750811834
 13
2.323350852470084
 23
-2.323350852470085
 33
3.2563364750811834
  0
3DFACE
  5
58A
330
17
100
AcDbEntity
  8
MEMBRANA_3D
100
AcDbFace
 10
1.9320562000285006
 20
-2.354217291368836
 30
3.4135047001457934
 11
2.323350852470084
 21
-2.323350852470085
 31
3.2563364750811834
 12
2.1440487758120668
 22
-2.1440487758120677
 32
3.4221400235146473
 13
2.1440487758120668
 23
-2.1440487758120677
 33
3.4221400235146473
  0
3DFACE
  5
58B
330
17
100
AcDbEntity
  8
MEMBRANA_3D
100
AcDbFace
 10
2.1440487758120668
 20
-2.1440487758120677
 30
3.4221400235146473
 11
2.323350852470084
 21
-2.323350852470085
 31
3.2563364750811834
 12
2.5513794526295888
 22
-2.093863004129142
 32
3.2464855851042356
 13
2.5513794526295888
 23
-2.093863004129142
 33
3.2464855851042356
  0
3DFACE
  5
58C
330
17
100
AcDbEntity
  8
MEMBRANA_3D
100
AcDbFace
 10
2.1440487758120668
 20
-2.1440487758120677
 30
3.4221400235146473
 11
2.5513794526295888
 21
-2.093863004129142
 31
3.2464855851042356
 12
2.354217291368835
 22
-1.9320562000285018
 32
3.4135047001457934
 13
2.354217291368835
 23
-1.9320562000285018
 33
3.4135047001457934
  0
3DFACE
  5
58D
330
17
100
AcDbEntity
  8
MEMBRANA_3D
100
AcDbFace
 10
2.354217291368835
 20
-1.9320562000285018
 30
3.4135047001457934
 11
2.5513794526295888
 21
-2.093863004129142
 31
3.2464855851042356
 12
2.782003473777021
 22
-1.858875291795088
 32
3.2163622972719157
 13
2.782003473777021
 23
-1.858875291795088
 33
3.2163622972719157
  0
3DFACE
  5
58E
330
17
100
AcDbEntity
  8
MEMBRANA_3D
100
AcDbFace
 10
2.354217291368835
 20
-1.9320562000285018
 30
3.4135047001457934
 11
2.782003473777021
 21
-1.858875291795088
 31
3.2163622972719157
 12
2.56616334732201
 22
-1.7146555300920492
 32
3.3870985244627994
 13
2.56616334732201
 23
-1.7146555300920492
 33
3.3870985244627994
  0
3DFACE
  5
58F
330
17
100
AcDbEntity
  8
MEMBRANA_3D
100
AcDbFace
 10
2.56616334732201
 20
-1.7146555300920492
 30
3.3870985244627994
 11
2.782003473777021
 21
-1.858875291795088
 31
3.2163622972719157
 12
3.019627911165877
 22
-1.6140247449459904
 32
3.1641778257515236
 13
3.019627911165877
 23
-1.6140247449459904
 33
3.1641778257515236
  0
3DFACE
  5
590
330
17
100
AcDbEntity
  8
MEMBRANA_3D
100
AcDbFace
 10
2.56616334732201
 20
-1.7146555300920492
 30
3.3870985244627994
 11
3.019627911165877
 21
-1.6140247449459904
 31
3.1641778257515236
 12
2.7838092148754163
 22
-1.4879770257133413
 32
3.3413534407733216
 13
2.7838092148754163
 23
-1.4879770257133413
 33
3.3413534407733216
  0
3DFACE
  5
591
330
17
100
AcDbEntity
  8
MEMBRANA_3D
100
AcDbFace
 10
2.7838092148754163
 20
-1.4879770257133413
 30
3.3413534407733216
 11
3.019627911165877
 21
-1.6140247449459904
 31
3.1641778257515236
 12
3.2694027569667026
 22
-1.3542309627955988
 32
3.086675092448978
 13
3.2694027569667026
 23
-1.3542309627955988
 33
3.086675092448978
  0
3DFACE
  5
592
330
17
100
AcDbEntity
  8
MEMBRANA_3D
100
AcDbFace
 10
2.7838092148754163
 20
-1.4879770257133413
 30
3.3413534407733216
 11
3.2694027569667026
 21
-1.3542309627955988
 31
3.086675092448978
 12
3.011753446208379
 22
-1.2475091239434206
 32
3.27341428343793
 13
3.011753446208379
 23
-1.2475091239434206
 33
3.27341428343793
  0
3DFACE
  5
593
330
17
100
AcDbEntity
  8
MEMBRANA_3D
100
AcDbFace
 10
3.011753446208379
 20
-1.2475091239434206
 30
3.27341428343793
 11
3.2694027569667026
 21
-1.3542309627955988
 31
3.086675092448978
 12
3.276487214799759
 22
-0.9939115304913654
 32
3.1641778257515236
 13
3.276487214799759
 23
-0.9939115304913654
 33
3.1641778257515236
  0
3DFACE
  5
594
330
17
100
AcDbEntity
  8
MEMBRANA_3D
100
AcDbFace
 10
3.011753446208379
 20
-1.2475091239434206
 30
3.27341428343793
 11
3.276487214799759
 21
-0.9939115304913654
 31
3.1641778257515236
 12
3.0206090184996985
 22
-0.9162917282363136
 32
3.3413534407733216
 13
3.0206090184996985
 23
-0.9162917282363136
 33
3.3413534407733216
  0
3DFACE
  5
595
330
17
100
AcDbEntity
  8
MEMBRANA_3D
100
AcDbFace
 10
3.0206090184996985
 20
-0.9162917282363136
 30
3.3413534407733216
 11
3.276487214799759
 21
-0.9939115304913654
 31
3.1641778257515236
 12
3.2815968458006917
 22
-0.6527501973838357
 32
3.2163622972719157
 13
3.2815968458006917
 23
-0.6527501973838357
 33
3.2163622972719157
  0
3DFACE
  5
596
330
17
100
AcDbEntity
  8
MEMBRANA_3D
100
AcDbFace
 10
3.0206090184996985
 20
-0.9162917282363136
 30
3.3413534407733216
 11
3.2815968458006917
 21
-0.6527501973838357
 31
3.2163622972719157
 12
3.0269960572508645
 22
-0.6021069517966617
 32
3.3870985244627994
 13
3.0269960572508645
 23
-0.6021069517966617
 33
3.3870985244627994
  0
3DFACE
  5
597
330
17
100
AcDbEntity
  8
MEMBRANA_3D
100
AcDbFace
 10
3.0269960572508645
 20
-0.6021069517966617
 30
3.3870985244627994
 11
3.2815968458006917
 21
-0.6527501973838357
 31
3.2163622972719157
 12
3.2846824414297564
 22
-0.3235129832390528
 32
3.2464855851042356
 13
3.2846824414297564
 23
-0.3235129832390528
 33
3.2464855851042356
  0
3DFACE
  5
598
330
17
100
AcDbEntity
  8
MEMBRANA_3D
100
AcDbFace
 10
3.0269960572508645
 20
-0.6021069517966617
 30
3.3870985244627994
 11
3.2846824414297564
 21
-0.3235129832390528
 31
3.2464855851042356
 12
3.030853051787196
 22
-0.29851297043986463
 32
3.4135047001457934
 13
3.030853051787196
 23
-0.29851297043986463
 33
3.4135047001457934
  0
3DFACE
  5
599
330
17
100
AcDbEntity
  8
MEMBRANA_3D
100
AcDbFace
 10
3.030853051787196
 20
-0.29851297043986463
 30
3.4135047001457934
 11
3.2846824414297564
 21
-0.3235129832390528
 31
3.2464855851042356
 12
3.2857142857142856
 22
0.0
 32
3.2563364750811834
 13
3.2857142857142856
 23
0.0
 33
3.2563364750811834
  0
3DFACE
  5
59A
330
17
100
AcDbEntity
  8
MEMBRANA_3D
100
AcDbFace
 10
3.030853051787196
 20
-0.29851297043986463
 30
3.4135047001457934
 11
3.2857142857142856
 21
0.0
 31
3.2563364750811834
 12
3.032142857142857
 22
0.0
 32
3.4221400235146473
 13
3.032142857142857
 23
0.0
 33
3.4221400235146473
  0
3DFACE
  5
59B
330
17
100
AcDbEntity
  8
MEMBRANA_3D
100
AcDbFace
 10
3.2857142857142856
 20
0.0
 30
3.2563364750811834
 11
3.539285714285714
 21
0.0
 31
3.0863293696679
 12
3.5385118310723174
 22
0.34851299603824143
 32
3.0752320952653367
 13
3.5385118310723174
 23
0.34851299603824143
 33
3.0752320952653367
  0
3DFACE
  5
59C
330
17
100
AcDbEntity
  8
MEMBRANA_3D
100
AcDbFace
 10
3.2857142857142856
 20
0.0
 30
3.2563364750811834
 11
3.5385118310723174
 21
0.34851299603824143
 31
3.0752320952653367
 12
3.2846824414297564
 22
0.32351298323905314
 32
3.2464855851042356
 13
3.2846824414297564
 23
0.32351298323905314
 33
3.2464855851042356
  0
3DFACE
  5
59D
330
17
100
AcDbEntity
  8
MEMBRANA_3D
100
AcDbFace
 10
3.2846824414297564
 20
0.32351298323905314
 30
3.2464855851042356
 11
3.5385118310723174
 21
0.34851299603824143
 31
3.0752320952653367
 12
3.5361976343505184
 22
0.7033934429710078
 32
3.041297456693097
 13
3.5361976343505184
 23
0.7033934429710078
 33
3.041297456693097
  0
3DFACE
  5
59E
330
17
100
AcDbEntity
  8
MEMBRANA_3D
100
AcDbFace
 10
3.2846824414297564
 20
0.32351298323905314
 30
3.2464855851042356
 11
3.5361976343505184
 21
0.7033934429710078
 31
3.041297456693097
 12
3.281596845800692
 22
0.6527501973838341
 32
3.2163622972719157
 13
3.281596845800692
 23
0.6527501973838341
 33
3.2163622972719157
  0
3DFACE
  5
59F
330
17
100
AcDbEntity
  8
MEMBRANA_3D
100
AcDbFace
 10
3.281596845800692
 20
0.6527501973838341
 30
3.2163622972719157
 11
3.5361976343505184
 21
0.7033934429710078
 31
3.041297456693097
 12
3.5323654110998195
 22
1.0715313327464167
 32
2.9825103418872576
 13
3.5323654110998195
 23
1.0715313327464167
 33
2.9825103418872576
  0
3DFACE
  5
5A0
330
17
100
AcDbEntity
  8
MEMBRANA_3D
100
AcDbFace
 10
3.281596845800692
 20
0.6527501973838341
 30
3.2163622972719157
 11
3.5323654110998195
 21
1.0715313327464167
 31
2.9825103418872576
 12
3.2764872147997592
 22
0.9939115304913649
 32
3.1641778257515227
 13
3.2764872147997592
 23
0.9939115304913649
 33
3.1641778257515227
  0
3DFACE
  5
5A1
330
17
100
AcDbEntity
  8
MEMBRANA_3D
100
AcDbFace
 10
3.2764872147997592
 20
0.9939115304913649
 30
3.1641778257515227
 11
3.5323654110998195
 21
1.0715313327464167
 31
2.9825103418872576
 12
3.527052067725028
 22
1.4609528016477749
 32
2.895201570759
 13
3.527052067725028
 23
1.4609528016477749
 33
2.895201570759
  0
3DFACE
  5
5A2
330
17
100
AcDbEntity
  8
MEMBRANA_3D
100
AcDbFace
 10
3.2764872147997592
 20
0.9939115304913649
 30
3.1641778257515227
 11
3.527052067725028
 21
1.4609528016477749
 31
2.895201570759
 12
3.269402756966704
 22
1.3542309627955968
 32
3.086675092448978
 13
3.269402756966704
 23
1.3542309627955968
 33
3.086675092448978
  0
3DFACE
  5
5A3
330
17
100
AcDbEntity
  8
MEMBRANA_3D
100
AcDbFace
 10
3.269402756966704
 20
1.3542309627955968
 30
3.086675092448978
 11
3.527052067725028
 21
1.4609528016477749
 31
2.895201570759
 12
3.2554466074563395
 22
1.7400724641786387
 32
2.9825103418872576
 13
3.2554466074563395
 23
1.7400724641786387
 33
2.9825103418872576
  0
3DFACE
  5
5A4
330
17
100
AcDbEntity
  8
MEMBRANA_3D
100
AcDbFace
 10
3.269402756966704
 20
1.3542309627955968
 30
3.086675092448978
 11
3.2554466074563395
 21
1.7400724641786387
 31
2.9825103418872576
 12
3.019627911165878
 22
1.6140247449459897
 32
3.1641778257515227
 13
3.019627911165878
 23
1.6140247449459897
 33
3.1641778257515227
  0
3DFACE
  5
5A5
330
17
100
AcDbEntity
  8
MEMBRANA_3D
100
AcDbFace
 10
3.019627911165878
 20
1.6140247449459897
 30
3.1641778257515227
 11
3.2554466074563395
 21
1.7400724641786387
 31
2.9825103418872576
 12
2.997843600232032
 22
2.003095053498126
 32
3.041297456693097
 13
2.997843600232032
 23
2.003095053498126
 33
3.041297456693097
  0
3DFACE
  5
5A6
330
17
100
AcDbEntity
  8
MEMBRANA_3D
100
AcDbFace
 10
3.019627911165878
 20
1.6140247449459897
 30
3.1641778257515227
 11
2.997843600232032
 21
2.003095053498126
 31
3.041297456693097
 12
2.782003473777021
 22
1.858875291795088
 32
3.2163622972719157
 13
2.782003473777021
 23
1.858875291795088
 33
3.2163622972719157
  0
3DFACE
  5
5A7
330
17
100
AcDbEntity
  8
MEMBRANA_3D
100
AcDbFace
 10
2.782003473777021
 20
1.858875291795088
 30
3.2163622972719157
 11
2.997843600232032
 21
2.003095053498126
 31
3.041297456693097
 12
2.7485416138903433
 22
2.2556698082297815
 32
3.0752320952653367
 13
2.7485416138903433
 23
2.2556698082297815
 33
3.0752320952653367
  0
3DFACE
  5
5A8
330
17
100
AcDbEntity
  8
MEMBRANA_3D
100
AcDbFace
 10
2.782003473777021
 20
1.858875291795088
 30
3.2163622972719157
 11
2.7485416138903433
 21
2.2556698082297815
 31
3.0752320952653367
 12
2.5513794526295897
 22
2.093863004129141
 32
3.2464855851042356
 13
2.5513794526295897
 23
2.093863004129141
 33
3.2464855851042356
  0
3DFACE
  5
5A9
330
17
100
AcDbEntity
  8
MEMBRANA_3D
100
AcDbFace
 10
2.5513794526295897
 20
2.093863004129141
 30
3.2464855851042356
 11
2.7485416138903433
 21
2.2556698082297815
 31
3.0752320952653367
 12
2.5026529291281023
 22
2.502652929128102
 32
3.0863293696679
 13
2.5026529291281023
 23
2.502652929128102
 33
3.0863293696679
  0
3DFACE
  5
5AA
330
17
100
AcDbEntity
  8
MEMBRANA_3D
100
AcDbFace
 10
2.5513794526295897
 20
2.093863004129141
 30
3.2464855851042356
 11
2.5026529291281023
 21
2.502652929128102
 31
3.0863293696679
 12
2.3233508524700848
 22
2.3233508524700843
 32
3.2563364750811834
 13
2.3233508524700848
 23
2.3233508524700843
 33
3.2563364750811834
  0
3DFACE
  5
5AB
330
17
100
AcDbEntity
  8
MEMBRANA_3D
100
AcDbFace
 10
2.3233508524700848
 20
2.3233508524700843
 30
3.2563364750811834
 11
2.5026529291281023
 21
2.502652929128102
 31
3.0863293696679
 12
2.2556698082297815
 22
2.7485416138903433
 32
3.0752320952653367
 13
2.2556698082297815
 23
2.7485416138903433
 33
3.0752320952653367
  0
3DFACE
  5
5AC
330
17
100
AcDbEntity
  8
MEMBRANA_3D
100
AcDbFace
 10
2.3233508524700848
 20
2.3233508524700843
 30
3.2563364750811834
 11
2.2556698082297815
 21
2.7485416138903433
 31
3.0752320952653367
 12
2.093863004129141
 22
2.5513794526295897
 32
3.2464855851042356
 13
2.093863004129141
 23
2.5513794526295897
 33
3.2464855851042356
  0
3DFACE
  5
5AD
330
17
100
AcDbEntity
  8
MEMBRANA_3D
100
AcDbFace
 10
2.093863004129141
 20
2.5513794526295897
 30
3.2464855851042356
 11
2.2556698082297815
 21
2.7485416138903433
 31
3.0752320952653367
 12
2.0030950534981264
 22
2.997843600232032
 32
3.041297456693097
 13
2.0030950534981264
 23
2.997843600232032
 33
3.041297456693097
  0
3DFACE
  5
5AE
330
17
100
AcDbEntity
  8
MEMBRANA_3D
100
AcDbFace
 10
2.093863004129141
 20
2.5513794526295897
 30
3.2464855851042356
 11
2.0030950534981264
 21
2.997843600232032
 31
3.041297456693097
 12
1.8588752917950881
 22
2.782003473777021
 32
3.2163622972719157
 13
1.8588752917950881
 23
2.782003473777021
 33
3.2163622972719157
  0
3DFACE
  5
5AF
330
17
100
AcDbEntity
  8
MEMBRANA_3D
100
AcDbFace
 10
1.8588752917950881
 20
2.782003473777021
 30
3.2163622972719157
 11
2.0030950534981264
 21
2.997843600232032
 31
3.041297456693097
 12
1.740072464178639
 22
3.255446607456338
 32
2.9825103418872585
 13
1.740072464178639
 23
3.255446607456338
 33
2.9825103418872585
  0
3DFACE
  5
5B0
330
17
100
AcDbEntity
  8
MEMBRANA_3D
100
AcDbFace
 10
1.8588752917950881
 20
2.782003473777021
 30
3.2163622972719157
 11
1.740072464178639
 21
3.255446607456338
 31
2.9825103418872585
 12
1.61402474494599
 22
3.0196279111658773
 32
3.1641778257515236
 13
1.61402474494599
 23
3.0196279111658773
 33
3.1641778257515236
  0
3DFACE
  5
5B1
330
17
100
AcDbEntity
  8
MEMBRANA_3D
100
AcDbFace
 10
1.61402474494599
 20
3.0196279111658773
 30
3.1641778257515236
 11
1.740072464178639
 21
3.255446607456338
 31
2.9825103418872585
 12
1.460952801647775
 22
3.527052067725028
 32
2.895201570759
 13
1.460952801647775
 23
3.527052067725028
 33
2.895201570759
  0
3DFACE
  5
5B2
330
17
100
AcDbEntity
  8
MEMBRANA_3D
100
AcDbFace
 10
1.61402474494599
 20
3.0196279111658773
 30
3.1641778257515236
 11
1.460952801647775
 21
3.527052067725028
 31
2.895201570759
 12
1.3542309627955968
 22
3.269402756966704
 32
3.086675092448978
 13
1.3542309627955968
 23
3.269402756966704
 33
3.086675092448978
  0
3DFACE
  5
5B3
330
17
100
AcDbEntity
  8
MEMBRANA_3D
100
AcDbFace
 10
1.3542309627955968
 20
3.269402756966704
 30
3.086675092448978
 11
1.460952801647775
 21
3.527052067725028
 31
2.895201570759
 12
1.0715313327464164
 22
3.532365411099819
 32
2.9825103418872585
 13
1.0715313327464164
 23
3.532365411099819
 33
2.9825103418872585
  0
3DFACE
  5
5B4
330
17
100
AcDbEntity
  8
MEMBRANA_3D
100
AcDbFace
 10
1.3542309627955968
 20
3.269402756966704
 30
3.086675092448978
 11
1.0715313327464164
 21
3.532365411099819
 31
2.9825103418872585
 12
0.9939115304913648
 22
3.276487214799759
 32
3.1641778257515236
 13
0.9939115304913648
 23
3.276487214799759
 33
3.1641778257515236
  0
3DFACE
  5
5B5
330
17
100
AcDbEntity
  8
MEMBRANA_3D
100
AcDbFace
 10
0.9939115304913648
 20
3.276487214799759
 30
3.1641778257515236
 11
1.0715313327464164
 21
3.532365411099819
 31
2.9825103418872585
 12
0.7033934429710081
 22
3.5361976343505184
 32
3.041297456693097
 13
0.7033934429710081
 23
3.5361976343505184
 33
3.041297456693097
  0
3DFACE
  5
5B6
330
17
100
AcDbEntity
  8
MEMBRANA_3D
100
AcDbFace
 10
0.9939115304913648
 20
3.276487214799759
 30
3.1641778257515236
 11
0.7033934429710081
 21
3.5361976343505184
 31
3.041297456693097
 12
0.6527501973838344
 22
3.281596845800692
 32
3.2163622972719157
 13
0.6527501973838344
 23
3.281596845800692
 33
3.2163622972719157
  0
3DFACE
  5
5B7
330
17
100
AcDbEntity
  8
MEMBRANA_3D
100
AcDbFace
 10
0.6527501973838344
 20
3.281596845800692
 30
3.2163622972719157
 11
0.7033934429710081
 21
3.5361976343505184
 31
3.041297456693097
 12
0.34851299603824204
 22
3.538511831072317
 32
3.0752320952653367
 13
0.34851299603824204
 23
3.538511831072317
 33
3.0752320952653367
  0
3DFACE
  5
5B8
330
17
100
AcDbEntity
  8
MEMBRANA_3D
100
AcDbFace
 10
0.6527501973838344
 20
3.281596845800692
 30
3.2163622972719157
 11
0.34851299603824204
 21
3.538511831072317
 31
3.0752320952653367
 12
0.3235129832390537
 22
3.284682441429756
 32
3.2464855851042356
 13
0.3235129832390537
 23
3.284682441429756
 33
3.2464855851042356
  0
3DFACE
  5
5B9
330
17
100
AcDbEntity
  8
MEMBRANA_3D
100
AcDbFace
 10
0.3235129832390537
 20
3.284682441429756
 30
3.2464855851042356
 11
0.34851299603824204
 21
3.538511831072317
 31
3.0752320952653367
 12
2.1671874606339767e-16
 22
3.539285714285714
 32
3.0863293696679
 13
2.1671874606339767e-16
 23
3.539285714285714
 33
3.0863293696679
  0
3DFACE
  5
5BA
330
17
100
AcDbEntity
  8
MEMBRANA_3D
100
AcDbFace
 10
0.3235129832390537
 20
3.284682441429756
 30
3.2464855851042356
 11
2.1671874606339767e-16
 21
3.539285714285714
 31
3.0863293696679
 12
2.0119197414563658e-16
 22
3.2857142857142856
 32
3.2563364750811834
 13
2.0119197414563658e-16
 23
3.2857142857142856
 33
3.2563364750811834
  0
3DFACE
  5
5BB
330
17
100
AcDbEntity
  8
MEMBRANA_3D
100
AcDbFace
 10
2.0119197414563658e-16
 20
3.2857142857142856
 30
3.2563364750811834
 11
2.1671874606339767e-16
 21
3.539285714285714
 31
3.0863293696679
 12
-0.3485129960382416
 22
3.5385118310723174
 32
3.0752320952653367
 13
-0.3485129960382416
 23
3.5385118310723174
 33
3.0752320952653367
  0
3DFACE
  5
5BC
330
17
100
AcDbEntity
  8
MEMBRANA_3D
100
AcDbFace
 10
2.0119197414563658e-16
 20
3.2857142857142856
 30
3.2563364750811834
 11
-0.3485129960382416
 21
3.5385118310723174
 31
3.0752320952653367
 12
-0.3235129832390533
 22
3.2846824414297564
 32
3.2464855851042356
 13
-0.3235129832390533
 23
3.2846824414297564
 33
3.2464855851042356
  0
3DFACE
  5
5BD
330
17
100
AcDbEntity
  8
MEMBRANA_3D
100
AcDbFace
 10
-0.3235129832390533
 20
3.2846824414297564
 30
3.2464855851042356
 11
-0.3485129960382416
 21
3.5385118310723174
 31
3.0752320952653367
 12
-0.7033934429710077
 22
3.5361976343505184
 32
3.041297456693097
 13
-0.7033934429710077
 23
3.5361976343505184
 33
3.041297456693097
  0
3DFACE
  5
5BE
330
17
100
AcDbEntity
  8
MEMBRANA_3D
100
AcDbFace
 10
-0.3235129832390533
 20
3.2846824414297564
 30
3.2464855851042356
 11
-0.7033934429710077
 21
3.5361976343505184
 31
3.041297456693097
 12
-0.652750197383834
 22
3.281596845800692
 32
3.2163622972719157
 13
-0.652750197383834
 23
3.281596845800692
 33
3.2163622972719157
  0
3DFACE
  5
5BF
330
17
100
AcDbEntity
  8
MEMBRANA_3D
100
AcDbFace
 10
-0.652750197383834
 20
3.281596845800692
 30
3.2163622972719157
 11
-0.7033934429710077
 21
3.5361976343505184
 31
3.041297456693097
 12
-1.071531332746416
 22
3.532365411099819
 32
2.9825103418872585
 13
-1.071531332746416
 23
3.532365411099819
 33
2.9825103418872585
  0
3DFACE
  5
5C0
330
17
100
AcDbEntity
  8
MEMBRANA_3D
100
AcDbFace
 10
-0.652750197383834
 20
3.281596845800692
 30
3.2163622972719157
 11
-1.071531332746416
 21
3.532365411099819
 31
2.9825103418872585
 12
-0.9939115304913642
 22
3.276487214799759
 32
3.1641778257515236
 13
-0.9939115304913642
 23
3.276487214799759
 33
3.1641778257515236
  0
3DFACE
  5
5C1
330
17
100
AcDbEntity
  8
MEMBRANA_3D
100
AcDbFace
 10
-0.9939115304913642
 20
3.276487214799759
 30
3.1641778257515236
 11
-1.071531332746416
 21
3.532365411099819
 31
2.9825103418872585
 12
-1.4609528016477746
 22
3.527052067725028
 32
2.895201570759
 13
-1.4609528016477746
 23
3.527052067725028
 33
2.895201570759
  0
3DFACE
  5
5C2
330
17
100
AcDbEntity
  8
MEMBRANA_3D
100
AcDbFace
 10
-0.9939115304913642
 20
3.276487214799759
 30
3.1641778257515236
 11
-1.4609528016477746
 21
3.527052067725028
 31
2.895201570759
 12
-1.3542309627955966
 22
3.269402756966704
 32
3.086675092448978
 13
-1.3542309627955966
 23
3.269402756966704
 33
3.086675092448978
  0
3DFACE
  5
5C3
330
17
100
AcDbEntity
  8
MEMBRANA_3D
100
AcDbFace
 10
-1.3542309627955966
 20
3.269402756966704
 30
3.086675092448978
 11
-1.4609528016477746
 21
3.527052067725028
 31
2.895201570759
 12
-1.7400724641786387
 22
3.2554466074563386
 32
2.9825103418872585
 13
-1.7400724641786387
 23
3.2554466074563386
 33
2.9825103418872585
  0
3DFACE
  5
5C4
330
17
100
AcDbEntity
  8
MEMBRANA_3D
100
AcDbFace
 10
-1.3542309627955966
 20
3.269402756966704
 30
3.086675092448978
 11
-1.7400724641786387
 21
3.2554466074563386
 31
2.9825103418872585
 12
-1.6140247449459897
 22
3.0196279111658777
 32
3.1641778257515236
 13
-1.6140247449459897
 23
3.0196279111658777
 33
3.1641778257515236
  0
3DFACE
  5
5C5
330
17
100
AcDbEntity
  8
MEMBRANA_3D
100
AcDbFace
 10
-1.6140247449459897
 20
3.0196279111658777
 30
3.1641778257515236
 11
-1.7400724641786387
 21
3.2554466074563386
 31
2.9825103418872585
 12
-2.0030950534981256
 22
2.9978436002320326
 32
3.041297456693097
 13
-2.0030950534981256
 23
2.9978436002320326
 33
3.041297456693097
  0
3DFACE
  5
5C6
330
17
100
AcDbEntity
  8
MEMBRANA_3D
100
AcDbFace
 10
-1.6140247449459897
 20
3.0196279111658777
 30
3.1641778257515236
 11
-2.0030950534981256
 21
2.9978436002320326
 31
3.041297456693097
 12
-1.858875291795087
 22
2.7820034737770216
 32
3.2163622972719157
 13
-1.858875291795087
 23
2.7820034737770216
 33
3.2163622972719157
  0
3DFACE
  5
5C7
330
17
100
AcDbEntity
  8
MEMBRANA_3D
100
AcDbFace
 10
-1.858875291795087
 20
2.7820034737770216
 30
3.2163622972719157
 11
-2.0030950534981256
 21
2.9978436002320326
 31
3.041297456693097
 12
-2.255669808229781
 22
2.748541613890344
 32
3.0752320952653367
 13
-2.255669808229781
 23
2.748541613890344
 33
3.0752320952653367
  0
3DFACE
  5
5C8
330
17
100
AcDbEntity
  8
MEMBRANA_3D
100
AcDbFace
 10
-1.858875291795087
 20
2.7820034737770216
 30
3.2163622972719157
 11
-2.255669808229781
 21
2.748541613890344
 31
3.0752320952653367
 12
-2.0938630041291404
 22
2.55137945262959
 32
3.2464855851042356
 13
-2.0938630041291404
 23
2.55137945262959
 33
3.2464855851042356
  0
3DFACE
  5
5C9
330
17
100
AcDbEntity
  8
MEMBRANA_3D
100
AcDbFace
 10
-2.0938630041291404
 20
2.55137945262959
 30
3.2464855851042356
 11
-2.255669808229781
 21
2.748541613890344
 31
3.0752320952653367
 12
-2.502652929128102
 22
2.5026529291281023
 32
3.0863293696679
 13
-2.502652929128102
 23
2.5026529291281023
 33
3.0863293696679
  0
3DFACE
  5
5CA
330
17
100
AcDbEntity
  8
MEMBRANA_3D
100
AcDbFace
 10
-2.0938630041291404
 20
2.55137945262959
 30
3.2464855851042356
 11
-2.502652929128102
 21
2.5026529291281023
 31
3.0863293696679
 12
-2.3233508524700843
 22
2.3233508524700848
 32
3.2563364750811834
 13
-2.3233508524700843
 23
2.3233508524700848
 33
3.2563364750811834
  0
3DFACE
  5
5CB
330
17
100
AcDbEntity
  8
MEMBRANA_3D
100
AcDbFace
 10
-2.3233508524700843
 20
2.3233508524700848
 30
3.2563364750811834
 11
-2.502652929128102
 21
2.5026529291281023
 31
3.0863293696679
 12
-2.7485416138903433
 22
2.2556698082297815
 32
3.0752320952653367
 13
-2.7485416138903433
 23
2.2556698082297815
 33
3.0752320952653367
  0
3DFACE
  5
5CC
330
17
100
AcDbEntity
  8
MEMBRANA_3D
100
AcDbFace
 10
-2.3233508524700843
 20
2.3233508524700848
 30
3.2563364750811834
 11
-2.7485416138903433
 21
2.2556698082297815
 31
3.0752320952653367
 12
-2.5513794526295897
 22
2.093863004129141
 32
3.2464855851042356
 13
-2.5513794526295897
 23
2.093863004129141
 33
3.2464855851042356
  0
3DFACE
  5
5CD
330
17
100
AcDbEntity
  8
MEMBRANA_3D
100
AcDbFace
 10
-2.5513794526295897
 20
2.093863004129141
 30
3.2464855851042356
 11
-2.7485416138903433
 21
2.2556698082297815
 31
3.0752320952653367
 12
-2.9978436002320326
 22
2.003095053498126
 32
3.041297456693097
 13
-2.9978436002320326
 23
2.003095053498126
 33
3.041297456693097
  0
3DFACE
  5
5CE
330
17
100
AcDbEntity
  8
MEMBRANA_3D
100
AcDbFace
 10
-2.5513794526295897
 20
2.093863004129141
 30
3.2464855851042356
 11
-2.9978436002320326
 21
2.003095053498126
 31
3.041297456693097
 12
-2.7820034737770216
 22
1.858875291795088
 32
3.2163622972719157
 13
-2.7820034737770216
 23
1.858875291795088
 33
3.2163622972719157
  0
3DFACE
  5
5CF
330
17
100
AcDbEntity
  8
MEMBRANA_3D
100
AcDbFace
 10
-2.7820034737770216
 20
1.858875291795088
 30
3.2163622972719157
 11
-2.9978436002320326
 21
2.003095053498126
 31
3.041297456693097
 12
-3.255446607456338
 22
1.7400724641786391
 32
2.9825103418872585
 13
-3.255446607456338
 23
1.7400724641786391
 33
2.9825103418872585
  0
3DFACE
  5
5D0
330
17
100
AcDbEntity
  8
MEMBRANA_3D
100
AcDbFace
 10
-2.7820034737770216
 20
1.858875291795088
 30
3.2163622972719157
 11
-3.255446607456338
 21
1.7400724641786391
 31
2.9825103418872585
 12
-3.0196279111658773
 22
1.6140247449459901
 32
3.1641778257515236
 13
-3.0196279111658773
 23
1.6140247449459901
 33
3.1641778257515236
  0
3DFACE
  5
5D1
330
17
100
AcDbEntity
  8
MEMBRANA_3D
100
AcDbFace
 10
-3.0196279111658773
 20
1.6140247449459901
 30
3.1641778257515236
 11
-3.255446607456338
 21
1.7400724641786391
 31
2.9825103418872585
 12
-3.527052067725028
 22
1.4609528016477753
 32
2.895201570759
 13
-3.527052067725028
 23
1.4609528016477753
 33
2.895201570759
  0
3DFACE
  5
5D2
330
17
100
AcDbEntity
  8
MEMBRANA_3D
100
AcDbFace
 10
-3.0196279111658773
 20
1.6140247449459901
 30
3.1641778257515236
 11
-3.527052067725028
 21
1.4609528016477753
 31
2.895201570759
 12
-3.269402756966704
 22
1.354230962795597
 32
3.086675092448978
 13
-3.269402756966704
 23
1.354230962795597
 33
3.086675092448978
  0
3DFACE
  5
5D3
330
17
100
AcDbEntity
  8
MEMBRANA_3D
100
AcDbFace
 10
-3.269402756966704
 20
1.354230962795597
 30
3.086675092448978
 11
-3.527052067725028
 21
1.4609528016477753
 31
2.895201570759
 12
-3.5323654110998186
 22
1.0715313327464167
 32
2.9825103418872585
 13
-3.5323654110998186
 23
1.0715313327464167
 33
2.9825103418872585
  0
3DFACE
  5
5D4
330
17
100
AcDbEntity
  8
MEMBRANA_3D
100
AcDbFace
 10
-3.269402756966704
 20
1.354230962795597
 30
3.086675092448978
 11
-3.5323654110998186
 21
1.0715313327464167
 31
2.9825103418872585
 12
-3.276487214799759
 22
0.9939115304913649
 32
3.1641778257515236
 13
-3.276487214799759
 23
0.9939115304913649
 33
3.1641778257515236
  0
3DFACE
  5
5D5
330
17
100
AcDbEntity
  8
MEMBRANA_3D
100
AcDbFace
 10
-3.276487214799759
 20
0.9939115304913649
 30
3.1641778257515236
 11
-3.5323654110998186
 21
1.0715313327464167
 31
2.9825103418872585
 12
-3.5361976343505184
 22
0.7033934429710091
 32
3.041297456693097
 13
-3.5361976343505184
 23
0.7033934429710091
 33
3.041297456693097
  0
3DFACE
  5
5D6
330
17
100
AcDbEntity
  8
MEMBRANA_3D
100
AcDbFace
 10
-3.276487214799759
 20
0.9939115304913649
 30
3.1641778257515236
 11
-3.5361976343505184
 21
0.7033934429710091
 31
3.041297456693097
 12
-3.281596845800692
 22
0.6527501973838353
 32
3.2163622972719157
 13
-3.281596845800692
 23
0.6527501973838353
 33
3.2163622972719157
  0
3DFACE
  5
5D7
330
17
100
AcDbEntity
  8
MEMBRANA_3D
100
AcDbFace
 10
-3.281596845800692
 20
0.6527501973838353
 30
3.2163622972719157
 11
-3.5361976343505184
 21
0.7033934429710091
 31
3.041297456693097
 12
-3.538511831072317
 22
0.3485129960382422
 32
3.0752320952653367
 13
-3.538511831072317
 23
0.3485129960382422
 33
3.0752320952653367
  0
3DFACE
  5
5D8
330
17
100
AcDbEntity
  8
MEMBRANA_3D
100
AcDbFace
 10
-3.281596845800692
 20
0.6527501973838353
 30
3.2163622972719157
 11
-3.538511831072317
 21
0.3485129960382422
 31
3.0752320952653367
 12
-3.284682441429756
 22
0.32351298323905386
 32
3.2464855851042356
 13
-3.284682441429756
 23
0.32351298323905386
 33
3.2464855851042356
  0
3DFACE
  5
5D9
330
17
100
AcDbEntity
  8
MEMBRANA_3D
100
AcDbFace
 10
-3.284682441429756
 20
0.32351298323905386
 30
3.2464855851042356
 11
-3.538511831072317
 21
0.3485129960382422
 31
3.0752320952653367
 12
-3.539285714285714
 22
4.3343749212679534e-16
 32
3.0863293696679
 13
-3.539285714285714
 23
4.3343749212679534e-16
 33
3.0863293696679
  0
3DFACE
  5
5DA
330
17
100
AcDbEntity
  8
MEMBRANA_3D
100
AcDbFace
 10
-3.284682441429756
 20
0.32351298323905386
 30
3.2464855851042356
 11
-3.539285714285714
 21
4.3343749212679534e-16
 31
3.0863293696679
 12
-3.2857142857142856
 22
4.0238394829127316e-16
 32
3.2563364750811834
 13
-3.2857142857142856
 23
4.0238394829127316e-16
 33
3.2563364750811834
  0
3DFACE
  5
5DB
330
17
100
AcDbEntity
  8
MEMBRANA_3D
100
AcDbFace
 10
-3.2857142857142856
 20
4.0238394829127316e-16
 30
3.2563364750811834
 11
-3.539285714285714
 21
4.3343749212679534e-16
 31
3.0863293696679
 12
-3.5385118310723174
 22
-0.3485129960382414
 32
3.0752320952653367
 13
-3.5385118310723174
 23
-0.3485129960382414
 33
3.0752320952653367
  0
3DFACE
  5
5DC
330
17
100
AcDbEntity
  8
MEMBRANA_3D
100
AcDbFace
 10
-3.2857142857142856
 20
4.0238394829127316e-16
 30
3.2563364750811834
 11
-3.5385118310723174
 21
-0.3485129960382414
 31
3.0752320952653367
 12
-3.2846824414297564
 22
-0.3235129832390531
 32
3.2464855851042356
 13
-3.2846824414297564
 23
-0.3235129832390531
 33
3.2464855851042356
  0
3DFACE
  5
5DD
330
17
100
AcDbEntity
  8
MEMBRANA_3D
100
AcDbFace
 10
-3.2846824414297564
 20
-0.3235129832390531
 30
3.2464855851042356
 11
-3.5385118310723174
 21
-0.3485129960382414
 31
3.0752320952653367
 12
-3.5361976343505184
 22
-0.7033934429710083
 32
3.041297456693097
 13
-3.5361976343505184
 23
-0.7033934429710083
 33
3.041297456693097
  0
3DFACE
  5
5DE
330
17
100
AcDbEntity
  8
MEMBRANA_3D
100
AcDbFace
 10
-3.2846824414297564
 20
-0.3235129832390531
 30
3.2464855851042356
 11
-3.5361976343505184
 21
-0.7033934429710083
 31
3.041297456693097
 12
-3.281596845800692
 22
-0.6527501973838346
 32
3.2163622972719157
 13
-3.281596845800692
 23
-0.6527501973838346
 33
3.2163622972719157
  0
3DFACE
  5
5DF
330
17
100
AcDbEntity
  8
MEMBRANA_3D
100
AcDbFace
 10
-3.281596845800692
 20
-0.6527501973838346
 30
3.2163622972719157
 11
-3.5361976343505184
 21
-0.7033934429710083
 31
3.041297456693097
 12
-3.532365411099819
 22
-1.0715313327464158
 32
2.9825103418872585
 13
-3.532365411099819
 23
-1.0715313327464158
 33
2.9825103418872585
  0
3DFACE
  5
5E0
330
17
100
AcDbEntity
  8
MEMBRANA_3D
100
AcDbFace
 10
-3.281596845800692
 20
-0.6527501973838346
 30
3.2163622972719157
 11
-3.532365411099819
 21
-1.0715313327464158
 31
2.9825103418872585
 12
-3.276487214799759
 22
-0.993911530491364
 32
3.1641778257515236
 13
-3.276487214799759
 23
-0.993911530491364
 33
3.1641778257515236
  0
3DFACE
  5
5E1
330
17
100
AcDbEntity
  8
MEMBRANA_3D
100
AcDbFace
 10
-3.276487214799759
 20
-0.993911530491364
 30
3.1641778257515236
 11
-3.532365411099819
 21
-1.0715313327464158
 31
2.9825103418872585
 12
-3.5270520677250286
 22
-1.4609528016477744
 32
2.895201570759
 13
-3.5270520677250286
 23
-1.4609528016477744
 33
2.895201570759
  0
3DFACE
  5
5E2
330
17
100
AcDbEntity
  8
MEMBRANA_3D
100
AcDbFace
 10
-3.276487214799759
 20
-0.993911530491364
 30
3.1641778257515236
 11
-3.5270520677250286
 21
-1.4609528016477744
 31
2.895201570759
 12
-3.2694027569667043
 22
-1.3542309627955964
 32
3.086675092448978
 13
-3.2694027569667043
 23
-1.3542309627955964
 33
3.086675092448978
  0
3DFACE
  5
5E3
330
17
100
AcDbEntity
  8
MEMBRANA_3D
100
AcDbFace
 10
-3.2694027569667043
 20
-1.3542309627955964
 30
3.086675092448978
 11
-3.5270520677250286
 21
-1.4609528016477744
 31
2.895201570759
 12
-3.2554466074563386
 22
-1.7400724641786385
 32
2.9825103418872585
 13
-3.2554466074563386
 23
-1.7400724641786385
 33
2.9825103418872585
  0
3DFACE
  5
5E4
330
17
100
AcDbEntity
  8
MEMBRANA_3D
100
AcDbFace
 10
-3.2694027569667043
 20
-1.3542309627955964
 30
3.086675092448978
 11
-3.2554466074563386
 21
-1.7400724641786385
 31
2.9825103418872585
 12
-3.0196279111658777
 22
-1.6140247449459895
 32
3.1641778257515236
 13
-3.0196279111658777
 23
-1.6140247449459895
 33
3.1641778257515236
  0
3DFACE
  5
5E5
330
17
100
AcDbEntity
  8
MEMBRANA_3D
100
AcDbFace
 10
-3.0196279111658777
 20
-1.6140247449459895
 30
3.1641778257515236
 11
-3.2554466074563386
 21
-1.7400724641786385
 31
2.9825103418872585
 12
-2.9978436002320326
 22
-2.0030950534981256
 32
3.041297456693097
 13
-2.9978436002320326
 23
-2.0030950534981256
 33
3.041297456693097
  0
3DFACE
  5
5E6
330
17
100
AcDbEntity
  8
MEMBRANA_3D
100
AcDbFace
 10
-3.0196279111658777
 20
-1.6140247449459895
 30
3.1641778257515236
 11
-2.9978436002320326
 21
-2.0030950534981256
 31
3.041297456693097
 12
-2.7820034737770216
 22
-1.858875291795087
 32
3.2163622972719157
 13
-2.7820034737770216
 23
-1.858875291795087
 33
3.2163622972719157
  0
3DFACE
  5
5E7
330
17
100
AcDbEntity
  8
MEMBRANA_3D
100
AcDbFace
 10
-2.7820034737770216
 20
-1.858875291795087
 30
3.2163622972719157
 11
-2.9978436002320326
 21
-2.0030950534981256
 31
3.041297456693097
 12
-2.748541613890344
 22
-2.2556698082297806
 32
3.0752320952653367
 13
-2.748541613890344
 23
-2.2556698082297806
 33
3.0752320952653367
  0
3DFACE
  5
5E8
330
17
100
AcDbEntity
  8
MEMBRANA_3D
100
AcDbFace
 10
-2.7820034737770216
 20
-1.858875291795087
 30
3.2163622972719157
 11
-2.748541613890344
 21
-2.2556698082297806
 31
3.0752320952653367
 12
-2.55137945262959
 22
-2.09386300412914
 32
3.2464855851042356
 13
-2.55137945262959
 23
-2.09386300412914
 33
3.2464855851042356
  0
3DFACE
  5
5E9
330
17
100
AcDbEntity
  8
MEMBRANA_3D
100
AcDbFace
 10
-2.55137945262959
 20
-2.09386300412914
 30
3.2464855851042356
 11
-2.748541613890344
 21
-2.2556698082297806
 31
3.0752320952653367
 12
-2.5026529291281028
 22
-2.502652929128102
 32
3.0863293696679
 13
-2.5026529291281028
 23
-2.502652929128102
 33
3.0863293696679
  0
3DFACE
  5
5EA
330
17
100
AcDbEntity
  8
MEMBRANA_3D
100
AcDbFace
 10
-2.55137945262959
 20
-2.09386300412914
 30
3.2464855851042356
 11
-2.5026529291281028
 21
-2.502652929128102
 31
3.0863293696679
 12
-2.323350852470085
 22
-2.3233508524700843
 32
3.2563364750811834
 13
-2.323350852470085
 23
-2.3233508524700843
 33
3.2563364750811834
  0
3DFACE
  5
5EB
330
17
100
AcDbEntity
  8
MEMBRANA_3D
100
AcDbFace
 10
-2.323350852470085
 20
-2.3233508524700843
 30
3.2563364750811834
 11
-2.5026529291281028
 21
-2.502652929128102
 31
3.0863293696679
 12
-2.2556698082297832
 22
-2.7485416138903425
 32
3.0752320952653367
 13
-2.2556698082297832
 23
-2.7485416138903425
 33
3.0752320952653367
  0
3DFACE
  5
5EC
330
17
100
AcDbEntity
  8
MEMBRANA_3D
100
AcDbFace
 10
-2.323350852470085
 20
-2.3233508524700843
 30
3.2563364750811834
 11
-2.2556698082297832
 21
-2.7485416138903425
 31
3.0752320952653367
 12
-2.093863004129142
 22
-2.5513794526295888
 32
3.2464855851042356
 13
-2.093863004129142
 23
-2.5513794526295888
 33
3.2464855851042356
  0
3DFACE
  5
5ED
330
17
100
AcDbEntity
  8
MEMBRANA_3D
100
AcDbFace
 10
-2.093863004129142
 20
-2.5513794526295888
 30
3.2464855851042356
 11
-2.2556698082297832
 21
-2.7485416138903425
 31
3.0752320952653367
 12
-2.003095053498126
 22
-2.997843600232032
 32
3.041297456693097
 13
-2.003095053498126
 23
-2.997843600232032
 33
3.041297456693097
  0
3DFACE
  5
5EE
330
17
100
AcDbEntity
  8
MEMBRANA_3D
100
AcDbFace
 10
-2.093863004129142
 20
-2.5513794526295888
 30
3.2464855851042356
 11
-2.003095053498126
 21
-2.997843600232032
 31
3.041297456693097
 12
-1.858875291795088
 22
-2.782003473777021
 32
3.2163622972719157
 13
-1.858875291795088
 23
-2.782003473777021
 33
3.2163622972719157
  0
3DFACE
  5
5EF
330
17
100
AcDbEntity
  8
MEMBRANA_3D
100
AcDbFace
 10
-1.858875291795088
 20
-2.782003473777021
 30
3.2163622972719157
 11
-2.003095053498126
 21
-2.997843600232032
 31
3.041297456693097
 12
-1.7400724641786391
 22
-3.255446607456338
 32
2.9825103418872585
 13
-1.7400724641786391
 23
-3.255446607456338
 33
2.9825103418872585
  0
3DFACE
  5
5F0
330
17
100
AcDbEntity
  8
MEMBRANA_3D
100
AcDbFace
 10
-1.858875291795088
 20
-2.782003473777021
 30
3.2163622972719157
 11
-1.7400724641786391
 21
-3.255446607456338
 31
2.9825103418872585
 12
-1.6140247449459901
 22
-3.0196279111658773
 32
3.1641778257515236
 13
-1.6140247449459901
 23
-3.0196279111658773
 33
3.1641778257515236
  0
3DFACE
  5
5F1
330
17
100
AcDbEntity
  8
MEMBRANA_3D
100
AcDbFace
 10
-1.6140247449459901
 20
-3.0196279111658773
 30
3.1641778257515236
 11
-1.7400724641786391
 21
-3.255446607456338
 31
2.9825103418872585
 12
-1.4609528016477766
 22
-3.5270520677250263
 32
2.895201570759001
 13
-1.4609528016477766
 23
-3.5270520677250263
 33
2.895201570759001
  0
3DFACE
  5
5F2
330
17
100
AcDbEntity
  8
MEMBRANA_3D
100
AcDbFace
 10
-1.6140247449459901
 20
-3.0196279111658773
 30
3.1641778257515236
 11
-1.4609528016477766
 21
-3.5270520677250263
 31
2.895201570759001
 12
-1.3542309627955986
 22
-3.2694027569667026
 32
3.086675092448978
 13
-1.3542309627955986
 23
-3.2694027569667026
 33
3.086675092448978
  0
3DFACE
  5
5F3
330
17
100
AcDbEntity
  8
MEMBRANA_3D
100
AcDbFace
 10
-1.3542309627955986
 20
-3.2694027569667026
 30
3.086675092448978
 11
-1.4609528016477766
 21
-3.5270520677250263
 31
2.895201570759001
 12
-1.0715313327464169
 22
-3.5323654110998186
 32
2.9825103418872585
 13
-1.0715313327464169
 23
-3.5323654110998186
 33
2.9825103418872585
  0
3DFACE
  5
5F4
330
17
100
AcDbEntity
  8
MEMBRANA_3D
100
AcDbFace
 10
-1.3542309627955986
 20
-3.2694027569667026
 30
3.086675092448978
 11
-1.0715313327464169
 21
-3.5323654110998186
 31
2.9825103418872585
 12
-0.9939115304913652
 22
-3.276487214799759
 32
3.1641778257515236
 13
-0.9939115304913652
 23
-3.276487214799759
 33
3.1641778257515236
  0
3DFACE
  5
5F5
330
17
100
AcDbEntity
  8
MEMBRANA_3D
100
AcDbFace
 10
-0.9939115304913652
 20
-3.276487214799759
 30
3.1641778257515236
 11
-1.0715313327464169
 21
-3.5323654110998186
 31
2.9825103418872585
 12
-0.7033934429710094
 22
-3.5361976343505184
 32
3.041297456693097
 13
-0.7033934429710094
 23
-3.5361976343505184
 33
3.041297456693097
  0
3DFACE
  5
5F6
330
17
100
AcDbEntity
  8
MEMBRANA_3D
100
AcDbFace
 10
-0.9939115304913652
 20
-3.276487214799759
 30
3.1641778257515236
 11
-0.7033934429710094
 21
-3.5361976343505184
 31
3.041297456693097
 12
-0.6527501973838356
 22
-3.2815968458006917
 32
3.2163622972719157
 13
-0.6527501973838356
 23
-3.2815968458006917
 33
3.2163622972719157
  0
3DFACE
  5
5F7
330
17
100
AcDbEntity
  8
MEMBRANA_3D
100
AcDbFace
 10
-0.6527501973838356
 20
-3.2815968458006917
 30
3.2163622972719157
 11
-0.7033934429710094
 21
-3.5361976343505184
 31
3.041297456693097
 12
-0.3485129960382409
 22
-3.5385118310723174
 32
3.0752320952653367
 13
-0.3485129960382409
 23
-3.5385118310723174
 33
3.0752320952653367
  0
3DFACE
  5
5F8
330
17
100
AcDbEntity
  8
MEMBRANA_3D
100
AcDbFace
 10
-0.6527501973838356
 20
-3.2815968458006917
 30
3.2163622972719157
 11
-0.3485129960382409
 21
-3.5385118310723174
 31
3.0752320952653367
 12
-0.32351298323905264
 22
-3.2846824414297564
 32
3.2464855851042356
 13
-0.32351298323905264
 23
-3.2846824414297564
 33
3.2464855851042356
  0
3DFACE
  5
5F9
330
17
100
AcDbEntity
  8
MEMBRANA_3D
100
AcDbFace
 10
-0.32351298323905264
 20
-3.2846824414297564
 30
3.2464855851042356
 11
-0.3485129960382409
 21
-3.5385118310723174
 31
3.0752320952653367
 12
-6.50156238190193e-16
 22
-3.539285714285714
 32
3.0863293696679
 13
-6.50156238190193e-16
 23
-3.539285714285714
 33
3.0863293696679
  0
3DFACE
  5
5FA
330
17
100
AcDbEntity
  8
MEMBRANA_3D
100
AcDbFace
 10
-0.32351298323905264
 20
-3.2846824414297564
 30
3.2464855851042356
 11
-6.50156238190193e-16
 21
-3.539285714285714
 31
3.0863293696679
 12
-6.035759224369097e-16
 22
-3.2857142857142856
 32
3.2563364750811834
 13
-6.035759224369097e-16
 23
-3.2857142857142856
 33
3.2563364750811834
  0
3DFACE
  5
5FB
330
17
100
AcDbEntity
  8
MEMBRANA_3D
100
AcDbFace
 10
-6.035759224369097e-16
 20
-3.2857142857142856
 30
3.2563364750811834
 11
-6.50156238190193e-16
 21
-3.539285714285714
 31
3.0863293696679
 12
0.3485129960382396
 22
-3.5385118310723174
 32
3.0752320952653367
 13
0.3485129960382396
 23
-3.5385118310723174
 33
3.0752320952653367
  0
3DFACE
  5
5FC
330
17
100
AcDbEntity
  8
MEMBRANA_3D
100
AcDbFace
 10
-6.035759224369097e-16
 20
-3.2857142857142856
 30
3.2563364750811834
 11
0.3485129960382396
 21
-3.5385118310723174
 31
3.0752320952653367
 12
0.3235129832390515
 22
-3.2846824414297564
 32
3.2464855851042356
 13
0.3235129832390515
 23
-3.2846824414297564
 33
3.2464855851042356
  0
3DFACE
  5
5FD
330
17
100
AcDbEntity
  8
MEMBRANA_3D
100
AcDbFace
 10
0.3235129832390515
 20
-3.2846824414297564
 30
3.2464855851042356
 11
0.3485129960382396
 21
-3.5385118310723174
 31
3.0752320952653367
 12
0.7033934429710083
 22
-3.5361976343505193
 32
3.041297456693096
 13
0.7033934429710083
 23
-3.5361976343505193
 33
3.041297456693096
  0
3DFACE
  5
5FE
330
17
100
AcDbEntity
  8
MEMBRANA_3D
100
AcDbFace
 10
0.3235129832390515
 20
-3.2846824414297564
 30
3.2464855851042356
 11
0.7033934429710083
 21
-3.5361976343505193
 31
3.041297456693096
 12
0.6527501973838344
 22
-3.2815968458006926
 32
3.2163622972719157
 13
0.6527501973838344
 23
-3.2815968458006926
 33
3.2163622972719157
  0
3DFACE
  5
5FF
330
17
100
AcDbEntity
  8
MEMBRANA_3D
100
AcDbFace
 10
0.6527501973838344
 20
-3.2815968458006926
 30
3.2163622972719157
 11
0.7033934429710083
 21
-3.5361976343505193
 31
3.041297456693096
 12
1.0715313327464158
 22
-3.53236541109982
 32
2.9825103418872576
 13
1.0715313327464158
 23
-3.53236541109982
 33
2.9825103418872576
  0
3DFACE
  5
600
330
17
100
AcDbEntity
  8
MEMBRANA_3D
100
AcDbFace
 10
0.6527501973838344
 20
-3.2815968458006926
 30
3.2163622972719157
 11
1.0715313327464158
 21
-3.53236541109982
 31
2.9825103418872576
 12
0.9939115304913639
 22
-3.2764872147997592
 32
3.1641778257515227
 13
0.9939115304913639
 23
-3.2764872147997592
 33
3.1641778257515227
  0
3DFACE
  5
601
330
17
100
AcDbEntity
  8
MEMBRANA_3D
100
AcDbFace
 10
0.9939115304913639
 20
-3.2764872147997592
 30
3.1641778257515227
 11
1.0715313327464158
 21
-3.53236541109982
 31
2.9825103418872576
 12
1.4609528016477757
 22
-3.5270520677250277
 32
2.895201570759
 13
1.4609528016477757
 23
-3.5270520677250277
 33
2.895201570759
  0
3DFACE
  5
602
330
17
100
AcDbEntity
  8
MEMBRANA_3D
100
AcDbFace
 10
0.9939115304913639
 20
-3.2764872147997592
 30
3.1641778257515227
 11
1.4609528016477757
 21
-3.5270520677250277
 31
2.895201570759
 12
1.3542309627955975
 22
-3.2694027569667035
 32
3.086675092448978
 13
1.3542309627955975
 23
-3.2694027569667035
 33
3.086675092448978
  0
3DFACE
  5
603
330
17
100
AcDbEntity
  8
MEMBRANA_3D
100
AcDbFace
 10
1.3542309627955975
 20
-3.2694027569667035
 30
3.086675092448978
 11
1.4609528016477757
 21
-3.5270520677250277
 31
2.895201570759
 12
1.7400724641786387
 22
-3.2554466074563395
 32
2.9825103418872576
 13
1.7400724641786387
 23
-3.2554466074563395
 33
2.9825103418872576
  0
3DFACE
  5
604
330
17
100
AcDbEntity
  8
MEMBRANA_3D
100
AcDbFace
 10
1.3542309627955975
 20
-3.2694027569667035
 30
3.086675092448978
 11
1.7400724641786387
 21
-3.2554466074563395
 31
2.9825103418872576
 12
1.6140247449459895
 22
-3.019627911165878
 32
3.1641778257515227
 13
1.6140247449459895
 23
-3.019627911165878
 33
3.1641778257515227
  0
3DFACE
  5
605
330
17
100
AcDbEntity
  8
MEMBRANA_3D
100
AcDbFace
 10
1.6140247449459895
 20
-3.019627911165878
 30
3.1641778257515227
 11
1.7400724641786387
 21
-3.2554466074563395
 31
2.9825103418872576
 12
2.0030950534981256
 22
-2.9978436002320334
 32
3.041297456693096
 13
2.0030950534981256
 23
-2.9978436002320334
 33
3.041297456693096
  0
3DFACE
  5
606
330
17
100
AcDbEntity
  8
MEMBRANA_3D
100
AcDbFace
 10
1.6140247449459895
 20
-3.019627911165878
 30
3.1641778257515227
 11
2.0030950534981256
 21
-2.9978436002320334
 31
3.041297456693096
 12
1.858875291795087
 22
-2.782003473777022
 32
3.2163622972719157
 13
1.858875291795087
 23
-2.782003473777022
 33
3.2163622972719157
  0
3DFACE
  5
607
330
17
100
AcDbEntity
  8
MEMBRANA_3D
100
AcDbFace
 10
1.858875291795087
 20
-2.782003473777022
 30
3.2163622972719157
 11
2.0030950534981256
 21
-2.9978436002320334
 31
3.041297456693096
 12
2.255669808229782
 22
-2.748541613890343
 32
3.0752320952653367
 13
2.255669808229782
 23
-2.748541613890343
 33
3.0752320952653367
  0
3DFACE
  5
608
330
17
100
AcDbEntity
  8
MEMBRANA_3D
100
AcDbFace
 10
1.858875291795087
 20
-2.782003473777022
 30
3.2163622972719157
 11
2.255669808229782
 21
-2.748541613890343
 31
3.0752320952653367
 12
2.0938630041291413
 22
-2.551379452629589
 32
3.2464855851042356
 13
2.0938630041291413
 23
-2.551379452629589
 33
3.2464855851042356
  0
3DFACE
  5
609
330
17
100
AcDbEntity
  8
MEMBRANA_3D
100
AcDbFace
 10
2.0938630041291413
 20
-2.551379452629589
 30
3.2464855851042356
 11
2.255669808229782
 21
-2.748541613890343
 31
3.0752320952653367
 12
2.5026529291281014
 22
-2.5026529291281028
 32
3.0863293696679
 13
2.5026529291281014
 23
-2.5026529291281028
 33
3.0863293696679
  0
3DFACE
  5
60A
330
17
100
AcDbEntity
  8
MEMBRANA_3D
100
AcDbFace
 10
2.0938630041291413
 20
-2.551379452629589
 30
3.2464855851042356
 11
2.5026529291281014
 21
-2.5026529291281028
 31
3.0863293696679
 12
2.323350852470084
 22
-2.323350852470085
 32
3.2563364750811834
 13
2.323350852470084
 23
-2.323350852470085
 33
3.2563364750811834
  0
3DFACE
  5
60B
330
17
100
AcDbEntity
  8
MEMBRANA_3D
100
AcDbFace
 10
2.323350852470084
 20
-2.323350852470085
 30
3.2563364750811834
 11
2.5026529291281014
 21
-2.5026529291281028
 31
3.0863293696679
 12
2.7485416138903425
 22
-2.2556698082297832
 32
3.0752320952653367
 13
2.7485416138903425
 23
-2.2556698082297832
 33
3.0752320952653367
  0
3DFACE
  5
60C
330
17
100
AcDbEntity
  8
MEMBRANA_3D
100
AcDbFace
 10
2.323350852470084
 20
-2.323350852470085
 30
3.2563364750811834
 11
2.7485416138903425
 21
-2.2556698082297832
 31
3.0752320952653367
 12
2.5513794526295888
 22
-2.093863004129142
 32
3.2464855851042356
 13
2.5513794526295888
 23
-2.093863004129142
 33
3.2464855851042356
  0
3DFACE
  5
60D
330
17
100
AcDbEntity
  8
MEMBRANA_3D
100
AcDbFace
 10
2.5513794526295888
 20
-2.093863004129142
 30
3.2464855851042356
 11
2.7485416138903425
 21
-2.2556698082297832
 31
3.0752320952653367
 12
2.997843600232032
 22
-2.003095053498126
 32
3.041297456693097
 13
2.997843600232032
 23
-2.003095053498126
 33
3.041297456693097
  0
3DFACE
  5
60E
330
17
100
AcDbEntity
  8
MEMBRANA_3D
100
AcDbFace
 10
2.5513794526295888
 20
-2.093863004129142
 30
3.2464855851042356
 11
2.997843600232032
 21
-2.003095053498126
 31
3.041297456693097
 12
2.782003473777021
 22
-1.858875291795088
 32
3.2163622972719157
 13
2.782003473777021
 23
-1.858875291795088
 33
3.2163622972719157
  0
3DFACE
  5
60F
330
17
100
AcDbEntity
  8
MEMBRANA_3D
100
AcDbFace
 10
2.782003473777021
 20
-1.858875291795088
 30
3.2163622972719157
 11
2.997843600232032
 21
-2.003095053498126
 31
3.041297456693097
 12
3.2554466074563377
 22
-1.7400724641786394
 32
2.9825103418872585
 13
3.2554466074563377
 23
-1.7400724641786394
 33
2.9825103418872585
  0
3DFACE
  5
610
330
17
100
AcDbEntity
  8
MEMBRANA_3D
100
AcDbFace
 10
2.782003473777021
 20
-1.858875291795088
 30
3.2163622972719157
 11
3.2554466074563377
 21
-1.7400724641786394
 31
2.9825103418872585
 12
3.019627911165877
 22
-1.6140247449459904
 32
3.1641778257515236
 13
3.019627911165877
 23
-1.6140247449459904
 33
3.1641778257515236
  0
3DFACE
  5
611
330
17
100
AcDbEntity
  8
MEMBRANA_3D
100
AcDbFace
 10
3.019627911165877
 20
-1.6140247449459904
 30
3.1641778257515236
 11
3.2554466074563377
 21
-1.7400724641786394
 31
2.9825103418872585
 12
3.5270520677250263
 22
-1.4609528016477769
 32
2.895201570759001
 13
3.5270520677250263
 23
-1.4609528016477769
 33
2.895201570759001
  0
3DFACE
  5
612
330
17
100
AcDbEntity
  8
MEMBRANA_3D
100
AcDbFace
 10
3.019627911165877
 20
-1.6140247449459904
 30
3.1641778257515236
 11
3.5270520677250263
 21
-1.4609528016477769
 31
2.895201570759001
 12
3.2694027569667026
 22
-1.3542309627955988
 32
3.086675092448978
 13
3.2694027569667026
 23
-1.3542309627955988
 33
3.086675092448978
  0
3DFACE
  5
613
330
17
100
AcDbEntity
  8
MEMBRANA_3D
100
AcDbFace
 10
3.2694027569667026
 20
-1.3542309627955988
 30
3.086675092448978
 11
3.5270520677250263
 21
-1.4609528016477769
 31
2.895201570759001
 12
3.5323654110998186
 22
-1.071531332746417
 32
2.9825103418872585
 13
3.5323654110998186
 23
-1.071531332746417
 33
2.9825103418872585
  0
3DFACE
  5
614
330
17
100
AcDbEntity
  8
MEMBRANA_3D
100
AcDbFace
 10
3.2694027569667026
 20
-1.3542309627955988
 30
3.086675092448978
 11
3.5323654110998186
 21
-1.071531332746417
 31
2.9825103418872585
 12
3.276487214799759
 22
-0.9939115304913654
 32
3.1641778257515236
 13
3.276487214799759
 23
-0.9939115304913654
 33
3.1641778257515236
  0
3DFACE
  5
615
330
17
100
AcDbEntity
  8
MEMBRANA_3D
100
AcDbFace
 10
3.276487214799759
 20
-0.9939115304913654
 30
3.1641778257515236
 11
3.5323654110998186
 21
-1.071531332746417
 31
2.9825103418872585
 12
3.5361976343505184
 22
-0.7033934429710096
 32
3.041297456693097
 13
3.5361976343505184
 23
-0.7033934429710096
 33
3.041297456693097
  0
3DFACE
  5
616
330
17
100
AcDbEntity
  8
MEMBRANA_3D
100
AcDbFace
 10
3.276487214799759
 20
-0.9939115304913654
 30
3.1641778257515236
 11
3.5361976343505184
 21
-0.7033934429710096
 31
3.041297456693097
 12
3.2815968458006917
 22
-0.6527501973838357
 32
3.2163622972719157
 13
3.2815968458006917
 23
-0.6527501973838357
 33
3.2163622972719157
  0
3DFACE
  5
617
330
17
100
AcDbEntity
  8
MEMBRANA_3D
100
AcDbFace
 10
3.2815968458006917
 20
-0.6527501973838357
 30
3.2163622972719157
 11
3.5361976343505184
 21
-0.7033934429710096
 31
3.041297456693097
 12
3.5385118310723174
 22
-0.3485129960382411
 32
3.0752320952653367
 13
3.5385118310723174
 23
-0.3485129960382411
 33
3.0752320952653367
  0
3DFACE
  5
618
330
17
100
AcDbEntity
  8
MEMBRANA_3D
100
AcDbFace
 10
3.2815968458006917
 20
-0.6527501973838357
 30
3.2163622972719157
 11
3.5385118310723174
 21
-0.3485129960382411
 31
3.0752320952653367
 12
3.2846824414297564
 22
-0.3235129832390528
 32
3.2464855851042356
 13
3.2846824414297564
 23
-0.3235129832390528
 33
3.2464855851042356
  0
3DFACE
  5
619
330
17
100
AcDbEntity
  8
MEMBRANA_3D
100
AcDbFace
 10
3.2846824414297564
 20
-0.3235129832390528
 30
3.2464855851042356
 11
3.5385118310723174
 21
-0.3485129960382411
 31
3.0752320952653367
 12
3.539285714285714
 22
0.0
 32
3.0863293696679
 13
3.539285714285714
 23
0.0
 33
3.0863293696679
  0
3DFACE
  5
61A
330
17
100
AcDbEntity
  8
MEMBRANA_3D
100
AcDbFace
 10
3.2846824414297564
 20
-0.3235129832390528
 30
3.2464855851042356
 11
3.539285714285714
 21
0.0
 31
3.0863293696679
 12
3.2857142857142856
 22
0.0
 32
3.2563364750811834
 13
3.2857142857142856
 23
0.0
 33
3.2563364750811834
  0
3DFACE
  5
61B
330
17
100
AcDbEntity
  8
MEMBRANA_3D
100
AcDbFace
 10
3.539285714285714
 20
0.0
 30
3.0863293696679
 11
3.7928571428571427
 21
0.0
 31
2.912409447160608
 12
3.792341220714878
 22
0.37351300883742966
 32
2.900037102035617
 13
3.792341220714878
 23
0.37351300883742966
 33
2.900037102035617
  0
3DFACE
  5
61C
330
17
100
AcDbEntity
  8
MEMBRANA_3D
100
AcDbFace
 10
3.539285714285714
 20
0.0
 30
3.0863293696679
 11
3.792341220714878
 21
0.37351300883742966
 31
2.900037102035617
 12
3.5385118310723174
 22
0.34851299603824143
 32
3.0752320952653367
 13
3.5385118310723174
 23
0.34851299603824143
 33
3.0752320952653367
  0
3DFACE
  5
61D
330
17
100
AcDbEntity
  8
MEMBRANA_3D
100
AcDbFace
 10
3.5385118310723174
 20
0.34851299603824143
 30
3.0752320952653367
 11
3.792341220714878
 21
0.37351300883742966
 31
2.900037102035617
 12
3.7907984229003455
 22
0.7540366885581816
 32
2.8622033921644228
 13
3.7907984229003455
 23
0.7540366885581816
 33
2.8622033921644228
  0
3DFACE
  5
61E
330
17
100
AcDbEntity
  8
MEMBRANA_3D
100
AcDbFace
 10
3.5385118310723174
 20
0.34851299603824143
 30
3.0752320952653367
 11
3.7907984229003455
 21
0.7540366885581816
 31
2.8622033921644228
 12
3.5361976343505184
 22
0.7033934429710078
 32
3.041297456693097
 13
3.5361976343505184
 23
0.7033934429710078
 33
3.041297456693097
  0
3DFACE
  5
61F
330
17
100
AcDbEntity
  8
MEMBRANA_3D
100
AcDbFace
 10
3.5361976343505184
 20
0.7033934429710078
 30
3.041297456693097
 11
3.7907984229003455
 21
0.7540366885581816
 31
2.8622033921644228
 12
3.7882436073998793
 22
1.1491511350014685
 32
2.7966616702158036
 13
3.7882436073998793
 23
1.1491511350014685
 33
2.7966616702158036
  0
3DFACE
  5
620
330
17
100
AcDbEntity
  8
MEMBRANA_3D
100
AcDbFace
 10
3.5361976343505184
 20
0.7033934429710078
 30
3.041297456693097
 11
3.7882436073998793
 21
1.1491511350014685
 31
2.7966616702158036
 12
3.5323654110998195
 22
1.0715313327464167
 32
2.9825103418872576
 13
3.5323654110998195
 23
1.0715313327464167
 33
2.9825103418872576
  0
3DFACE
  5
621
330
17
100
AcDbEntity
  8
MEMBRANA_3D
100
AcDbFace
 10
3.5323654110998195
 20
1.0715313327464167
 30
2.9825103418872576
 11
3.7882436073998793
 21
1.1491511350014685
 31
2.7966616702158036
 12
3.7847013784833514
 22
1.5676746404999524
 32
2.6993211693277495
 13
3.7847013784833514
 23
1.5676746404999524
 33
2.6993211693277495
  0
3DFACE
  5
622
330
17
100
AcDbEntity
  8
MEMBRANA_3D
100
AcDbFace
 10
3.5323654110998195
 20
1.0715313327464167
 30
2.9825103418872576
 11
3.7847013784833514
 21
1.5676746404999524
 31
2.6993211693277495
 12
3.527052067725028
 22
1.4609528016477749
 32
2.895201570759
 13
3.527052067725028
 23
1.4609528016477749
 33
2.895201570759
  0
3DFACE
  5
623
330
17
100
AcDbEntity
  8
MEMBRANA_3D
100
AcDbFace
 10
3.527052067725028
 20
1.4609528016477749
 30
2.895201570759
 11
3.7847013784833514
 21
1.5676746404999524
 31
2.6993211693277495
 12
3.4912653037468004
 22
1.8661201834112877
 32
2.7966616702158036
 13
3.4912653037468004
 23
1.8661201834112877
 33
2.7966616702158036
  0
3DFACE
  5
624
330
17
100
AcDbEntity
  8
MEMBRANA_3D
100
AcDbFace
 10
3.527052067725028
 20
1.4609528016477749
 30
2.895201570759
 11
3.4912653037468004
 21
1.8661201834112877
 31
2.7966616702158036
 12
3.2554466074563395
 22
1.7400724641786387
 32
2.9825103418872576
 13
3.2554466074563395
 23
1.7400724641786387
 33
2.9825103418872576
  0
3DFACE
  5
625
330
17
100
AcDbEntity
  8
MEMBRANA_3D
100
AcDbFace
 10
3.2554466074563395
 20
1.7400724641786387
 30
2.9825103418872576
 11
3.4912653037468004
 21
1.8661201834112877
 31
2.7966616702158036
 12
3.213683726687043
 22
2.147314815201165
 32
2.8622033921644228
 13
3.213683726687043
 23
2.147314815201165
 33
2.8622033921644228
  0
3DFACE
  5
626
330
17
100
AcDbEntity
  8
MEMBRANA_3D
100
AcDbFace
 10
3.2554466074563395
 20
1.7400724641786387
 30
2.9825103418872576
 11
3.213683726687043
 21
2.147314815201165
 31
2.8622033921644228
 12
2.997843600232032
 22
2.003095053498126
 32
3.041297456693097
 13
2.997843600232032
 23
2.003095053498126
 33
3.041297456693097
  0
3DFACE
  5
627
330
17
100
AcDbEntity
  8
MEMBRANA_3D
100
AcDbFace
 10
2.997843600232032
 20
2.003095053498126
 30
3.041297456693097
 11
3.213683726687043
 21
2.147314815201165
 31
2.8622033921644228
 12
2.945703775151097
 22
2.417476612330422
 32
2.900037102035617
 13
2.945703775151097
 23
2.417476612330422
 33
2.900037102035617
  0
3DFACE
  5
628
330
17
100
AcDbEntity
  8
MEMBRANA_3D
100
AcDbFace
 10
2.997843600232032
 20
2.003095053498126
 30
3.041297456693097
 11
2.945703775151097
 21
2.417476612330422
 31
2.900037102035617
 12
2.7485416138903433
 22
2.2556698082297815
 32
3.0752320952653367
 13
2.7485416138903433
 23
2.2556698082297815
 33
3.0752320952653367
  0
3DFACE
  5
629
330
17
100
AcDbEntity
  8
MEMBRANA_3D
100
AcDbFace
 10
2.7485416138903433
 20
2.2556698082297815
 30
3.0752320952653367
 11
2.945703775151097
 21
2.417476612330422
 31
2.900037102035617
 12
2.6819550057861195
 22
2.681955005786119
 32
2.912409447160608
 13
2.6819550057861195
 23
2.681955005786119
 33
2.912409447160608
  0
3DFACE
  5
62A
330
17
100
AcDbEntity
  8
MEMBRANA_3D
100
AcDbFace
 10
2.7485416138903433
 20
2.2556698082297815
 30
3.0752320952653367
 11
2.6819550057861195
 21
2.681955005786119
 31
2.912409447160608
 12
2.5026529291281023
 22
2.502652929128102
 32
3.0863293696679
 13
2.5026529291281023
 23
2.502652929128102
 33
3.0863293696679
  0
3DFACE
  5
62B
330
17
100
AcDbEntity
  8
MEMBRANA_3D
100
AcDbFace
 10
2.5026529291281023
 20
2.502652929128102
 30
3.0863293696679
 11
2.6819550057861195
 21
2.681955005786119
 31
2.912409447160608
 12
2.417476612330422
 22
2.945703775151097
 32
2.900037102035617
 13
2.417476612330422
 23
2.945703775151097
 33
2.900037102035617
  0
3DFACE
  5
62C
330
17
100
AcDbEntity
  8
MEMBRANA_3D
100
AcDbFace
 10
2.5026529291281023
 20
2.502652929128102
 30
3.0863293696679
 11
2.417476612330422
 21
2.945703775151097
 31
2.900037102035617
 12
2.2556698082297815
 22
2.7485416138903433
 32
3.0752320952653367
 13
2.2556698082297815
 23
2.7485416138903433
 33
3.0752320952653367
  0
3DFACE
  5
62D
330
17
100
AcDbEntity
  8
MEMBRANA_3D
100
AcDbFace
 10
2.2556698082297815
 20
2.7485416138903433
 30
3.0752320952653367
 11
2.417476612330422
 21
2.945703775151097
 31
2.900037102035617
 12
2.1473148152011654
 22
3.213683726687043
 32
2.8622033921644228
 13
2.1473148152011654
 23
3.213683726687043
 33
2.8622033921644228
  0
3DFACE
  5
62E
330
17
100
AcDbEntity
  8
MEMBRANA_3D
100
AcDbFace
 10
2.2556698082297815
 20
2.7485416138903433
 30
3.0752320952653367
 11
2.1473148152011654
 21
3.213683726687043
 31
2.8622033921644228
 12
2.0030950534981264
 22
2.997843600232032
 32
3.041297456693097
 13
2.0030950534981264
 23
2.997843600232032
 33
3.041297456693097
  0
3DFACE
  5
62F
330
17
100
AcDbEntity
  8
MEMBRANA_3D
100
AcDbFace
 10
2.0030950534981264
 20
2.997843600232032
 30
3.041297456693097
 11
2.1473148152011654
 21
3.213683726687043
 31
2.8622033921644228
 12
1.866120183411288
 22
3.491265303746799
 32
2.796661670215804
 13
1.866120183411288
 23
3.491265303746799
 33
2.796661670215804
  0
3DFACE
  5
630
330
17
100
AcDbEntity
  8
MEMBRANA_3D
100
AcDbFace
 10
2.0030950534981264
 20
2.997843600232032
 30
3.041297456693097
 11
1.866120183411288
 21
3.491265303746799
 31
2.796661670215804
 12
1.740072464178639
 22
3.255446607456338
 32
2.9825103418872585
 13
1.740072464178639
 23
3.255446607456338
 33
2.9825103418872585
  0
3DFACE
  5
631
330
17
100
AcDbEntity
  8
MEMBRANA_3D
100
AcDbFace
 10
1.740072464178639
 20
3.255446607456338
 30
2.9825103418872585
 11
1.866120183411288
 21
3.491265303746799
 31
2.796661670215804
 12
1.5676746404999526
 22
3.7847013784833514
 32
2.6993211693277495
 13
1.5676746404999526
 23
3.7847013784833514
 33
2.6993211693277495
  0
3DFACE
  5
632
330
17
100
AcDbEntity
  8
MEMBRANA_3D
100
AcDbFace
 10
1.740072464178639
 20
3.255446607456338
 30
2.9825103418872585
 11
1.5676746404999526
 21
3.7847013784833514
 31
2.6993211693277495
 12
1.460952801647775
 22
3.527052067725028
 32
2.895201570759
 13
1.460952801647775
 23
3.527052067725028
 33
2.895201570759
  0
3DFACE
  5
633
330
17
100
AcDbEntity
  8
MEMBRANA_3D
100
AcDbFace
 10
1.460952801647775
 20
3.527052067725028
 30
2.895201570759
 11
1.5676746404999526
 21
3.7847013784833514
 31
2.6993211693277495
 12
1.1491511350014683
 22
3.788243607399879
 32
2.796661670215804
 13
1.1491511350014683
 23
3.788243607399879
 33
2.796661670215804
  0
3DFACE
  5
634
330
17
100
AcDbEntity
  8
MEMBRANA_3D
100
AcDbFace
 10
1.460952801647775
 20
3.527052067725028
 30
2.895201570759
 11
1.1491511350014683
 21
3.788243607399879
 31
2.796661670215804
 12
1.0715313327464164
 22
3.532365411099819
 32
2.9825103418872585
 13
1.0715313327464164
 23
3.532365411099819
 33
2.9825103418872585
  0
3DFACE
  5
635
330
17
100
AcDbEntity
  8
MEMBRANA_3D
100
AcDbFace
 10
1.0715313327464164
 20
3.532365411099819
 30
2.9825103418872585
 11
1.1491511350014683
 21
3.788243607399879
 31
2.796661670215804
 12
0.754036688558182
 22
3.7907984229003455
 32
2.8622033921644228
 13
0.754036688558182
 23
3.7907984229003455
 33
2.8622033921644228
  0
3DFACE
  5
636
330
17
100
AcDbEntity
  8
MEMBRANA_3D
100
AcDbFace
 10
1.0715313327464164
 20
3.532365411099819
 30
2.9825103418872585
 11
0.754036688558182
 21
3.7907984229003455
 31
2.8622033921644228
 12
0.7033934429710081
 22
3.5361976343505184
 32
3.041297456693097
 13
0.7033934429710081
 23
3.5361976343505184
 33
3.041297456693097
  0
3DFACE
  5
637
330
17
100
AcDbEntity
  8
MEMBRANA_3D
100
AcDbFace
 10
0.7033934429710081
 20
3.5361976343505184
 30
3.041297456693097
 11
0.754036688558182
 21
3.7907984229003455
 31
2.8622033921644228
 12
0.3735130088374303
 22
3.7923412207148774
 32
2.900037102035617
 13
0.3735130088374303
 23
3.7923412207148774
 33
2.900037102035617
  0
3DFACE
  5
638
330
17
100
AcDbEntity
  8
MEMBRANA_3D
100
AcDbFace
 10
0.7033934429710081
 20
3.5361976343505184
 30
3.041297456693097
 11
0.3735130088374303
 21
3.7923412207148774
 31
2.900037102035617
 12
0.34851299603824204
 22
3.538511831072317
 32
3.0752320952653367
 13
0.34851299603824204
 23
3.538511831072317
 33
3.0752320952653367
  0
3DFACE
  5
639
330
17
100
AcDbEntity
  8
MEMBRANA_3D
100
AcDbFace
 10
0.34851299603824204
 20
3.538511831072317
 30
3.0752320952653367
 11
0.3735130088374303
 21
3.7923412207148774
 31
2.900037102035617
 12
2.3224551798115875e-16
 22
3.7928571428571427
 32
2.912409447160608
 13
2.3224551798115875e-16
 23
3.7928571428571427
 33
2.912409447160608
  0
3DFACE
  5
63A
330
17
100
AcDbEntity
  8
MEMBRANA_3D
100
AcDbFace
 10
0.34851299603824204
 20
3.538511831072317
 30
3.0752320952653367
 11
2.3224551798115875e-16
 21
3.7928571428571427
 31
2.912409447160608
 12
2.1671874606339767e-16
 22
3.539285714285714
 32
3.0863293696679
 13
2.1671874606339767e-16
 23
3.539285714285714
 33
3.0863293696679
  0
3DFACE
  5
63B
330
17
100
AcDbEntity
  8
MEMBRANA_3D
100
AcDbFace
 10
2.1671874606339767e-16
 20
3.539285714285714
 30
3.0863293696679
 11
2.3224551798115875e-16
 21
3.7928571428571427
 31
2.912409447160608
 12
-0.3735130088374298
 22
3.792341220714878
 32
2.900037102035617
 13
-0.3735130088374298
 23
3.792341220714878
 33
2.900037102035617
  0
3DFACE
  5
63C
330
17
100
AcDbEntity
  8
MEMBRANA_3D
100
AcDbFace
 10
2.1671874606339767e-16
 20
3.539285714285714
 30
3.0863293696679
 11
-0.3735130088374298
 21
3.792341220714878
 31
2.900037102035617
 12
-0.3485129960382416
 22
3.5385118310723174
 32
3.0752320952653367
 13
-0.3485129960382416
 23
3.5385118310723174
 33
3.0752320952653367
  0
3DFACE
  5
63D
330
17
100
AcDbEntity
  8
MEMBRANA_3D
100
AcDbFace
 10
-0.3485129960382416
 20
3.5385118310723174
 30
3.0752320952653367
 11
-0.3735130088374298
 21
3.792341220714878
 31
2.900037102035617
 12
-0.7540366885581814
 22
3.7907984229003455
 32
2.8622033921644228
 13
-0.7540366885581814
 23
3.7907984229003455
 33
2.8622033921644228
  0
3DFACE
  5
63E
330
17
100
AcDbEntity
  8
MEMBRANA_3D
100
AcDbFace
 10
-0.3485129960382416
 20
3.5385118310723174
 30
3.0752320952653367
 11
-0.7540366885581814
 21
3.7907984229003455
 31
2.8622033921644228
 12
-0.7033934429710077
 22
3.5361976343505184
 32
3.041297456693097
 13
-0.7033934429710077
 23
3.5361976343505184
 33
3.041297456693097
  0
3DFACE
  5
63F
330
17
100
AcDbEntity
  8
MEMBRANA_3D
100
AcDbFace
 10
-0.7033934429710077
 20
3.5361976343505184
 30
3.041297456693097
 11
-0.7540366885581814
 21
3.7907984229003455
 31
2.8622033921644228
 12
-1.1491511350014676
 22
3.788243607399879
 32
2.796661670215804
 13
-1.1491511350014676
 23
3.788243607399879
 33
2.796661670215804
  0
3DFACE
  5
640
330
17
100
AcDbEntity
  8
MEMBRANA_3D
100
AcDbFace
 10
-0.7033934429710077
 20
3.5361976343505184
 30
3.041297456693097
 11
-1.1491511350014676
 21
3.788243607399879
 31
2.796661670215804
 12
-1.071531332746416
 22
3.532365411099819
 32
2.9825103418872585
 13
-1.071531332746416
 23
3.532365411099819
 33
2.9825103418872585
  0
3DFACE
  5
641
330
17
100
AcDbEntity
  8
MEMBRANA_3D
100
AcDbFace
 10
-1.071531332746416
 20
3.532365411099819
 30
2.9825103418872585
 11
-1.1491511350014676
 21
3.788243607399879
 31
2.796661670215804
 12
-1.5676746404999522
 22
3.7847013784833514
 32
2.6993211693277495
 13
-1.5676746404999522
 23
3.7847013784833514
 33
2.6993211693277495
  0
3DFACE
  5
642
330
17
100
AcDbEntity
  8
MEMBRANA_3D
100
AcDbFace
 10
-1.071531332746416
 20
3.532365411099819
 30
2.9825103418872585
 11
-1.5676746404999522
 21
3.7847013784833514
 31
2.6993211693277495
 12
-1.4609528016477746
 22
3.527052067725028
 32
2.895201570759
 13
-1.4609528016477746
 23
3.527052067725028
 33
2.895201570759
  0
3DFACE
  5
643
330
17
100
AcDbEntity
  8
MEMBRANA_3D
100
AcDbFace
 10
-1.4609528016477746
 20
3.527052067725028
 30
2.895201570759
 11
-1.5676746404999522
 21
3.7847013784833514
 31
2.6993211693277495
 12
-1.8661201834112875
 22
3.4912653037467996
 32
2.796661670215804
 13
-1.8661201834112875
 23
3.4912653037467996
 33
2.796661670215804
  0
3DFACE
  5
644
330
17
100
AcDbEntity
  8
MEMBRANA_3D
100
AcDbFace
 10
-1.4609528016477746
 20
3.527052067725028
 30
2.895201570759
 11
-1.8661201834112875
 21
3.4912653037467996
 31
2.796661670215804
 12
-1.7400724641786387
 22
3.2554466074563386
 32
2.9825103418872585
 13
-1.7400724641786387
 23
3.2554466074563386
 33
2.9825103418872585
  0
3DFACE
  5
645
330
17
100
AcDbEntity
  8
MEMBRANA_3D
100
AcDbFace
 10
-1.7400724641786387
 20
3.2554466074563386
 30
2.9825103418872585
 11
-1.8661201834112875
 21
3.4912653037467996
 31
2.796661670215804
 12
-2.147314815201164
 22
3.213683726687044
 32
2.8622033921644228
 13
-2.147314815201164
 23
3.213683726687044
 33
2.8622033921644228
  0
3DFACE
  5
646
330
17
100
AcDbEntity
  8
MEMBRANA_3D
100
AcDbFace
 10
-1.7400724641786387
 20
3.2554466074563386
 30
2.9825103418872585
 11
-2.147314815201164
 21
3.213683726687044
 31
2.8622033921644228
 12
-2.0030950534981256
 22
2.9978436002320326
 32
3.041297456693097
 13
-2.0030950534981256
 23
2.9978436002320326
 33
3.041297456693097
  0
3DFACE
  5
647
330
17
100
AcDbEntity
  8
MEMBRANA_3D
100
AcDbFace
 10
-2.0030950534981256
 20
2.9978436002320326
 30
3.041297456693097
 11
-2.147314815201164
 21
3.213683726687044
 31
2.8622033921644228
 12
-2.4174766123304217
 22
2.9457037751510975
 32
2.900037102035617
 13
-2.4174766123304217
 23
2.9457037751510975
 33
2.900037102035617
  0
3DFACE
  5
648
330
17
100
AcDbEntity
  8
MEMBRANA_3D
100
AcDbFace
 10
-2.0030950534981256
 20
2.9978436002320326
 30
3.041297456693097
 11
-2.4174766123304217
 21
2.9457037751510975
 31
2.900037102035617
 12
-2.255669808229781
 22
2.748541613890344
 32
3.0752320952653367
 13
-2.255669808229781
 23
2.748541613890344
 33
3.0752320952653367
  0
3DFACE
  5
649
330
17
100
AcDbEntity
  8
MEMBRANA_3D
100
AcDbFace
 10
-2.255669808229781
 20
2.748541613890344
 30
3.0752320952653367
 11
-2.4174766123304217
 21
2.9457037751510975
 31
2.900037102035617
 12
-2.681955005786119
 22
2.6819550057861195
 32
2.912409447160608
 13
-2.681955005786119
 23
2.6819550057861195
 33
2.912409447160608
  0
3DFACE
  5
64A
330
17
100
AcDbEntity
  8
MEMBRANA_3D
100
AcDbFace
 10
-2.255669808229781
 20
2.748541613890344
 30
3.0752320952653367
 11
-2.681955005786119
 21
2.6819550057861195
 31
2.912409447160608
 12
-2.502652929128102
 22
2.5026529291281023
 32
3.0863293696679
 13
-2.502652929128102
 23
2.5026529291281023
 33
3.0863293696679
  0
3DFACE
  5
64B
330
17
100
AcDbEntity
  8
MEMBRANA_3D
100
AcDbFace
 10
-2.502652929128102
 20
2.5026529291281023
 30
3.0863293696679
 11
-2.681955005786119
 21
2.6819550057861195
 31
2.912409447160608
 12
-2.945703775151097
 22
2.417476612330422
 32
2.900037102035617
 13
-2.945703775151097
 23
2.417476612330422
 33
2.900037102035617
  0
3DFACE
  5
64C
330
17
100
AcDbEntity
  8
MEMBRANA_3D
100
AcDbFace
 10
-2.502652929128102
 20
2.5026529291281023
 30
3.0863293696679
 11
-2.945703775151097
 21
2.417476612330422
 31
2.900037102035617
 12
-2.7485416138903433
 22
2.2556698082297815
 32
3.0752320952653367
 13
-2.7485416138903433
 23
2.2556698082297815
 33
3.0752320952653367
  0
3DFACE
  5
64D
330
17
100
AcDbEntity
  8
MEMBRANA_3D
100
AcDbFace
 10
-2.7485416138903433
 20
2.2556698082297815
 30
3.0752320952653367
 11
-2.945703775151097
 21
2.417476612330422
 31
2.900037102035617
 12
-3.2136837266870435
 22
2.147314815201165
 32
2.8622033921644228
 13
-3.2136837266870435
 23
2.147314815201165
 33
2.8622033921644228
  0
3DFACE
  5
64E
330
17
100
AcDbEntity
  8
MEMBRANA_3D
100
AcDbFace
 10
-2.7485416138903433
 20
2.2556698082297815
 30
3.0752320952653367
 11
-3.2136837266870435
 21
2.147314815201165
 31
2.8622033921644228
 12
-2.9978436002320326
 22
2.003095053498126
 32
3.041297456693097
 13
-2.9978436002320326
 23
2.003095053498126
 33
3.041297456693097
  0
3DFACE
  5
64F
330
17
100
AcDbEntity
  8
MEMBRANA_3D
100
AcDbFace
 10
-2.9978436002320326
 20
2.003095053498126
 30
3.041297456693097
 11
-3.2136837266870435
 21
2.147314815201165
 31
2.8622033921644228
 12
-3.491265303746799
 22
1.8661201834112882
 32
2.796661670215804
 13
-3.491265303746799
 23
1.8661201834112882
 33
2.796661670215804
  0
3DFACE
  5
650
330
17
100
AcDbEntity
  8
MEMBRANA_3D
100
AcDbFace
 10
-2.9978436002320326
 20
2.003095053498126
 30
3.041297456693097
 11
-3.491265303746799
 21
1.8661201834112882
 31
2.796661670215804
 12
-3.255446607456338
 22
1.7400724641786391
 32
2.9825103418872585
 13
-3.255446607456338
 23
1.7400724641786391
 33
2.9825103418872585
  0
3DFACE
  5
651
330
17
100
AcDbEntity
  8
MEMBRANA_3D
100
AcDbFace
 10
-3.255446607456338
 20
1.7400724641786391
 30
2.9825103418872585
 11
-3.491265303746799
 21
1.8661201834112882
 31
2.796661670215804
 12
-3.7847013784833514
 22
1.5676746404999529
 32
2.6993211693277495
 13
-3.7847013784833514
 23
1.5676746404999529
 33
2.6993211693277495
  0
3DFACE
  5
652
330
17
100
AcDbEntity
  8
MEMBRANA_3D
100
AcDbFace
 10
-3.255446607456338
 20
1.7400724641786391
 30
2.9825103418872585
 11
-3.7847013784833514
 21
1.5676746404999529
 31
2.6993211693277495
 12
-3.527052067725028
 22
1.4609528016477753
 32
2.895201570759
 13
-3.527052067725028
 23
1.4609528016477753
 33
2.895201570759
  0
3DFACE
  5
653
330
17
100
AcDbEntity
  8
MEMBRANA_3D
100
AcDbFace
 10
-3.527052067725028
 20
1.4609528016477753
 30
2.895201570759
 11
-3.7847013784833514
 21
1.5676746404999529
 31
2.6993211693277495
 12
-3.7882436073998784
 22
1.1491511350014685
 32
2.796661670215804
 13
-3.7882436073998784
 23
1.1491511350014685
 33
2.796661670215804
  0
3DFACE
  5
654
330
17
100
AcDbEntity
  8
MEMBRANA_3D
100
AcDbFace
 10
-3.527052067725028
 20
1.4609528016477753
 30
2.895201570759
 11
-3.7882436073998784
 21
1.1491511350014685
 31
2.796661670215804
 12
-3.5323654110998186
 22
1.0715313327464167
 32
2.9825103418872585
 13
-3.5323654110998186
 23
1.0715313327464167
 33
2.9825103418872585
  0
3DFACE
  5
655
330
17
100
AcDbEntity
  8
MEMBRANA_3D
100
AcDbFace
 10
-3.5323654110998186
 20
1.0715313327464167
 30
2.9825103418872585
 11
-3.7882436073998784
 21
1.1491511350014685
 31
2.796661670215804
 12
-3.7907984229003455
 22
0.7540366885581831
 32
2.8622033921644228
 13
-3.7907984229003455
 23
0.7540366885581831
 33
2.8622033921644228
  0
3DFACE
  5
656
330
17
100
AcDbEntity
  8
MEMBRANA_3D
100
AcDbFace
 10
-3.5323654110998186
 20
1.0715313327464167
 30
2.9825103418872585
 11
-3.7907984229003455
 21
0.7540366885581831
 31
2.8622033921644228
 12
-3.5361976343505184
 22
0.7033934429710091
 32
3.041297456693097
 13
-3.5361976343505184
 23
0.7033934429710091
 33
3.041297456693097
  0
3DFACE
  5
657
330
17
100
AcDbEntity
  8
MEMBRANA_3D
100
AcDbFace
 10
-3.5361976343505184
 20
0.7033934429710091
 30
3.041297456693097
 11
-3.7907984229003455
 21
0.7540366885581831
 31
2.8622033921644228
 12
-3.7923412207148774
 22
0.37351300883743055
 32
2.900037102035617
 13
-3.7923412207148774
 23
0.37351300883743055
 33
2.900037102035617
  0
3DFACE
  5
658
330
17
100
AcDbEntity
  8
MEMBRANA_3D
100
AcDbFace
 10
-3.5361976343505184
 20
0.7033934429710091
 30
3.041297456693097
 11
-3.7923412207148774
 21
0.37351300883743055
 31
2.900037102035617
 12
-3.538511831072317
 22
0.3485129960382422
 32
3.0752320952653367
 13
-3.538511831072317
 23
0.3485129960382422
 33
3.0752320952653367
  0
3DFACE
  5
659
330
17
100
AcDbEntity
  8
MEMBRANA_3D
100
AcDbFace
 10
-3.538511831072317
 20
0.3485129960382422
 30
3.0752320952653367
 11
-3.7923412207148774
 21
0.37351300883743055
 31
2.900037102035617
 12
-3.7928571428571427
 22
4.644910359623175e-16
 32
2.912409447160608
 13
-3.7928571428571427
 23
4.644910359623175e-16
 33
2.912409447160608
  0
3DFACE
  5
65A
330
17
100
AcDbEntity
  8
MEMBRANA_3D
100
AcDbFace
 10
-3.538511831072317
 20
0.3485129960382422
 30
3.0752320952653367
 11
-3.7928571428571427
 21
4.644910359623175e-16
 31
2.912409447160608
 12
-3.539285714285714
 22
4.3343749212679534e-16
 32
3.0863293696679
 13
-3.539285714285714
 23
4.3343749212679534e-16
 33
3.0863293696679
  0
3DFACE
  5
65B
330
17
100
AcDbEntity
  8
MEMBRANA_3D
100
AcDbFace
 10
-3.539285714285714
 20
4.3343749212679534e-16
 30
3.0863293696679
 11
-3.7928571428571427
 21
4.644910359623175e-16
 31
2.912409447160608
 12
-3.792341220714878
 22
-0.3735130088374296
 32
2.900037102035617
 13
-3.792341220714878
 23
-0.3735130088374296
 33
2.900037102035617
  0
3DFACE
  5
65C
330
17
100
AcDbEntity
  8
MEMBRANA_3D
100
AcDbFace
 10
-3.539285714285714
 20
4.3343749212679534e-16
 30
3.0863293696679
 11
-3.792341220714878
 21
-0.3735130088374296
 31
2.900037102035617
 12
-3.5385118310723174
 22
-0.3485129960382414
 32
3.0752320952653367
 13
-3.5385118310723174
 23
-0.3485129960382414
 33
3.0752320952653367
  0
3DFACE
  5
65D
330
17
100
AcDbEntity
  8
MEMBRANA_3D
100
AcDbFace
 10
-3.5385118310723174
 20
-0.3485129960382414
 30
3.0752320952653367
 11
-3.792341220714878
 21
-0.3735130088374296
 31
2.900037102035617
 12
-3.7907984229003455
 22
-0.7540366885581821
 32
2.8622033921644228
 13
-3.7907984229003455
 23
-0.7540366885581821
 33
2.8622033921644228
  0
3DFACE
  5
65E
330
17
100
AcDbEntity
  8
MEMBRANA_3D
100
AcDbFace
 10
-3.5385118310723174
 20
-0.3485129960382414
 30
3.0752320952653367
 11
-3.7907984229003455
 21
-0.7540366885581821
 31
2.8622033921644228
 12
-3.5361976343505184
 22
-0.7033934429710083
 32
3.041297456693097
 13
-3.5361976343505184
 23
-0.7033934429710083
 33
3.041297456693097
  0
3DFACE
  5
65F
330
17
100
AcDbEntity
  8
MEMBRANA_3D
100
AcDbFace
 10
-3.5361976343505184
 20
-0.7033934429710083
 30
3.041297456693097
 11
-3.7907984229003455
 21
-0.7540366885581821
 31
2.8622033921644228
 12
-3.788243607399879
 22
-1.1491511350014674
 32
2.796661670215804
 13
-3.788243607399879
 23
-1.1491511350014674
 33
2.796661670215804
  0
3DFACE
  5
660
330
17
100
AcDbEntity
  8
MEMBRANA_3D
100
AcDbFace
 10
-3.5361976343505184
 20
-0.7033934429710083
 30
3.041297456693097
 11
-3.788243607399879
 21
-1.1491511350014674
 31
2.796661670215804
 12
-3.532365411099819
 22
-1.0715313327464158
 32
2.9825103418872585
 13
-3.532365411099819
 23
-1.0715313327464158
 33
2.9825103418872585
  0
3DFACE
  5
661
330
17
100
AcDbEntity
  8
MEMBRANA_3D
100
AcDbFace
 10
-3.532365411099819
 20
-1.0715313327464158
 30
2.9825103418872585
 11
-3.788243607399879
 21
-1.1491511350014674
 31
2.796661670215804
 12
-3.784701378483352
 22
-1.567674640499952
 32
2.6993211693277495
 13
-3.784701378483352
 23
-1.567674640499952
 33
2.6993211693277495
  0
3DFACE
  5
662
330
17
100
AcDbEntity
  8
MEMBRANA_3D
100
AcDbFace
 10
-3.532365411099819
 20
-1.0715313327464158
 30
2.9825103418872585
 11
-3.784701378483352
 21
-1.567674640499952
 31
2.6993211693277495
 12
-3.5270520677250286
 22
-1.4609528016477744
 32
2.895201570759
 13
-3.5270520677250286
 23
-1.4609528016477744
 33
2.895201570759
  0
3DFACE
  5
663
330
17
100
AcDbEntity
  8
MEMBRANA_3D
100
AcDbFace
 10
-3.5270520677250286
 20
-1.4609528016477744
 30
2.895201570759
 11
-3.784701378483352
 21
-1.567674640499952
 31
2.6993211693277495
 12
-3.4912653037467996
 22
-1.8661201834112873
 32
2.796661670215804
 13
-3.4912653037467996
 23
-1.8661201834112873
 33
2.796661670215804
  0
3DFACE
  5
664
330
17
100
AcDbEntity
  8
MEMBRANA_3D
100
AcDbFace
 10
-3.5270520677250286
 20
-1.4609528016477744
 30
2.895201570759
 11
-3.4912653037467996
 21
-1.8661201834112873
 31
2.796661670215804
 12
-3.2554466074563386
 22
-1.7400724641786385
 32
2.9825103418872585
 13
-3.2554466074563386
 23
-1.7400724641786385
 33
2.9825103418872585
  0
3DFACE
  5
665
330
17
100
AcDbEntity
  8
MEMBRANA_3D
100
AcDbFace
 10
-3.2554466074563386
 20
-1.7400724641786385
 30
2.9825103418872585
 11
-3.4912653037467996
 21
-1.8661201834112873
 31
2.796661670215804
 12
-3.213683726687044
 22
-2.147314815201164
 32
2.8622033921644228
 13
-3.213683726687044
 23
-2.147314815201164
 33
2.8622033921644228
  0
3DFACE
  5
666
330
17
100
AcDbEntity
  8
MEMBRANA_3D
100
AcDbFace
 10
-3.2554466074563386
 20
-1.7400724641786385
 30
2.9825103418872585
 11
-3.213683726687044
 21
-2.147314815201164
 31
2.8622033921644228
 12
-2.9978436002320326
 22
-2.0030950534981256
 32
3.041297456693097
 13
-2.9978436002320326
 23
-2.0030950534981256
 33
3.041297456693097
  0
3DFACE
  5
667
330
17
100
AcDbEntity
  8
MEMBRANA_3D
100
AcDbFace
 10
-2.9978436002320326
 20
-2.0030950534981256
 30
3.041297456693097
 11
-3.213683726687044
 21
-2.147314815201164
 31
2.8622033921644228
 12
-2.9457037751510975
 22
-2.417476612330421
 32
2.900037102035617
 13
-2.9457037751510975
 23
-2.417476612330421
 33
2.900037102035617
  0
3DFACE
  5
668
330
17
100
AcDbEntity
  8
MEMBRANA_3D
100
AcDbFace
 10
-2.9978436002320326
 20
-2.0030950534981256
 30
3.041297456693097
 11
-2.9457037751510975
 21
-2.417476612330421
 31
2.900037102035617
 12
-2.748541613890344
 22
-2.2556698082297806
 32
3.0752320952653367
 13
-2.748541613890344
 23
-2.2556698082297806
 33
3.0752320952653367
  0
3DFACE
  5
669
330
17
100
AcDbEntity
  8
MEMBRANA_3D
100
AcDbFace
 10
-2.748541613890344
 20
-2.2556698082297806
 30
3.0752320952653367
 11
-2.9457037751510975
 21
-2.417476612330421
 31
2.900037102035617
 12
-2.68195500578612
 22
-2.681955005786119
 32
2.912409447160608
 13
-2.68195500578612
 23
-2.681955005786119
 33
2.912409447160608
  0
3DFACE
  5
66A
330
17
100
AcDbEntity
  8
MEMBRANA_3D
100
AcDbFace
 10
-2.748541613890344
 20
-2.2556698082297806
 30
3.0752320952653367
 11
-2.68195500578612
 21
-2.681955005786119
 31
2.912409447160608
 12
-2.5026529291281028
 22
-2.502652929128102
 32
3.0863293696679
 13
-2.5026529291281028
 23
-2.502652929128102
 33
3.0863293696679
  0
3DFACE
  5
66B
330
17
100
AcDbEntity
  8
MEMBRANA_3D
100
AcDbFace
 10
-2.5026529291281028
 20
-2.502652929128102
 30
3.0863293696679
 11
-2.68195500578612
 21
-2.681955005786119
 31
2.912409447160608
 12
-2.417476612330424
 22
-2.9457037751510957
 32
2.900037102035617
 13
-2.417476612330424
 23
-2.9457037751510957
 33
2.900037102035617
  0
3DFACE
  5
66C
330
17
100
AcDbEntity
  8
MEMBRANA_3D
100
AcDbFace
 10
-2.5026529291281028
 20
-2.502652929128102
 30
3.0863293696679
 11
-2.417476612330424
 21
-2.9457037751510957
 31
2.900037102035617
 12
-2.2556698082297832
 22
-2.7485416138903425
 32
3.0752320952653367
 13
-2.2556698082297832
 23
-2.7485416138903425
 33
3.0752320952653367
  0
3DFACE
  5
66D
330
17
100
AcDbEntity
  8
MEMBRANA_3D
100
AcDbFace
 10
-2.2556698082297832
 20
-2.7485416138903425
 30
3.0752320952653367
 11
-2.417476612330424
 21
-2.9457037751510957
 31
2.900037102035617
 12
-2.147314815201165
 22
-3.213683726687043
 32
2.8622033921644228
 13
-2.147314815201165
 23
-3.213683726687043
 33
2.8622033921644228
  0
3DFACE
  5
66E
330
17
100
AcDbEntity
  8
MEMBRANA_3D
100
AcDbFace
 10
-2.2556698082297832
 20
-2.7485416138903425
 30
3.0752320952653367
 11
-2.147314815201165
 21
-3.213683726687043
 31
2.8622033921644228
 12
-2.003095053498126
 22
-2.997843600232032
 32
3.041297456693097
 13
-2.003095053498126
 23
-2.997843600232032
 33
3.041297456693097
  0
3DFACE
  5
66F
330
17
100
AcDbEntity
  8
MEMBRANA_3D
100
AcDbFace
 10
-2.003095053498126
 20
-2.997843600232032
 30
3.041297456693097
 11
-2.147314815201165
 21
-3.213683726687043
 31
2.8622033921644228
 12
-1.8661201834112882
 22
-3.491265303746799
 32
2.796661670215804
 13
-1.8661201834112882
 23
-3.491265303746799
 33
2.796661670215804
  0
3DFACE
  5
670
330
17
100
AcDbEntity
  8
MEMBRANA_3D
100
AcDbFace
 10
-2.003095053498126
 20
-2.997843600232032
 30
3.041297456693097
 11
-1.8661201834112882
 21
-3.491265303746799
 31
2.796661670215804
 12
-1.7400724641786391
 22
-3.255446607456338
 32
2.9825103418872585
 13
-1.7400724641786391
 23
-3.255446607456338
 33
2.9825103418872585
  0
3DFACE
  5
671
330
17
100
AcDbEntity
  8
MEMBRANA_3D
100
AcDbFace
 10
-1.7400724641786391
 20
-3.255446607456338
 30
2.9825103418872585
 11
-1.8661201834112882
 21
-3.491265303746799
 31
2.796661670215804
 12
-1.5676746404999549
 22
-3.7847013784833505
 32
2.6993211693277495
 13
-1.5676746404999549
 23
-3.7847013784833505
 33
2.6993211693277495
  0
3DFACE
  5
672
330
17
100
AcDbEntity
  8
MEMBRANA_3D
100
AcDbFace
 10
-1.7400724641786391
 20
-3.255446607456338
 30
2.9825103418872585
 11
-1.5676746404999549
 21
-3.7847013784833505
 31
2.6993211693277495
 12
-1.4609528016477766
 22
-3.5270520677250263
 32
2.895201570759001
 13
-1.4609528016477766
 23
-3.5270520677250263
 33
2.895201570759001
  0
3DFACE
  5
673
330
17
100
AcDbEntity
  8
MEMBRANA_3D
100
AcDbFace
 10
-1.4609528016477766
 20
-3.5270520677250263
 30
2.895201570759001
 11
-1.5676746404999549
 21
-3.7847013784833505
 31
2.6993211693277495
 12
-1.1491511350014687
 22
-3.7882436073998784
 32
2.796661670215804
 13
-1.1491511350014687
 23
-3.7882436073998784
 33
2.796661670215804
  0
3DFACE
  5
674
330
17
100
AcDbEntity
  8
MEMBRANA_3D
100
AcDbFace
 10
-1.4609528016477766
 20
-3.5270520677250263
 30
2.895201570759001
 11
-1.1491511350014687
 21
-3.7882436073998784
 31
2.796661670215804
 12
-1.0715313327464169
 22
-3.5323654110998186
 32
2.9825103418872585
 13
-1.0715313327464169
 23
-3.5323654110998186
 33
2.9825103418872585
  0
3DFACE
  5
675
330
17
100
AcDbEntity
  8
MEMBRANA_3D
100
AcDbFace
 10
-1.0715313327464169
 20
-3.5323654110998186
 30
2.9825103418872585
 11
-1.1491511350014687
 21
-3.7882436073998784
 31
2.796661670215804
 12
-0.7540366885581833
 22
-3.790798422900345
 32
2.8622033921644228
 13
-0.7540366885581833
 23
-3.790798422900345
 33
2.8622033921644228
  0
3DFACE
  5
676
330
17
100
AcDbEntity
  8
MEMBRANA_3D
100
AcDbFace
 10
-1.0715313327464169
 20
-3.5323654110998186
 30
2.9825103418872585
 11
-0.7540366885581833
 21
-3.790798422900345
 31
2.8622033921644228
 12
-0.7033934429710094
 22
-3.5361976343505184
 32
3.041297456693097
 13
-0.7033934429710094
 23
-3.5361976343505184
 33
3.041297456693097
  0
3DFACE
  5
677
330
17
100
AcDbEntity
  8
MEMBRANA_3D
100
AcDbFace
 10
-0.7033934429710094
 20
-3.5361976343505184
 30
3.041297456693097
 11
-0.7540366885581833
 21
-3.790798422900345
 31
2.8622033921644228
 12
-0.3735130088374291
 22
-3.792341220714878
 32
2.900037102035617
 13
-0.3735130088374291
 23
-3.792341220714878
 33
2.900037102035617
  0
3DFACE
  5
678
330
17
100
AcDbEntity
  8
MEMBRANA_3D
100
AcDbFace
 10
-0.7033934429710094
 20
-3.5361976343505184
 30
3.041297456693097
 11
-0.3735130088374291
 21
-3.792341220714878
 31
2.900037102035617
 12
-0.3485129960382409
 22
-3.5385118310723174
 32
3.0752320952653367
 13
-0.3485129960382409
 23
-3.5385118310723174
 33
3.0752320952653367
  0
3DFACE
  5
679
330
17
100
AcDbEntity
  8
MEMBRANA_3D
100
AcDbFace
 10
-0.3485129960382409
 20
-3.5385118310723174
 30
3.0752320952653367
 11
-0.3735130088374291
 21
-3.792341220714878
 31
2.900037102035617
 12
-6.967365539434762e-16
 22
-3.7928571428571427
 32
2.912409447160608
 13
-6.967365539434762e-16
 23
-3.7928571428571427
 33
2.912409447160608
  0
3DFACE
  5
67A
330
17
100
AcDbEntity
  8
MEMBRANA_3D
100
AcDbFace
 10
-0.3485129960382409
 20
-3.5385118310723174
 30
3.0752320952653367
 11
-6.967365539434762e-16
 21
-3.7928571428571427
 31
2.912409447160608
 12
-6.50156238190193e-16
 22
-3.539285714285714
 32
3.0863293696679
 13
-6.50156238190193e-16
 23
-3.539285714285714
 33
3.0863293696679
  0
3DFACE
  5
67B
330
17
100
AcDbEntity
  8
MEMBRANA_3D
100
AcDbFace
 10
-6.50156238190193e-16
 20
-3.539285714285714
 30
3.0863293696679
 11
-6.967365539434762e-16
 21
-3.7928571428571427
 31
2.912409447160608
 12
0.3735130088374277
 22
-3.792341220714878
 32
2.900037102035617
 13
0.3735130088374277
 23
-3.792341220714878
 33
2.900037102035617
  0
3DFACE
  5
67C
330
17
100
AcDbEntity
  8
MEMBRANA_3D
100
AcDbFace
 10
-6.50156238190193e-16
 20
-3.539285714285714
 30
3.0863293696679
 11
0.3735130088374277
 21
-3.792341220714878
 31
2.900037102035617
 12
0.3485129960382396
 22
-3.5385118310723174
 32
3.0752320952653367
 13
0.3485129960382396
 23
-3.5385118310723174
 33
3.0752320952653367
  0
3DFACE
  5
67D
330
17
100
AcDbEntity
  8
MEMBRANA_3D
100
AcDbFace
 10
0.3485129960382396
 20
-3.5385118310723174
 30
3.0752320952653367
 11
0.3735130088374277
 21
-3.792341220714878
 31
2.900037102035617
 12
0.7540366885581821
 22
-3.7907984229003464
 32
2.8622033921644228
 13
0.7540366885581821
 23
-3.7907984229003464
 33
2.8622033921644228
  0
3DFACE
  5
67E
330
17
100
AcDbEntity
  8
MEMBRANA_3D
100
AcDbFace
 10
0.3485129960382396
 20
-3.5385118310723174
 30
3.0752320952653367
 11
0.7540366885581821
 21
-3.7907984229003464
 31
2.8622033921644228
 12
0.7033934429710083
 22
-3.5361976343505193
 32
3.041297456693096
 13
0.7033934429710083
 23
-3.5361976343505193
 33
3.041297456693096
  0
3DFACE
  5
67F
330
17
100
AcDbEntity
  8
MEMBRANA_3D
100
AcDbFace
 10
0.7033934429710083
 20
-3.5361976343505193
 30
3.041297456693096
 11
0.7540366885581821
 21
-3.7907984229003464
 31
2.8622033921644228
 12
1.1491511350014674
 22
-3.7882436073998798
 32
2.7966616702158036
 13
1.1491511350014674
 23
-3.7882436073998798
 33
2.7966616702158036
  0
3DFACE
  5
680
330
17
100
AcDbEntity
  8
MEMBRANA_3D
100
AcDbFace
 10
0.7033934429710083
 20
-3.5361976343505193
 30
3.041297456693096
 11
1.1491511350014674
 21
-3.7882436073998798
 31
2.7966616702158036
 12
1.0715313327464158
 22
-3.53236541109982
 32
2.9825103418872576
 13
1.0715313327464158
 23
-3.53236541109982
 33
2.9825103418872576
  0
3DFACE
  5
681
330
17
100
AcDbEntity
  8
MEMBRANA_3D
100
AcDbFace
 10
1.0715313327464158
 20
-3.53236541109982
 30
2.9825103418872576
 11
1.1491511350014674
 21
-3.7882436073998798
 31
2.7966616702158036
 12
1.5676746404999533
 22
-3.784701378483351
 32
2.6993211693277495
 13
1.5676746404999533
 23
-3.784701378483351
 33
2.6993211693277495
  0
3DFACE
  5
682
330
17
100
AcDbEntity
  8
MEMBRANA_3D
100
AcDbFace
 10
1.0715313327464158
 20
-3.53236541109982
 30
2.9825103418872576
 11
1.5676746404999533
 21
-3.784701378483351
 31
2.6993211693277495
 12
1.4609528016477757
 22
-3.5270520677250277
 32
2.895201570759
 13
1.4609528016477757
 23
-3.5270520677250277
 33
2.895201570759
  0
3DFACE
  5
683
330
17
100
AcDbEntity
  8
MEMBRANA_3D
100
AcDbFace
 10
1.4609528016477757
 20
-3.5270520677250277
 30
2.895201570759
 11
1.5676746404999533
 21
-3.784701378483351
 31
2.6993211693277495
 12
1.8661201834112875
 22
-3.4912653037468004
 32
2.7966616702158036
 13
1.8661201834112875
 23
-3.4912653037468004
 33
2.7966616702158036
  0
3DFACE
  5
684
330
17
100
AcDbEntity
  8
MEMBRANA_3D
100
AcDbFace
 10
1.4609528016477757
 20
-3.5270520677250277
 30
2.895201570759
 11
1.8661201834112875
 21
-3.4912653037468004
 31
2.7966616702158036
 12
1.7400724641786387
 22
-3.2554466074563395
 32
2.9825103418872576
 13
1.7400724641786387
 23
-3.2554466074563395
 33
2.9825103418872576
  0
3DFACE
  5
685
330
17
100
AcDbEntity
  8
MEMBRANA_3D
100
AcDbFace
 10
1.7400724641786387
 20
-3.2554466074563395
 30
2.9825103418872576
 11
1.8661201834112875
 21
-3.4912653037468004
 31
2.7966616702158036
 12
2.147314815201164
 22
-3.213683726687045
 32
2.8622033921644228
 13
2.147314815201164
 23
-3.213683726687045
 33
2.8622033921644228
  0
3DFACE
  5
686
330
17
100
AcDbEntity
  8
MEMBRANA_3D
100
AcDbFace
 10
1.7400724641786387
 20
-3.2554466074563395
 30
2.9825103418872576
 11
2.147314815201164
 21
-3.213683726687045
 31
2.8622033921644228
 12
2.0030950534981256
 22
-2.9978436002320334
 32
3.041297456693096
 13
2.0030950534981256
 23
-2.9978436002320334
 33
3.041297456693096
  0
3DFACE
  5
687
330
17
100
AcDbEntity
  8
MEMBRANA_3D
100
AcDbFace
 10
2.0030950534981256
 20
-2.9978436002320334
 30
3.041297456693096
 11
2.147314815201164
 21
-3.213683726687045
 31
2.8622033921644228
 12
2.4174766123304225
 22
-2.9457037751510966
 32
2.900037102035617
 13
2.4174766123304225
 23
-2.9457037751510966
 33
2.900037102035617
  0
3DFACE
  5
688
330
17
100
AcDbEntity
  8
MEMBRANA_3D
100
AcDbFace
 10
2.0030950534981256
 20
-2.9978436002320334
 30
3.041297456693096
 11
2.4174766123304225
 21
-2.9457037751510966
 31
2.900037102035617
 12
2.255669808229782
 22
-2.748541613890343
 32
3.0752320952653367
 13
2.255669808229782
 23
-2.748541613890343
 33
3.0752320952653367
  0
3DFACE
  5
689
330
17
100
AcDbEntity
  8
MEMBRANA_3D
100
AcDbFace
 10
2.255669808229782
 20
-2.748541613890343
 30
3.0752320952653367
 11
2.4174766123304225
 21
-2.9457037751510966
 31
2.900037102035617
 12
2.6819550057861186
 22
-2.68195500578612
 32
2.912409447160608
 13
2.6819550057861186
 23
-2.68195500578612
 33
2.912409447160608
  0
3DFACE
  5
68A
330
17
100
AcDbEntity
  8
MEMBRANA_3D
100
AcDbFace
 10
2.255669808229782
 20
-2.748541613890343
 30
3.0752320952653367
 11
2.6819550057861186
 21
-2.68195500578612
 31
2.912409447160608
 12
2.5026529291281014
 22
-2.5026529291281028
 32
3.0863293696679
 13
2.5026529291281014
 23
-2.5026529291281028
 33
3.0863293696679
  0
3DFACE
  5
68B
330
17
100
AcDbEntity
  8
MEMBRANA_3D
100
AcDbFace
 10
2.5026529291281014
 20
-2.5026529291281028
 30
3.0863293696679
 11
2.6819550057861186
 21
-2.68195500578612
 31
2.912409447160608
 12
2.9457037751510957
 22
-2.417476612330424
 32
2.900037102035617
 13
2.9457037751510957
 23
-2.417476612330424
 33
2.900037102035617
  0
3DFACE
  5
68C
330
17
100
AcDbEntity
  8
MEMBRANA_3D
100
AcDbFace
 10
2.5026529291281014
 20
-2.5026529291281028
 30
3.0863293696679
 11
2.9457037751510957
 21
-2.417476612330424
 31
2.900037102035617
 12
2.7485416138903425
 22
-2.2556698082297832
 32
3.0752320952653367
 13
2.7485416138903425
 23
-2.2556698082297832
 33
3.0752320952653367
  0
3DFACE
  5
68D
330
17
100
AcDbEntity
  8
MEMBRANA_3D
100
AcDbFace
 10
2.7485416138903425
 20
-2.2556698082297832
 30
3.0752320952653367
 11
2.9457037751510957
 21
-2.417476612330424
 31
2.900037102035617
 12
3.213683726687043
 22
-2.147314815201165
 32
2.8622033921644228
 13
3.213683726687043
 23
-2.147314815201165
 33
2.8622033921644228
  0
3DFACE
  5
68E
330
17
100
AcDbEntity
  8
MEMBRANA_3D
100
AcDbFace
 10
2.7485416138903425
 20
-2.2556698082297832
 30
3.0752320952653367
 11
3.213683726687043
 21
-2.147314815201165
 31
2.8622033921644228
 12
2.997843600232032
 22
-2.003095053498126
 32
3.041297456693097
 13
2.997843600232032
 23
-2.003095053498126
 33
3.041297456693097
  0
3DFACE
  5
68F
330
17
100
AcDbEntity
  8
MEMBRANA_3D
100
AcDbFace
 10
2.997843600232032
 20
-2.003095053498126
 30
3.041297456693097
 11
3.213683726687043
 21
-2.147314815201165
 31
2.8622033921644228
 12
3.4912653037467987
 22
-1.8661201834112884
 32
2.796661670215804
 13
3.4912653037467987
 23
-1.8661201834112884
 33
2.796661670215804
  0
3DFACE
  5
690
330
17
100
AcDbEntity
  8
MEMBRANA_3D
100
AcDbFace
 10
2.997843600232032
 20
-2.003095053498126
 30
3.041297456693097
 11
3.4912653037467987
 21
-1.8661201834112884
 31
2.796661670215804
 12
3.2554466074563377
 22
-1.7400724641786394
 32
2.9825103418872585
 13
3.2554466074563377
 23
-1.7400724641786394
 33
2.9825103418872585
  0
3DFACE
  5
691
330
17
100
AcDbEntity
  8
MEMBRANA_3D
100
AcDbFace
 10
3.2554466074563377
 20
-1.7400724641786394
 30
2.9825103418872585
 11
3.4912653037467987
 21
-1.8661201834112884
 31
2.796661670215804
 12
3.7847013784833505
 22
-1.567674640499955
 32
2.6993211693277495
 13
3.7847013784833505
 23
-1.567674640499955
 33
2.6993211693277495
  0
3DFACE
  5
692
330
17
100
AcDbEntity
  8
MEMBRANA_3D
100
AcDbFace
 10
3.2554466074563377
 20
-1.7400724641786394
 30
2.9825103418872585
 11
3.7847013784833505
 21
-1.567674640499955
 31
2.6993211693277495
 12
3.5270520677250263
 22
-1.4609528016477769
 32
2.895201570759001
 13
3.5270520677250263
 23
-1.4609528016477769
 33
2.895201570759001
  0
3DFACE
  5
693
330
17
100
AcDbEntity
  8
MEMBRANA_3D
100
AcDbFace
 10
3.5270520677250263
 20
-1.4609528016477769
 30
2.895201570759001
 11
3.7847013784833505
 21
-1.567674640499955
 31
2.6993211693277495
 12
3.7882436073998784
 22
-1.149151135001469
 32
2.796661670215804
 13
3.7882436073998784
 23
-1.149151135001469
 33
2.796661670215804
  0
3DFACE
  5
694
330
17
100
AcDbEntity
  8
MEMBRANA_3D
100
AcDbFace
 10
3.5270520677250263
 20
-1.4609528016477769
 30
2.895201570759001
 11
3.7882436073998784
 21
-1.149151135001469
 31
2.796661670215804
 12
3.5323654110998186
 22
-1.071531332746417
 32
2.9825103418872585
 13
3.5323654110998186
 23
-1.071531332746417
 33
2.9825103418872585
  0
3DFACE
  5
695
330
17
100
AcDbEntity
  8
MEMBRANA_3D
100
AcDbFace
 10
3.5323654110998186
 20
-1.071531332746417
 30
2.9825103418872585
 11
3.7882436073998784
 21
-1.149151135001469
 31
2.796661670215804
 12
3.790798422900345
 22
-0.7540366885581835
 32
2.8622033921644228
 13
3.790798422900345
 23
-0.7540366885581835
 33
2.8622033921644228
  0
3DFACE
  5
696
330
17
100
AcDbEntity
  8
MEMBRANA_3D
100
AcDbFace
 10
3.5323654110998186
 20
-1.071531332746417
 30
2.9825103418872585
 11
3.790798422900345
 21
-0.7540366885581835
 31
2.8622033921644228
 12
3.5361976343505184
 22
-0.7033934429710096
 32
3.041297456693097
 13
3.5361976343505184
 23
-0.7033934429710096
 33
3.041297456693097
  0
3DFACE
  5
697
330
17
100
AcDbEntity
  8
MEMBRANA_3D
100
AcDbFace
 10
3.5361976343505184
 20
-0.7033934429710096
 30
3.041297456693097
 11
3.790798422900345
 21
-0.7540366885581835
 31
2.8622033921644228
 12
3.792341220714878
 22
-0.37351300883742933
 32
2.900037102035617
 13
3.792341220714878
 23
-0.37351300883742933
 33
2.900037102035617
  0
3DFACE
  5
698
330
17
100
AcDbEntity
  8
MEMBRANA_3D
100
AcDbFace
 10
3.5361976343505184
 20
-0.7033934429710096
 30
3.041297456693097
 11
3.792341220714878
 21
-0.37351300883742933
 31
2.900037102035617
 12
3.5385118310723174
 22
-0.3485129960382411
 32
3.0752320952653367
 13
3.5385118310723174
 23
-0.3485129960382411
 33
3.0752320952653367
  0
3DFACE
  5
699
330
17
100
AcDbEntity
  8
MEMBRANA_3D
100
AcDbFace
 10
3.5385118310723174
 20
-0.3485129960382411
 30
3.0752320952653367
 11
3.792341220714878
 21
-0.37351300883742933
 31
2.900037102035617
 12
3.7928571428571427
 22
0.0
 32
2.912409447160608
 13
3.7928571428571427
 23
0.0
 33
2.912409447160608
  0
3DFACE
  5
69A
330
17
100
AcDbEntity
  8
MEMBRANA_3D
100
AcDbFace
 10
3.5385118310723174
 20
-0.3485129960382411
 30
3.0752320952653367
 11
3.7928571428571427
 21
0.0
 31
2.912409447160608
 12
3.539285714285714
 22
0.0
 32
3.0863293696679
 13
3.539285714285714
 23
0.0
 33
3.0863293696679
  0
3DFACE
  5
69B
330
17
100
AcDbEntity
  8
MEMBRANA_3D
100
AcDbFace
 10
3.7928571428571427
 20
0.0
 30
2.912409447160608
 11
4.046428571428571
 21
0.0
 31
2.734824430403805
 12
4.046170610357438
 22
0.39851302163661795
 32
2.7211501444065767
 13
4.046170610357438
 23
0.39851302163661795
 33
2.7211501444065767
  0
3DFACE
  5
69C
330
17
100
AcDbEntity
  8
MEMBRANA_3D
100
AcDbFace
 10
3.7928571428571427
 20
0.0
 30
2.912409447160608
 11
4.046170610357438
 21
0.39851302163661795
 31
2.7211501444065767
 12
3.792341220714878
 22
0.37351300883742966
 32
2.900037102035617
 13
3.792341220714878
 23
0.37351300883742966
 33
2.900037102035617
  0
3DFACE
  5
69D
330
17
100
AcDbEntity
  8
MEMBRANA_3D
100
AcDbFace
 10
3.792341220714878
 20
0.37351300883742966
 30
2.900037102035617
 11
4.046170610357438
 21
0.39851302163661795
 31
2.7211501444065767
 12
4.045399211450173
 22
0.8046799341453554
 32
2.6793351963196654
 13
4.045399211450173
 23
0.8046799341453554
 33
2.6793351963196654
  0
3DFACE
  5
69E
330
17
100
AcDbEntity
  8
MEMBRANA_3D
100
AcDbFace
 10
3.792341220714878
 20
0.37351300883742966
 30
2.900037102035617
 11
4.045399211450173
 21
0.8046799341453554
 31
2.6793351963196654
 12
3.7907984229003455
 22
0.7540366885581816
 32
2.8622033921644228
 13
3.7907984229003455
 23
0.7540366885581816
 33
2.8622033921644228
  0
3DFACE
  5
69F
330
17
100
AcDbEntity
  8
MEMBRANA_3D
100
AcDbFace
 10
3.7907984229003455
 20
0.7540366885581816
 30
2.8622033921644228
 11
4.045399211450173
 21
0.8046799341453554
 31
2.6793351963196654
 12
4.044121803699941
 22
1.2267709372565205
 32
2.606896524295725
 13
4.044121803699941
 23
1.2267709372565205
 33
2.606896524295725
  0
3DFACE
  5
6A0
330
17
100
AcDbEntity
  8
MEMBRANA_3D
100
AcDbFace
 10
3.7907984229003455
 20
0.7540366885581816
 30
2.8622033921644228
 11
4.044121803699941
 21
1.2267709372565205
 31
2.606896524295725
 12
3.7882436073998793
 22
1.1491511350014685
 32
2.7966616702158036
 13
3.7882436073998793
 23
1.1491511350014685
 33
2.7966616702158036
  0
3DFACE
  5
6A1
330
17
100
AcDbEntity
  8
MEMBRANA_3D
100
AcDbFace
 10
3.7882436073998793
 20
1.1491511350014685
 30
2.7966616702158036
 11
4.044121803699941
 21
1.2267709372565205
 31
2.606896524295725
 12
4.042350689241676
 22
1.6743964793521307
 32
2.4993128904082376
 13
4.042350689241676
 23
1.6743964793521307
 33
2.4993128904082376
  0
3DFACE
  5
6A2
330
17
100
AcDbEntity
  8
MEMBRANA_3D
100
AcDbFace
 10
3.7882436073998793
 20
1.1491511350014685
 30
2.7966616702158036
 11
4.042350689241676
 21
1.6743964793521307
 31
2.4993128904082376
 12
3.7847013784833514
 22
1.5676746404999524
 32
2.6993211693277495
 13
3.7847013784833514
 23
1.5676746404999524
 33
2.6993211693277495
  0
3DFACE
  5
6A3
330
17
100
AcDbEntity
  8
MEMBRANA_3D
100
AcDbFace
 10
3.7847013784833514
 20
1.5676746404999524
 30
2.6993211693277495
 11
4.042350689241676
 21
1.6743964793521307
 31
2.4993128904082376
 12
3.7270840000372623
 22
1.9921679026439374
 32
2.606896524295725
 13
3.7270840000372623
 23
1.9921679026439374
 33
2.606896524295725
  0
3DFACE
  5
6A4
330
17
100
AcDbEntity
  8
MEMBRANA_3D
100
AcDbFace
 10
3.7847013784833514
 20
1.5676746404999524
 30
2.6993211693277495
 11
3.7270840000372623
 21
1.9921679026439374
 31
2.606896524295725
 12
3.4912653037468004
 22
1.8661201834112877
 32
2.7966616702158036
 13
3.4912653037468004
 23
1.8661201834112877
 33
2.7966616702158036
  0
3DFACE
  5
6A5
330
17
100
AcDbEntity
  8
MEMBRANA_3D
100
AcDbFace
 10
3.4912653037468004
 20
1.8661201834112877
 30
2.7966616702158036
 11
3.7270840000372623
 21
1.9921679026439374
 31
2.606896524295725
 12
3.4295238531420544
 22
2.2915345769042035
 32
2.6793351963196654
 13
3.4295238531420544
 23
2.2915345769042035
 33
2.6793351963196654
  0
3DFACE
  5
6A6
330
17
100
AcDbEntity
  8
MEMBRANA_3D
100
AcDbFace
 10
3.4912653037468004
 20
1.8661201834112877
 30
2.7966616702158036
 11
3.4295238531420544
 21
2.2915345769042035
 31
2.6793351963196654
 12
3.213683726687043
 22
2.147314815201165
 32
2.8622033921644228
 13
3.213683726687043
 23
2.147314815201165
 33
2.8622033921644228
  0
3DFACE
  5
6A7
330
17
100
AcDbEntity
  8
MEMBRANA_3D
100
AcDbFace
 10
3.213683726687043
 20
2.147314815201165
 30
2.8622033921644228
 11
3.4295238531420544
 21
2.2915345769042035
 31
2.6793351963196654
 12
3.1428659364118507
 22
2.5792834164310627
 32
2.7211501444065767
 13
3.1428659364118507
 23
2.5792834164310627
 33
2.7211501444065767
  0
3DFACE
  5
6A8
330
17
100
AcDbEntity
  8
MEMBRANA_3D
100
AcDbFace
 10
3.213683726687043
 20
2.147314815201165
 30
2.8622033921644228
 11
3.1428659364118507
 21
2.5792834164310627
 31
2.7211501444065767
 12
2.945703775151097
 22
2.417476612330422
 32
2.900037102035617
 13
2.945703775151097
 23
2.417476612330422
 33
2.900037102035617
  0
3DFACE
  5
6A9
330
17
100
AcDbEntity
  8
MEMBRANA_3D
100
AcDbFace
 10
2.945703775151097
 20
2.417476612330422
 30
2.900037102035617
 11
3.1428659364118507
 21
2.5792834164310627
 31
2.7211501444065767
 12
2.8612570824441366
 22
2.861257082444136
 32
2.734824430403805
 13
2.8612570824441366
 23
2.861257082444136
 33
2.734824430403805
  0
3DFACE
  5
6AA
330
17
100
AcDbEntity
  8
MEMBRANA_3D
100
AcDbFace
 10
2.945703775151097
 20
2.417476612330422
 30
2.900037102035617
 11
2.8612570824441366
 21
2.861257082444136
 31
2.734824430403805
 12
2.6819550057861195
 22
2.681955005786119
 32
2.912409447160608
 13
2.6819550057861195
 23
2.681955005786119
 33
2.912409447160608
  0
3DFACE
  5
6AB
330
17
100
AcDbEntity
  8
MEMBRANA_3D
100
AcDbFace
 10
2.6819550057861195
 20
2.681955005786119
 30
2.912409447160608
 11
2.8612570824441366
 21
2.861257082444136
 31
2.734824430403805
 12
2.5792834164310627
 22
3.1428659364118507
 32
2.7211501444065767
 13
2.5792834164310627
 23
3.1428659364118507
 33
2.7211501444065767
  0
3DFACE
  5
6AC
330
17
100
AcDbEntity
  8
MEMBRANA_3D
100
AcDbFace
 10
2.6819550057861195
 20
2.681955005786119
 30
2.912409447160608
 11
2.5792834164310627
 21
3.1428659364118507
 31
2.7211501444065767
 12
2.417476612330422
 22
2.945703775151097
 32
2.900037102035617
 13
2.417476612330422
 23
2.945703775151097
 33
2.900037102035617
  0
3DFACE
  5
6AD
330
17
100
AcDbEntity
  8
MEMBRANA_3D
100
AcDbFace
 10
2.417476612330422
 20
2.945703775151097
 30
2.900037102035617
 11
2.5792834164310627
 21
3.1428659364118507
 31
2.7211501444065767
 12
2.291534576904204
 22
3.4295238531420544
 32
2.6793351963196654
 13
2.291534576904204
 23
3.4295238531420544
 33
2.6793351963196654
  0
3DFACE
  5
6AE
330
17
100
AcDbEntity
  8
MEMBRANA_3D
100
AcDbFace
 10
2.417476612330422
 20
2.945703775151097
 30
2.900037102035617
 11
2.291534576904204
 21
3.4295238531420544
 31
2.6793351963196654
 12
2.1473148152011654
 22
3.213683726687043
 32
2.8622033921644228
 13
2.1473148152011654
 23
3.213683726687043
 33
2.8622033921644228
  0
3DFACE
  5
6AF
330
17
100
AcDbEntity
  8
MEMBRANA_3D
100
AcDbFace
 10
2.1473148152011654
 20
3.213683726687043
 30
2.8622033921644228
 11
2.291534576904204
 21
3.4295238531420544
 31
2.6793351963196654
 12
1.9921679026439372
 22
3.7270840000372605
 32
2.6068965242957263
 13
1.9921679026439372
 23
3.7270840000372605
 33
2.6068965242957263
  0
3DFACE
  5
6B0
330
17
100
AcDbEntity
  8
MEMBRANA_3D
100
AcDbFace
 10
2.1473148152011654
 20
3.213683726687043
 30
2.8622033921644228
 11
1.9921679026439372
 21
3.7270840000372605
 31
2.6068965242957263
 12
1.866120183411288
 22
3.491265303746799
 32
2.796661670215804
 13
1.866120183411288
 23
3.491265303746799
 33
2.796661670215804
  0
3DFACE
  5
6B1
330
17
100
AcDbEntity
  8
MEMBRANA_3D
100
AcDbFace
 10
1.866120183411288
 20
3.491265303746799
 30
2.796661670215804
 11
1.9921679026439372
 21
3.7270840000372605
 31
2.6068965242957263
 12
1.6743964793521309
 22
4.042350689241676
 32
2.4993128904082376
 13
1.6743964793521309
 23
4.042350689241676
 33
2.4993128904082376
  0
3DFACE
  5
6B2
330
17
100
AcDbEntity
  8
MEMBRANA_3D
100
AcDbFace
 10
1.866120183411288
 20
3.491265303746799
 30
2.796661670215804
 11
1.6743964793521309
 21
4.042350689241676
 31
2.4993128904082376
 12
1.5676746404999526
 22
3.7847013784833514
 32
2.6993211693277495
 13
1.5676746404999526
 23
3.7847013784833514
 33
2.6993211693277495
  0
3DFACE
  5
6B3
330
17
100
AcDbEntity
  8
MEMBRANA_3D
100
AcDbFace
 10
1.5676746404999526
 20
3.7847013784833514
 30
2.6993211693277495
 11
1.6743964793521309
 21
4.042350689241676
 31
2.4993128904082376
 12
1.22677093725652
 22
4.044121803699939
 32
2.6068965242957263
 13
1.22677093725652
 23
4.044121803699939
 33
2.6068965242957263
  0
3DFACE
  5
6B4
330
17
100
AcDbEntity
  8
MEMBRANA_3D
100
AcDbFace
 10
1.5676746404999526
 20
3.7847013784833514
 30
2.6993211693277495
 11
1.22677093725652
 21
4.044121803699939
 31
2.6068965242957263
 12
1.1491511350014683
 22
3.788243607399879
 32
2.796661670215804
 13
1.1491511350014683
 23
3.788243607399879
 33
2.796661670215804
  0
3DFACE
  5
6B5
330
17
100
AcDbEntity
  8
MEMBRANA_3D
100
AcDbFace
 10
1.1491511350014683
 20
3.788243607399879
 30
2.796661670215804
 11
1.22677093725652
 21
4.044121803699939
 31
2.6068965242957263
 12
0.8046799341453558
 22
4.045399211450173
 32
2.6793351963196654
 13
0.8046799341453558
 23
4.045399211450173
 33
2.6793351963196654
  0
3DFACE
  5
6B6
330
17
100
AcDbEntity
  8
MEMBRANA_3D
100
AcDbFace
 10
1.1491511350014683
 20
3.788243607399879
 30
2.796661670215804
 11
0.8046799341453558
 21
4.045399211450173
 31
2.6793351963196654
 12
0.754036688558182
 22
3.7907984229003455
 32
2.8622033921644228
 13
0.754036688558182
 23
3.7907984229003455
 33
2.8622033921644228
  0
3DFACE
  5
6B7
330
17
100
AcDbEntity
  8
MEMBRANA_3D
100
AcDbFace
 10
0.754036688558182
 20
3.7907984229003455
 30
2.8622033921644228
 11
0.8046799341453558
 21
4.045399211450173
 31
2.6793351963196654
 12
0.39851302163661867
 22
4.046170610357438
 32
2.7211501444065767
 13
0.39851302163661867
 23
4.046170610357438
 33
2.7211501444065767
  0
3DFACE
  5
6B8
330
17
100
AcDbEntity
  8
MEMBRANA_3D
100
AcDbFace
 10
0.754036688558182
 20
3.7907984229003455
 30
2.8622033921644228
 11
0.39851302163661867
 21
4.046170610357438
 31
2.7211501444065767
 12
0.3735130088374303
 22
3.7923412207148774
 32
2.900037102035617
 13
0.3735130088374303
 23
3.7923412207148774
 33
2.900037102035617
  0
3DFACE
  5
6B9
330
17
100
AcDbEntity
  8
MEMBRANA_3D
100
AcDbFace
 10
0.3735130088374303
 20
3.7923412207148774
 30
2.900037102035617
 11
0.39851302163661867
 21
4.046170610357438
 31
2.7211501444065767
 12
2.477722898989198e-16
 22
4.046428571428571
 32
2.734824430403805
 13
2.477722898989198e-16
 23
4.046428571428571
 33
2.734824430403805
  0
3DFACE
  5
6BA
330
17
100
AcDbEntity
  8
MEMBRANA_3D
100
AcDbFace
 10
0.3735130088374303
 20
3.7923412207148774
 30
2.900037102035617
 11
2.477722898989198e-16
 21
4.046428571428571
 31
2.734824430403805
 12
2.3224551798115875e-16
 22
3.7928571428571427
 32
2.912409447160608
 13
2.3224551798115875e-16
 23
3.7928571428571427
 33
2.912409447160608
  0
3DFACE
  5
6BB
330
17
100
AcDbEntity
  8
MEMBRANA_3D
100
AcDbFace
 10
2.3224551798115875e-16
 20
3.7928571428571427
 30
2.912409447160608
 11
2.477722898989198e-16
 21
4.046428571428571
 31
2.734824430403805
 12
-0.3985130216366181
 22
4.046170610357438
 32
2.7211501444065767
 13
-0.3985130216366181
 23
4.046170610357438
 33
2.7211501444065767
  0
3DFACE
  5
6BC
330
17
100
AcDbEntity
  8
MEMBRANA_3D
100
AcDbFace
 10
2.3224551798115875e-16
 20
3.7928571428571427
 30
2.912409447160608
 11
-0.3985130216366181
 21
4.046170610357438
 31
2.7211501444065767
 12
-0.3735130088374298
 22
3.792341220714878
 32
2.900037102035617
 13
-0.3735130088374298
 23
3.792341220714878
 33
2.900037102035617
  0
3DFACE
  5
6BD
330
17
100
AcDbEntity
  8
MEMBRANA_3D
100
AcDbFace
 10
-0.3735130088374298
 20
3.792341220714878
 30
2.900037102035617
 11
-0.3985130216366181
 21
4.046170610357438
 31
2.7211501444065767
 12
-0.8046799341453552
 22
4.045399211450173
 32
2.6793351963196654
 13
-0.8046799341453552
 23
4.045399211450173
 33
2.6793351963196654
  0
3DFACE
  5
6BE
330
17
100
AcDbEntity
  8
MEMBRANA_3D
100
AcDbFace
 10
-0.3735130088374298
 20
3.792341220714878
 30
2.900037102035617
 11
-0.8046799341453552
 21
4.045399211450173
 31
2.6793351963196654
 12
-0.7540366885581814
 22
3.7907984229003455
 32
2.8622033921644228
 13
-0.7540366885581814
 23
3.7907984229003455
 33
2.8622033921644228
  0
3DFACE
  5
6BF
330
17
100
AcDbEntity
  8
MEMBRANA_3D
100
AcDbFace
 10
-0.7540366885581814
 20
3.7907984229003455
 30
2.8622033921644228
 11
-0.8046799341453552
 21
4.045399211450173
 31
2.6793351963196654
 12
-1.2267709372565194
 22
4.044121803699939
 32
2.6068965242957263
 13
-1.2267709372565194
 23
4.044121803699939
 33
2.6068965242957263
  0
3DFACE
  5
6C0
330
17
100
AcDbEntity
  8
MEMBRANA_3D
100
AcDbFace
 10
-0.7540366885581814
 20
3.7907984229003455
 30
2.8622033921644228
 11
-1.2267709372565194
 21
4.044121803699939
 31
2.6068965242957263
 12
-1.1491511350014676
 22
3.788243607399879
 32
2.796661670215804
 13
-1.1491511350014676
 23
3.788243607399879
 33
2.796661670215804
  0
3DFACE
  5
6C1
330
17
100
AcDbEntity
  8
MEMBRANA_3D
100
AcDbFace
 10
-1.1491511350014676
 20
3.788243607399879
 30
2.796661670215804
 11
-1.2267709372565194
 21
4.044121803699939
 31
2.6068965242957263
 12
-1.6743964793521304
 22
4.042350689241676
 32
2.4993128904082376
 13
-1.6743964793521304
 23
4.042350689241676
 33
2.4993128904082376
  0
3DFACE
  5
6C2
330
17
100
AcDbEntity
  8
MEMBRANA_3D
100
AcDbFace
 10
-1.1491511350014676
 20
3.788243607399879
 30
2.796661670215804
 11
-1.6743964793521304
 21
4.042350689241676
 31
2.4993128904082376
 12
-1.5676746404999522
 22
3.7847013784833514
 32
2.6993211693277495
 13
-1.5676746404999522
 23
3.7847013784833514
 33
2.6993211693277495
  0
3DFACE
  5
6C3
330
17
100
AcDbEntity
  8
MEMBRANA_3D
100
AcDbFace
 10
-1.5676746404999522
 20
3.7847013784833514
 30
2.6993211693277495
 11
-1.6743964793521304
 21
4.042350689241676
 31
2.4993128904082376
 12
-1.9921679026439367
 22
3.727084000037261
 32
2.6068965242957263
 13
-1.9921679026439367
 23
3.727084000037261
 33
2.6068965242957263
  0
3DFACE
  5
6C4
330
17
100
AcDbEntity
  8
MEMBRANA_3D
100
AcDbFace
 10
-1.5676746404999522
 20
3.7847013784833514
 30
2.6993211693277495
 11
-1.9921679026439367
 21
3.727084000037261
 31
2.6068965242957263
 12
-1.8661201834112875
 22
3.4912653037467996
 32
2.796661670215804
 13
-1.8661201834112875
 23
3.4912653037467996
 33
2.796661670215804
  0
3DFACE
  5
6C5
330
17
100
AcDbEntity
  8
MEMBRANA_3D
100
AcDbFace
 10
-1.8661201834112875
 20
3.4912653037467996
 30
2.796661670215804
 11
-1.9921679026439367
 21
3.727084000037261
 31
2.6068965242957263
 12
-2.2915345769042026
 22
3.4295238531420553
 32
2.6793351963196654
 13
-2.2915345769042026
 23
3.4295238531420553
 33
2.6793351963196654
  0
3DFACE
  5
6C6
330
17
100
AcDbEntity
  8
MEMBRANA_3D
100
AcDbFace
 10
-1.8661201834112875
 20
3.4912653037467996
 30
2.796661670215804
 11
-2.2915345769042026
 21
3.4295238531420553
 31
2.6793351963196654
 12
-2.147314815201164
 22
3.213683726687044
 32
2.8622033921644228
 13
-2.147314815201164
 23
3.213683726687044
 33
2.8622033921644228
  0
3DFACE
  5
6C7
330
17
100
AcDbEntity
  8
MEMBRANA_3D
100
AcDbFace
 10
-2.147314815201164
 20
3.213683726687044
 30
2.8622033921644228
 11
-2.2915345769042026
 21
3.4295238531420553
 31
2.6793351963196654
 12
-2.5792834164310623
 22
3.142865936411851
 32
2.7211501444065767
 13
-2.5792834164310623
 23
3.142865936411851
 33
2.7211501444065767
  0
3DFACE
  5
6C8
330
17
100
AcDbEntity
  8
MEMBRANA_3D
100
AcDbFace
 10
-2.147314815201164
 20
3.213683726687044
 30
2.8622033921644228
 11
-2.5792834164310623
 21
3.142865936411851
 31
2.7211501444065767
 12
-2.4174766123304217
 22
2.9457037751510975
 32
2.900037102035617
 13
-2.4174766123304217
 23
2.9457037751510975
 33
2.900037102035617
  0
3DFACE
  5
6C9
330
17
100
AcDbEntity
  8
MEMBRANA_3D
100
AcDbFace
 10
-2.4174766123304217
 20
2.9457037751510975
 30
2.900037102035617
 11
-2.5792834164310623
 21
3.142865936411851
 31
2.7211501444065767
 12
-2.861257082444136
 22
2.8612570824441366
 32
2.734824430403805
 13
-2.861257082444136
 23
2.8612570824441366
 33
2.734824430403805
  0
3DFACE
  5
6CA
330
17
100
AcDbEntity
  8
MEMBRANA_3D
100
AcDbFace
 10
-2.4174766123304217
 20
2.9457037751510975
 30
2.900037102035617
 11
-2.861257082444136
 21
2.8612570824441366
 31
2.734824430403805
 12
-2.681955005786119
 22
2.6819550057861195
 32
2.912409447160608
 13
-2.681955005786119
 23
2.6819550057861195
 33
2.912409447160608
  0
3DFACE
  5
6CB
330
17
100
AcDbEntity
  8
MEMBRANA_3D
100
AcDbFace
 10
-2.681955005786119
 20
2.6819550057861195
 30
2.912409447160608
 11
-2.861257082444136
 21
2.8612570824441366
 31
2.734824430403805
 12
-3.1428659364118507
 22
2.5792834164310627
 32
2.7211501444065767
 13
-3.1428659364118507
 23
2.5792834164310627
 33
2.7211501444065767
  0
3DFACE
  5
6CC
330
17
100
AcDbEntity
  8
MEMBRANA_3D
100
AcDbFace
 10
-2.681955005786119
 20
2.6819550057861195
 30
2.912409447160608
 11
-3.1428659364118507
 21
2.5792834164310627
 31
2.7211501444065767
 12
-2.945703775151097
 22
2.417476612330422
 32
2.900037102035617
 13
-2.945703775151097
 23
2.417476612330422
 33
2.900037102035617
  0
3DFACE
  5
6CD
330
17
100
AcDbEntity
  8
MEMBRANA_3D
100
AcDbFace
 10
-2.945703775151097
 20
2.417476612330422
 30
2.900037102035617
 11
-3.1428659364118507
 21
2.5792834164310627
 31
2.7211501444065767
 12
-3.429523853142055
 22
2.2915345769042035
 32
2.6793351963196654
 13
-3.429523853142055
 23
2.2915345769042035
 33
2.6793351963196654
  0
3DFACE
  5
6CE
330
17
100
AcDbEntity
  8
MEMBRANA_3D
100
AcDbFace
 10
-2.945703775151097
 20
2.417476612330422
 30
2.900037102035617
 11
-3.429523853142055
 21
2.2915345769042035
 31
2.6793351963196654
 12
-3.2136837266870435
 22
2.147314815201165
 32
2.8622033921644228
 13
-3.2136837266870435
 23
2.147314815201165
 33
2.8622033921644228
  0
3DFACE
  5
6CF
330
17
100
AcDbEntity
  8
MEMBRANA_3D
100
AcDbFace
 10
-3.2136837266870435
 20
2.147314815201165
 30
2.8622033921644228
 11
-3.429523853142055
 21
2.2915345769042035
 31
2.6793351963196654
 12
-3.7270840000372605
 22
1.9921679026439376
 32
2.6068965242957263
 13
-3.7270840000372605
 23
1.9921679026439376
 33
2.6068965242957263
  0
3DFACE
  5
6D0
330
17
100
AcDbEntity
  8
MEMBRANA_3D
100
AcDbFace
 10
-3.2136837266870435
 20
2.147314815201165
 30
2.8622033921644228
 11
-3.7270840000372605
 21
1.9921679026439376
 31
2.6068965242957263
 12
-3.491265303746799
 22
1.8661201834112882
 32
2.796661670215804
 13
-3.491265303746799
 23
1.8661201834112882
 33
2.796661670215804
  0
3DFACE
  5
6D1
330
17
100
AcDbEntity
  8
MEMBRANA_3D
100
AcDbFace
 10
-3.491265303746799
 20
1.8661201834112882
 30
2.796661670215804
 11
-3.7270840000372605
 21
1.9921679026439376
 31
2.6068965242957263
 12
-4.042350689241676
 22
1.674396479352131
 32
2.4993128904082376
 13
-4.042350689241676
 23
1.674396479352131
 33
2.4993128904082376
  0
3DFACE
  5
6D2
330
17
100
AcDbEntity
  8
MEMBRANA_3D
100
AcDbFace
 10
-3.491265303746799
 20
1.8661201834112882
 30
2.796661670215804
 11
-4.042350689241676
 21
1.674396479352131
 31
2.4993128904082376
 12
-3.7847013784833514
 22
1.5676746404999529
 32
2.6993211693277495
 13
-3.7847013784833514
 23
1.5676746404999529
 33
2.6993211693277495
  0
3DFACE
  5
6D3
330
17
100
AcDbEntity
  8
MEMBRANA_3D
100
AcDbFace
 10
-3.7847013784833514
 20
1.5676746404999529
 30
2.6993211693277495
 11
-4.042350689241676
 21
1.674396479352131
 31
2.4993128904082376
 12
-4.044121803699939
 22
1.2267709372565203
 32
2.6068965242957263
 13
-4.044121803699939
 23
1.2267709372565203
 33
2.6068965242957263
  0
3DFACE
  5
6D4
330
17
100
AcDbEntity
  8
MEMBRANA_3D
100
AcDbFace
 10
-3.7847013784833514
 20
1.5676746404999529
 30
2.6993211693277495
 11
-4.044121803699939
 21
1.2267709372565203
 31
2.6068965242957263
 12
-3.7882436073998784
 22
1.1491511350014685
 32
2.796661670215804
 13
-3.7882436073998784
 23
1.1491511350014685
 33
2.796661670215804
  0
3DFACE
  5
6D5
330
17
100
AcDbEntity
  8
MEMBRANA_3D
100
AcDbFace
 10
-3.7882436073998784
 20
1.1491511350014685
 30
2.796661670215804
 11
-4.044121803699939
 21
1.2267709372565203
 31
2.6068965242957263
 12
-4.045399211450173
 22
0.804679934145357
 32
2.6793351963196654
 13
-4.045399211450173
 23
0.804679934145357
 33
2.6793351963196654
  0
3DFACE
  5
6D6
330
17
100
AcDbEntity
  8
MEMBRANA_3D
100
AcDbFace
 10
-3.7882436073998784
 20
1.1491511350014685
 30
2.796661670215804
 11
-4.045399211450173
 21
0.804679934145357
 31
2.6793351963196654
 12
-3.7907984229003455
 22
0.7540366885581831
 32
2.8622033921644228
 13
-3.7907984229003455
 23
0.7540366885581831
 33
2.8622033921644228
  0
3DFACE
  5
6D7
330
17
100
AcDbEntity
  8
MEMBRANA_3D
100
AcDbFace
 10
-3.7907984229003455
 20
0.7540366885581831
 30
2.8622033921644228
 11
-4.045399211450173
 21
0.804679934145357
 31
2.6793351963196654
 12
-4.046170610357438
 22
0.3985130216366189
 32
2.7211501444065767
 13
-4.046170610357438
 23
0.3985130216366189
 33
2.7211501444065767
  0
3DFACE
  5
6D8
330
17
100
AcDbEntity
  8
MEMBRANA_3D
100
AcDbFace
 10
-3.7907984229003455
 20
0.7540366885581831
 30
2.8622033921644228
 11
-4.046170610357438
 21
0.3985130216366189
 31
2.7211501444065767
 12
-3.7923412207148774
 22
0.37351300883743055
 32
2.900037102035617
 13
-3.7923412207148774
 23
0.37351300883743055
 33
2.900037102035617
  0
3DFACE
  5
6D9
330
17
100
AcDbEntity
  8
MEMBRANA_3D
100
AcDbFace
 10
-3.7923412207148774
 20
0.37351300883743055
 30
2.900037102035617
 11
-4.046170610357438
 21
0.3985130216366189
 31
2.7211501444065767
 12
-4.046428571428571
 22
4.955445797978396e-16
 32
2.734824430403805
 13
-4.046428571428571
 23
4.955445797978396e-16
 33
2.734824430403805
  0
3DFACE
  5
6DA
330
17
100
AcDbEntity
  8
MEMBRANA_3D
100
AcDbFace
 10
-3.7923412207148774
 20
0.37351300883743055
 30
2.900037102035617
 11
-4.046428571428571
 21
4.955445797978396e-16
 31
2.734824430403805
 12
-3.7928571428571427
 22
4.644910359623175e-16
 32
2.912409447160608
 13
-3.7928571428571427
 23
4.644910359623175e-16
 33
2.912409447160608
  0
3DFACE
  5
6DB
330
17
100
AcDbEntity
  8
MEMBRANA_3D
100
AcDbFace
 10
-3.7928571428571427
 20
4.644910359623175e-16
 30
2.912409447160608
 11
-4.046428571428571
 21
4.955445797978396e-16
 31
2.734824430403805
 12
-4.046170610357438
 22
-0.3985130216366179
 32
2.7211501444065767
 13
-4.046170610357438
 23
-0.3985130216366179
 33
2.7211501444065767
  0
3DFACE
  5
6DC
330
17
100
AcDbEntity
  8
MEMBRANA_3D
100
AcDbFace
 10
-3.7928571428571427
 20
4.644910359623175e-16
 30
2.912409447160608
 11
-4.046170610357438
 21
-0.3985130216366179
 31
2.7211501444065767
 12
-3.792341220714878
 22
-0.3735130088374296
 32
2.900037102035617
 13
-3.792341220714878
 23
-0.3735130088374296
 33
2.900037102035617
  0
3DFACE
  5
6DD
330
17
100
AcDbEntity
  8
MEMBRANA_3D
100
AcDbFace
 10
-3.792341220714878
 20
-0.3735130088374296
 30
2.900037102035617
 11
-4.046170610357438
 21
-0.3985130216366179
 31
2.7211501444065767
 12
-4.045399211450173
 22
-0.8046799341453559
 32
2.6793351963196654
 13
-4.045399211450173
 23
-0.8046799341453559
 33
2.6793351963196654
  0
3DFACE
  5
6DE
330
17
100
AcDbEntity
  8
MEMBRANA_3D
100
AcDbFace
 10
-3.792341220714878
 20
-0.3735130088374296
 30
2.900037102035617
 11
-4.045399211450173
 21
-0.8046799341453559
 31
2.6793351963196654
 12
-3.7907984229003455
 22
-0.7540366885581821
 32
2.8622033921644228
 13
-3.7907984229003455
 23
-0.7540366885581821
 33
2.8622033921644228
  0
3DFACE
  5
6DF
330
17
100
AcDbEntity
  8
MEMBRANA_3D
100
AcDbFace
 10
-3.7907984229003455
 20
-0.7540366885581821
 30
2.8622033921644228
 11
-4.045399211450173
 21
-0.8046799341453559
 31
2.6793351963196654
 12
-4.044121803699939
 22
-1.2267709372565192
 32
2.6068965242957263
 13
-4.044121803699939
 23
-1.2267709372565192
 33
2.6068965242957263
  0
3DFACE
  5
6E0
330
17
100
AcDbEntity
  8
MEMBRANA_3D
100
AcDbFace
 10
-3.7907984229003455
 20
-0.7540366885581821
 30
2.8622033921644228
 11
-4.044121803699939
 21
-1.2267709372565192
 31
2.6068965242957263
 12
-3.788243607399879
 22
-1.1491511350014674
 32
2.796661670215804
 13
-3.788243607399879
 23
-1.1491511350014674
 33
2.796661670215804
  0
3DFACE
  5
6E1
330
17
100
AcDbEntity
  8
MEMBRANA_3D
100
AcDbFace
 10
-3.788243607399879
 20
-1.1491511350014674
 30
2.796661670215804
 11
-4.044121803699939
 21
-1.2267709372565192
 31
2.6068965242957263
 12
-4.042350689241676
 22
-1.6743964793521302
 32
2.4993128904082376
 13
-4.042350689241676
 23
-1.6743964793521302
 33
2.4993128904082376
  0
3DFACE
  5
6E2
330
17
100
AcDbEntity
  8
MEMBRANA_3D
100
AcDbFace
 10
-3.788243607399879
 20
-1.1491511350014674
 30
2.796661670215804
 11
-4.042350689241676
 21
-1.6743964793521302
 31
2.4993128904082376
 12
-3.784701378483352
 22
-1.567674640499952
 32
2.6993211693277495
 13
-3.784701378483352
 23
-1.567674640499952
 33
2.6993211693277495
  0
3DFACE
  5
6E3
330
17
100
AcDbEntity
  8
MEMBRANA_3D
100
AcDbFace
 10
-3.784701378483352
 20
-1.567674640499952
 30
2.6993211693277495
 11
-4.042350689241676
 21
-1.6743964793521302
 31
2.4993128904082376
 12
-3.727084000037261
 22
-1.9921679026439365
 32
2.6068965242957263
 13
-3.727084000037261
 23
-1.9921679026439365
 33
2.6068965242957263
  0
3DFACE
  5
6E4
330
17
100
AcDbEntity
  8
MEMBRANA_3D
100
AcDbFace
 10
-3.784701378483352
 20
-1.567674640499952
 30
2.6993211693277495
 11
-3.727084000037261
 21
-1.9921679026439365
 31
2.6068965242957263
 12
-3.4912653037467996
 22
-1.8661201834112873
 32
2.796661670215804
 13
-3.4912653037467996
 23
-1.8661201834112873
 33
2.796661670215804
  0
3DFACE
  5
6E5
330
17
100
AcDbEntity
  8
MEMBRANA_3D
100
AcDbFace
 10
-3.4912653037467996
 20
-1.8661201834112873
 30
2.796661670215804
 11
-3.727084000037261
 21
-1.9921679026439365
 31
2.6068965242957263
 12
-3.4295238531420553
 22
-2.2915345769042026
 32
2.6793351963196654
 13
-3.4295238531420553
 23
-2.2915345769042026
 33
2.6793351963196654
  0
3DFACE
  5
6E6
330
17
100
AcDbEntity
  8
MEMBRANA_3D
100
AcDbFace
 10
-3.4912653037467996
 20
-1.8661201834112873
 30
2.796661670215804
 11
-3.4295238531420553
 21
-2.2915345769042026
 31
2.6793351963196654
 12
-3.213683726687044
 22
-2.147314815201164
 32
2.8622033921644228
 13
-3.213683726687044
 23
-2.147314815201164
 33
2.8622033921644228
  0
3DFACE
  5
6E7
330
17
100
AcDbEntity
  8
MEMBRANA_3D
100
AcDbFace
 10
-3.213683726687044
 20
-2.147314815201164
 30
2.8622033921644228
 11
-3.4295238531420553
 21
-2.2915345769042026
 31
2.6793351963196654
 12
-3.142865936411851
 22
-2.579283416431062
 32
2.7211501444065767
 13
-3.142865936411851
 23
-2.579283416431062
 33
2.7211501444065767
  0
3DFACE
  5
6E8
330
17
100
AcDbEntity
  8
MEMBRANA_3D
100
AcDbFace
 10
-3.213683726687044
 20
-2.147314815201164
 30
2.8622033921644228
 11
-3.142865936411851
 21
-2.579283416431062
 31
2.7211501444065767
 12
-2.9457037751510975
 22
-2.417476612330421
 32
2.900037102035617
 13
-2.9457037751510975
 23
-2.417476612330421
 33
2.900037102035617
  0
3DFACE
  5
6E9
330
17
100
AcDbEntity
  8
MEMBRANA_3D
100
AcDbFace
 10
-2.9457037751510975
 20
-2.417476612330421
 30
2.900037102035617
 11
-3.142865936411851
 21
-2.579283416431062
 31
2.7211501444065767
 12
-2.861257082444137
 22
-2.861257082444136
 32
2.734824430403805
 13
-2.861257082444137
 23
-2.861257082444136
 33
2.734824430403805
  0
3DFACE
  5
6EA
330
17
100
AcDbEntity
  8
MEMBRANA_3D
100
AcDbFace
 10
-2.9457037751510975
 20
-2.417476612330421
 30
2.900037102035617
 11
-2.861257082444137
 21
-2.861257082444136
 31
2.734824430403805
 12
-2.68195500578612
 22
-2.681955005786119
 32
2.912409447160608
 13
-2.68195500578612
 23
-2.681955005786119
 33
2.912409447160608
  0
3DFACE
  5
6EB
330
17
100
AcDbEntity
  8
MEMBRANA_3D
100
AcDbFace
 10
-2.68195500578612
 20
-2.681955005786119
 30
2.912409447160608
 11
-2.861257082444137
 21
-2.861257082444136
 31
2.734824430403805
 12
-2.5792834164310645
 22
-3.1428659364118494
 32
2.7211501444065767
 13
-2.5792834164310645
 23
-3.1428659364118494
 33
2.7211501444065767
  0
3DFACE
  5
6EC
330
17
100
AcDbEntity
  8
MEMBRANA_3D
100
AcDbFace
 10
-2.68195500578612
 20
-2.681955005786119
 30
2.912409447160608
 11
-2.5792834164310645
 21
-3.1428659364118494
 31
2.7211501444065767
 12
-2.417476612330424
 22
-2.9457037751510957
 32
2.900037102035617
 13
-2.417476612330424
 23
-2.9457037751510957
 33
2.900037102035617
  0
3DFACE
  5
6ED
330
17
100
AcDbEntity
  8
MEMBRANA_3D
100
AcDbFace
 10
-2.417476612330424
 20
-2.9457037751510957
 30
2.900037102035617
 11
-2.5792834164310645
 21
-3.1428659364118494
 31
2.7211501444065767
 12
-2.2915345769042035
 22
-3.4295238531420544
 32
2.6793351963196654
 13
-2.2915345769042035
 23
-3.4295238531420544
 33
2.6793351963196654
  0
3DFACE
  5
6EE
330
17
100
AcDbEntity
  8
MEMBRANA_3D
100
AcDbFace
 10
-2.417476612330424
 20
-2.9457037751510957
 30
2.900037102035617
 11
-2.2915345769042035
 21
-3.4295238531420544
 31
2.6793351963196654
 12
-2.147314815201165
 22
-3.213683726687043
 32
2.8622033921644228
 13
-2.147314815201165
 23
-3.213683726687043
 33
2.8622033921644228
  0
3DFACE
  5
6EF
330
17
100
AcDbEntity
  8
MEMBRANA_3D
100
AcDbFace
 10
-2.147314815201165
 20
-3.213683726687043
 30
2.8622033921644228
 11
-2.2915345769042035
 21
-3.4295238531420544
 31
2.6793351963196654
 12
-1.9921679026439376
 22
-3.7270840000372605
 32
2.6068965242957263
 13
-1.9921679026439376
 23
-3.7270840000372605
 33
2.6068965242957263
  0
3DFACE
  5
6F0
330
17
100
AcDbEntity
  8
MEMBRANA_3D
100
AcDbFace
 10
-2.147314815201165
 20
-3.213683726687043
 30
2.8622033921644228
 11
-1.9921679026439376
 21
-3.7270840000372605
 31
2.6068965242957263
 12
-1.8661201834112882
 22
-3.491265303746799
 32
2.796661670215804
 13
-1.8661201834112882
 23
-3.491265303746799
 33
2.796661670215804
  0
3DFACE
  5
6F1
330
17
100
AcDbEntity
  8
MEMBRANA_3D
100
AcDbFace
 10
-1.8661201834112882
 20
-3.491265303746799
 30
2.796661670215804
 11
-1.9921679026439376
 21
-3.7270840000372605
 31
2.6068965242957263
 12
-1.6743964793521329
 22
-4.042350689241674
 32
2.4993128904082385
 13
-1.6743964793521329
 23
-4.042350689241674
 33
2.4993128904082385
  0
3DFACE
  5
6F2
330
17
100
AcDbEntity
  8
MEMBRANA_3D
100
AcDbFace
 10
-1.8661201834112882
 20
-3.491265303746799
 30
2.796661670215804
 11
-1.6743964793521329
 21
-4.042350689241674
 31
2.4993128904082385
 12
-1.5676746404999549
 22
-3.7847013784833505
 32
2.6993211693277495
 13
-1.5676746404999549
 23
-3.7847013784833505
 33
2.6993211693277495
  0
3DFACE
  5
6F3
330
17
100
AcDbEntity
  8
MEMBRANA_3D
100
AcDbFace
 10
-1.5676746404999549
 20
-3.7847013784833505
 30
2.6993211693277495
 11
-1.6743964793521329
 21
-4.042350689241674
 31
2.4993128904082385
 12
-1.2267709372565205
 22
-4.044121803699939
 32
2.6068965242957263
 13
-1.2267709372565205
 23
-4.044121803699939
 33
2.6068965242957263
  0
3DFACE
  5
6F4
330
17
100
AcDbEntity
  8
MEMBRANA_3D
100
AcDbFace
 10
-1.5676746404999549
 20
-3.7847013784833505
 30
2.6993211693277495
 11
-1.2267709372565205
 21
-4.044121803699939
 31
2.6068965242957263
 12
-1.1491511350014687
 22
-3.7882436073998784
 32
2.796661670215804
 13
-1.1491511350014687
 23
-3.7882436073998784
 33
2.796661670215804
  0
3DFACE
  5
6F5
330
17
100
AcDbEntity
  8
MEMBRANA_3D
100
AcDbFace
 10
-1.1491511350014687
 20
-3.7882436073998784
 30
2.796661670215804
 11
-1.2267709372565205
 21
-4.044121803699939
 31
2.6068965242957263
 12
-0.8046799341453572
 22
-4.045399211450172
 32
2.6793351963196654
 13
-0.8046799341453572
 23
-4.045399211450172
 33
2.6793351963196654
  0
3DFACE
  5
6F6
330
17
100
AcDbEntity
  8
MEMBRANA_3D
100
AcDbFace
 10
-1.1491511350014687
 20
-3.7882436073998784
 30
2.796661670215804
 11
-0.8046799341453572
 21
-4.045399211450172
 31
2.6793351963196654
 12
-0.7540366885581833
 22
-3.790798422900345
 32
2.8622033921644228
 13
-0.7540366885581833
 23
-3.790798422900345
 33
2.8622033921644228
  0
3DFACE
  5
6F7
330
17
100
AcDbEntity
  8
MEMBRANA_3D
100
AcDbFace
 10
-0.7540366885581833
 20
-3.790798422900345
 30
2.8622033921644228
 11
-0.8046799341453572
 21
-4.045399211450172
 31
2.6793351963196654
 12
-0.39851302163661734
 22
-4.046170610357438
 32
2.7211501444065767
 13
-0.39851302163661734
 23
-4.046170610357438
 33
2.7211501444065767
  0
3DFACE
  5
6F8
330
17
100
AcDbEntity
  8
MEMBRANA_3D
100
AcDbFace
 10
-0.7540366885581833
 20
-3.790798422900345
 30
2.8622033921644228
 11
-0.39851302163661734
 21
-4.046170610357438
 31
2.7211501444065767
 12
-0.3735130088374291
 22
-3.792341220714878
 32
2.900037102035617
 13
-0.3735130088374291
 23
-3.792341220714878
 33
2.900037102035617
  0
3DFACE
  5
6F9
330
17
100
AcDbEntity
  8
MEMBRANA_3D
100
AcDbFace
 10
-0.3735130088374291
 20
-3.792341220714878
 30
2.900037102035617
 11
-0.39851302163661734
 21
-4.046170610357438
 31
2.7211501444065767
 12
-7.433168696967594e-16
 22
-4.046428571428571
 32
2.734824430403805
 13
-7.433168696967594e-16
 23
-4.046428571428571
 33
2.734824430403805
  0
3DFACE
  5
6FA
330
17
100
AcDbEntity
  8
MEMBRANA_3D
100
AcDbFace
 10
-0.3735130088374291
 20
-3.792341220714878
 30
2.900037102035617
 11
-7.433168696967594e-16
 21
-4.046428571428571
 31
2.734824430403805
 12
-6.967365539434762e-16
 22
-3.7928571428571427
 32
2.912409447160608
 13
-6.967365539434762e-16
 23
-3.7928571428571427
 33
2.912409447160608
  0
3DFACE
  5
6FB
330
17
100
AcDbEntity
  8
MEMBRANA_3D
100
AcDbFace
 10
-6.967365539434762e-16
 20
-3.7928571428571427
 30
2.912409447160608
 11
-7.433168696967594e-16
 21
-4.046428571428571
 31
2.734824430403805
 12
0.3985130216366159
 22
-4.046170610357438
 32
2.7211501444065767
 13
0.3985130216366159
 23
-4.046170610357438
 33
2.7211501444065767
  0
3DFACE
  5
6FC
330
17
100
AcDbEntity
  8
MEMBRANA_3D
100
AcDbFace
 10
-6.967365539434762e-16
 20
-3.7928571428571427
 30
2.912409447160608
 11
0.3985130216366159
 21
-4.046170610357438
 31
2.7211501444065767
 12
0.3735130088374277
 22
-3.792341220714878
 32
2.900037102035617
 13
0.3735130088374277
 23
-3.792341220714878
 33
2.900037102035617
  0
3DFACE
  5
6FD
330
17
100
AcDbEntity
  8
MEMBRANA_3D
100
AcDbFace
 10
0.3735130088374277
 20
-3.792341220714878
 30
2.900037102035617
 11
0.3985130216366159
 21
-4.046170610357438
 31
2.7211501444065767
 12
0.8046799341453559
 22
-4.045399211450174
 32
2.6793351963196645
 13
0.8046799341453559
 23
-4.045399211450174
 33
2.6793351963196645
  0
3DFACE
  5
6FE
330
17
100
AcDbEntity
  8
MEMBRANA_3D
100
AcDbFace
 10
0.3735130088374277
 20
-3.792341220714878
 30
2.900037102035617
 11
0.8046799341453559
 21
-4.045399211450174
 31
2.6793351963196645
 12
0.7540366885581821
 22
-3.7907984229003464
 32
2.8622033921644228
 13
0.7540366885581821
 23
-3.7907984229003464
 33
2.8622033921644228
  0
3DFACE
  5
6FF
330
17
100
AcDbEntity
  8
MEMBRANA_3D
100
AcDbFace
 10
0.7540366885581821
 20
-3.7907984229003464
 30
2.8622033921644228
 11
0.8046799341453559
 21
-4.045399211450174
 31
2.6793351963196645
 12
1.2267709372565194
 22
-4.044121803699941
 32
2.606896524295725
 13
1.2267709372565194
 23
-4.044121803699941
 33
2.606896524295725
  0
3DFACE
  5
700
330
17
100
AcDbEntity
  8
MEMBRANA_3D
100
AcDbFace
 10
0.7540366885581821
 20
-3.7907984229003464
 30
2.8622033921644228
 11
1.2267709372565194
 21
-4.044121803699941
 31
2.606896524295725
 12
1.1491511350014674
 22
-3.7882436073998798
 32
2.7966616702158036
 13
1.1491511350014674
 23
-3.7882436073998798
 33
2.7966616702158036
  0
3DFACE
  5
701
330
17
100
AcDbEntity
  8
MEMBRANA_3D
100
AcDbFace
 10
1.1491511350014674
 20
-3.7882436073998798
 30
2.7966616702158036
 11
1.2267709372565194
 21
-4.044121803699941
 31
2.606896524295725
 12
1.6743964793521318
 22
-4.042350689241675
 32
2.4993128904082376
 13
1.6743964793521318
 23
-4.042350689241675
 33
2.4993128904082376
  0
3DFACE
  5
702
330
17
100
AcDbEntity
  8
MEMBRANA_3D
100
AcDbFace
 10
1.1491511350014674
 20
-3.7882436073998798
 30
2.7966616702158036
 11
1.6743964793521318
 21
-4.042350689241675
 31
2.4993128904082376
 12
1.5676746404999533
 22
-3.784701378483351
 32
2.6993211693277495
 13
1.5676746404999533
 23
-3.784701378483351
 33
2.6993211693277495
  0
3DFACE
  5
703
330
17
100
AcDbEntity
  8
MEMBRANA_3D
100
AcDbFace
 10
1.5676746404999533
 20
-3.784701378483351
 30
2.6993211693277495
 11
1.6743964793521318
 21
-4.042350689241675
 31
2.4993128904082376
 12
1.9921679026439372
 22
-3.7270840000372623
 32
2.606896524295725
 13
1.9921679026439372
 23
-3.7270840000372623
 33
2.606896524295725
  0
3DFACE
  5
704
330
17
100
AcDbEntity
  8
MEMBRANA_3D
100
AcDbFace
 10
1.5676746404999533
 20
-3.784701378483351
 30
2.6993211693277495
 11
1.9921679026439372
 21
-3.7270840000372623
 31
2.606896524295725
 12
1.8661201834112875
 22
-3.4912653037468004
 32
2.7966616702158036
 13
1.8661201834112875
 23
-3.4912653037468004
 33
2.7966616702158036
  0
3DFACE
  5
705
330
17
100
AcDbEntity
  8
MEMBRANA_3D
100
AcDbFace
 10
1.8661201834112875
 20
-3.4912653037468004
 30
2.7966616702158036
 11
1.9921679026439372
 21
-3.7270840000372623
 31
2.606896524295725
 12
2.2915345769042026
 22
-3.429523853142056
 32
2.6793351963196645
 13
2.2915345769042026
 23
-3.429523853142056
 33
2.6793351963196645
  0
3DFACE
  5
706
330
17
100
AcDbEntity
  8
MEMBRANA_3D
100
AcDbFace
 10
1.8661201834112875
 20
-3.4912653037468004
 30
2.7966616702158036
 11
2.2915345769042026
 21
-3.429523853142056
 31
2.6793351963196645
 12
2.147314815201164
 22
-3.213683726687045
 32
2.8622033921644228
 13
2.147314815201164
 23
-3.213683726687045
 33
2.8622033921644228
  0
3DFACE
  5
707
330
17
100
AcDbEntity
  8
MEMBRANA_3D
100
AcDbFace
 10
2.147314815201164
 20
-3.213683726687045
 30
2.8622033921644228
 11
2.2915345769042026
 21
-3.429523853142056
 31
2.6793351963196645
 12
2.579283416431063
 22
-3.1428659364118503
 32
2.7211501444065767
 13
2.579283416431063
 23
-3.1428659364118503
 33
2.7211501444065767
  0
3DFACE
  5
708
330
17
100
AcDbEntity
  8
MEMBRANA_3D
100
AcDbFace
 10
2.147314815201164
 20
-3.213683726687045
 30
2.8622033921644228
 11
2.579283416431063
 21
-3.1428659364118503
 31
2.7211501444065767
 12
2.4174766123304225
 22
-2.9457037751510966
 32
2.900037102035617
 13
2.4174766123304225
 23
-2.9457037751510966
 33
2.900037102035617
  0
3DFACE
  5
709
330
17
100
AcDbEntity
  8
MEMBRANA_3D
100
AcDbFace
 10
2.4174766123304225
 20
-2.9457037751510966
 30
2.900037102035617
 11
2.579283416431063
 21
-3.1428659364118503
 31
2.7211501444065767
 12
2.8612570824441357
 22
-2.861257082444137
 32
2.734824430403805
 13
2.8612570824441357
 23
-2.861257082444137
 33
2.734824430403805
  0
3DFACE
  5
70A
330
17
100
AcDbEntity
  8
MEMBRANA_3D
100
AcDbFace
 10
2.4174766123304225
 20
-2.9457037751510966
 30
2.900037102035617
 11
2.8612570824441357
 21
-2.861257082444137
 31
2.734824430403805
 12
2.6819550057861186
 22
-2.68195500578612
 32
2.912409447160608
 13
2.6819550057861186
 23
-2.68195500578612
 33
2.912409447160608
  0
3DFACE
  5
70B
330
17
100
AcDbEntity
  8
MEMBRANA_3D
100
AcDbFace
 10
2.6819550057861186
 20
-2.68195500578612
 30
2.912409447160608
 11
2.8612570824441357
 21
-2.861257082444137
 31
2.734824430403805
 12
3.1428659364118494
 22
-2.5792834164310645
 32
2.7211501444065767
 13
3.1428659364118494
 23
-2.5792834164310645
 33
2.7211501444065767
  0
3DFACE
  5
70C
330
17
100
AcDbEntity
  8
MEMBRANA_3D
100
AcDbFace
 10
2.6819550057861186
 20
-2.68195500578612
 30
2.912409447160608
 11
3.1428659364118494
 21
-2.5792834164310645
 31
2.7211501444065767
 12
2.9457037751510957
 22
-2.417476612330424
 32
2.900037102035617
 13
2.9457037751510957
 23
-2.417476612330424
 33
2.900037102035617
  0
3DFACE
  5
70D
330
17
100
AcDbEntity
  8
MEMBRANA_3D
100
AcDbFace
 10
2.9457037751510957
 20
-2.417476612330424
 30
2.900037102035617
 11
3.1428659364118494
 21
-2.5792834164310645
 31
2.7211501444065767
 12
3.4295238531420544
 22
-2.2915345769042035
 32
2.6793351963196654
 13
3.4295238531420544
 23
-2.2915345769042035
 33
2.6793351963196654
  0
3DFACE
  5
70E
330
17
100
AcDbEntity
  8
MEMBRANA_3D
100
AcDbFace
 10
2.9457037751510957
 20
-2.417476612330424
 30
2.900037102035617
 11
3.4295238531420544
 21
-2.2915345769042035
 31
2.6793351963196654
 12
3.213683726687043
 22
-2.147314815201165
 32
2.8622033921644228
 13
3.213683726687043
 23
-2.147314815201165
 33
2.8622033921644228
  0
3DFACE
  5
70F
330
17
100
AcDbEntity
  8
MEMBRANA_3D
100
AcDbFace
 10
3.213683726687043
 20
-2.147314815201165
 30
2.8622033921644228
 11
3.4295238531420544
 21
-2.2915345769042035
 31
2.6793351963196654
 12
3.72708400003726
 22
-1.9921679026439378
 32
2.6068965242957263
 13
3.72708400003726
 23
-1.9921679026439378
 33
2.6068965242957263
  0
3DFACE
  5
710
330
17
100
AcDbEntity
  8
MEMBRANA_3D
100
AcDbFace
 10
3.213683726687043
 20
-2.147314815201165
 30
2.8622033921644228
 11
3.72708400003726
 21
-1.9921679026439378
 31
2.6068965242957263
 12
3.4912653037467987
 22
-1.8661201834112884
 32
2.796661670215804
 13
3.4912653037467987
 23
-1.8661201834112884
 33
2.796661670215804
  0
3DFACE
  5
711
330
17
100
AcDbEntity
  8
MEMBRANA_3D
100
AcDbFace
 10
3.4912653037467987
 20
-1.8661201834112884
 30
2.796661670215804
 11
3.72708400003726
 21
-1.9921679026439378
 31
2.6068965242957263
 12
4.042350689241674
 22
-1.674396479352133
 32
2.4993128904082385
 13
4.042350689241674
 23
-1.674396479352133
 33
2.4993128904082385
  0
3DFACE
  5
712
330
17
100
AcDbEntity
  8
MEMBRANA_3D
100
AcDbFace
 10
3.4912653037467987
 20
-1.8661201834112884
 30
2.796661670215804
 11
4.042350689241674
 21
-1.674396479352133
 31
2.4993128904082385
 12
3.7847013784833505
 22
-1.567674640499955
 32
2.6993211693277495
 13
3.7847013784833505
 23
-1.567674640499955
 33
2.6993211693277495
  0
3DFACE
  5
713
330
17
100
AcDbEntity
  8
MEMBRANA_3D
100
AcDbFace
 10
3.7847013784833505
 20
-1.567674640499955
 30
2.6993211693277495
 11
4.042350689241674
 21
-1.674396479352133
 31
2.4993128904082385
 12
4.044121803699939
 22
-1.2267709372565208
 32
2.6068965242957263
 13
4.044121803699939
 23
-1.2267709372565208
 33
2.6068965242957263
  0
3DFACE
  5
714
330
17
100
AcDbEntity
  8
MEMBRANA_3D
100
AcDbFace
 10
3.7847013784833505
 20
-1.567674640499955
 30
2.6993211693277495
 11
4.044121803699939
 21
-1.2267709372565208
 31
2.6068965242957263
 12
3.7882436073998784
 22
-1.149151135001469
 32
2.796661670215804
 13
3.7882436073998784
 23
-1.149151135001469
 33
2.796661670215804
  0
3DFACE
  5
715
330
17
100
AcDbEntity
  8
MEMBRANA_3D
100
AcDbFace
 10
3.7882436073998784
 20
-1.149151135001469
 30
2.796661670215804
 11
4.044121803699939
 21
-1.2267709372565208
 31
2.6068965242957263
 12
4.045399211450172
 22
-0.8046799341453574
 32
2.6793351963196654
 13
4.045399211450172
 23
-0.8046799341453574
 33
2.6793351963196654
  0
3DFACE
  5
716
330
17
100
AcDbEntity
  8
MEMBRANA_3D
100
AcDbFace
 10
3.7882436073998784
 20
-1.149151135001469
 30
2.796661670215804
 11
4.045399211450172
 21
-0.8046799341453574
 31
2.6793351963196654
 12
3.790798422900345
 22
-0.7540366885581835
 32
2.8622033921644228
 13
3.790798422900345
 23
-0.7540366885581835
 33
2.8622033921644228
  0
3DFACE
  5
717
330
17
100
AcDbEntity
  8
MEMBRANA_3D
100
AcDbFace
 10
3.790798422900345
 20
-0.7540366885581835
 30
2.8622033921644228
 11
4.045399211450172
 21
-0.8046799341453574
 31
2.6793351963196654
 12
4.046170610357438
 22
-0.39851302163661756
 32
2.7211501444065767
 13
4.046170610357438
 23
-0.39851302163661756
 33
2.7211501444065767
  0
3DFACE
  5
718
330
17
100
AcDbEntity
  8
MEMBRANA_3D
100
AcDbFace
 10
3.790798422900345
 20
-0.7540366885581835
 30
2.8622033921644228
 11
4.046170610357438
 21
-0.39851302163661756
 31
2.7211501444065767
 12
3.792341220714878
 22
-0.37351300883742933
 32
2.900037102035617
 13
3.792341220714878
 23
-0.37351300883742933
 33
2.900037102035617
  0
3DFACE
  5
719
330
17
100
AcDbEntity
  8
MEMBRANA_3D
100
AcDbFace
 10
3.792341220714878
 20
-0.37351300883742933
 30
2.900037102035617
 11
4.046170610357438
 21
-0.39851302163661756
 31
2.7211501444065767
 12
4.046428571428571
 22
0.0
 32
2.734824430403805
 13
4.046428571428571
 23
0.0
 33
2.734824430403805
  0
3DFACE
  5
71A
330
17
100
AcDbEntity
  8
MEMBRANA_3D
100
AcDbFace
 10
3.792341220714878
 20
-0.37351300883742933
 30
2.900037102035617
 11
4.046428571428571
 21
0.0
 31
2.734824430403805
 12
3.7928571428571427
 22
0.0
 32
2.912409447160608
 13
3.7928571428571427
 23
0.0
 33
2.912409447160608
  0
3DFACE
  5
71B
330
17
100
AcDbEntity
  8
MEMBRANA_3D
100
AcDbFace
 10
4.046428571428571
 20
0.0
 30
2.734824430403805
 11
4.3
 21
0.0
 31
2.35
 12
4.3
 22
0.42351303443580623
 32
2.35
 13
4.3
 23
0.42351303443580623
 33
2.35
  0
3DFACE
  5
71C
330
17
100
AcDbEntity
  8
MEMBRANA_3D
100
AcDbFace
 10
4.046428571428571
 20
0.0
 30
2.734824430403805
 11
4.3
 21
0.42351303443580623
 31
2.35
 12
4.046170610357438
 22
0.39851302163661795
 32
2.7211501444065767
 13
4.046170610357438
 23
0.39851302163661795
 33
2.7211501444065767
  0
3DFACE
  5
71D
330
17
100
AcDbEntity
  8
MEMBRANA_3D
100
AcDbFace
 10
4.046170610357438
 20
0.39851302163661795
 30
2.7211501444065767
 11
4.3
 21
0.42351303443580623
 31
2.35
 12
4.3
 22
0.8553231797325292
 32
2.35
 13
4.3
 23
0.8553231797325292
 33
2.35
  0
3DFACE
  5
71E
330
17
100
AcDbEntity
  8
MEMBRANA_3D
100
AcDbFace
 10
4.046170610357438
 20
0.39851302163661795
 30
2.7211501444065767
 11
4.3
 21
0.8553231797325292
 31
2.35
 12
4.045399211450173
 22
0.8046799341453554
 32
2.6793351963196654
 13
4.045399211450173
 23
0.8046799341453554
 33
2.6793351963196654
  0
3DFACE
  5
71F
330
17
100
AcDbEntity
  8
MEMBRANA_3D
100
AcDbFace
 10
4.045399211450173
 20
0.8046799341453554
 30
2.6793351963196654
 11
4.3
 21
0.8553231797325292
 31
2.35
 12
4.3
 22
1.3043907395115721
 32
2.35
 13
4.3
 23
1.3043907395115721
 33
2.35
  0
3DFACE
  5
720
330
17
100
AcDbEntity
  8
MEMBRANA_3D
100
AcDbFace
 10
4.045399211450173
 20
0.8046799341453554
 30
2.6793351963196654
 11
4.3
 21
1.3043907395115721
 31
2.35
 12
4.044121803699941
 22
1.2267709372565205
 32
2.606896524295725
 13
4.044121803699941
 23
1.2267709372565205
 33
2.606896524295725
  0
3DFACE
  5
721
330
17
100
AcDbEntity
  8
MEMBRANA_3D
100
AcDbFace
 10
4.044121803699941
 20
1.2267709372565205
 30
2.606896524295725
 11
4.3
 21
1.3043907395115721
 31
2.35
 12
4.3
 22
1.7811183182043087
 32
2.35
 13
4.3
 23
1.7811183182043087
 33
2.35
  0
3DFACE
  5
722
330
17
100
AcDbEntity
  8
MEMBRANA_3D
100
AcDbFace
 10
4.044121803699941
 20
1.2267709372565205
 30
2.606896524295725
 11
4.3
 21
1.7811183182043087
 31
2.35
 12
4.042350689241676
 22
1.6743964793521307
 32
2.4993128904082376
 13
4.042350689241676
 23
1.6743964793521307
 33
2.4993128904082376
  0
3DFACE
  5
723
330
17
100
AcDbEntity
  8
MEMBRANA_3D
100
AcDbFace
 10
4.042350689241676
 20
1.6743964793521307
 30
2.4993128904082376
 11
4.3
 21
1.7811183182043087
 31
2.35
 12
3.9629026963277227
 22
2.1182156218765864
 32
2.35
 13
3.9629026963277227
 23
2.1182156218765864
 33
2.35
  0
3DFACE
  5
724
330
17
100
AcDbEntity
  8
MEMBRANA_3D
100
AcDbFace
 10
4.042350689241676
 20
1.6743964793521307
 30
2.4993128904082376
 11
3.9629026963277227
 21
2.1182156218765864
 31
2.35
 12
3.7270840000372623
 22
1.9921679026439374
 32
2.606896524295725
 13
3.7270840000372623
 23
1.9921679026439374
 33
2.606896524295725
  0
3DFACE
  5
725
330
17
100
AcDbEntity
  8
MEMBRANA_3D
100
AcDbFace
 10
3.7270840000372623
 20
1.9921679026439374
 30
2.606896524295725
 11
3.9629026963277227
 21
2.1182156218765864
 31
2.35
 12
3.645363979597066
 22
2.435754338607242
 32
2.35
 13
3.645363979597066
 23
2.435754338607242
 33
2.35
  0
3DFACE
  5
726
330
17
100
AcDbEntity
  8
MEMBRANA_3D
100
AcDbFace
 10
3.7270840000372623
 20
1.9921679026439374
 30
2.606896524295725
 11
3.645363979597066
 21
2.435754338607242
 31
2.35
 12
3.4295238531420544
 22
2.2915345769042035
 32
2.6793351963196654
 13
3.4295238531420544
 23
2.2915345769042035
 33
2.6793351963196654
  0
3DFACE
  5
727
330
17
100
AcDbEntity
  8
MEMBRANA_3D
100
AcDbFace
 10
3.4295238531420544
 20
2.2915345769042035
 30
2.6793351963196654
 11
3.645363979597066
 21
2.435754338607242
 31
2.35
 12
3.3400280976726044
 22
2.7410902205317034
 32
2.35
 13
3.3400280976726044
 23
2.7410902205317034
 33
2.35
  0
3DFACE
  5
728
330
17
100
AcDbEntity
  8
MEMBRANA_3D
100
AcDbFace
 10
3.4295238531420544
 20
2.2915345769042035
 30
2.6793351963196654
 11
3.3400280976726044
 21
2.7410902205317034
 31
2.35
 12
3.1428659364118507
 22
2.5792834164310627
 32
2.7211501444065767
 13
3.1428659364118507
 23
2.5792834164310627
 33
2.7211501444065767
  0
3DFACE
  5
729
330
17
100
AcDbEntity
  8
MEMBRANA_3D
100
AcDbFace
 10
3.1428659364118507
 20
2.5792834164310627
 30
2.7211501444065767
 11
3.3400280976726044
 21
2.7410902205317034
 31
2.35
 12
3.0405591591021546
 22
3.040559159102154
 32
2.35
 13
3.0405591591021546
 23
3.040559159102154
 33
2.35
  0
3DFACE
  5
72A
330
17
100
AcDbEntity
  8
MEMBRANA_3D
100
AcDbFace
 10
3.1428659364118507
 20
2.5792834164310627
 30
2.7211501444065767
 11
3.0405591591021546
 21
3.040559159102154
 31
2.35
 12
2.8612570824441366
 22
2.861257082444136
 32
2.734824430403805
 13
2.8612570824441366
 23
2.861257082444136
 33
2.734824430403805
  0
3DFACE
  5
72B
330
17
100
AcDbEntity
  8
MEMBRANA_3D
100
AcDbFace
 10
2.8612570824441366
 20
2.861257082444136
 30
2.734824430403805
 11
3.0405591591021546
 21
3.040559159102154
 31
2.35
 12
2.7410902205317034
 22
3.3400280976726044
 32
2.35
 13
2.7410902205317034
 23
3.3400280976726044
 33
2.35
  0
3DFACE
  5
72C
330
17
100
AcDbEntity
  8
MEMBRANA_3D
100
AcDbFace
 10
2.8612570824441366
 20
2.861257082444136
 30
2.734824430403805
 11
2.7410902205317034
 21
3.3400280976726044
 31
2.35
 12
2.5792834164310627
 22
3.1428659364118507
 32
2.7211501444065767
 13
2.5792834164310627
 23
3.1428659364118507
 33
2.7211501444065767
  0
3DFACE
  5
72D
330
17
100
AcDbEntity
  8
MEMBRANA_3D
100
AcDbFace
 10
2.5792834164310627
 20
3.1428659364118507
 30
2.7211501444065767
 11
2.7410902205317034
 21
3.3400280976726044
 31
2.35
 12
2.4357543386072424
 22
3.645363979597066
 32
2.35
 13
2.4357543386072424
 23
3.645363979597066
 33
2.35
  0
3DFACE
  5
72E
330
17
100
AcDbEntity
  8
MEMBRANA_3D
100
AcDbFace
 10
2.5792834164310627
 20
3.1428659364118507
 30
2.7211501444065767
 11
2.4357543386072424
 21
3.645363979597066
 31
2.35
 12
2.291534576904204
 22
3.4295238531420544
 32
2.6793351963196654
 13
2.291534576904204
 23
3.4295238531420544
 33
2.6793351963196654
  0
3DFACE
  5
72F
330
17
100
AcDbEntity
  8
MEMBRANA_3D
100
AcDbFace
 10
2.291534576904204
 20
3.4295238531420544
 30
2.6793351963196654
 11
2.4357543386072424
 21
3.645363979597066
 31
2.35
 12
2.1182156218765864
 22
3.962902696327722
 32
2.35
 13
2.1182156218765864
 23
3.962902696327722
 33
2.35
  0
3DFACE
  5
730
330
17
100
AcDbEntity
  8
MEMBRANA_3D
100
AcDbFace
 10
2.291534576904204
 20
3.4295238531420544
 30
2.6793351963196654
 11
2.1182156218765864
 21
3.962902696327722
 31
2.35
 12
1.9921679026439372
 22
3.7270840000372605
 32
2.6068965242957263
 13
1.9921679026439372
 23
3.7270840000372605
 33
2.6068965242957263
  0
3DFACE
  5
731
330
17
100
AcDbEntity
  8
MEMBRANA_3D
100
AcDbFace
 10
1.9921679026439372
 20
3.7270840000372605
 30
2.6068965242957263
 11
2.1182156218765864
 21
3.962902696327722
 31
2.35
 12
1.7811183182043089
 22
4.3
 32
2.35
 13
1.7811183182043089
 23
4.3
 33
2.35
  0
3DFACE
  5
732
330
17
100
AcDbEntity
  8
MEMBRANA_3D
100
AcDbFace
 10
1.9921679026439372
 20
3.7270840000372605
 30
2.6068965242957263
 11
1.7811183182043089
 21
4.3
 31
2.35
 12
1.6743964793521309
 22
4.042350689241676
 32
2.4993128904082376
 13
1.6743964793521309
 23
4.042350689241676
 33
2.4993128904082376
  0
3DFACE
  5
733
330
17
100
AcDbEntity
  8
MEMBRANA_3D
100
AcDbFace
 10
1.6743964793521309
 20
4.042350689241676
 30
2.4993128904082376
 11
1.7811183182043089
 21
4.3
 31
2.35
 12
1.304390739511572
 22
4.3
 32
2.35
 13
1.304390739511572
 23
4.3
 33
2.35
  0
3DFACE
  5
734
330
17
100
AcDbEntity
  8
MEMBRANA_3D
100
AcDbFace
 10
1.6743964793521309
 20
4.042350689241676
 30
2.4993128904082376
 11
1.304390739511572
 21
4.3
 31
2.35
 12
1.22677093725652
 22
4.044121803699939
 32
2.6068965242957263
 13
1.22677093725652
 23
4.044121803699939
 33
2.6068965242957263
  0
3DFACE
  5
735
330
17
100
AcDbEntity
  8
MEMBRANA_3D
100
AcDbFace
 10
1.22677093725652
 20
4.044121803699939
 30
2.6068965242957263
 11
1.304390739511572
 21
4.3
 31
2.35
 12
0.8553231797325296
 22
4.3
 32
2.35
 13
0.8553231797325296
 23
4.3
 33
2.35
  0
3DFACE
  5
736
330
17
100
AcDbEntity
  8
MEMBRANA_3D
100
AcDbFace
 10
1.22677093725652
 20
4.044121803699939
 30
2.6068965242957263
 11
0.8553231797325296
 21
4.3
 31
2.35
 12
0.8046799341453558
 22
4.045399211450173
 32
2.6793351963196654
 13
0.8046799341453558
 23
4.045399211450173
 33
2.6793351963196654
  0
3DFACE
  5
737
330
17
100
AcDbEntity
  8
MEMBRANA_3D
100
AcDbFace
 10
0.8046799341453558
 20
4.045399211450173
 30
2.6793351963196654
 11
0.8553231797325296
 21
4.3
 31
2.35
 12
0.42351303443580696
 22
4.299999999999999
 32
2.35
 13
0.42351303443580696
 23
4.299999999999999
 33
2.35
  0
3DFACE
  5
738
330
17
100
AcDbEntity
  8
MEMBRANA_3D
100
AcDbFace
 10
0.8046799341453558
 20
4.045399211450173
 30
2.6793351963196654
 11
0.42351303443580696
 21
4.299999999999999
 31
2.35
 12
0.39851302163661867
 22
4.046170610357438
 32
2.7211501444065767
 13
0.39851302163661867
 23
4.046170610357438
 33
2.7211501444065767
  0
3DFACE
  5
739
330
17
100
AcDbEntity
  8
MEMBRANA_3D
100
AcDbFace
 10
0.39851302163661867
 20
4.046170610357438
 30
2.7211501444065767
 11
0.42351303443580696
 21
4.299999999999999
 31
2.35
 12
2.632990618166809e-16
 22
4.3
 32
2.35
 13
2.632990618166809e-16
 23
4.3
 33
2.35
  0
3DFACE
  5
73A
330
17
100
AcDbEntity
  8
MEMBRANA_3D
100
AcDbFace
 10
0.39851302163661867
 20
4.046170610357438
 30
2.7211501444065767
 11
2.632990618166809e-16
 21
4.3
 31
2.35
 12
2.477722898989198e-16
 22
4.046428571428571
 32
2.734824430403805
 13
2.477722898989198e-16
 23
4.046428571428571
 33
2.734824430403805
  0
3DFACE
  5
73B
330
17
100
AcDbEntity
  8
MEMBRANA_3D
100
AcDbFace
 10
2.477722898989198e-16
 20
4.046428571428571
 30
2.734824430403805
 11
2.632990618166809e-16
 21
4.3
 31
2.35
 12
-0.4235130344358064
 22
4.3
 32
2.35
 13
-0.4235130344358064
 23
4.3
 33
2.35
  0
3DFACE
  5
73C
330
17
100
AcDbEntity
  8
MEMBRANA_3D
100
AcDbFace
 10
2.477722898989198e-16
 20
4.046428571428571
 30
2.734824430403805
 11
-0.4235130344358064
 21
4.3
 31
2.35
 12
-0.3985130216366181
 22
4.046170610357438
 32
2.7211501444065767
 13
-0.3985130216366181
 23
4.046170610357438
 33
2.7211501444065767
  0
3DFACE
  5
73D
330
17
100
AcDbEntity
  8
MEMBRANA_3D
100
AcDbFace
 10
-0.3985130216366181
 20
4.046170610357438
 30
2.7211501444065767
 11
-0.4235130344358064
 21
4.3
 31
2.35
 12
-0.855323179732529
 22
4.3
 32
2.35
 13
-0.855323179732529
 23
4.3
 33
2.35
  0
3DFACE
  5
73E
330
17
100
AcDbEntity
  8
MEMBRANA_3D
100
AcDbFace
 10
-0.3985130216366181
 20
4.046170610357438
 30
2.7211501444065767
 11
-0.855323179732529
 21
4.3
 31
2.35
 12
-0.8046799341453552
 22
4.045399211450173
 32
2.6793351963196654
 13
-0.8046799341453552
 23
4.045399211450173
 33
2.6793351963196654
  0
3DFACE
  5
73F
330
17
100
AcDbEntity
  8
MEMBRANA_3D
100
AcDbFace
 10
-0.8046799341453552
 20
4.045399211450173
 30
2.6793351963196654
 11
-0.855323179732529
 21
4.3
 31
2.35
 12
-1.3043907395115713
 22
4.3
 32
2.35
 13
-1.3043907395115713
 23
4.3
 33
2.35
  0
3DFACE
  5
740
330
17
100
AcDbEntity
  8
MEMBRANA_3D
100
AcDbFace
 10
-0.8046799341453552
 20
4.045399211450173
 30
2.6793351963196654
 11
-1.3043907395115713
 21
4.3
 31
2.35
 12
-1.2267709372565194
 22
4.044121803699939
 32
2.6068965242957263
 13
-1.2267709372565194
 23
4.044121803699939
 33
2.6068965242957263
  0
3DFACE
  5
741
330
17
100
AcDbEntity
  8
MEMBRANA_3D
100
AcDbFace
 10
-1.2267709372565194
 20
4.044121803699939
 30
2.6068965242957263
 11
-1.3043907395115713
 21
4.3
 31
2.35
 12
-1.7811183182043084
 22
4.3
 32
2.35
 13
-1.7811183182043084
 23
4.3
 33
2.35
  0
3DFACE
  5
742
330
17
100
AcDbEntity
  8
MEMBRANA_3D
100
AcDbFace
 10
-1.2267709372565194
 20
4.044121803699939
 30
2.6068965242957263
 11
-1.7811183182043084
 21
4.3
 31
2.35
 12
-1.6743964793521304
 22
4.042350689241676
 32
2.4993128904082376
 13
-1.6743964793521304
 23
4.042350689241676
 33
2.4993128904082376
  0
3DFACE
  5
743
330
17
100
AcDbEntity
  8
MEMBRANA_3D
100
AcDbFace
 10
-1.6743964793521304
 20
4.042350689241676
 30
2.4993128904082376
 11
-1.7811183182043084
 21
4.3
 31
2.35
 12
-2.118215621876586
 22
3.9629026963277223
 32
2.35
 13
-2.118215621876586
 23
3.9629026963277223
 33
2.35
  0
3DFACE
  5
744
330
17
100
AcDbEntity
  8
MEMBRANA_3D
100
AcDbFace
 10
-1.6743964793521304
 20
4.042350689241676
 30
2.4993128904082376
 11
-2.118215621876586
 21
3.9629026963277223
 31
2.35
 12
-1.9921679026439367
 22
3.727084000037261
 32
2.6068965242957263
 13
-1.9921679026439367
 23
3.727084000037261
 33
2.6068965242957263
  0
3DFACE
  5
745
330
17
100
AcDbEntity
  8
MEMBRANA_3D
100
AcDbFace
 10
-1.9921679026439367
 20
3.727084000037261
 30
2.6068965242957263
 11
-2.118215621876586
 21
3.9629026963277223
 31
2.35
 12
-2.435754338607241
 22
3.6453639795970667
 32
2.35
 13
-2.435754338607241
 23
3.6453639795970667
 33
2.35
  0
3DFACE
  5
746
330
17
100
AcDbEntity
  8
MEMBRANA_3D
100
AcDbFace
 10
-1.9921679026439367
 20
3.727084000037261
 30
2.6068965242957263
 11
-2.435754338607241
 21
3.6453639795970667
 31
2.35
 12
-2.2915345769042026
 22
3.4295238531420553
 32
2.6793351963196654
 13
-2.2915345769042026
 23
3.4295238531420553
 33
2.6793351963196654
  0
3DFACE
  5
747
330
17
100
AcDbEntity
  8
MEMBRANA_3D
100
AcDbFace
 10
-2.2915345769042026
 20
3.4295238531420553
 30
2.6793351963196654
 11
-2.435754338607241
 21
3.6453639795970667
 31
2.35
 12
-2.741090220531703
 22
3.340028097672605
 32
2.35
 13
-2.741090220531703
 23
3.340028097672605
 33
2.35
  0
3DFACE
  5
748
330
17
100
AcDbEntity
  8
MEMBRANA_3D
100
AcDbFace
 10
-2.2915345769042026
 20
3.4295238531420553
 30
2.6793351963196654
 11
-2.741090220531703
 21
3.340028097672605
 31
2.35
 12
-2.5792834164310623
 22
3.142865936411851
 32
2.7211501444065767
 13
-2.5792834164310623
 23
3.142865936411851
 33
2.7211501444065767
  0
3DFACE
  5
749
330
17
100
AcDbEntity
  8
MEMBRANA_3D
100
AcDbFace
 10
-2.5792834164310623
 20
3.142865936411851
 30
2.7211501444065767
 11
-2.741090220531703
 21
3.340028097672605
 31
2.35
 12
-3.040559159102154
 22
3.0405591591021546
 32
2.35
 13
-3.040559159102154
 23
3.0405591591021546
 33
2.35
  0
3DFACE
  5
74A
330
17
100
AcDbEntity
  8
MEMBRANA_3D
100
AcDbFace
 10
-2.5792834164310623
 20
3.142865936411851
 30
2.7211501444065767
 11
-3.040559159102154
 21
3.0405591591021546
 31
2.35
 12
-2.861257082444136
 22
2.8612570824441366
 32
2.734824430403805
 13
-2.861257082444136
 23
2.8612570824441366
 33
2.734824430403805
  0
3DFACE
  5
74B
330
17
100
AcDbEntity
  8
MEMBRANA_3D
100
AcDbFace
 10
-2.861257082444136
 20
2.8612570824441366
 30
2.734824430403805
 11
-3.040559159102154
 21
3.0405591591021546
 31
2.35
 12
-3.3400280976726044
 22
2.7410902205317034
 32
2.35
 13
-3.3400280976726044
 23
2.7410902205317034
 33
2.35
  0
3DFACE
  5
74C
330
17
100
AcDbEntity
  8
MEMBRANA_3D
100
AcDbFace
 10
-2.861257082444136
 20
2.8612570824441366
 30
2.734824430403805
 11
-3.3400280976726044
 21
2.7410902205317034
 31
2.35
 12
-3.1428659364118507
 22
2.5792834164310627
 32
2.7211501444065767
 13
-3.1428659364118507
 23
2.5792834164310627
 33
2.7211501444065767
  0
3DFACE
  5
74D
330
17
100
AcDbEntity
  8
MEMBRANA_3D
100
AcDbFace
 10
-3.1428659364118507
 20
2.5792834164310627
 30
2.7211501444065767
 11
-3.3400280976726044
 21
2.7410902205317034
 31
2.35
 12
-3.6453639795970663
 22
2.435754338607242
 32
2.35
 13
-3.6453639795970663
 23
2.435754338607242
 33
2.35
  0
3DFACE
  5
74E
330
17
100
AcDbEntity
  8
MEMBRANA_3D
100
AcDbFace
 10
-3.1428659364118507
 20
2.5792834164310627
 30
2.7211501444065767
 11
-3.6453639795970663
 21
2.435754338607242
 31
2.35
 12
-3.429523853142055
 22
2.2915345769042035
 32
2.6793351963196654
 13
-3.429523853142055
 23
2.2915345769042035
 33
2.6793351963196654
  0
3DFACE
  5
74F
330
17
100
AcDbEntity
  8
MEMBRANA_3D
100
AcDbFace
 10
-3.429523853142055
 20
2.2915345769042035
 30
2.6793351963196654
 11
-3.6453639795970663
 21
2.435754338607242
 31
2.35
 12
-3.962902696327722
 22
2.118215621876587
 32
2.35
 13
-3.962902696327722
 23
2.118215621876587
 33
2.35
  0
3DFACE
  5
750
330
17
100
AcDbEntity
  8
MEMBRANA_3D
100
AcDbFace
 10
-3.429523853142055
 20
2.2915345769042035
 30
2.6793351963196654
 11
-3.962902696327722
 21
2.118215621876587
 31
2.35
 12
-3.7270840000372605
 22
1.9921679026439376
 32
2.6068965242957263
 13
-3.7270840000372605
 23
1.9921679026439376
 33
2.6068965242957263
  0
3DFACE
  5
751
330
17
100
AcDbEntity
  8
MEMBRANA_3D
100
AcDbFace
 10
-3.7270840000372605
 20
1.9921679026439376
 30
2.6068965242957263
 11
-3.962902696327722
 21
2.118215621876587
 31
2.35
 12
-4.3
 22
1.781118318204309
 32
2.35
 13
-4.3
 23
1.781118318204309
 33
2.35
  0
3DFACE
  5
752
330
17
100
AcDbEntity
  8
MEMBRANA_3D
100
AcDbFace
 10
-3.7270840000372605
 20
1.9921679026439376
 30
2.6068965242957263
 11
-4.3
 21
1.781118318204309
 31
2.35
 12
-4.042350689241676
 22
1.674396479352131
 32
2.4993128904082376
 13
-4.042350689241676
 23
1.674396479352131
 33
2.4993128904082376
  0
3DFACE
  5
753
330
17
100
AcDbEntity
  8
MEMBRANA_3D
100
AcDbFace
 10
-4.042350689241676
 20
1.674396479352131
 30
2.4993128904082376
 11
-4.3
 21
1.781118318204309
 31
2.35
 12
-4.299999999999999
 22
1.3043907395115721
 32
2.35
 13
-4.299999999999999
 23
1.3043907395115721
 33
2.35
  0
3DFACE
  5
754
330
17
100
AcDbEntity
  8
MEMBRANA_3D
100
AcDbFace
 10
-4.042350689241676
 20
1.674396479352131
 30
2.4993128904082376
 11
-4.299999999999999
 21
1.3043907395115721
 31
2.35
 12
-4.044121803699939
 22
1.2267709372565203
 32
2.6068965242957263
 13
-4.044121803699939
 23
1.2267709372565203
 33
2.6068965242957263
  0
3DFACE
  5
755
330
17
100
AcDbEntity
  8
MEMBRANA_3D
100
AcDbFace
 10
-4.044121803699939
 20
1.2267709372565203
 30
2.6068965242957263
 11
-4.299999999999999
 21
1.3043907395115721
 31
2.35
 12
-4.3
 22
0.8553231797325308
 32
2.35
 13
-4.3
 23
0.8553231797325308
 33
2.35
  0
3DFACE
  5
756
330
17
100
AcDbEntity
  8
MEMBRANA_3D
100
AcDbFace
 10
-4.044121803699939
 20
1.2267709372565203
 30
2.6068965242957263
 11
-4.3
 21
0.8553231797325308
 31
2.35
 12
-4.045399211450173
 22
0.804679934145357
 32
2.6793351963196654
 13
-4.045399211450173
 23
0.804679934145357
 33
2.6793351963196654
  0
3DFACE
  5
757
330
17
100
AcDbEntity
  8
MEMBRANA_3D
100
AcDbFace
 10
-4.045399211450173
 20
0.804679934145357
 30
2.6793351963196654
 11
-4.3
 21
0.8553231797325308
 31
2.35
 12
-4.299999999999999
 22
0.42351303443580723
 32
2.35
 13
-4.299999999999999
 23
0.42351303443580723
 33
2.35
  0
3DFACE
  5
758
330
17
100
AcDbEntity
  8
MEMBRANA_3D
100
AcDbFace
 10
-4.045399211450173
 20
0.804679934145357
 30
2.6793351963196654
 11
-4.299999999999999
 21
0.42351303443580723
 31
2.35
 12
-4.046170610357438
 22
0.3985130216366189
 32
2.7211501444065767
 13
-4.046170610357438
 23
0.3985130216366189
 33
2.7211501444065767
  0
3DFACE
  5
759
330
17
100
AcDbEntity
  8
MEMBRANA_3D
100
AcDbFace
 10
-4.046170610357438
 20
0.3985130216366189
 30
2.7211501444065767
 11
-4.299999999999999
 21
0.42351303443580723
 31
2.35
 12
-4.3
 22
5.265981236333618e-16
 32
2.35
 13
-4.3
 23
5.265981236333618e-16
 33
2.35
  0
3DFACE
  5
75A
330
17
100
AcDbEntity
  8
MEMBRANA_3D
100
AcDbFace
 10
-4.046170610357438
 20
0.3985130216366189
 30
2.7211501444065767
 11
-4.3
 21
5.265981236333618e-16
 31
2.35
 12
-4.046428571428571
 22
4.955445797978396e-16
 32
2.734824430403805
 13
-4.046428571428571
 23
4.955445797978396e-16
 33
2.734824430403805
  0
3DFACE
  5
75B
330
17
100
AcDbEntity
  8
MEMBRANA_3D
100
AcDbFace
 10
-4.046428571428571
 20
4.955445797978396e-16
 30
2.734824430403805
 11
-4.3
 21
5.265981236333618e-16
 31
2.35
 12
-4.3
 22
-0.4235130344358062
 32
2.35
 13
-4.3
 23
-0.4235130344358062
 33
2.35
  0
3DFACE
  5
75C
330
17
100
AcDbEntity
  8
MEMBRANA_3D
100
AcDbFace
 10
-4.046428571428571
 20
4.955445797978396e-16
 30
2.734824430403805
 11
-4.3
 21
-0.4235130344358062
 31
2.35
 12
-4.046170610357438
 22
-0.3985130216366179
 32
2.7211501444065767
 13
-4.046170610357438
 23
-0.3985130216366179
 33
2.7211501444065767
  0
3DFACE
  5
75D
330
17
100
AcDbEntity
  8
MEMBRANA_3D
100
AcDbFace
 10
-4.046170610357438
 20
-0.3985130216366179
 30
2.7211501444065767
 11
-4.3
 21
-0.4235130344358062
 31
2.35
 12
-4.3
 22
-0.8553231797325297
 32
2.35
 13
-4.3
 23
-0.8553231797325297
 33
2.35
  0
3DFACE
  5
75E
330
17
100
AcDbEntity
  8
MEMBRANA_3D
100
AcDbFace
 10
-4.046170610357438
 20
-0.3985130216366179
 30
2.7211501444065767
 11
-4.3
 21
-0.8553231797325297
 31
2.35
 12
-4.045399211450173
 22
-0.8046799341453559
 32
2.6793351963196654
 13
-4.045399211450173
 23
-0.8046799341453559
 33
2.6793351963196654
  0
3DFACE
  5
75F
330
17
100
AcDbEntity
  8
MEMBRANA_3D
100
AcDbFace
 10
-4.045399211450173
 20
-0.8046799341453559
 30
2.6793351963196654
 11
-4.3
 21
-0.8553231797325297
 31
2.35
 12
-4.3
 22
-1.304390739511571
 32
2.35
 13
-4.3
 23
-1.304390739511571
 33
2.35
  0
3DFACE
  5
760
330
17
100
AcDbEntity
  8
MEMBRANA_3D
100
AcDbFace
 10
-4.045399211450173
 20
-0.8046799341453559
 30
2.6793351963196654
 11
-4.3
 21
-1.304390739511571
 31
2.35
 12
-4.044121803699939
 22
-1.2267709372565192
 32
2.6068965242957263
 13
-4.044121803699939
 23
-1.2267709372565192
 33
2.6068965242957263
  0
3DFACE
  5
761
330
17
100
AcDbEntity
  8
MEMBRANA_3D
100
AcDbFace
 10
-4.044121803699939
 20
-1.2267709372565192
 30
2.6068965242957263
 11
-4.3
 21
-1.304390739511571
 31
2.35
 12
-4.3
 22
-1.781118318204308
 32
2.35
 13
-4.3
 23
-1.781118318204308
 33
2.35
  0
3DFACE
  5
762
330
17
100
AcDbEntity
  8
MEMBRANA_3D
100
AcDbFace
 10
-4.044121803699939
 20
-1.2267709372565192
 30
2.6068965242957263
 11
-4.3
 21
-1.781118318204308
 31
2.35
 12
-4.042350689241676
 22
-1.6743964793521302
 32
2.4993128904082376
 13
-4.042350689241676
 23
-1.6743964793521302
 33
2.4993128904082376
  0
3DFACE
  5
763
330
17
100
AcDbEntity
  8
MEMBRANA_3D
100
AcDbFace
 10
-4.042350689241676
 20
-1.6743964793521302
 30
2.4993128904082376
 11
-4.3
 21
-1.781118318204308
 31
2.35
 12
-3.9629026963277223
 22
-2.118215621876586
 32
2.35
 13
-3.9629026963277223
 23
-2.118215621876586
 33
2.35
  0
3DFACE
  5
764
330
17
100
AcDbEntity
  8
MEMBRANA_3D
100
AcDbFace
 10
-4.042350689241676
 20
-1.6743964793521302
 30
2.4993128904082376
 11
-3.9629026963277223
 21
-2.118215621876586
 31
2.35
 12
-3.727084000037261
 22
-1.9921679026439365
 32
2.6068965242957263
 13
-3.727084000037261
 23
-1.9921679026439365
 33
2.6068965242957263
  0
3DFACE
  5
765
330
17
100
AcDbEntity
  8
MEMBRANA_3D
100
AcDbFace
 10
-3.727084000037261
 20
-1.9921679026439365
 30
2.6068965242957263
 11
-3.9629026963277223
 21
-2.118215621876586
 31
2.35
 12
-3.6453639795970667
 22
-2.435754338607241
 32
2.35
 13
-3.6453639795970667
 23
-2.435754338607241
 33
2.35
  0
3DFACE
  5
766
330
17
100
AcDbEntity
  8
MEMBRANA_3D
100
AcDbFace
 10
-3.727084000037261
 20
-1.9921679026439365
 30
2.6068965242957263
 11
-3.6453639795970667
 21
-2.435754338607241
 31
2.35
 12
-3.4295238531420553
 22
-2.2915345769042026
 32
2.6793351963196654
 13
-3.4295238531420553
 23
-2.2915345769042026
 33
2.6793351963196654
  0
3DFACE
  5
767
330
17
100
AcDbEntity
  8
MEMBRANA_3D
100
AcDbFace
 10
-3.4295238531420553
 20
-2.2915345769042026
 30
2.6793351963196654
 11
-3.6453639795970667
 21
-2.435754338607241
 31
2.35
 12
-3.340028097672605
 22
-2.7410902205317025
 32
2.35
 13
-3.340028097672605
 23
-2.7410902205317025
 33
2.35
  0
3DFACE
  5
768
330
17
100
AcDbEntity
  8
MEMBRANA_3D
100
AcDbFace
 10
-3.4295238531420553
 20
-2.2915345769042026
 30
2.6793351963196654
 11
-3.340028097672605
 21
-2.7410902205317025
 31
2.35
 12
-3.142865936411851
 22
-2.579283416431062
 32
2.7211501444065767
 13
-3.142865936411851
 23
-2.579283416431062
 33
2.7211501444065767
  0
3DFACE
  5
769
330
17
100
AcDbEntity
  8
MEMBRANA_3D
100
AcDbFace
 10
-3.142865936411851
 20
-2.579283416431062
 30
2.7211501444065767
 11
-3.340028097672605
 21
-2.7410902205317025
 31
2.35
 12
-3.040559159102155
 22
-3.040559159102154
 32
2.35
 13
-3.040559159102155
 23
-3.040559159102154
 33
2.35
  0
3DFACE
  5
76A
330
17
100
AcDbEntity
  8
MEMBRANA_3D
100
AcDbFace
 10
-3.142865936411851
 20
-2.579283416431062
 30
2.7211501444065767
 11
-3.040559159102155
 21
-3.040559159102154
 31
2.35
 12
-2.861257082444137
 22
-2.861257082444136
 32
2.734824430403805
 13
-2.861257082444137
 23
-2.861257082444136
 33
2.734824430403805
  0
3DFACE
  5
76B
330
17
100
AcDbEntity
  8
MEMBRANA_3D
100
AcDbFace
 10
-2.861257082444137
 20
-2.861257082444136
 30
2.734824430403805
 11
-3.040559159102155
 21
-3.040559159102154
 31
2.35
 12
-2.7410902205317056
 22
-3.340028097672603
 32
2.35
 13
-2.7410902205317056
 23
-3.340028097672603
 33
2.35
  0
3DFACE
  5
76C
330
17
100
AcDbEntity
  8
MEMBRANA_3D
100
AcDbFace
 10
-2.861257082444137
 20
-2.861257082444136
 30
2.734824430403805
 11
-2.7410902205317056
 21
-3.340028097672603
 31
2.35
 12
-2.5792834164310645
 22
-3.1428659364118494
 32
2.7211501444065767
 13
-2.5792834164310645
 23
-3.1428659364118494
 33
2.7211501444065767
  0
3DFACE
  5
76D
330
17
100
AcDbEntity
  8
MEMBRANA_3D
100
AcDbFace
 10
-2.5792834164310645
 20
-3.1428659364118494
 30
2.7211501444065767
 11
-2.7410902205317056
 21
-3.340028097672603
 31
2.35
 12
-2.435754338607242
 22
-3.645363979597066
 32
2.35
 13
-2.435754338607242
 23
-3.645363979597066
 33
2.35
  0
3DFACE
  5
76E
330
17
100
AcDbEntity
  8
MEMBRANA_3D
100
AcDbFace
 10
-2.5792834164310645
 20
-3.1428659364118494
 30
2.7211501444065767
 11
-2.435754338607242
 21
-3.645363979597066
 31
2.35
 12
-2.2915345769042035
 22
-3.4295238531420544
 32
2.6793351963196654
 13
-2.2915345769042035
 23
-3.4295238531420544
 33
2.6793351963196654
  0
3DFACE
  5
76F
330
17
100
AcDbEntity
  8
MEMBRANA_3D
100
AcDbFace
 10
-2.2915345769042035
 20
-3.4295238531420544
 30
2.6793351963196654
 11
-2.435754338607242
 21
-3.645363979597066
 31
2.35
 12
-2.118215621876587
 22
-3.962902696327722
 32
2.35
 13
-2.118215621876587
 23
-3.962902696327722
 33
2.35
  0
3DFACE
  5
770
330
17
100
AcDbEntity
  8
MEMBRANA_3D
100
AcDbFace
 10
-2.2915345769042035
 20
-3.4295238531420544
 30
2.6793351963196654
 11
-2.118215621876587
 21
-3.962902696327722
 31
2.35
 12
-1.9921679026439376
 22
-3.7270840000372605
 32
2.6068965242957263
 13
-1.9921679026439376
 23
-3.7270840000372605
 33
2.6068965242957263
  0
3DFACE
  5
771
330
17
100
AcDbEntity
  8
MEMBRANA_3D
100
AcDbFace
 10
-1.9921679026439376
 20
-3.7270840000372605
 30
2.6068965242957263
 11
-2.118215621876587
 21
-3.962902696327722
 31
2.35
 12
-1.7811183182043109
 22
-4.299999999999998
 32
2.35
 13
-1.7811183182043109
 23
-4.299999999999998
 33
2.35
  0
3DFACE
  5
772
330
17
100
AcDbEntity
  8
MEMBRANA_3D
100
AcDbFace
 10
-1.9921679026439376
 20
-3.7270840000372605
 30
2.6068965242957263
 11
-1.7811183182043109
 21
-4.299999999999998
 31
2.35
 12
-1.6743964793521329
 22
-4.042350689241674
 32
2.4993128904082385
 13
-1.6743964793521329
 23
-4.042350689241674
 33
2.4993128904082385
  0
3DFACE
  5
773
330
17
100
AcDbEntity
  8
MEMBRANA_3D
100
AcDbFace
 10
-1.6743964793521329
 20
-4.042350689241674
 30
2.4993128904082385
 11
-1.7811183182043109
 21
-4.299999999999998
 31
2.35
 12
-1.3043907395115724
 22
-4.299999999999999
 32
2.35
 13
-1.3043907395115724
 23
-4.299999999999999
 33
2.35
  0
3DFACE
  5
774
330
17
100
AcDbEntity
  8
MEMBRANA_3D
100
AcDbFace
 10
-1.6743964793521329
 20
-4.042350689241674
 30
2.4993128904082385
 11
-1.3043907395115724
 21
-4.299999999999999
 31
2.35
 12
-1.2267709372565205
 22
-4.044121803699939
 32
2.6068965242957263
 13
-1.2267709372565205
 23
-4.044121803699939
 33
2.6068965242957263
  0
3DFACE
  5
775
330
17
100
AcDbEntity
  8
MEMBRANA_3D
100
AcDbFace
 10
-1.2267709372565205
 20
-4.044121803699939
 30
2.6068965242957263
 11
-1.3043907395115724
 21
-4.299999999999999
 31
2.35
 12
-0.855323179732531
 22
-4.299999999999999
 32
2.35
 13
-0.855323179732531
 23
-4.299999999999999
 33
2.35
  0
3DFACE
  5
776
330
17
100
AcDbEntity
  8
MEMBRANA_3D
100
AcDbFace
 10
-1.2267709372565205
 20
-4.044121803699939
 30
2.6068965242957263
 11
-0.855323179732531
 21
-4.299999999999999
 31
2.35
 12
-0.8046799341453572
 22
-4.045399211450172
 32
2.6793351963196654
 13
-0.8046799341453572
 23
-4.045399211450172
 33
2.6793351963196654
  0
3DFACE
  5
777
330
17
100
AcDbEntity
  8
MEMBRANA_3D
100
AcDbFace
 10
-0.8046799341453572
 20
-4.045399211450172
 30
2.6793351963196654
 11
-0.855323179732531
 21
-4.299999999999999
 31
2.35
 12
-0.42351303443580557
 22
-4.3
 32
2.35
 13
-0.42351303443580557
 23
-4.3
 33
2.35
  0
3DFACE
  5
778
330
17
100
AcDbEntity
  8
MEMBRANA_3D
100
AcDbFace
 10
-0.8046799341453572
 20
-4.045399211450172
 30
2.6793351963196654
 11
-0.42351303443580557
 21
-4.3
 31
2.35
 12
-0.39851302163661734
 22
-4.046170610357438
 32
2.7211501444065767
 13
-0.39851302163661734
 23
-4.046170610357438
 33
2.7211501444065767
  0
3DFACE
  5
779
330
17
100
AcDbEntity
  8
MEMBRANA_3D
100
AcDbFace
 10
-0.39851302163661734
 20
-4.046170610357438
 30
2.7211501444065767
 11
-0.42351303443580557
 21
-4.3
 31
2.35
 12
-7.898971854500428e-16
 22
-4.3
 32
2.35
 13
-7.898971854500428e-16
 23
-4.3
 33
2.35
  0
3DFACE
  5
77A
330
17
100
AcDbEntity
  8
MEMBRANA_3D
100
AcDbFace
 10
-0.39851302163661734
 20
-4.046170610357438
 30
2.7211501444065767
 11
-7.898971854500428e-16
 21
-4.3
 31
2.35
 12
-7.433168696967594e-16
 22
-4.046428571428571
 32
2.734824430403805
 13
-7.433168696967594e-16
 23
-4.046428571428571
 33
2.734824430403805
  0
3DFACE
  5
77B
330
17
100
AcDbEntity
  8
MEMBRANA_3D
100
AcDbFace
 10
-7.433168696967594e-16
 20
-4.046428571428571
 30
2.734824430403805
 11
-7.898971854500428e-16
 21
-4.3
 31
2.35
 12
0.423513034435804
 22
-4.3
 32
2.35
 13
0.423513034435804
 23
-4.3
 33
2.35
  0
3DFACE
  5
77C
330
17
100
AcDbEntity
  8
MEMBRANA_3D
100
AcDbFace
 10
-7.433168696967594e-16
 20
-4.046428571428571
 30
2.734824430403805
 11
0.423513034435804
 21
-4.3
 31
2.35
 12
0.3985130216366159
 22
-4.046170610357438
 32
2.7211501444065767
 13
0.3985130216366159
 23
-4.046170610357438
 33
2.7211501444065767
  0
3DFACE
  5
77D
330
17
100
AcDbEntity
  8
MEMBRANA_3D
100
AcDbFace
 10
0.3985130216366159
 20
-4.046170610357438
 30
2.7211501444065767
 11
0.423513034435804
 21
-4.3
 31
2.35
 12
0.8553231797325297
 22
-4.300000000000001
 32
2.35
 13
0.8553231797325297
 23
-4.300000000000001
 33
2.35
  0
3DFACE
  5
77E
330
17
100
AcDbEntity
  8
MEMBRANA_3D
100
AcDbFace
 10
0.3985130216366159
 20
-4.046170610357438
 30
2.7211501444065767
 11
0.8553231797325297
 21
-4.300000000000001
 31
2.35
 12
0.8046799341453559
 22
-4.045399211450174
 32
2.6793351963196645
 13
0.8046799341453559
 23
-4.045399211450174
 33
2.6793351963196645
  0
3DFACE
  5
77F
330
17
100
AcDbEntity
  8
MEMBRANA_3D
100
AcDbFace
 10
0.8046799341453559
 20
-4.045399211450174
 30
2.6793351963196645
 11
0.8553231797325297
 21
-4.300000000000001
 31
2.35
 12
1.304390739511571
 22
-4.300000000000001
 32
2.35
 13
1.304390739511571
 23
-4.300000000000001
 33
2.35
  0
3DFACE
  5
780
330
17
100
AcDbEntity
  8
MEMBRANA_3D
100
AcDbFace
 10
0.8046799341453559
 20
-4.045399211450174
 30
2.6793351963196645
 11
1.304390739511571
 21
-4.300000000000001
 31
2.35
 12
1.2267709372565194
 22
-4.044121803699941
 32
2.606896524295725
 13
1.2267709372565194
 23
-4.044121803699941
 33
2.606896524295725
  0
3DFACE
  5
781
330
17
100
AcDbEntity
  8
MEMBRANA_3D
100
AcDbFace
 10
1.2267709372565194
 20
-4.044121803699941
 30
2.606896524295725
 11
1.304390739511571
 21
-4.300000000000001
 31
2.35
 12
1.7811183182043095
 22
-4.299999999999999
 32
2.35
 13
1.7811183182043095
 23
-4.299999999999999
 33
2.35
  0
3DFACE
  5
782
330
17
100
AcDbEntity
  8
MEMBRANA_3D
100
AcDbFace
 10
1.2267709372565194
 20
-4.044121803699941
 30
2.606896524295725
 11
1.7811183182043095
 21
-4.299999999999999
 31
2.35
 12
1.6743964793521318
 22
-4.042350689241675
 32
2.4993128904082376
 13
1.6743964793521318
 23
-4.042350689241675
 33
2.4993128904082376
  0
3DFACE
  5
783
330
17
100
AcDbEntity
  8
MEMBRANA_3D
100
AcDbFace
 10
1.6743964793521318
 20
-4.042350689241675
 30
2.4993128904082376
 11
1.7811183182043095
 21
-4.299999999999999
 31
2.35
 12
2.118215621876586
 22
-3.9629026963277227
 32
2.35
 13
2.118215621876586
 23
-3.9629026963277227
 33
2.35
  0
3DFACE
  5
784
330
17
100
AcDbEntity
  8
MEMBRANA_3D
100
AcDbFace
 10
1.6743964793521318
 20
-4.042350689241675
 30
2.4993128904082376
 11
2.118215621876586
 21
-3.9629026963277227
 31
2.35
 12
1.9921679026439372
 22
-3.7270840000372623
 32
2.606896524295725
 13
1.9921679026439372
 23
-3.7270840000372623
 33
2.606896524295725
  0
3DFACE
  5
785
330
17
100
AcDbEntity
  8
MEMBRANA_3D
100
AcDbFace
 10
1.9921679026439372
 20
-3.7270840000372623
 30
2.606896524295725
 11
2.118215621876586
 21
-3.9629026963277227
 31
2.35
 12
2.435754338607241
 22
-3.6453639795970676
 32
2.35
 13
2.435754338607241
 23
-3.6453639795970676
 33
2.35
  0
3DFACE
  5
786
330
17
100
AcDbEntity
  8
MEMBRANA_3D
100
AcDbFace
 10
1.9921679026439372
 20
-3.7270840000372623
 30
2.606896524295725
 11
2.435754338607241
 21
-3.6453639795970676
 31
2.35
 12
2.2915345769042026
 22
-3.429523853142056
 32
2.6793351963196645
 13
2.2915345769042026
 23
-3.429523853142056
 33
2.6793351963196645
  0
3DFACE
  5
787
330
17
100
AcDbEntity
  8
MEMBRANA_3D
100
AcDbFace
 10
2.2915345769042026
 20
-3.429523853142056
 30
2.6793351963196645
 11
2.435754338607241
 21
-3.6453639795970676
 31
2.35
 12
2.7410902205317043
 22
-3.340028097672604
 32
2.35
 13
2.7410902205317043
 23
-3.340028097672604
 33
2.35
  0
3DFACE
  5
788
330
17
100
AcDbEntity
  8
MEMBRANA_3D
100
AcDbFace
 10
2.2915345769042026
 20
-3.429523853142056
 30
2.6793351963196645
 11
2.7410902205317043
 21
-3.340028097672604
 31
2.35
 12
2.579283416431063
 22
-3.1428659364118503
 32
2.7211501444065767
 13
2.579283416431063
 23
-3.1428659364118503
 33
2.7211501444065767
  0
3DFACE
  5
789
330
17
100
AcDbEntity
  8
MEMBRANA_3D
100
AcDbFace
 10
2.579283416431063
 20
-3.1428659364118503
 30
2.7211501444065767
 11
2.7410902205317043
 21
-3.340028097672604
 31
2.35
 12
3.0405591591021537
 22
-3.040559159102155
 32
2.35
 13
3.0405591591021537
 23
-3.040559159102155
 33
2.35
  0
3DFACE
  5
78A
330
17
100
AcDbEntity
  8
MEMBRANA_3D
100
AcDbFace
 10
2.579283416431063
 20
-3.1428659364118503
 30
2.7211501444065767
 11
3.0405591591021537
 21
-3.040559159102155
 31
2.35
 12
2.8612570824441357
 22
-2.861257082444137
 32
2.734824430403805
 13
2.8612570824441357
 23
-2.861257082444137
 33
2.734824430403805
  0
3DFACE
  5
78B
330
17
100
AcDbEntity
  8
MEMBRANA_3D
100
AcDbFace
 10
2.8612570824441357
 20
-2.861257082444137
 30
2.734824430403805
 11
3.0405591591021537
 21
-3.040559159102155
 31
2.35
 12
3.340028097672603
 22
-2.7410902205317056
 32
2.35
 13
3.340028097672603
 23
-2.7410902205317056
 33
2.35
  0
3DFACE
  5
78C
330
17
100
AcDbEntity
  8
MEMBRANA_3D
100
AcDbFace
 10
2.8612570824441357
 20
-2.861257082444137
 30
2.734824430403805
 11
3.340028097672603
 21
-2.7410902205317056
 31
2.35
 12
3.1428659364118494
 22
-2.5792834164310645
 32
2.7211501444065767
 13
3.1428659364118494
 23
-2.5792834164310645
 33
2.7211501444065767
  0
3DFACE
  5
78D
330
17
100
AcDbEntity
  8
MEMBRANA_3D
100
AcDbFace
 10
3.1428659364118494
 20
-2.5792834164310645
 30
2.7211501444065767
 11
3.340028097672603
 21
-2.7410902205317056
 31
2.35
 12
3.645363979597066
 22
-2.435754338607242
 32
2.35
 13
3.645363979597066
 23
-2.435754338607242
 33
2.35
  0
3DFACE
  5
78E
330
17
100
AcDbEntity
  8
MEMBRANA_3D
100
AcDbFace
 10
3.1428659364118494
 20
-2.5792834164310645
 30
2.7211501444065767
 11
3.645363979597066
 21
-2.435754338607242
 31
2.35
 12
3.4295238531420544
 22
-2.2915345769042035
 32
2.6793351963196654
 13
3.4295238531420544
 23
-2.2915345769042035
 33
2.6793351963196654
  0
3DFACE
  5
78F
330
17
100
AcDbEntity
  8
MEMBRANA_3D
100
AcDbFace
 10
3.4295238531420544
 20
-2.2915345769042035
 30
2.6793351963196654
 11
3.645363979597066
 21
-2.435754338607242
 31
2.35
 12
3.962902696327721
 22
-2.118215621876587
 32
2.35
 13
3.962902696327721
 23
-2.118215621876587
 33
2.35
  0
3DFACE
  5
790
330
17
100
AcDbEntity
  8
MEMBRANA_3D
100
AcDbFace
 10
3.4295238531420544
 20
-2.2915345769042035
 30
2.6793351963196654
 11
3.962902696327721
 21
-2.118215621876587
 31
2.35
 12
3.72708400003726
 22
-1.9921679026439378
 32
2.6068965242957263
 13
3.72708400003726
 23
-1.9921679026439378
 33
2.6068965242957263
  0
3DFACE
  5
791
330
17
100
AcDbEntity
  8
MEMBRANA_3D
100
AcDbFace
 10
3.72708400003726
 20
-1.9921679026439378
 30
2.6068965242957263
 11
3.962902696327721
 21
-2.118215621876587
 31
2.35
 12
4.299999999999998
 22
-1.781118318204311
 32
2.35
 13
4.299999999999998
 23
-1.781118318204311
 33
2.35
  0
3DFACE
  5
792
330
17
100
AcDbEntity
  8
MEMBRANA_3D
100
AcDbFace
 10
3.72708400003726
 20
-1.9921679026439378
 30
2.6068965242957263
 11
4.299999999999998
 21
-1.781118318204311
 31
2.35
 12
4.042350689241674
 22
-1.674396479352133
 32
2.4993128904082385
 13
4.042350689241674
 23
-1.674396479352133
 33
2.4993128904082385
  0
3DFACE
  5
793
330
17
100
AcDbEntity
  8
MEMBRANA_3D
100
AcDbFace
 10
4.042350689241674
 20
-1.674396479352133
 30
2.4993128904082385
 11
4.299999999999998
 21
-1.781118318204311
 31
2.35
 12
4.299999999999999
 22
-1.3043907395115726
 32
2.35
 13
4.299999999999999
 23
-1.3043907395115726
 33
2.35
  0
3DFACE
  5
794
330
17
100
AcDbEntity
  8
MEMBRANA_3D
100
AcDbFace
 10
4.042350689241674
 20
-1.674396479352133
 30
2.4993128904082385
 11
4.299999999999999
 21
-1.3043907395115726
 31
2.35
 12
4.044121803699939
 22
-1.2267709372565208
 32
2.6068965242957263
 13
4.044121803699939
 23
-1.2267709372565208
 33
2.6068965242957263
  0
3DFACE
  5
795
330
17
100
AcDbEntity
  8
MEMBRANA_3D
100
AcDbFace
 10
4.044121803699939
 20
-1.2267709372565208
 30
2.6068965242957263
 11
4.299999999999999
 21
-1.3043907395115726
 31
2.35
 12
4.299999999999999
 22
-0.8553231797325314
 32
2.35
 13
4.299999999999999
 23
-0.8553231797325314
 33
2.35
  0
3DFACE
  5
796
330
17
100
AcDbEntity
  8
MEMBRANA_3D
100
AcDbFace
 10
4.044121803699939
 20
-1.2267709372565208
 30
2.6068965242957263
 11
4.299999999999999
 21
-0.8553231797325314
 31
2.35
 12
4.045399211450172
 22
-0.8046799341453574
 32
2.6793351963196654
 13
4.045399211450172
 23
-0.8046799341453574
 33
2.6793351963196654
  0
3DFACE
  5
797
330
17
100
AcDbEntity
  8
MEMBRANA_3D
100
AcDbFace
 10
4.045399211450172
 20
-0.8046799341453574
 30
2.6793351963196654
 11
4.299999999999999
 21
-0.8553231797325314
 31
2.35
 12
4.3
 22
-0.42351303443580585
 32
2.35
 13
4.3
 23
-0.42351303443580585
 33
2.35
  0
3DFACE
  5
798
330
17
100
AcDbEntity
  8
MEMBRANA_3D
100
AcDbFace
 10
4.045399211450172
 20
-0.8046799341453574
 30
2.6793351963196654
 11
4.3
 21
-0.42351303443580585
 31
2.35
 12
4.046170610357438
 22
-0.39851302163661756
 32
2.7211501444065767
 13
4.046170610357438
 23
-0.39851302163661756
 33
2.7211501444065767
  0
3DFACE
  5
799
330
17
100
AcDbEntity
  8
MEMBRANA_3D
100
AcDbFace
 10
4.046170610357438
 20
-0.39851302163661756
 30
2.7211501444065767
 11
4.3
 21
-0.42351303443580585
 31
2.35
 12
4.3
 22
0.0
 32
2.35
 13
4.3
 23
0.0
 33
2.35
  0
3DFACE
  5
79A
330
17
100
AcDbEntity
  8
MEMBRANA_3D
100
AcDbFace
 10
4.046170610357438
 20
-0.39851302163661756
 30
2.7211501444065767
 11
4.3
 21
0.0
 31
2.35
 12
4.046428571428571
 22
0.0
 32
2.734824430403805
 13
4.046428571428571
 23
0.0
 33
2.734824430403805
  0
3DFACE
  5
79B
330
17
100
AcDbEntity
  8
VIDRO_3D
100
AcDbFace
 10
1.4083261120685233
 20
3.4
 30
0.0
 11
-1.4083261120685229
 21
3.4
 31
0.0
 12
-1.4083261120685229
 22
3.4
 32
2.5500000000000003
 13
1.4083261120685233
 23
3.4
 33
2.5500000000000003
  0
3DFACE
  5
79C
330
17
100
AcDbEntity
  8
VIDRO_3D
100
AcDbFace
 10
-1.4083261120685229
 20
3.4
 30
0.0
 11
-3.4
 21
1.4083261120685235
 31
0.0
 12
-3.4
 22
1.4083261120685235
 32
2.5500000000000003
 13
-1.4083261120685229
 23
3.4
 33
2.5500000000000003
  0
3DFACE
  5
79D
330
17
100
AcDbEntity
  8
VIDRO_3D
100
AcDbFace
 10
-3.4
 20
1.4083261120685235
 30
0.0
 11
-3.4000000000000004
 21
-1.4083261120685227
 31
0.0
 12
-3.4000000000000004
 22
-1.4083261120685227
 32
2.5500000000000003
 13
-3.4
 23
1.4083261120685235
 33
2.5500000000000003
  0
3DFACE
  5
79E
330
17
100
AcDbEntity
  8
VIDRO_3D
100
AcDbFace
 10
-3.4000000000000004
 20
-1.4083261120685227
 30
0.0
 11
-1.408326112068525
 21
-3.399999999999999
 31
0.0
 12
-1.408326112068525
 22
-3.399999999999999
 32
2.5500000000000003
 13
-3.4000000000000004
 23
-1.4083261120685227
 33
2.5500000000000003
  0
3DFACE
  5
79F
330
17
100
AcDbEntity
  8
VIDRO_3D
100
AcDbFace
 10
-1.408326112068525
 20
-3.399999999999999
 30
0.0
 11
1.408326112068524
 21
-3.3999999999999995
 31
0.0
 12
1.408326112068524
 22
-3.3999999999999995
 32
2.5500000000000003
 13
-1.408326112068525
 23
-3.399999999999999
 33
2.5500000000000003
  0
3DFACE
  5
7A0
330
17
100
AcDbEntity
  8
PAREDES
100
AcDbFace
 10
1.408326112068524
 20
-3.3999999999999995
 30
0.0
 11
3.399999999999999
 21
-1.4083261120685253
 31
0.0
 12
3.399999999999999
 22
-1.4083261120685253
 32
2.5500000000000003
 13
1.408326112068524
 23
-3.3999999999999995
 33
2.5500000000000003
  0
3DFACE
  5
7A1
330
17
100
AcDbEntity
  8
PAREDES
100
AcDbFace
 10
3.399999999999999
 20
-1.4083261120685253
 30
0.0
 11
3.4
 21
1.408326112068523
 31
0.0
 12
3.4
 22
1.408326112068523
 32
2.5500000000000003
 13
3.399999999999999
 23
-1.4083261120685253
 33
2.5500000000000003
  0
3DFACE
  5
7A2
330
17
100
AcDbEntity
  8
PAREDES
100
AcDbFace
 10
3.4
 20
1.408326112068523
 30
0.0
 11
1.4083261120685233
 21
3.4
 31
0.0
 12
1.4083261120685233
 22
3.4
 32
2.5500000000000003
 13
3.4
 23
1.408326112068523
 33
2.5500000000000003
  0
3DFACE
  5
7A3
330
17
100
AcDbEntity
  8
VIDRO_3D
100
AcDbFace
 10
3.399999999999999
 20
-1.4083261120685253
 30
1.6
 11
3.4
 21
1.408326112068523
 31
1.6
 12
3.4
 22
1.408326112068523
 32
2.2
 13
3.399999999999999
 23
-1.4083261120685253
 33
2.2
  0
3DFACE
  5
7A4
330
17
100
AcDbEntity
  8
PAREDES
100
AcDbFace
 10
1.55
 20
-3.3377960449874764
 30
0.0
 11
1.55
 21
3.3377960449874764
 31
0.0
 12
1.55
 22
3.3377960449874764
 32
2.4
 13
1.55
 23
-3.3377960449874764
 33
2.4
  0
POLYLINE
  5
7A5
330
17
100
AcDbEntity
  8
ACO_3D
100
AcDb3dPolyline
 66
1
 10
0.0
 20
0.0
 30
0.0
 70
8
  0
VERTEX
  5
7A7
330
17
100
AcDbEntity
  8
ACO_3D
100
AcDbVertex
100
AcDb3dPolylineVertex
 10
3.4
 20
1.408326112068523
 30
2.7
 70
32
  0
VERTEX
  5
7A8
330
17
100
AcDbEntity
  8
ACO_3D
100
AcDbVertex
100
AcDb3dPolylineVertex
 10
0.692909649383465
 20
0.2870125742738173
 30
4.6
 70
32
  0
SEQEND
  5
7A6
330
7A5
100
AcDbEntity
  8
ACO_3D
  0
POLYLINE
  5
7A9
330
17
100
AcDbEntity
  8
ACO_3D
100
AcDb3dPolyline
 66
1
 10
0.0
 20
0.0
 30
0.0
 70
8
  0
VERTEX
  5
7AB
330
17
100
AcDbEntity
  8
ACO_3D
100
AcDbVertex
100
AcDb3dPolylineVertex
 10
1.4083261120685233
 20
3.4
 30
2.7
 70
32
  0
VERTEX
  5
7AC
330
17
100
AcDbEntity
  8
ACO_3D
100
AcDbVertex
100
AcDb3dPolylineVertex
 10
0.2870125742738174
 20
0.692909649383465
 30
4.6
 70
32
  0
SEQEND
  5
7AA
330
7A9
100
AcDbEntity
  8
ACO_3D
  0
POLYLINE
  5
7AD
330
17
100
AcDbEntity
  8
ACO_3D
100
AcDb3dPolyline
 66
1
 10
0.0
 20
0.0
 30
0.0
 70
8
  0
VERTEX
  5
7AF
330
17
100
AcDbEntity
  8
ACO_3D
100
AcDbVertex
100
AcDb3dPolylineVertex
 10
-1.4083261120685229
 20
3.4
 30
2.7
 70
32
  0
VERTEX
  5
7B0
330
17
100
AcDbEntity
  8
ACO_3D
100
AcDbVertex
100
AcDb3dPolylineVertex
 10
-0.2870125742738173
 20
0.692909649383465
 30
4.6
 70
32
  0
SEQEND
  5
7AE
330
7AD
100
AcDbEntity
  8
ACO_3D
  0
POLYLINE
  5
7B1
330
17
100
AcDbEntity
  8
ACO_3D
100
AcDb3dPolyline
 66
1
 10
0.0
 20
0.0
 30
0.0
 70
8
  0
VERTEX
  5
7B3
330
17
100
AcDbEntity
  8
ACO_3D
100
AcDbVertex
100
AcDb3dPolylineVertex
 10
-3.4
 20
1.4083261120685235
 30
2.7
 70
32
  0
VERTEX
  5
7B4
330
17
100
AcDbEntity
  8
ACO_3D
100
AcDbVertex
100
AcDb3dPolylineVertex
 10
-0.692909649383465
 20
0.28701257427381743
 30
4.6
 70
32
  0
SEQEND
  5
7B2
330
7B1
100
AcDbEntity
  8
ACO_3D
  0
POLYLINE
  5
7B5
330
17
100
AcDbEntity
  8
ACO_3D
100
AcDb3dPolyline
 66
1
 10
0.0
 20
0.0
 30
0.0
 70
8
  0
VERTEX
  5
7B7
330
17
100
AcDbEntity
  8
ACO_3D
100
AcDbVertex
100
AcDb3dPolylineVertex
 10
-3.4000000000000004
 20
-1.4083261120685227
 30
2.7
 70
32
  0
VERTEX
  5
7B8
330
17
100
AcDbEntity
  8
ACO_3D
100
AcDbVertex
100
AcDb3dPolylineVertex
 10
-0.6929096493834651
 20
-0.2870125742738171
 30
4.6
 70
32
  0
SEQEND
  5
7B6
330
7B5
100
AcDbEntity
  8
ACO_3D
  0
POLYLINE
  5
7B9
330
17
100
AcDbEntity
  8
ACO_3D
100
AcDb3dPolyline
 66
1
 10
0.0
 20
0.0
 30
0.0
 70
8
  0
VERTEX
  5
7BB
330
17
100
AcDbEntity
  8
ACO_3D
100
AcDbVertex
100
AcDb3dPolylineVertex
 10
-1.408326112068525
 20
-3.399999999999999
 30
2.7
 70
32
  0
VERTEX
  5
7BC
330
17
100
AcDbEntity
  8
ACO_3D
100
AcDbVertex
100
AcDb3dPolylineVertex
 10
-0.28701257427381777
 20
-0.6929096493834649
 30
4.6
 70
32
  0
SEQEND
  5
7BA
330
7B9
100
AcDbEntity
  8
ACO_3D
  0
POLYLINE
  5
7BD
330
17
100
AcDbEntity
  8
ACO_3D
100
AcDb3dPolyline
 66
1
 10
0.0
 20
0.0
 30
0.0
 70
8
  0
VERTEX
  5
7BF
330
17
100
AcDbEntity
  8
ACO_3D
100
AcDbVertex
100
AcDb3dPolylineVertex
 10
1.408326112068524
 20
-3.3999999999999995
 30
2.7
 70
32
  0
VERTEX
  5
7C0
330
17
100
AcDbEntity
  8
ACO_3D
100
AcDbVertex
100
AcDb3dPolylineVertex
 10
0.2870125742738175
 20
-0.692909649383465
 30
4.6
 70
32
  0
SEQEND
  5
7BE
330
7BD
100
AcDbEntity
  8
ACO_3D
  0
POLYLINE
  5
7C1
330
17
100
AcDbEntity
  8
ACO_3D
100
AcDb3dPolyline
 66
1
 10
0.0
 20
0.0
 30
0.0
 70
8
  0
VERTEX
  5
7C3
330
17
100
AcDbEntity
  8
ACO_3D
100
AcDbVertex
100
AcDb3dPolylineVertex
 10
3.399999999999999
 20
-1.4083261120685253
 30
2.7
 70
32
  0
VERTEX
  5
7C4
330
17
100
AcDbEntity
  8
ACO_3D
100
AcDbVertex
100
AcDb3dPolylineVertex
 10
0.6929096493834649
 20
-0.28701257427381777
 30
4.6
 70
32
  0
SEQEND
  5
7C2
330
7C1
100
AcDbEntity
  8
ACO_3D
  0
POLYLINE
  5
7C5
330
17
100
AcDbEntity
  8
ACO_3D
100
AcDb3dPolyline
 66
1
 10
0.0
 20
0.0
 30
0.0
 70
8
  0
VERTEX
  5
7C7
330
17
100
AcDbEntity
  8
ACO_3D
100
AcDbVertex
100
AcDb3dPolylineVertex
 10
3.4
 20
1.408326112068523
 30
0.0
 70
32
  0
VERTEX
  5
7C8
330
17
100
AcDbEntity
  8
ACO_3D
100
AcDbVertex
100
AcDb3dPolylineVertex
 10
3.4
 20
1.408326112068523
 30
2.7
 70
32
  0
SEQEND
  5
7C6
330
7C5
100
AcDbEntity
  8
ACO_3D
  0
POLYLINE
  5
7C9
330
17
100
AcDbEntity
  8
ACO_3D
100
AcDb3dPolyline
 66
1
 10
0.0
 20
0.0
 30
0.0
 70
8
  0
VERTEX
  5
7CB
330
17
100
AcDbEntity
  8
ACO_3D
100
AcDbVertex
100
AcDb3dPolylineVertex
 10
1.4083261120685233
 20
3.4
 30
0.0
 70
32
  0
VERTEX
  5
7CC
330
17
100
AcDbEntity
  8
ACO_3D
100
AcDbVertex
100
AcDb3dPolylineVertex
 10
1.4083261120685233
 20
3.4
 30
2.7
 70
32
  0
SEQEND
  5
7CA
330
7C9
100
AcDbEntity
  8
ACO_3D
  0
POLYLINE
  5
7CD
330
17
100
AcDbEntity
  8
ACO_3D
100
AcDb3dPolyline
 66
1
 10
0.0
 20
0.0
 30
0.0
 70
8
  0
VERTEX
  5
7CF
330
17
100
AcDbEntity
  8
ACO_3D
100
AcDbVertex
100
AcDb3dPolylineVertex
 10
-1.4083261120685229
 20
3.4
 30
0.0
 70
32
  0
VERTEX
  5
7D0
330
17
100
AcDbEntity
  8
ACO_3D
100
AcDbVertex
100
AcDb3dPolylineVertex
 10
-1.4083261120685229
 20
3.4
 30
2.7
 70
32
  0
SEQEND
  5
7CE
330
7CD
100
AcDbEntity
  8
ACO_3D
  0
POLYLINE
  5
7D1
330
17
100
AcDbEntity
  8
ACO_3D
100
AcDb3dPolyline
 66
1
 10
0.0
 20
0.0
 30
0.0
 70
8
  0
VERTEX
  5
7D3
330
17
100
AcDbEntity
  8
ACO_3D
100
AcDbVertex
100
AcDb3dPolylineVertex
 10
-3.4
 20
1.4083261120685235
 30
0.0
 70
32
  0
VERTEX
  5
7D4
330
17
100
AcDbEntity
  8
ACO_3D
100
AcDbVertex
100
AcDb3dPolylineVertex
 10
-3.4
 20
1.4083261120685235
 30
2.7
 70
32
  0
SEQEND
  5
7D2
330
7D1
100
AcDbEntity
  8
ACO_3D
  0
POLYLINE
  5
7D5
330
17
100
AcDbEntity
  8
ACO_3D
100
AcDb3dPolyline
 66
1
 10
0.0
 20
0.0
 30
0.0
 70
8
  0
VERTEX
  5
7D7
330
17
100
AcDbEntity
  8
ACO_3D
100
AcDbVertex
100
AcDb3dPolylineVertex
 10
-3.4000000000000004
 20
-1.4083261120685227
 30
0.0
 70
32
  0
VERTEX
  5
7D8
330
17
100
AcDbEntity
  8
ACO_3D
100
AcDbVertex
100
AcDb3dPolylineVertex
 10
-3.4000000000000004
 20
-1.4083261120685227
 30
2.7
 70
32
  0
SEQEND
  5
7D6
330
7D5
100
AcDbEntity
  8
ACO_3D
  0
POLYLINE
  5
7D9
330
17
100
AcDbEntity
  8
ACO_3D
100
AcDb3dPolyline
 66
1
 10
0.0
 20
0.0
 30
0.0
 70
8
  0
VERTEX
  5
7DB
330
17
100
AcDbEntity
  8
ACO_3D
100
AcDbVertex
100
AcDb3dPolylineVertex
 10
-1.408326112068525
 20
-3.399999999999999
 30
0.0
 70
32
  0
VERTEX
  5
7DC
330
17
100
AcDbEntity
  8
ACO_3D
100
AcDbVertex
100
AcDb3dPolylineVertex
 10
-1.408326112068525
 20
-3.399999999999999
 30
2.7
 70
32
  0
SEQEND
  5
7DA
330
7D9
100
AcDbEntity
  8
ACO_3D
  0
POLYLINE
  5
7DD
330
17
100
AcDbEntity
  8
ACO_3D
100
AcDb3dPolyline
 66
1
 10
0.0
 20
0.0
 30
0.0
 70
8
  0
VERTEX
  5
7DF
330
17
100
AcDbEntity
  8
ACO_3D
100
AcDbVertex
100
AcDb3dPolylineVertex
 10
1.408326112068524
 20
-3.3999999999999995
 30
0.0
 70
32
  0
VERTEX
  5
7E0
330
17
100
AcDbEntity
  8
ACO_3D
100
AcDbVertex
100
AcDb3dPolylineVertex
 10
1.408326112068524
 20
-3.3999999999999995
 30
2.7
 70
32
  0
SEQEND
  5
7DE
330
7DD
100
AcDbEntity
  8
ACO_3D
  0
POLYLINE
  5
7E1
330
17
100
AcDbEntity
  8
ACO_3D
100
AcDb3dPolyline
 66
1
 10
0.0
 20
0.0
 30
0.0
 70
8
  0
VERTEX
  5
7E3
330
17
100
AcDbEntity
  8
ACO_3D
100
AcDbVertex
100
AcDb3dPolylineVertex
 10
3.399999999999999
 20
-1.4083261120685253
 30
0.0
 70
32
  0
VERTEX
  5
7E4
330
17
100
AcDbEntity
  8
ACO_3D
100
AcDbVertex
100
AcDb3dPolylineVertex
 10
3.399999999999999
 20
-1.4083261120685253
 30
2.7
 70
32
  0
SEQEND
  5
7E2
330
7E1
100
AcDbEntity
  8
ACO_3D
  0
POLYLINE
  5
7E5
330
17
100
AcDbEntity
  8
ACO_3D
100
AcDb3dPolyline
 66
1
 10
0.0
 20
0.0
 30
0.0
 70
8
  0
VERTEX
  5
7E7
330
17
100
AcDbEntity
  8
ACO_3D
100
AcDbVertex
100
AcDb3dPolylineVertex
 10
3.4
 20
1.408326112068523
 30
2.7
 70
32
  0
VERTEX
  5
7E8
330
17
100
AcDbEntity
  8
ACO_3D
100
AcDbVertex
100
AcDb3dPolylineVertex
 10
1.4083261120685233
 20
3.4
 30
2.7
 70
32
  0
VERTEX
  5
7E9
330
17
100
AcDbEntity
  8
ACO_3D
100
AcDbVertex
100
AcDb3dPolylineVertex
 10
-1.4083261120685229
 20
3.4
 30
2.7
 70
32
  0
VERTEX
  5
7EA
330
17
100
AcDbEntity
  8
ACO_3D
100
AcDbVertex
100
AcDb3dPolylineVertex
 10
-3.4
 20
1.4083261120685235
 30
2.7
 70
32
  0
VERTEX
  5
7EB
330
17
100
AcDbEntity
  8
ACO_3D
100
AcDbVertex
100
AcDb3dPolylineVertex
 10
-3.4000000000000004
 20
-1.4083261120685227
 30
2.7
 70
32
  0
VERTEX
  5
7EC
330
17
100
AcDbEntity
  8
ACO_3D
100
AcDbVertex
100
AcDb3dPolylineVertex
 10
-1.408326112068525
 20
-3.399999999999999
 30
2.7
 70
32
  0
VERTEX
  5
7ED
330
17
100
AcDbEntity
  8
ACO_3D
100
AcDbVertex
100
AcDb3dPolylineVertex
 10
1.408326112068524
 20
-3.3999999999999995
 30
2.7
 70
32
  0
VERTEX
  5
7EE
330
17
100
AcDbEntity
  8
ACO_3D
100
AcDbVertex
100
AcDb3dPolylineVertex
 10
3.399999999999999
 20
-1.4083261120685253
 30
2.7
 70
32
  0
VERTEX
  5
7EF
330
17
100
AcDbEntity
  8
ACO_3D
100
AcDbVertex
100
AcDb3dPolylineVertex
 10
3.4
 20
1.408326112068523
 30
2.7
 70
32
  0
SEQEND
  5
7E6
330
7E5
100
AcDbEntity
  8
ACO_3D
  0
POLYLINE
  5
7F0
330
17
100
AcDbEntity
  8
ACO_3D
100
AcDb3dPolyline
 66
1
 10
0.0
 20
0.0
 30
0.0
 70
8
  0
VERTEX
  5
7F2
330
17
100
AcDbEntity
  8
ACO_3D
100
AcDbVertex
100
AcDb3dPolylineVertex
 10
0.75
 20
0.0
 30
4.6
 70
32
  0
VERTEX
  5
7F3
330
17
100
AcDbEntity
  8
ACO_3D
100
AcDbVertex
100
AcDb3dPolylineVertex
 10
0.7355889603024228
 20
0.1463177415120962
 30
4.6
 70
32
  0
VERTEX
  5
7F4
330
17
100
AcDbEntity
  8
ACO_3D
100
AcDbVertex
100
AcDb3dPolylineVertex
 10
0.692909649383465
 20
0.2870125742738173
 30
4.6
 70
32
  0
VERTEX
  5
7F5
330
17
100
AcDbEntity
  8
ACO_3D
100
AcDbVertex
100
AcDb3dPolylineVertex
 10
0.6236022092269089
 20
0.41667767476470163
 30
4.6
 70
32
  0
VERTEX
  5
7F6
330
17
100
AcDbEntity
  8
ACO_3D
100
AcDbVertex
100
AcDb3dPolylineVertex
 10
0.5303300858899107
 20
0.5303300858899106
 30
4.6
 70
32
  0
VERTEX
  5
7F7
330
17
100
AcDbEntity
  8
ACO_3D
100
AcDbVertex
100
AcDb3dPolylineVertex
 10
0.41667767476470174
 20
0.6236022092269089
 30
4.6
 70
32
  0
VERTEX
  5
7F8
330
17
100
AcDbEntity
  8
ACO_3D
100
AcDbVertex
100
AcDb3dPolylineVertex
 10
0.2870125742738174
 20
0.692909649383465
 30
4.6
 70
32
  0
VERTEX
  5
7F9
330
17
100
AcDbEntity
  8
ACO_3D
100
AcDbVertex
100
AcDb3dPolylineVertex
 10
0.14631774151209626
 20
0.7355889603024228
 30
4.6
 70
32
  0
VERTEX
  5
7FA
330
17
100
AcDbEntity
  8
ACO_3D
100
AcDbVertex
100
AcDb3dPolylineVertex
 10
4.592425496802574e-17
 20
0.75
 30
4.6
 70
32
  0
VERTEX
  5
7FB
330
17
100
AcDbEntity
  8
ACO_3D
100
AcDbVertex
100
AcDb3dPolylineVertex
 10
-0.14631774151209614
 20
0.7355889603024228
 30
4.6
 70
32
  0
VERTEX
  5
7FC
330
17
100
AcDbEntity
  8
ACO_3D
100
AcDbVertex
100
AcDb3dPolylineVertex
 10
-0.2870125742738173
 20
0.692909649383465
 30
4.6
 70
32
  0
VERTEX
  5
7FD
330
17
100
AcDbEntity
  8
ACO_3D
100
AcDbVertex
100
AcDb3dPolylineVertex
 10
-0.41667767476470147
 20
0.6236022092269091
 30
4.6
 70
32
  0
VERTEX
  5
7FE
330
17
100
AcDbEntity
  8
ACO_3D
100
AcDbVertex
100
AcDb3dPolylineVertex
 10
-0.5303300858899106
 20
0.5303300858899107
 30
4.6
 70
32
  0
VERTEX
  5
7FF
330
17
100
AcDbEntity
  8
ACO_3D
100
AcDbVertex
100
AcDb3dPolylineVertex
 10
-0.623602209226909
 20
0.41667767476470163
 30
4.6
 70
32
  0
VERTEX
  5
800
330
17
100
AcDbEntity
  8
ACO_3D
100
AcDbVertex
100
AcDb3dPolylineVertex
 10
-0.692909649383465
 20
0.28701257427381743
 30
4.6
 70
32
  0
VERTEX
  5
801
330
17
100
AcDbEntity
  8
ACO_3D
100
AcDbVertex
100
AcDb3dPolylineVertex
 10
-0.7355889603024228
 20
0.14631774151209645
 30
4.6
 70
32
  0
VERTEX
  5
802
330
17
100
AcDbEntity
  8
ACO_3D
100
AcDbVertex
100
AcDb3dPolylineVertex
 10
-0.75
 20
9.184850993605148e-17
 30
4.6
 70
32
  0
VERTEX
  5
803
330
17
100
AcDbEntity
  8
ACO_3D
100
AcDbVertex
100
AcDb3dPolylineVertex
 10
-0.7355889603024228
 20
-0.14631774151209626
 30
4.6
 70
32
  0
VERTEX
  5
804
330
17
100
AcDbEntity
  8
ACO_3D
100
AcDbVertex
100
AcDb3dPolylineVertex
 10
-0.6929096493834651
 20
-0.28701257427381727
 30
4.6
 70
32
  0
VERTEX
  5
805
330
17
100
AcDbEntity
  8
ACO_3D
100
AcDbVertex
100
AcDb3dPolylineVertex
 10
-0.6236022092269091
 20
-0.41667767476470147
 30
4.6
 70
32
  0
VERTEX
  5
806
330
17
100
AcDbEntity
  8
ACO_3D
100
AcDbVertex
100
AcDb3dPolylineVertex
 10
-0.5303300858899107
 20
-0.5303300858899106
 30
4.6
 70
32
  0
VERTEX
  5
807
330
17
100
AcDbEntity
  8
ACO_3D
100
AcDbVertex
100
AcDb3dPolylineVertex
 10
-0.41667767476470163
 20
-0.6236022092269089
 30
4.6
 70
32
  0
VERTEX
  5
808
330
17
100
AcDbEntity
  8
ACO_3D
100
AcDbVertex
100
AcDb3dPolylineVertex
 10
-0.28701257427381777
 20
-0.6929096493834649
 30
4.6
 70
32
  0
VERTEX
  5
809
330
17
100
AcDbEntity
  8
ACO_3D
100
AcDbVertex
100
AcDb3dPolylineVertex
 10
-0.1463177415120965
 20
-0.7355889603024227
 30
4.6
 70
32
  0
VERTEX
  5
80A
330
17
100
AcDbEntity
  8
ACO_3D
100
AcDbVertex
100
AcDb3dPolylineVertex
 10
-1.3777276490407724e-16
 20
-0.75
 30
4.6
 70
32
  0
VERTEX
  5
80B
330
17
100
AcDbEntity
  8
ACO_3D
100
AcDbVertex
100
AcDb3dPolylineVertex
 10
0.14631774151209623
 20
-0.7355889603024228
 30
4.6
 70
32
  0
VERTEX
  5
80C
330
17
100
AcDbEntity
  8
ACO_3D
100
AcDbVertex
100
AcDb3dPolylineVertex
 10
0.2870125742738175
 20
-0.692909649383465
 30
4.6
 70
32
  0
VERTEX
  5
80D
330
17
100
AcDbEntity
  8
ACO_3D
100
AcDbVertex
100
AcDb3dPolylineVertex
 10
0.4166776747647014
 20
-0.6236022092269091
 30
4.6
 70
32
  0
VERTEX
  5
80E
330
17
100
AcDbEntity
  8
ACO_3D
100
AcDbVertex
100
AcDb3dPolylineVertex
 10
0.5303300858899105
 20
-0.5303300858899107
 30
4.6
 70
32
  0
VERTEX
  5
80F
330
17
100
AcDbEntity
  8
ACO_3D
100
AcDbVertex
100
AcDb3dPolylineVertex
 10
0.6236022092269089
 20
-0.41667767476470163
 30
4.6
 70
32
  0
VERTEX
  5
810
330
17
100
AcDbEntity
  8
ACO_3D
100
AcDbVertex
100
AcDb3dPolylineVertex
 10
0.6929096493834649
 20
-0.28701257427381777
 30
4.6
 70
32
  0
VERTEX
  5
811
330
17
100
AcDbEntity
  8
ACO_3D
100
AcDbVertex
100
AcDb3dPolylineVertex
 10
0.7355889603024227
 20
-0.14631774151209653
 30
4.6
 70
32
  0
VERTEX
  5
812
330
17
100
AcDbEntity
  8
ACO_3D
100
AcDbVertex
100
AcDb3dPolylineVertex
 10
0.75
 20
-1.8369701987210297e-16
 30
4.6
 70
32
  0
SEQEND
  5
7F1
330
7F0
100
AcDbEntity
  8
ACO_3D
  0
POLYLINE
  5
813
330
17
100
AcDbEntity
  8
ACO_3D
100
AcDb3dPolyline
 66
1
 10
0.0
 20
0.0
 30
0.0
 70
8
  0
VERTEX
  5
815
330
17
100
AcDbEntity
  8
ACO_3D
100
AcDbVertex
100
AcDb3dPolylineVertex
 10
0.75
 20
0.0
 30
5.05
 70
32
  0
VERTEX
  5
816
330
17
100
AcDbEntity
  8
ACO_3D
100
AcDbVertex
100
AcDb3dPolylineVertex
 10
0.7355889603024228
 20
0.1463177415120962
 30
5.05
 70
32
  0
VERTEX
  5
817
330
17
100
AcDbEntity
  8
ACO_3D
100
AcDbVertex
100
AcDb3dPolylineVertex
 10
0.692909649383465
 20
0.2870125742738173
 30
5.05
 70
32
  0
VERTEX
  5
818
330
17
100
AcDbEntity
  8
ACO_3D
100
AcDbVertex
100
AcDb3dPolylineVertex
 10
0.6236022092269089
 20
0.41667767476470163
 30
5.05
 70
32
  0
VERTEX
  5
819
330
17
100
AcDbEntity
  8
ACO_3D
100
AcDbVertex
100
AcDb3dPolylineVertex
 10
0.5303300858899107
 20
0.5303300858899106
 30
5.05
 70
32
  0
VERTEX
  5
81A
330
17
100
AcDbEntity
  8
ACO_3D
100
AcDbVertex
100
AcDb3dPolylineVertex
 10
0.41667767476470174
 20
0.6236022092269089
 30
5.05
 70
32
  0
VERTEX
  5
81B
330
17
100
AcDbEntity
  8
ACO_3D
100
AcDbVertex
100
AcDb3dPolylineVertex
 10
0.2870125742738174
 20
0.692909649383465
 30
5.05
 70
32
  0
VERTEX
  5
81C
330
17
100
AcDbEntity
  8
ACO_3D
100
AcDbVertex
100
AcDb3dPolylineVertex
 10
0.14631774151209626
 20
0.7355889603024228
 30
5.05
 70
32
  0
VERTEX
  5
81D
330
17
100
AcDbEntity
  8
ACO_3D
100
AcDbVertex
100
AcDb3dPolylineVertex
 10
4.592425496802574e-17
 20
0.75
 30
5.05
 70
32
  0
VERTEX
  5
81E
330
17
100
AcDbEntity
  8
ACO_3D
100
AcDbVertex
100
AcDb3dPolylineVertex
 10
-0.14631774151209614
 20
0.7355889603024228
 30
5.05
 70
32
  0
VERTEX
  5
81F
330
17
100
AcDbEntity
  8
ACO_3D
100
AcDbVertex
100
AcDb3dPolylineVertex
 10
-0.2870125742738173
 20
0.692909649383465
 30
5.05
 70
32
  0
VERTEX
  5
820
330
17
100
AcDbEntity
  8
ACO_3D
100
AcDbVertex
100
AcDb3dPolylineVertex
 10
-0.41667767476470147
 20
0.6236022092269091
 30
5.05
 70
32
  0
VERTEX
  5
821
330
17
100
AcDbEntity
  8
ACO_3D
100
AcDbVertex
100
AcDb3dPolylineVertex
 10
-0.5303300858899106
 20
0.5303300858899107
 30
5.05
 70
32
  0
VERTEX
  5
822
330
17
100
AcDbEntity
  8
ACO_3D
100
AcDbVertex
100
AcDb3dPolylineVertex
 10
-0.623602209226909
 20
0.41667767476470163
 30
5.05
 70
32
  0
VERTEX
  5
823
330
17
100
AcDbEntity
  8
ACO_3D
100
AcDbVertex
100
AcDb3dPolylineVertex
 10
-0.692909649383465
 20
0.28701257427381743
 30
5.05
 70
32
  0
VERTEX
  5
824
330
17
100
AcDbEntity
  8
ACO_3D
100
AcDbVertex
100
AcDb3dPolylineVertex
 10
-0.7355889603024228
 20
0.14631774151209645
 30
5.05
 70
32
  0
VERTEX
  5
825
330
17
100
AcDbEntity
  8
ACO_3D
100
AcDbVertex
100
AcDb3dPolylineVertex
 10
-0.75
 20
9.184850993605148e-17
 30
5.05
 70
32
  0
VERTEX
  5
826
330
17
100
AcDbEntity
  8
ACO_3D
100
AcDbVertex
100
AcDb3dPolylineVertex
 10
-0.7355889603024228
 20
-0.14631774151209626
 30
5.05
 70
32
  0
VERTEX
  5
827
330
17
100
AcDbEntity
  8
ACO_3D
100
AcDbVertex
100
AcDb3dPolylineVertex
 10
-0.6929096493834651
 20
-0.28701257427381727
 30
5.05
 70
32
  0
VERTEX
  5
828
330
17
100
AcDbEntity
  8
ACO_3D
100
AcDbVertex
100
AcDb3dPolylineVertex
 10
-0.6236022092269091
 20
-0.41667767476470147
 30
5.05
 70
32
  0
VERTEX
  5
829
330
17
100
AcDbEntity
  8
ACO_3D
100
AcDbVertex
100
AcDb3dPolylineVertex
 10
-0.5303300858899107
 20
-0.5303300858899106
 30
5.05
 70
32
  0
VERTEX
  5
82A
330
17
100
AcDbEntity
  8
ACO_3D
100
AcDbVertex
100
AcDb3dPolylineVertex
 10
-0.41667767476470163
 20
-0.6236022092269089
 30
5.05
 70
32
  0
VERTEX
  5
82B
330
17
100
AcDbEntity
  8
ACO_3D
100
AcDbVertex
100
AcDb3dPolylineVertex
 10
-0.28701257427381777
 20
-0.6929096493834649
 30
5.05
 70
32
  0
VERTEX
  5
82C
330
17
100
AcDbEntity
  8
ACO_3D
100
AcDbVertex
100
AcDb3dPolylineVertex
 10
-0.1463177415120965
 20
-0.7355889603024227
 30
5.05
 70
32
  0
VERTEX
  5
82D
330
17
100
AcDbEntity
  8
ACO_3D
100
AcDbVertex
100
AcDb3dPolylineVertex
 10
-1.3777276490407724e-16
 20
-0.75
 30
5.05
 70
32
  0
VERTEX
  5
82E
330
17
100
AcDbEntity
  8
ACO_3D
100
AcDbVertex
100
AcDb3dPolylineVertex
 10
0.14631774151209623
 20
-0.7355889603024228
 30
5.05
 70
32
  0
VERTEX
  5
82F
330
17
100
AcDbEntity
  8
ACO_3D
100
AcDbVertex
100
AcDb3dPolylineVertex
 10
0.2870125742738175
 20
-0.692909649383465
 30
5.05
 70
32
  0
VERTEX
  5
830
330
17
100
AcDbEntity
  8
ACO_3D
100
AcDbVertex
100
AcDb3dPolylineVertex
 10
0.4166776747647014
 20
-0.6236022092269091
 30
5.05
 70
32
  0
VERTEX
  5
831
330
17
100
AcDbEntity
  8
ACO_3D
100
AcDbVertex
100
AcDb3dPolylineVertex
 10
0.5303300858899105
 20
-0.5303300858899107
 30
5.05
 70
32
  0
VERTEX
  5
832
330
17
100
AcDbEntity
  8
ACO_3D
100
AcDbVertex
100
AcDb3dPolylineVertex
 10
0.6236022092269089
 20
-0.41667767476470163
 30
5.05
 70
32
  0
VERTEX
  5
833
330
17
100
AcDbEntity
  8
ACO_3D
100
AcDbVertex
100
AcDb3dPolylineVertex
 10
0.6929096493834649
 20
-0.28701257427381777
 30
5.05
 70
32
  0
VERTEX
  5
834
330
17
100
AcDbEntity
  8
ACO_3D
100
AcDbVertex
100
AcDb3dPolylineVertex
 10
0.7355889603024227
 20
-0.14631774151209653
 30
5.05
 70
32
  0
VERTEX
  5
835
330
17
100
AcDbEntity
  8
ACO_3D
100
AcDbVertex
100
AcDb3dPolylineVertex
 10
0.75
 20
-1.8369701987210297e-16
 30
5.05
 70
32
  0
SEQEND
  5
814
330
813
100
AcDbEntity
  8
ACO_3D
  0
POLYLINE
  5
836
330
17
100
AcDbEntity
  8
MEMBRANA_3D
100
AcDb3dPolyline
 66
1
 10
0.0
 20
0.0
 30
0.0
 70
8
  0
VERTEX
  5
838
330
17
100
AcDbEntity
  8
MEMBRANA_3D
100
AcDbVertex
100
AcDb3dPolylineVertex
 10
1.0
 20
0.0
 30
5.2
 70
32
  0
VERTEX
  5
839
330
17
100
AcDbEntity
  8
MEMBRANA_3D
100
AcDbVertex
100
AcDb3dPolylineVertex
 10
0.9807852804032304
 20
0.19509032201612825
 30
5.2
 70
32
  0
VERTEX
  5
83A
330
17
100
AcDbEntity
  8
MEMBRANA_3D
100
AcDbVertex
100
AcDb3dPolylineVertex
 10
0.9238795325112867
 20
0.3826834323650898
 30
5.2
 70
32
  0
VERTEX
  5
83B
330
17
100
AcDbEntity
  8
MEMBRANA_3D
100
AcDbVertex
100
AcDb3dPolylineVertex
 10
0.8314696123025452
 20
0.5555702330196022
 30
5.2
 70
32
  0
VERTEX
  5
83C
330
17
100
AcDbEntity
  8
MEMBRANA_3D
100
AcDbVertex
100
AcDb3dPolylineVertex
 10
0.7071067811865476
 20
0.7071067811865475
 30
5.2
 70
32
  0
VERTEX
  5
83D
330
17
100
AcDbEntity
  8
MEMBRANA_3D
100
AcDbVertex
100
AcDb3dPolylineVertex
 10
0.5555702330196023
 20
0.8314696123025452
 30
5.2
 70
32
  0
VERTEX
  5
83E
330
17
100
AcDbEntity
  8
MEMBRANA_3D
100
AcDbVertex
100
AcDb3dPolylineVertex
 10
0.38268343236508984
 20
0.9238795325112867
 30
5.2
 70
32
  0
VERTEX
  5
83F
330
17
100
AcDbEntity
  8
MEMBRANA_3D
100
AcDbVertex
100
AcDb3dPolylineVertex
 10
0.19509032201612833
 20
0.9807852804032304
 30
5.2
 70
32
  0
VERTEX
  5
840
330
17
100
AcDbEntity
  8
MEMBRANA_3D
100
AcDbVertex
100
AcDb3dPolylineVertex
 10
6.123233995736766e-17
 20
1.0
 30
5.2
 70
32
  0
VERTEX
  5
841
330
17
100
AcDbEntity
  8
MEMBRANA_3D
100
AcDbVertex
100
AcDb3dPolylineVertex
 10
-0.1950903220161282
 20
0.9807852804032304
 30
5.2
 70
32
  0
VERTEX
  5
842
330
17
100
AcDbEntity
  8
MEMBRANA_3D
100
AcDbVertex
100
AcDb3dPolylineVertex
 10
-0.3826834323650897
 20
0.9238795325112867
 30
5.2
 70
32
  0
VERTEX
  5
843
330
17
100
AcDbEntity
  8
MEMBRANA_3D
100
AcDbVertex
100
AcDb3dPolylineVertex
 10
-0.555570233019602
 20
0.8314696123025455
 30
5.2
 70
32
  0
VERTEX
  5
844
330
17
100
AcDbEntity
  8
MEMBRANA_3D
100
AcDbVertex
100
AcDb3dPolylineVertex
 10
-0.7071067811865475
 20
0.7071067811865476
 30
5.2
 70
32
  0
VERTEX
  5
845
330
17
100
AcDbEntity
  8
MEMBRANA_3D
100
AcDbVertex
100
AcDb3dPolylineVertex
 10
-0.8314696123025453
 20
0.5555702330196022
 30
5.2
 70
32
  0
VERTEX
  5
846
330
17
100
AcDbEntity
  8
MEMBRANA_3D
100
AcDbVertex
100
AcDb3dPolylineVertex
 10
-0.9238795325112867
 20
0.3826834323650899
 30
5.2
 70
32
  0
VERTEX
  5
847
330
17
100
AcDbEntity
  8
MEMBRANA_3D
100
AcDbVertex
100
AcDb3dPolylineVertex
 10
-0.9807852804032304
 20
0.1950903220161286
 30
5.2
 70
32
  0
VERTEX
  5
848
330
17
100
AcDbEntity
  8
MEMBRANA_3D
100
AcDbVertex
100
AcDb3dPolylineVertex
 10
-1.0
 20
1.2246467991473532e-16
 30
5.2
 70
32
  0
VERTEX
  5
849
330
17
100
AcDbEntity
  8
MEMBRANA_3D
100
AcDbVertex
100
AcDb3dPolylineVertex
 10
-0.9807852804032304
 20
-0.19509032201612836
 30
5.2
 70
32
  0
VERTEX
  5
84A
330
17
100
AcDbEntity
  8
MEMBRANA_3D
100
AcDbVertex
100
AcDb3dPolylineVertex
 10
-0.9238795325112868
 20
-0.38268343236508967
 30
5.2
 70
32
  0
VERTEX
  5
84B
330
17
100
AcDbEntity
  8
MEMBRANA_3D
100
AcDbVertex
100
AcDb3dPolylineVertex
 10
-0.8314696123025455
 20
-0.555570233019602
 30
5.2
 70
32
  0
VERTEX
  5
84C
330
17
100
AcDbEntity
  8
MEMBRANA_3D
100
AcDbVertex
100
AcDb3dPolylineVertex
 10
-0.7071067811865477
 20
-0.7071067811865475
 30
5.2
 70
32
  0
VERTEX
  5
84D
330
17
100
AcDbEntity
  8
MEMBRANA_3D
100
AcDbVertex
100
AcDb3dPolylineVertex
 10
-0.5555702330196022
 20
-0.8314696123025452
 30
5.2
 70
32
  0
VERTEX
  5
84E
330
17
100
AcDbEntity
  8
MEMBRANA_3D
100
AcDbVertex
100
AcDb3dPolylineVertex
 10
-0.38268343236509034
 20
-0.9238795325112865
 30
5.2
 70
32
  0
VERTEX
  5
84F
330
17
100
AcDbEntity
  8
MEMBRANA_3D
100
AcDbVertex
100
AcDb3dPolylineVertex
 10
-0.19509032201612866
 20
-0.9807852804032303
 30
5.2
 70
32
  0
VERTEX
  5
850
330
17
100
AcDbEntity
  8
MEMBRANA_3D
100
AcDbVertex
100
AcDb3dPolylineVertex
 10
-1.8369701987210297e-16
 20
-1.0
 30
5.2
 70
32
  0
VERTEX
  5
851
330
17
100
AcDbEntity
  8
MEMBRANA_3D
100
AcDbVertex
100
AcDb3dPolylineVertex
 10
0.1950903220161283
 20
-0.9807852804032304
 30
5.2
 70
32
  0
VERTEX
  5
852
330
17
100
AcDbEntity
  8
MEMBRANA_3D
100
AcDbVertex
100
AcDb3dPolylineVertex
 10
0.38268343236509
 20
-0.9238795325112866
 30
5.2
 70
32
  0
VERTEX
  5
853
330
17
100
AcDbEntity
  8
MEMBRANA_3D
100
AcDbVertex
100
AcDb3dPolylineVertex
 10
0.5555702330196018
 20
-0.8314696123025455
 30
5.2
 70
32
  0
VERTEX
  5
854
330
17
100
AcDbEntity
  8
MEMBRANA_3D
100
AcDbVertex
100
AcDb3dPolylineVertex
 10
0.7071067811865474
 20
-0.7071067811865477
 30
5.2
 70
32
  0
VERTEX
  5
855
330
17
100
AcDbEntity
  8
MEMBRANA_3D
100
AcDbVertex
100
AcDb3dPolylineVertex
 10
0.8314696123025452
 20
-0.5555702330196022
 30
5.2
 70
32
  0
VERTEX
  5
856
330
17
100
AcDbEntity
  8
MEMBRANA_3D
100
AcDbVertex
100
AcDb3dPolylineVertex
 10
0.9238795325112865
 20
-0.3826834323650904
 30
5.2
 70
32
  0
VERTEX
  5
857
330
17
100
AcDbEntity
  8
MEMBRANA_3D
100
AcDbVertex
100
AcDb3dPolylineVertex
 10
0.9807852804032303
 20
-0.19509032201612872
 30
5.2
 70
32
  0
VERTEX
  5
858
330
17
100
AcDbEntity
  8
MEMBRANA_3D
100
AcDbVertex
100
AcDb3dPolylineVertex
 10
1.0
 20
-2.4492935982947064e-16
 30
5.2
 70
32
  0
SEQEND
  5
837
330
836
100
AcDbEntity
  8
MEMBRANA_3D
  0
3DFACE
  5
859
330
17
100
AcDbEntity
  8
VIDRO_3D
100
AcDbFace
 10
0.75
 20
0.0
 30
4.6
 11
0.7355889603024228
 21
0.1463177415120962
 31
4.6
 12
0.7355889603024228
 22
0.1463177415120962
 32
5.05
 13
0.75
 23
0.0
 33
5.05
  0
3DFACE
  5
85A
330
17
100
AcDbEntity
  8
MEMBRANA_3D
100
AcDbFace
 10
0.0
 20
0.0
 30
5.3
 11
1.0
 21
0.0
 31
5.2
 12
0.9807852804032304
 22
0.19509032201612825
 32
5.2
 13
0.0
 23
0.0
 33
5.3
  0
3DFACE
  5
85B
330
17
100
AcDbEntity
  8
VIDRO_3D
100
AcDbFace
 10
0.7355889603024228
 20
0.1463177415120962
 30
4.6
 11
0.692909649383465
 21
0.2870125742738173
 31
4.6
 12
0.692909649383465
 22
0.2870125742738173
 32
5.05
 13
0.7355889603024228
 23
0.1463177415120962
 33
5.05
  0
3DFACE
  5
85C
330
17
100
AcDbEntity
  8
MEMBRANA_3D
100
AcDbFace
 10
0.0
 20
0.0
 30
5.3
 11
0.9807852804032304
 21
0.19509032201612825
 31
5.2
 12
0.9238795325112867
 22
0.3826834323650898
 32
5.2
 13
0.0
 23
0.0
 33
5.3
  0
3DFACE
  5
85D
330
17
100
AcDbEntity
  8
VIDRO_3D
100
AcDbFace
 10
0.692909649383465
 20
0.2870125742738173
 30
4.6
 11
0.6236022092269089
 21
0.41667767476470163
 31
4.6
 12
0.6236022092269089
 22
0.41667767476470163
 32
5.05
 13
0.692909649383465
 23
0.2870125742738173
 33
5.05
  0
3DFACE
  5
85E
330
17
100
AcDbEntity
  8
MEMBRANA_3D
100
AcDbFace
 10
0.0
 20
0.0
 30
5.3
 11
0.9238795325112867
 21
0.3826834323650898
 31
5.2
 12
0.8314696123025452
 22
0.5555702330196022
 32
5.2
 13
0.0
 23
0.0
 33
5.3
  0
3DFACE
  5
85F
330
17
100
AcDbEntity
  8
VIDRO_3D
100
AcDbFace
 10
0.6236022092269089
 20
0.41667767476470163
 30
4.6
 11
0.5303300858899107
 21
0.5303300858899106
 31
4.6
 12
0.5303300858899107
 22
0.5303300858899106
 32
5.05
 13
0.6236022092269089
 23
0.41667767476470163
 33
5.05
  0
3DFACE
  5
860
330
17
100
AcDbEntity
  8
MEMBRANA_3D
100
AcDbFace
 10
0.0
 20
0.0
 30
5.3
 11
0.8314696123025452
 21
0.5555702330196022
 31
5.2
 12
0.7071067811865476
 22
0.7071067811865475
 32
5.2
 13
0.0
 23
0.0
 33
5.3
  0
3DFACE
  5
861
330
17
100
AcDbEntity
  8
VIDRO_3D
100
AcDbFace
 10
0.5303300858899107
 20
0.5303300858899106
 30
4.6
 11
0.41667767476470174
 21
0.6236022092269089
 31
4.6
 12
0.41667767476470174
 22
0.6236022092269089
 32
5.05
 13
0.5303300858899107
 23
0.5303300858899106
 33
5.05
  0
3DFACE
  5
862
330
17
100
AcDbEntity
  8
MEMBRANA_3D
100
AcDbFace
 10
0.0
 20
0.0
 30
5.3
 11
0.7071067811865476
 21
0.7071067811865475
 31
5.2
 12
0.5555702330196023
 22
0.8314696123025452
 32
5.2
 13
0.0
 23
0.0
 33
5.3
  0
3DFACE
  5
863
330
17
100
AcDbEntity
  8
VIDRO_3D
100
AcDbFace
 10
0.41667767476470174
 20
0.6236022092269089
 30
4.6
 11
0.2870125742738174
 21
0.692909649383465
 31
4.6
 12
0.2870125742738174
 22
0.692909649383465
 32
5.05
 13
0.41667767476470174
 23
0.6236022092269089
 33
5.05
  0
3DFACE
  5
864
330
17
100
AcDbEntity
  8
MEMBRANA_3D
100
AcDbFace
 10
0.0
 20
0.0
 30
5.3
 11
0.5555702330196023
 21
0.8314696123025452
 31
5.2
 12
0.38268343236508984
 22
0.9238795325112867
 32
5.2
 13
0.0
 23
0.0
 33
5.3
  0
3DFACE
  5
865
330
17
100
AcDbEntity
  8
VIDRO_3D
100
AcDbFace
 10
0.2870125742738174
 20
0.692909649383465
 30
4.6
 11
0.14631774151209626
 21
0.7355889603024228
 31
4.6
 12
0.14631774151209626
 22
0.7355889603024228
 32
5.05
 13
0.2870125742738174
 23
0.692909649383465
 33
5.05
  0
3DFACE
  5
866
330
17
100
AcDbEntity
  8
MEMBRANA_3D
100
AcDbFace
 10
0.0
 20
0.0
 30
5.3
 11
0.38268343236508984
 21
0.9238795325112867
 31
5.2
 12
0.19509032201612833
 22
0.9807852804032304
 32
5.2
 13
0.0
 23
0.0
 33
5.3
  0
3DFACE
  5
867
330
17
100
AcDbEntity
  8
VIDRO_3D
100
AcDbFace
 10
0.14631774151209626
 20
0.7355889603024228
 30
4.6
 11
4.592425496802574e-17
 21
0.75
 31
4.6
 12
4.592425496802574e-17
 22
0.75
 32
5.05
 13
0.14631774151209626
 23
0.7355889603024228
 33
5.05
  0
3DFACE
  5
868
330
17
100
AcDbEntity
  8
MEMBRANA_3D
100
AcDbFace
 10
0.0
 20
0.0
 30
5.3
 11
0.19509032201612833
 21
0.9807852804032304
 31
5.2
 12
6.123233995736766e-17
 22
1.0
 32
5.2
 13
0.0
 23
0.0
 33
5.3
  0
3DFACE
  5
869
330
17
100
AcDbEntity
  8
VIDRO_3D
100
AcDbFace
 10
4.592425496802574e-17
 20
0.75
 30
4.6
 11
-0.14631774151209614
 21
0.7355889603024228
 31
4.6
 12
-0.14631774151209614
 22
0.7355889603024228
 32
5.05
 13
4.592425496802574e-17
 23
0.75
 33
5.05
  0
3DFACE
  5
86A
330
17
100
AcDbEntity
  8
MEMBRANA_3D
100
AcDbFace
 10
0.0
 20
0.0
 30
5.3
 11
6.123233995736766e-17
 21
1.0
 31
5.2
 12
-0.1950903220161282
 22
0.9807852804032304
 32
5.2
 13
0.0
 23
0.0
 33
5.3
  0
3DFACE
  5
86B
330
17
100
AcDbEntity
  8
VIDRO_3D
100
AcDbFace
 10
-0.14631774151209614
 20
0.7355889603024228
 30
4.6
 11
-0.2870125742738173
 21
0.692909649383465
 31
4.6
 12
-0.2870125742738173
 22
0.692909649383465
 32
5.05
 13
-0.14631774151209614
 23
0.7355889603024228
 33
5.05
  0
3DFACE
  5
86C
330
17
100
AcDbEntity
  8
MEMBRANA_3D
100
AcDbFace
 10
0.0
 20
0.0
 30
5.3
 11
-0.1950903220161282
 21
0.9807852804032304
 31
5.2
 12
-0.3826834323650897
 22
0.9238795325112867
 32
5.2
 13
0.0
 23
0.0
 33
5.3
  0
3DFACE
  5
86D
330
17
100
AcDbEntity
  8
VIDRO_3D
100
AcDbFace
 10
-0.2870125742738173
 20
0.692909649383465
 30
4.6
 11
-0.41667767476470147
 21
0.6236022092269091
 31
4.6
 12
-0.41667767476470147
 22
0.6236022092269091
 32
5.05
 13
-0.2870125742738173
 23
0.692909649383465
 33
5.05
  0
3DFACE
  5
86E
330
17
100
AcDbEntity
  8
MEMBRANA_3D
100
AcDbFace
 10
0.0
 20
0.0
 30
5.3
 11
-0.3826834323650897
 21
0.9238795325112867
 31
5.2
 12
-0.555570233019602
 22
0.8314696123025455
 32
5.2
 13
0.0
 23
0.0
 33
5.3
  0
3DFACE
  5
86F
330
17
100
AcDbEntity
  8
VIDRO_3D
100
AcDbFace
 10
-0.41667767476470147
 20
0.6236022092269091
 30
4.6
 11
-0.5303300858899106
 21
0.5303300858899107
 31
4.6
 12
-0.5303300858899106
 22
0.5303300858899107
 32
5.05
 13
-0.41667767476470147
 23
0.6236022092269091
 33
5.05
  0
3DFACE
  5
870
330
17
100
AcDbEntity
  8
MEMBRANA_3D
100
AcDbFace
 10
0.0
 20
0.0
 30
5.3
 11
-0.555570233019602
 21
0.8314696123025455
 31
5.2
 12
-0.7071067811865475
 22
0.7071067811865476
 32
5.2
 13
0.0
 23
0.0
 33
5.3
  0
3DFACE
  5
871
330
17
100
AcDbEntity
  8
VIDRO_3D
100
AcDbFace
 10
-0.5303300858899106
 20
0.5303300858899107
 30
4.6
 11
-0.623602209226909
 21
0.41667767476470163
 31
4.6
 12
-0.623602209226909
 22
0.41667767476470163
 32
5.05
 13
-0.5303300858899106
 23
0.5303300858899107
 33
5.05
  0
3DFACE
  5
872
330
17
100
AcDbEntity
  8
MEMBRANA_3D
100
AcDbFace
 10
0.0
 20
0.0
 30
5.3
 11
-0.7071067811865475
 21
0.7071067811865476
 31
5.2
 12
-0.8314696123025453
 22
0.5555702330196022
 32
5.2
 13
0.0
 23
0.0
 33
5.3
  0
3DFACE
  5
873
330
17
100
AcDbEntity
  8
VIDRO_3D
100
AcDbFace
 10
-0.623602209226909
 20
0.41667767476470163
 30
4.6
 11
-0.692909649383465
 21
0.28701257427381743
 31
4.6
 12
-0.692909649383465
 22
0.28701257427381743
 32
5.05
 13
-0.623602209226909
 23
0.41667767476470163
 33
5.05
  0
3DFACE
  5
874
330
17
100
AcDbEntity
  8
MEMBRANA_3D
100
AcDbFace
 10
0.0
 20
0.0
 30
5.3
 11
-0.8314696123025453
 21
0.5555702330196022
 31
5.2
 12
-0.9238795325112867
 22
0.3826834323650899
 32
5.2
 13
0.0
 23
0.0
 33
5.3
  0
3DFACE
  5
875
330
17
100
AcDbEntity
  8
VIDRO_3D
100
AcDbFace
 10
-0.692909649383465
 20
0.28701257427381743
 30
4.6
 11
-0.7355889603024228
 21
0.14631774151209645
 31
4.6
 12
-0.7355889603024228
 22
0.14631774151209645
 32
5.05
 13
-0.692909649383465
 23
0.28701257427381743
 33
5.05
  0
3DFACE
  5
876
330
17
100
AcDbEntity
  8
MEMBRANA_3D
100
AcDbFace
 10
0.0
 20
0.0
 30
5.3
 11
-0.9238795325112867
 21
0.3826834323650899
 31
5.2
 12
-0.9807852804032304
 22
0.1950903220161286
 32
5.2
 13
0.0
 23
0.0
 33
5.3
  0
3DFACE
  5
877
330
17
100
AcDbEntity
  8
VIDRO_3D
100
AcDbFace
 10
-0.7355889603024228
 20
0.14631774151209645
 30
4.6
 11
-0.75
 21
9.184850993605148e-17
 31
4.6
 12
-0.75
 22
9.184850993605148e-17
 32
5.05
 13
-0.7355889603024228
 23
0.14631774151209645
 33
5.05
  0
3DFACE
  5
878
330
17
100
AcDbEntity
  8
MEMBRANA_3D
100
AcDbFace
 10
0.0
 20
0.0
 30
5.3
 11
-0.9807852804032304
 21
0.1950903220161286
 31
5.2
 12
-1.0
 22
1.2246467991473532e-16
 32
5.2
 13
0.0
 23
0.0
 33
5.3
  0
3DFACE
  5
879
330
17
100
AcDbEntity
  8
VIDRO_3D
100
AcDbFace
 10
-0.75
 20
9.184850993605148e-17
 30
4.6
 11
-0.7355889603024228
 21
-0.14631774151209626
 31
4.6
 12
-0.7355889603024228
 22
-0.14631774151209626
 32
5.05
 13
-0.75
 23
9.184850993605148e-17
 33
5.05
  0
3DFACE
  5
87A
330
17
100
AcDbEntity
  8
MEMBRANA_3D
100
AcDbFace
 10
0.0
 20
0.0
 30
5.3
 11
-1.0
 21
1.2246467991473532e-16
 31
5.2
 12
-0.9807852804032304
 22
-0.19509032201612836
 32
5.2
 13
0.0
 23
0.0
 33
5.3
  0
3DFACE
  5
87B
330
17
100
AcDbEntity
  8
VIDRO_3D
100
AcDbFace
 10
-0.7355889603024228
 20
-0.14631774151209626
 30
4.6
 11
-0.6929096493834651
 21
-0.28701257427381727
 31
4.6
 12
-0.6929096493834651
 22
-0.28701257427381727
 32
5.05
 13
-0.7355889603024228
 23
-0.14631774151209626
 33
5.05
  0
3DFACE
  5
87C
330
17
100
AcDbEntity
  8
MEMBRANA_3D
100
AcDbFace
 10
0.0
 20
0.0
 30
5.3
 11
-0.9807852804032304
 21
-0.19509032201612836
 31
5.2
 12
-0.9238795325112868
 22
-0.38268343236508967
 32
5.2
 13
0.0
 23
0.0
 33
5.3
  0
3DFACE
  5
87D
330
17
100
AcDbEntity
  8
VIDRO_3D
100
AcDbFace
 10
-0.6929096493834651
 20
-0.28701257427381727
 30
4.6
 11
-0.6236022092269091
 21
-0.41667767476470147
 31
4.6
 12
-0.6236022092269091
 22
-0.41667767476470147
 32
5.05
 13
-0.6929096493834651
 23
-0.28701257427381727
 33
5.05
  0
3DFACE
  5
87E
330
17
100
AcDbEntity
  8
MEMBRANA_3D
100
AcDbFace
 10
0.0
 20
0.0
 30
5.3
 11
-0.9238795325112868
 21
-0.38268343236508967
 31
5.2
 12
-0.8314696123025455
 22
-0.555570233019602
 32
5.2
 13
0.0
 23
0.0
 33
5.3
  0
3DFACE
  5
87F
330
17
100
AcDbEntity
  8
VIDRO_3D
100
AcDbFace
 10
-0.6236022092269091
 20
-0.41667767476470147
 30
4.6
 11
-0.5303300858899107
 21
-0.5303300858899106
 31
4.6
 12
-0.5303300858899107
 22
-0.5303300858899106
 32
5.05
 13
-0.6236022092269091
 23
-0.41667767476470147
 33
5.05
  0
3DFACE
  5
880
330
17
100
AcDbEntity
  8
MEMBRANA_3D
100
AcDbFace
 10
0.0
 20
0.0
 30
5.3
 11
-0.8314696123025455
 21
-0.555570233019602
 31
5.2
 12
-0.7071067811865477
 22
-0.7071067811865475
 32
5.2
 13
0.0
 23
0.0
 33
5.3
  0
3DFACE
  5
881
330
17
100
AcDbEntity
  8
VIDRO_3D
100
AcDbFace
 10
-0.5303300858899107
 20
-0.5303300858899106
 30
4.6
 11
-0.41667767476470163
 21
-0.6236022092269089
 31
4.6
 12
-0.41667767476470163
 22
-0.6236022092269089
 32
5.05
 13
-0.5303300858899107
 23
-0.5303300858899106
 33
5.05
  0
3DFACE
  5
882
330
17
100
AcDbEntity
  8
MEMBRANA_3D
100
AcDbFace
 10
0.0
 20
0.0
 30
5.3
 11
-0.7071067811865477
 21
-0.7071067811865475
 31
5.2
 12
-0.5555702330196022
 22
-0.8314696123025452
 32
5.2
 13
0.0
 23
0.0
 33
5.3
  0
3DFACE
  5
883
330
17
100
AcDbEntity
  8
VIDRO_3D
100
AcDbFace
 10
-0.41667767476470163
 20
-0.6236022092269089
 30
4.6
 11
-0.28701257427381777
 21
-0.6929096493834649
 31
4.6
 12
-0.28701257427381777
 22
-0.6929096493834649
 32
5.05
 13
-0.41667767476470163
 23
-0.6236022092269089
 33
5.05
  0
3DFACE
  5
884
330
17
100
AcDbEntity
  8
MEMBRANA_3D
100
AcDbFace
 10
0.0
 20
0.0
 30
5.3
 11
-0.5555702330196022
 21
-0.8314696123025452
 31
5.2
 12
-0.38268343236509034
 22
-0.9238795325112865
 32
5.2
 13
0.0
 23
0.0
 33
5.3
  0
3DFACE
  5
885
330
17
100
AcDbEntity
  8
VIDRO_3D
100
AcDbFace
 10
-0.28701257427381777
 20
-0.6929096493834649
 30
4.6
 11
-0.1463177415120965
 21
-0.7355889603024227
 31
4.6
 12
-0.1463177415120965
 22
-0.7355889603024227
 32
5.05
 13
-0.28701257427381777
 23
-0.6929096493834649
 33
5.05
  0
3DFACE
  5
886
330
17
100
AcDbEntity
  8
MEMBRANA_3D
100
AcDbFace
 10
0.0
 20
0.0
 30
5.3
 11
-0.38268343236509034
 21
-0.9238795325112865
 31
5.2
 12
-0.19509032201612866
 22
-0.9807852804032303
 32
5.2
 13
0.0
 23
0.0
 33
5.3
  0
3DFACE
  5
887
330
17
100
AcDbEntity
  8
VIDRO_3D
100
AcDbFace
 10
-0.1463177415120965
 20
-0.7355889603024227
 30
4.6
 11
-1.3777276490407724e-16
 21
-0.75
 31
4.6
 12
-1.3777276490407724e-16
 22
-0.75
 32
5.05
 13
-0.1463177415120965
 23
-0.7355889603024227
 33
5.05
  0
3DFACE
  5
888
330
17
100
AcDbEntity
  8
MEMBRANA_3D
100
AcDbFace
 10
0.0
 20
0.0
 30
5.3
 11
-0.19509032201612866
 21
-0.9807852804032303
 31
5.2
 12
-1.8369701987210297e-16
 22
-1.0
 32
5.2
 13
0.0
 23
0.0
 33
5.3
  0
3DFACE
  5
889
330
17
100
AcDbEntity
  8
VIDRO_3D
100
AcDbFace
 10
-1.3777276490407724e-16
 20
-0.75
 30
4.6
 11
0.14631774151209623
 21
-0.7355889603024228
 31
4.6
 12
0.14631774151209623
 22
-0.7355889603024228
 32
5.05
 13
-1.3777276490407724e-16
 23
-0.75
 33
5.05
  0
3DFACE
  5
88A
330
17
100
AcDbEntity
  8
MEMBRANA_3D
100
AcDbFace
 10
0.0
 20
0.0
 30
5.3
 11
-1.8369701987210297e-16
 21
-1.0
 31
5.2
 12
0.1950903220161283
 22
-0.9807852804032304
 32
5.2
 13
0.0
 23
0.0
 33
5.3
  0
3DFACE
  5
88B
330
17
100
AcDbEntity
  8
VIDRO_3D
100
AcDbFace
 10
0.14631774151209623
 20
-0.7355889603024228
 30
4.6
 11
0.2870125742738175
 21
-0.692909649383465
 31
4.6
 12
0.2870125742738175
 22
-0.692909649383465
 32
5.05
 13
0.14631774151209623
 23
-0.7355889603024228
 33
5.05
  0
3DFACE
  5
88C
330
17
100
AcDbEntity
  8
MEMBRANA_3D
100
AcDbFace
 10
0.0
 20
0.0
 30
5.3
 11
0.1950903220161283
 21
-0.9807852804032304
 31
5.2
 12
0.38268343236509
 22
-0.9238795325112866
 32
5.2
 13
0.0
 23
0.0
 33
5.3
  0
3DFACE
  5
88D
330
17
100
AcDbEntity
  8
VIDRO_3D
100
AcDbFace
 10
0.2870125742738175
 20
-0.692909649383465
 30
4.6
 11
0.4166776747647014
 21
-0.6236022092269091
 31
4.6
 12
0.4166776747647014
 22
-0.6236022092269091
 32
5.05
 13
0.2870125742738175
 23
-0.692909649383465
 33
5.05
  0
3DFACE
  5
88E
330
17
100
AcDbEntity
  8
MEMBRANA_3D
100
AcDbFace
 10
0.0
 20
0.0
 30
5.3
 11
0.38268343236509
 21
-0.9238795325112866
 31
5.2
 12
0.5555702330196018
 22
-0.8314696123025455
 32
5.2
 13
0.0
 23
0.0
 33
5.3
  0
3DFACE
  5
88F
330
17
100
AcDbEntity
  8
VIDRO_3D
100
AcDbFace
 10
0.4166776747647014
 20
-0.6236022092269091
 30
4.6
 11
0.5303300858899105
 21
-0.5303300858899107
 31
4.6
 12
0.5303300858899105
 22
-0.5303300858899107
 32
5.05
 13
0.4166776747647014
 23
-0.6236022092269091
 33
5.05
  0
3DFACE
  5
890
330
17
100
AcDbEntity
  8
MEMBRANA_3D
100
AcDbFace
 10
0.0
 20
0.0
 30
5.3
 11
0.5555702330196018
 21
-0.8314696123025455
 31
5.2
 12
0.7071067811865474
 22
-0.7071067811865477
 32
5.2
 13
0.0
 23
0.0
 33
5.3
  0
3DFACE
  5
891
330
17
100
AcDbEntity
  8
VIDRO_3D
100
AcDbFace
 10
0.5303300858899105
 20
-0.5303300858899107
 30
4.6
 11
0.6236022092269089
 21
-0.41667767476470163
 31
4.6
 12
0.6236022092269089
 22
-0.41667767476470163
 32
5.05
 13
0.5303300858899105
 23
-0.5303300858899107
 33
5.05
  0
3DFACE
  5
892
330
17
100
AcDbEntity
  8
MEMBRANA_3D
100
AcDbFace
 10
0.0
 20
0.0
 30
5.3
 11
0.7071067811865474
 21
-0.7071067811865477
 31
5.2
 12
0.8314696123025452
 22
-0.5555702330196022
 32
5.2
 13
0.0
 23
0.0
 33
5.3
  0
3DFACE
  5
893
330
17
100
AcDbEntity
  8
VIDRO_3D
100
AcDbFace
 10
0.6236022092269089
 20
-0.41667767476470163
 30
4.6
 11
0.6929096493834649
 21
-0.28701257427381777
 31
4.6
 12
0.6929096493834649
 22
-0.28701257427381777
 32
5.05
 13
0.6236022092269089
 23
-0.41667767476470163
 33
5.05
  0
3DFACE
  5
894
330
17
100
AcDbEntity
  8
MEMBRANA_3D
100
AcDbFace
 10
0.0
 20
0.0
 30
5.3
 11
0.8314696123025452
 21
-0.5555702330196022
 31
5.2
 12
0.9238795325112865
 22
-0.3826834323650904
 32
5.2
 13
0.0
 23
0.0
 33
5.3
  0
3DFACE
  5
895
330
17
100
AcDbEntity
  8
VIDRO_3D
100
AcDbFace
 10
0.6929096493834649
 20
-0.28701257427381777
 30
4.6
 11
0.7355889603024227
 21
-0.14631774151209653
 31
4.6
 12
0.7355889603024227
 22
-0.14631774151209653
 32
5.05
 13
0.6929096493834649
 23
-0.28701257427381777
 33
5.05
  0
3DFACE
  5
896
330
17
100
AcDbEntity
  8
MEMBRANA_3D
100
AcDbFace
 10
0.0
 20
0.0
 30
5.3
 11
0.9238795325112865
 21
-0.3826834323650904
 31
5.2
 12
0.9807852804032303
 22
-0.19509032201612872
 32
5.2
 13
0.0
 23
0.0
 33
5.3
  0
3DFACE
  5
897
330
17
100
AcDbEntity
  8
VIDRO_3D
100
AcDbFace
 10
0.7355889603024227
 20
-0.14631774151209653
 30
4.6
 11
0.75
 21
-1.8369701987210297e-16
 31
4.6
 12
0.75
 22
-1.8369701987210297e-16
 32
5.05
 13
0.7355889603024227
 23
-0.14631774151209653
 33
5.05
  0
3DFACE
  5
898
330
17
100
AcDbEntity
  8
MEMBRANA_3D
100
AcDbFace
 10
0.0
 20
0.0
 30
5.3
 11
0.9807852804032303
 21
-0.19509032201612872
 31
5.2
 12
1.0
 22
-2.4492935982947064e-16
 32
5.2
 13
0.0
 23
0.0
 33
5.3
  0
POLYLINE
  5
899
330
17
100
AcDbEntity
  8
ACO_3D
100
AcDb3dPolyline
 66
1
 10
0.0
 20
0.0
 30
0.0
 70
8
  0
VERTEX
  5
89B
330
17
100
AcDbEntity
  8
ACO_3D
100
AcDbVertex
100
AcDb3dPolylineVertex
 10
-6.28013348099414
 20
-1.8
 30
-0.2
 70
32
  0
VERTEX
  5
89C
330
17
100
AcDbEntity
  8
ACO_3D
100
AcDbVertex
100
AcDb3dPolylineVertex
 10
-6.28013348099414
 20
-1.8
 30
2.4
 70
32
  0
SEQEND
  5
89A
330
899
100
AcDbEntity
  8
ACO_3D
  0
POLYLINE
  5
89D
330
17
100
AcDbEntity
  8
ACO_3D
100
AcDb3dPolyline
 66
1
 10
0.0
 20
0.0
 30
0.0
 70
8
  0
VERTEX
  5
89F
330
17
100
AcDbEntity
  8
ACO_3D
100
AcDbVertex
100
AcDb3dPolylineVertex
 10
-6.28013348099414
 20
1.8
 30
-0.2
 70
32
  0
VERTEX
  5
8A0
330
17
100
AcDbEntity
  8
ACO_3D
100
AcDbVertex
100
AcDb3dPolylineVertex
 10
-6.28013348099414
 20
1.8
 30
2.4
 70
32
  0
SEQEND
  5
89E
330
89D
100
AcDbEntity
  8
ACO_3D
  0
3DFACE
  5
8A1
330
17
100
AcDbEntity
  8
MEMBRANA_3D
100
AcDbFace
 10
-6.28013348099414
 20
-1.8
 30
2.4
 11
-6.28013348099414
 21
1.8
 31
2.4
 12
-3.4
 22
1.4083261120685235
 32
2.85
 13
-3.4000000000000004
 23
-1.4083261120685227
 33
2.85
  0
POLYLINE
  5
8A2
330
17
100
AcDbEntity
  8
DECK
100
AcDb3dPolyline
 66
1
 10
0.0
 20
0.0
 30
0.0
 70
8
  0
VERTEX
  5
8A4
330
17
100
AcDbEntity
  8
DECK
100
AcDbVertex
100
AcDb3dPolylineVertex
 10
-1.4083261120685229
 20
3.4
 30
0.0
 70
32
  0
VERTEX
  5
8A5
330
17
100
AcDbEntity
  8
DECK
100
AcDbVertex
100
AcDb3dPolylineVertex
 10
-3.4
 20
1.4083261120685235
 30
0.0
 70
32
  0
VERTEX
  5
8A6
330
17
100
AcDbEntity
  8
DECK
100
AcDbVertex
100
AcDb3dPolylineVertex
 10
-3.4000000000000004
 20
-1.4083261120685227
 30
0.0
 70
32
  0
VERTEX
  5
8A7
330
17
100
AcDbEntity
  8
DECK
100
AcDbVertex
100
AcDb3dPolylineVertex
 10
-1.408326112068525
 20
-3.399999999999999
 30
0.0
 70
32
  0
VERTEX
  5
8A8
330
17
100
AcDbEntity
  8
DECK
100
AcDbVertex
100
AcDb3dPolylineVertex
 10
-2.485281374238574
 20
-5.999999999999998
 30
0.0
 70
32
  0
VERTEX
  5
8A9
330
17
100
AcDbEntity
  8
DECK
100
AcDbVertex
100
AcDb3dPolylineVertex
 10
-6.000000000000001
 20
-2.4852813742385695
 30
0.0
 70
32
  0
VERTEX
  5
8AA
330
17
100
AcDbEntity
  8
DECK
100
AcDbVertex
100
AcDb3dPolylineVertex
 10
-6.0
 20
2.485281374238571
 30
0.0
 70
32
  0
VERTEX
  5
8AB
330
17
100
AcDbEntity
  8
DECK
100
AcDbVertex
100
AcDb3dPolylineVertex
 10
-2.48528137423857
 20
6.0
 30
0.0
 70
32
  0
VERTEX
  5
8AC
330
17
100
AcDbEntity
  8
DECK
100
AcDbVertex
100
AcDb3dPolylineVertex
 10
-1.4083261120685229
 20
3.4
 30
0.0
 70
32
  0
SEQEND
  5
8A3
330
8A2
100
AcDbEntity
  8
DECK
  0
POLYLINE
  5
8AD
330
17
100
AcDbEntity
  8
PAREDES
100
AcDb3dPolyline
 66
1
 10
0.0
 20
0.0
 30
0.0
 70
8
  0
VERTEX
  5
8AF
330
17
100
AcDbEntity
  8
PAREDES
100
AcDbVertex
100
AcDb3dPolylineVertex
 10
3.4
 20
1.408326112068523
 30
0.0
 70
32
  0
VERTEX
  5
8B0
330
17
100
AcDbEntity
  8
PAREDES
100
AcDbVertex
100
AcDb3dPolylineVertex
 10
1.4083261120685233
 20
3.4
 30
0.0
 70
32
  0
VERTEX
  5
8B1
330
17
100
AcDbEntity
  8
PAREDES
100
AcDbVertex
100
AcDb3dPolylineVertex
 10
-1.4083261120685229
 20
3.4
 30
0.0
 70
32
  0
VERTEX
  5
8B2
330
17
100
AcDbEntity
  8
PAREDES
100
AcDbVertex
100
AcDb3dPolylineVertex
 10
-3.4
 20
1.4083261120685235
 30
0.0
 70
32
  0
VERTEX
  5
8B3
330
17
100
AcDbEntity
  8
PAREDES
100
AcDbVertex
100
AcDb3dPolylineVertex
 10
-3.4000000000000004
 20
-1.4083261120685227
 30
0.0
 70
32
  0
VERTEX
  5
8B4
330
17
100
AcDbEntity
  8
PAREDES
100
AcDbVertex
100
AcDb3dPolylineVertex
 10
-1.408326112068525
 20
-3.399999999999999
 30
0.0
 70
32
  0
VERTEX
  5
8B5
330
17
100
AcDbEntity
  8
PAREDES
100
AcDbVertex
100
AcDb3dPolylineVertex
 10
1.408326112068524
 20
-3.3999999999999995
 30
0.0
 70
32
  0
VERTEX
  5
8B6
330
17
100
AcDbEntity
  8
PAREDES
100
AcDbVertex
100
AcDb3dPolylineVertex
 10
3.399999999999999
 20
-1.4083261120685253
 30
0.0
 70
32
  0
VERTEX
  5
8B7
330
17
100
AcDbEntity
  8
PAREDES
100
AcDbVertex
100
AcDb3dPolylineVertex
 10
3.4
 20
1.408326112068523
 30
0.0
 70
32
  0
SEQEND
  5
8AE
330
8AD
100
AcDbEntity
  8
PAREDES
  0
POLYLINE
  5
8B8
330
17
100
AcDbEntity
  8
FUNDACAO
100
AcDb3dPolyline
 66
1
 10
0.0
 20
0.0
 30
0.0
 70
8
  0
VERTEX
  5
8BA
330
17
100
AcDbEntity
  8
FUNDACAO
100
AcDbVertex
100
AcDb3dPolylineVertex
 10
-2.4
 20
-2.55
 30
-0.2
 70
32
  0
VERTEX
  5
8BB
330
17
100
AcDbEntity
  8
FUNDACAO
100
AcDbVertex
100
AcDb3dPolylineVertex
 10
-2.4
 20
-2.55
 30
-2.0
 70
32
  0
SEQEND
  5
8B9
330
8B8
100
AcDbEntity
  8
FUNDACAO
  0
POLYLINE
  5
8BC
330
17
100
AcDbEntity
  8
FUNDACAO
100
AcDb3dPolyline
 66
1
 10
0.0
 20
0.0
 30
0.0
 70
8
  0
VERTEX
  5
8BE
330
17
100
AcDbEntity
  8
FUNDACAO
100
AcDbVertex
100
AcDb3dPolylineVertex
 10
-2.4
 20
-0.85
 30
-0.2
 70
32
  0
VERTEX
  5
8BF
330
17
100
AcDbEntity
  8
FUNDACAO
100
AcDbVertex
100
AcDb3dPolylineVertex
 10
-2.4
 20
-0.85
 30
-2.0
 70
32
  0
SEQEND
  5
8BD
330
8BC
100
AcDbEntity
  8
FUNDACAO
  0
POLYLINE
  5
8C0
330
17
100
AcDbEntity
  8
FUNDACAO
100
AcDb3dPolyline
 66
1
 10
0.0
 20
0.0
 30
0.0
 70
8
  0
VERTEX
  5
8C2
330
17
100
AcDbEntity
  8
FUNDACAO
100
AcDbVertex
100
AcDb3dPolylineVertex
 10
-2.4
 20
0.85
 30
-0.2
 70
32
  0
VERTEX
  5
8C3
330
17
100
AcDbEntity
  8
FUNDACAO
100
AcDbVertex
100
AcDb3dPolylineVertex
 10
-2.4
 20
0.85
 30
-2.0
 70
32
  0
SEQEND
  5
8C1
330
8C0
100
AcDbEntity
  8
FUNDACAO
  0
POLYLINE
  5
8C4
330
17
100
AcDbEntity
  8
FUNDACAO
100
AcDb3dPolyline
 66
1
 10
0.0
 20
0.0
 30
0.0
 70
8
  0
VERTEX
  5
8C6
330
17
100
AcDbEntity
  8
FUNDACAO
100
AcDbVertex
100
AcDb3dPolylineVertex
 10
-2.4
 20
2.55
 30
-0.2
 70
32
  0
VERTEX
  5
8C7
330
17
100
AcDbEntity
  8
FUNDACAO
100
AcDbVertex
100
AcDb3dPolylineVertex
 10
-2.4
 20
2.55
 30
-2.0
 70
32
  0
SEQEND
  5
8C5
330
8C4
100
AcDbEntity
  8
FUNDACAO
  0
POLYLINE
  5
8C8
330
17
100
AcDbEntity
  8
FUNDACAO
100
AcDb3dPolyline
 66
1
 10
0.0
 20
0.0
 30
0.0
 70
8
  0
VERTEX
  5
8CA
330
17
100
AcDbEntity
  8
FUNDACAO
100
AcDbVertex
100
AcDb3dPolylineVertex
 10
0.0
 20
-2.55
 30
-0.2
 70
32
  0
VERTEX
  5
8CB
330
17
100
AcDbEntity
  8
FUNDACAO
100
AcDbVertex
100
AcDb3dPolylineVertex
 10
0.0
 20
-2.55
 30
-2.0
 70
32
  0
SEQEND
  5
8C9
330
8C8
100
AcDbEntity
  8
FUNDACAO
  0
POLYLINE
  5
8CC
330
17
100
AcDbEntity
  8
FUNDACAO
100
AcDb3dPolyline
 66
1
 10
0.0
 20
0.0
 30
0.0
 70
8
  0
VERTEX
  5
8CE
330
17
100
AcDbEntity
  8
FUNDACAO
100
AcDbVertex
100
AcDb3dPolylineVertex
 10
0.0
 20
-0.85
 30
-0.2
 70
32
  0
VERTEX
  5
8CF
330
17
100
AcDbEntity
  8
FUNDACAO
100
AcDbVertex
100
AcDb3dPolylineVertex
 10
0.0
 20
-0.85
 30
-2.0
 70
32
  0
SEQEND
  5
8CD
330
8CC
100
AcDbEntity
  8
FUNDACAO
  0
POLYLINE
  5
8D0
330
17
100
AcDbEntity
  8
FUNDACAO
100
AcDb3dPolyline
 66
1
 10
0.0
 20
0.0
 30
0.0
 70
8
  0
VERTEX
  5
8D2
330
17
100
AcDbEntity
  8
FUNDACAO
100
AcDbVertex
100
AcDb3dPolylineVertex
 10
0.0
 20
0.85
 30
-0.2
 70
32
  0
VERTEX
  5
8D3
330
17
100
AcDbEntity
  8
FUNDACAO
100
AcDbVertex
100
AcDb3dPolylineVertex
 10
0.0
 20
0.85
 30
-2.0
 70
32
  0
SEQEND
  5
8D1
330
8D0
100
AcDbEntity
  8
FUNDACAO
  0
POLYLINE
  5
8D4
330
17
100
AcDbEntity
  8
FUNDACAO
100
AcDb3dPolyline
 66
1
 10
0.0
 20
0.0
 30
0.0
 70
8
  0
VERTEX
  5
8D6
330
17
100
AcDbEntity
  8
FUNDACAO
100
AcDbVertex
100
AcDb3dPolylineVertex
 10
0.0
 20
2.55
 30
-0.2
 70
32
  0
VERTEX
  5
8D7
330
17
100
AcDbEntity
  8
FUNDACAO
100
AcDbVertex
100
AcDb3dPolylineVertex
 10
0.0
 20
2.55
 30
-2.0
 70
32
  0
SEQEND
  5
8D5
330
8D4
100
AcDbEntity
  8
FUNDACAO
  0
POLYLINE
  5
8D8
330
17
100
AcDbEntity
  8
FUNDACAO
100
AcDb3dPolyline
 66
1
 10
0.0
 20
0.0
 30
0.0
 70
8
  0
VERTEX
  5
8DA
330
17
100
AcDbEntity
  8
FUNDACAO
100
AcDbVertex
100
AcDb3dPolylineVertex
 10
2.4
 20
-2.55
 30
-0.2
 70
32
  0
VERTEX
  5
8DB
330
17
100
AcDbEntity
  8
FUNDACAO
100
AcDbVertex
100
AcDb3dPolylineVertex
 10
2.4
 20
-2.55
 30
-2.0
 70
32
  0
SEQEND
  5
8D9
330
8D8
100
AcDbEntity
  8
FUNDACAO
  0
POLYLINE
  5
8DC
330
17
100
AcDbEntity
  8
FUNDACAO
100
AcDb3dPolyline
 66
1
 10
0.0
 20
0.0
 30
0.0
 70
8
  0
VERTEX
  5
8DE
330
17
100
AcDbEntity
  8
FUNDACAO
100
AcDbVertex
100
AcDb3dPolylineVertex
 10
2.4
 20
-0.85
 30
-0.2
 70
32
  0
VERTEX
  5
8DF
330
17
100
AcDbEntity
  8
FUNDACAO
100
AcDbVertex
100
AcDb3dPolylineVertex
 10
2.4
 20
-0.85
 30
-2.0
 70
32
  0
SEQEND
  5
8DD
330
8DC
100
AcDbEntity
  8
FUNDACAO
  0
POLYLINE
  5
8E0
330
17
100
AcDbEntity
  8
FUNDACAO
100
AcDb3dPolyline
 66
1
 10
0.0
 20
0.0
 30
0.0
 70
8
  0
VERTEX
  5
8E2
330
17
100
AcDbEntity
  8
FUNDACAO
100
AcDbVertex
100
AcDb3dPolylineVertex
 10
2.4
 20
0.85
 30
-0.2
 70
32
  0
VERTEX
  5
8E3
330
17
100
AcDbEntity
  8
FUNDACAO
100
AcDbVertex
100
AcDb3dPolylineVertex
 10
2.4
 20
0.85
 30
-2.0
 70
32
  0
SEQEND
  5
8E1
330
8E0
100
AcDbEntity
  8
FUNDACAO
  0
POLYLINE
  5
8E4
330
17
100
AcDbEntity
  8
FUNDACAO
100
AcDb3dPolyline
 66
1
 10
0.0
 20
0.0
 30
0.0
 70
8
  0
VERTEX
  5
8E6
330
17
100
AcDbEntity
  8
FUNDACAO
100
AcDbVertex
100
AcDb3dPolylineVertex
 10
2.4
 20
2.55
 30
-0.2
 70
32
  0
VERTEX
  5
8E7
330
17
100
AcDbEntity
  8
FUNDACAO
100
AcDbVertex
100
AcDb3dPolylineVertex
 10
2.4
 20
2.55
 30
-2.0
 70
32
  0
SEQEND
  5
8E5
330
8E4
100
AcDbEntity
  8
FUNDACAO
  0
POLYLINE
  5
8E8
330
17
100
AcDbEntity
  8
FUNDACAO
100
AcDb3dPolyline
 66
1
 10
0.0
 20
0.0
 30
0.0
 70
8
  0
VERTEX
  5
8EA
330
17
100
AcDbEntity
  8
FUNDACAO
100
AcDbVertex
100
AcDb3dPolylineVertex
 10
-3.4
 20
0.0
 30
-0.2
 70
32
  0
VERTEX
  5
8EB
330
17
100
AcDbEntity
  8
FUNDACAO
100
AcDbVertex
100
AcDb3dPolylineVertex
 10
-3.4
 20
0.0
 30
-2.0
 70
32
  0
SEQEND
  5
8E9
330
8E8
100
AcDbEntity
  8
FUNDACAO
  0
POLYLINE
  5
8EC
330
17
100
AcDbEntity
  8
FUNDACAO
100
AcDb3dPolyline
 66
1
 10
0.0
 20
0.0
 30
0.0
 70
8
  0
VERTEX
  5
8EE
330
17
100
AcDbEntity
  8
FUNDACAO
100
AcDbVertex
100
AcDb3dPolylineVertex
 10
3.4
 20
0.0
 30
-0.2
 70
32
  0
VERTEX
  5
8EF
330
17
100
AcDbEntity
  8
FUNDACAO
100
AcDbVertex
100
AcDb3dPolylineVertex
 10
3.4
 20
0.0
 30
-2.0
 70
32
  0
SEQEND
  5
8ED
330
8EC
100
AcDbEntity
  8
FUNDACAO
  0
POLYLINE
  5
8F0
330
17
100
AcDbEntity
  8
FUNDACAO
100
AcDb3dPolyline
 66
1
 10
0.0
 20
0.0
 30
0.0
 70
8
  0
VERTEX
  5
8F2
330
17
100
AcDbEntity
  8
FUNDACAO
100
AcDbVertex
100
AcDb3dPolylineVertex
 10
0.0
 20
-3.4
 30
-0.2
 70
32
  0
VERTEX
  5
8F3
330
17
100
AcDbEntity
  8
FUNDACAO
100
AcDbVertex
100
AcDb3dPolylineVertex
 10
0.0
 20
-3.4
 30
-2.0
 70
32
  0
SEQEND
  5
8F1
330
8F0
100
AcDbEntity
  8
FUNDACAO
  0
POLYLINE
  5
8F4
330
17
100
AcDbEntity
  8
FUNDACAO
100
AcDb3dPolyline
 66
1
 10
0.0
 20
0.0
 30
0.0
 70
8
  0
VERTEX
  5
8F6
330
17
100
AcDbEntity
  8
FUNDACAO
100
AcDbVertex
100
AcDb3dPolylineVertex
 10
0.0
 20
3.4
 30
-0.2
 70
32
  0
VERTEX
  5
8F7
330
17
100
AcDbEntity
  8
FUNDACAO
100
AcDbVertex
100
AcDb3dPolylineVertex
 10
0.0
 20
3.4
 30
-2.0
 70
32
  0
SEQEND
  5
8F5
330
8F4
100
AcDbEntity
  8
FUNDACAO
  0
POLYLINE
  5
8F8
330
17
100
AcDbEntity
  8
FUNDACAO
100
AcDb3dPolyline
 66
1
 10
0.0
 20
0.0
 30
0.0
 70
8
  0
VERTEX
  5
8FA
330
17
100
AcDbEntity
  8
FUNDACAO
100
AcDbVertex
100
AcDb3dPolylineVertex
 10
-4.7
 20
-3.2
 30
-0.2
 70
32
  0
VERTEX
  5
8FB
330
17
100
AcDbEntity
  8
FUNDACAO
100
AcDbVertex
100
AcDb3dPolylineVertex
 10
-4.7
 20
-3.2
 30
-2.0
 70
32
  0
SEQEND
  5
8F9
330
8F8
100
AcDbEntity
  8
FUNDACAO
  0
POLYLINE
  5
8FC
330
17
100
AcDbEntity
  8
FUNDACAO
100
AcDb3dPolyline
 66
1
 10
0.0
 20
0.0
 30
0.0
 70
8
  0
VERTEX
  5
8FE
330
17
100
AcDbEntity
  8
FUNDACAO
100
AcDbVertex
100
AcDb3dPolylineVertex
 10
-4.7
 20
-1.1
 30
-0.2
 70
32
  0
VERTEX
  5
8FF
330
17
100
AcDbEntity
  8
FUNDACAO
100
AcDbVertex
100
AcDb3dPolylineVertex
 10
-4.7
 20
-1.1
 30
-2.0
 70
32
  0
SEQEND
  5
8FD
330
8FC
100
AcDbEntity
  8
FUNDACAO
  0
POLYLINE
  5
900
330
17
100
AcDbEntity
  8
FUNDACAO
100
AcDb3dPolyline
 66
1
 10
0.0
 20
0.0
 30
0.0
 70
8
  0
VERTEX
  5
902
330
17
100
AcDbEntity
  8
FUNDACAO
100
AcDbVertex
100
AcDb3dPolylineVertex
 10
-4.7
 20
1.1
 30
-0.2
 70
32
  0
VERTEX
  5
903
330
17
100
AcDbEntity
  8
FUNDACAO
100
AcDbVertex
100
AcDb3dPolylineVertex
 10
-4.7
 20
1.1
 30
-2.0
 70
32
  0
SEQEND
  5
901
330
900
100
AcDbEntity
  8
FUNDACAO
  0
POLYLINE
  5
904
330
17
100
AcDbEntity
  8
FUNDACAO
100
AcDb3dPolyline
 66
1
 10
0.0
 20
0.0
 30
0.0
 70
8
  0
VERTEX
  5
906
330
17
100
AcDbEntity
  8
FUNDACAO
100
AcDbVertex
100
AcDb3dPolylineVertex
 10
-4.7
 20
3.2
 30
-0.2
 70
32
  0
VERTEX
  5
907
330
17
100
AcDbEntity
  8
FUNDACAO
100
AcDbVertex
100
AcDb3dPolylineVertex
 10
-4.7
 20
3.2
 30
-2.0
 70
32
  0
SEQEND
  5
905
330
904
100
AcDbEntity
  8
FUNDACAO
  0
POLYLINE
  5
908
330
17
100
AcDbEntity
  8
FUNDACAO
100
AcDb3dPolyline
 66
1
 10
0.0
 20
0.0
 30
0.0
 70
8
  0
VERTEX
  5
90A
330
17
100
AcDbEntity
  8
FUNDACAO
100
AcDbVertex
100
AcDb3dPolylineVertex
 10
-6.08013348099414
 20
-1.8
 30
-0.2
 70
32
  0
VERTEX
  5
90B
330
17
100
AcDbEntity
  8
FUNDACAO
100
AcDbVertex
100
AcDb3dPolylineVertex
 10
-6.08013348099414
 20
-1.8
 30
-2.0
 70
32
  0
SEQEND
  5
909
330
908
100
AcDbEntity
  8
FUNDACAO
  0
POLYLINE
  5
90C
330
17
100
AcDbEntity
  8
FUNDACAO
100
AcDb3dPolyline
 66
1
 10
0.0
 20
0.0
 30
0.0
 70
8
  0
VERTEX
  5
90E
330
17
100
AcDbEntity
  8
FUNDACAO
100
AcDbVertex
100
AcDb3dPolylineVertex
 10
-6.08013348099414
 20
1.8
 30
-0.2
 70
32
  0
VERTEX
  5
90F
330
17
100
AcDbEntity
  8
FUNDACAO
100
AcDbVertex
100
AcDb3dPolylineVertex
 10
-6.08013348099414
 20
1.8
 30
-2.0
 70
32
  0
SEQEND
  5
90D
330
90C
100
AcDbEntity
  8
FUNDACAO
  0
3DFACE
  5
910
330
17
100
AcDbEntity
  8
PAREDES
100
AcDbFace
 10
1.55
 20
-2.6
 30
0.0
 11
1.6500000000000001
 21
-2.6
 31
0.0
 12
1.6500000000000001
 22
2.6
 32
0.0
 13
1.55
 23
2.6
 33
0.0
  0
3DFACE
  5
911
330
17
100
AcDbEntity
  8
PAREDES
100
AcDbFace
 10
1.55
 20
-2.6
 30
2.4
 11
1.6500000000000001
 21
-2.6
 31
2.4
 12
1.6500000000000001
 22
2.6
 32
2.4
 13
1.55
 23
2.6
 33
2.4
  0
3DFACE
  5
912
330
17
100
AcDbEntity
  8
PAREDES
100
AcDbFace
 10
1.55
 20
-2.6
 30
0.0
 11
1.6500000000000001
 21
-2.6
 31
0.0
 12
1.6500000000000001
 22
-2.6
 32
2.4
 13
1.55
 23
-2.6
 33
2.4
  0
3DFACE
  5
913
330
17
100
AcDbEntity
  8
PAREDES
100
AcDbFace
 10
1.6500000000000001
 20
-2.6
 30
0.0
 11
1.6500000000000001
 21
2.6
 31
0.0
 12
1.6500000000000001
 22
2.6
 32
2.4
 13
1.6500000000000001
 23
-2.6
 33
2.4
  0
3DFACE
  5
914
330
17
100
AcDbEntity
  8
PAREDES
100
AcDbFace
 10
1.6500000000000001
 20
2.6
 30
0.0
 11
1.55
 21
2.6
 31
0.0
 12
1.55
 22
2.6
 32
2.4
 13
1.6500000000000001
 23
2.6
 33
2.4
  0
3DFACE
  5
915
330
17
100
AcDbEntity
  8
PAREDES
100
AcDbFace
 10
1.55
 20
2.6
 30
0.0
 11
1.55
 21
-2.6
 31
0.0
 12
1.55
 22
-2.6
 32
2.4
 13
1.55
 23
2.6
 33
2.4
  0
3DFACE
  5
916
330
17
100
AcDbEntity
  8
MOBILIARIO
100
AcDbFace
 10
-0.55
 20
-0.97
 30
0.0
 11
1.45
 21
-0.97
 31
0.0
 12
1.45
 22
0.97
 32
0.0
 13
-0.55
 23
0.97
 33
0.0
  0
3DFACE
  5
917
330
17
100
AcDbEntity
  8
MOBILIARIO
100
AcDbFace
 10
-0.55
 20
-0.97
 30
0.55
 11
1.45
 21
-0.97
 31
0.55
 12
1.45
 22
0.97
 32
0.55
 13
-0.55
 23
0.97
 33
0.55
  0
3DFACE
  5
918
330
17
100
AcDbEntity
  8
MOBILIARIO
100
AcDbFace
 10
-0.55
 20
-0.97
 30
0.0
 11
1.45
 21
-0.97
 31
0.0
 12
1.45
 22
-0.97
 32
0.55
 13
-0.55
 23
-0.97
 33
0.55
  0
3DFACE
  5
919
330
17
100
AcDbEntity
  8
MOBILIARIO
100
AcDbFace
 10
1.45
 20
-0.97
 30
0.0
 11
1.45
 21
0.97
 31
0.0
 12
1.45
 22
0.97
 32
0.55
 13
1.45
 23
-0.97
 33
0.55
  0
3DFACE
  5
91A
330
17
100
AcDbEntity
  8
MOBILIARIO
100
AcDbFace
 10
1.45
 20
0.97
 30
0.0
 11
-0.55
 21
0.97
 31
0.0
 12
-0.55
 22
0.97
 32
0.55
 13
1.45
 23
0.97
 33
0.55
  0
3DFACE
  5
91B
330
17
100
AcDbEntity
  8
MOBILIARIO
100
AcDbFace
 10
-0.55
 20
0.97
 30
0.0
 11
-0.55
 21
-0.97
 31
0.0
 12
-0.55
 22
-0.97
 32
0.55
 13
-0.55
 23
0.97
 33
0.55
  0
3DFACE
  5
91C
330
17
100
AcDbEntity
  8
MOBILIARIO
100
AcDbFace
 10
-0.55
 20
1.1
 30
0.0
 11
0.05
 21
1.1
 31
0.0
 12
0.05
 22
1.7
 32
0.0
 13
-0.55
 23
1.7
 33
0.0
  0
3DFACE
  5
91D
330
17
100
AcDbEntity
  8
MOBILIARIO
100
AcDbFace
 10
-0.55
 20
1.1
 30
0.5
 11
0.05
 21
1.1
 31
0.5
 12
0.05
 22
1.7
 32
0.5
 13
-0.55
 23
1.7
 33
0.5
  0
3DFACE
  5
91E
330
17
100
AcDbEntity
  8
MOBILIARIO
100
AcDbFace
 10
-0.55
 20
1.1
 30
0.0
 11
0.05
 21
1.1
 31
0.0
 12
0.05
 22
1.1
 32
0.5
 13
-0.55
 23
1.1
 33
0.5
  0
3DFACE
  5
91F
330
17
100
AcDbEntity
  8
MOBILIARIO
100
AcDbFace
 10
0.05
 20
1.1
 30
0.0
 11
0.05
 21
1.7
 31
0.0
 12
0.05
 22
1.7
 32
0.5
 13
0.05
 23
1.1
 33
0.5
  0
3DFACE
  5
920
330
17
100
AcDbEntity
  8
MOBILIARIO
100
AcDbFace
 10
0.05
 20
1.7
 30
0.0
 11
-0.55
 21
1.7
 31
0.0
 12
-0.55
 22
1.7
 32
0.5
 13
0.05
 23
1.7
 33
0.5
  0
3DFACE
  5
921
330
17
100
AcDbEntity
  8
MOBILIARIO
100
AcDbFace
 10
-0.55
 20
1.7
 30
0.0
 11
-0.55
 21
1.1
 31
0.0
 12
-0.55
 22
1.1
 32
0.5
 13
-0.55
 23
1.7
 33
0.5
  0
3DFACE
  5
922
330
17
100
AcDbEntity
  8
MOBILIARIO
100
AcDbFace
 10
-0.55
 20
-1.7
 30
0.0
 11
0.05
 21
-1.7
 31
0.0
 12
0.05
 22
-1.1
 32
0.0
 13
-0.55
 23
-1.1
 33
0.0
  0
3DFACE
  5
923
330
17
100
AcDbEntity
  8
MOBILIARIO
100
AcDbFace
 10
-0.55
 20
-1.7
 30
0.5
 11
0.05
 21
-1.7
 31
0.5
 12
0.05
 22
-1.1
 32
0.5
 13
-0.55
 23
-1.1
 33
0.5
  0
3DFACE
  5
924
330
17
100
AcDbEntity
  8
MOBILIARIO
100
AcDbFace
 10
-0.55
 20
-1.7
 30
0.0
 11
0.05
 21
-1.7
 31
0.0
 12
0.05
 22
-1.7
 32
0.5
 13
-0.55
 23
-1.7
 33
0.5
  0
3DFACE
  5
925
330
17
100
AcDbEntity
  8
MOBILIARIO
100
AcDbFace
 10
0.05
 20
-1.7
 30
0.0
 11
0.05
 21
-1.1
 31
0.0
 12
0.05
 22
-1.1
 32
0.5
 13
0.05
 23
-1.7
 33
0.5
  0
3DFACE
  5
926
330
17
100
AcDbEntity
  8
MOBILIARIO
100
AcDbFace
 10
0.05
 20
-1.1
 30
0.0
 11
-0.55
 21
-1.1
 31
0.0
 12
-0.55
 22
-1.1
 32
0.5
 13
0.05
 23
-1.1
 33
0.5
  0
3DFACE
  5
927
330
17
100
AcDbEntity
  8
MOBILIARIO
100
AcDbFace
 10
-0.55
 20
-1.1
 30
0.0
 11
-0.55
 21
-1.7
 31
0.0
 12
-0.55
 22
-1.7
 32
0.5
 13
-0.55
 23
-1.1
 33
0.5
  0
3DFACE
  5
928
330
17
100
AcDbEntity
  8
MOBILIARIO
100
AcDbFace
 10
0.2
 20
2.2
 30
0.0
 11
1.9
 21
2.2
 31
0.0
 12
1.9
 22
2.95
 32
0.0
 13
0.2
 23
2.95
 33
0.0
  0
3DFACE
  5
929
330
17
100
AcDbEntity
  8
MOBILIARIO
100
AcDbFace
 10
0.2
 20
2.2
 30
0.9
 11
1.9
 21
2.2
 31
0.9
 12
1.9
 22
2.95
 32
0.9
 13
0.2
 23
2.95
 33
0.9
  0
3DFACE
  5
92A
330
17
100
AcDbEntity
  8
MOBILIARIO
100
AcDbFace
 10
0.2
 20
2.2
 30
0.0
 11
1.9
 21
2.2
 31
0.0
 12
1.9
 22
2.2
 32
0.9
 13
0.2
 23
2.2
 33
0.9
  0
3DFACE
  5
92B
330
17
100
AcDbEntity
  8
MOBILIARIO
100
AcDbFace
 10
1.9
 20
2.2
 30
0.0
 11
1.9
 21
2.95
 31
0.0
 12
1.9
 22
2.95
 32
0.9
 13
1.9
 23
2.2
 33
0.9
  0
3DFACE
  5
92C
330
17
100
AcDbEntity
  8
MOBILIARIO
100
AcDbFace
 10
1.9
 20
2.95
 30
0.0
 11
0.2
 21
2.95
 31
0.0
 12
0.2
 22
2.95
 32
0.9
 13
1.9
 23
2.95
 33
0.9
  0
3DFACE
  5
92D
330
17
100
AcDbEntity
  8
MOBILIARIO
100
AcDbFace
 10
0.2
 20
2.95
 30
0.0
 11
0.2
 21
2.2
 31
0.0
 12
0.2
 22
2.2
 32
0.9
 13
0.2
 23
2.95
 33
0.9
  0
3DFACE
  5
92E
330
17
100
AcDbEntity
  8
MOBILIARIO
100
AcDbFace
 10
0.2
 20
-2.95
 30
0.0
 11
1.9
 21
-2.95
 31
0.0
 12
1.9
 22
-2.2
 32
0.0
 13
0.2
 23
-2.2
 33
0.0
  0
3DFACE
  5
92F
330
17
100
AcDbEntity
  8
MOBILIARIO
100
AcDbFace
 10
0.2
 20
-2.95
 30
2.2
 11
1.9
 21
-2.95
 31
2.2
 12
1.9
 22
-2.2
 32
2.2
 13
0.2
 23
-2.2
 33
2.2
  0
3DFACE
  5
930
330
17
100
AcDbEntity
  8
MOBILIARIO
100
AcDbFace
 10
0.2
 20
-2.95
 30
0.0
 11
1.9
 21
-2.95
 31
0.0
 12
1.9
 22
-2.95
 32
2.2
 13
0.2
 23
-2.95
 33
2.2
  0
3DFACE
  5
931
330
17
100
AcDbEntity
  8
MOBILIARIO
100
AcDbFace
 10
1.9
 20
-2.95
 30
0.0
 11
1.9
 21
-2.2
 31
0.0
 12
1.9
 22
-2.2
 32
2.2
 13
1.9
 23
-2.95
 33
2.2
  0
3DFACE
  5
932
330
17
100
AcDbEntity
  8
MOBILIARIO
100
AcDbFace
 10
1.9
 20
-2.2
 30
0.0
 11
0.2
 21
-2.2
 31
0.0
 12
0.2
 22
-2.2
 32
2.2
 13
1.9
 23
-2.2
 33
2.2
  0
3DFACE
  5
933
330
17
100
AcDbEntity
  8
MOBILIARIO
100
AcDbFace
 10
0.2
 20
-2.2
 30
0.0
 11
0.2
 21
-2.95
 31
0.0
 12
0.2
 22
-2.95
 32
2.2
 13
0.2
 23
-2.2
 33
2.2
  0
3DFACE
  5
934
330
17
100
AcDbEntity
  8
MOBILIARIO
100
AcDbFace
 10
-2.7
 20
-1.2
 30
0.0
 11
-1.5
 21
-1.2
 31
0.0
 12
-1.5
 22
1.2
 32
0.0
 13
-2.7
 23
1.2
 33
0.0
  0
3DFACE
  5
935
330
17
100
AcDbEntity
  8
MOBILIARIO
100
AcDbFace
 10
-2.7
 20
-1.2
 30
0.8
 11
-1.5
 21
-1.2
 31
0.8
 12
-1.5
 22
1.2
 32
0.8
 13
-2.7
 23
1.2
 33
0.8
  0
3DFACE
  5
936
330
17
100
AcDbEntity
  8
MOBILIARIO
100
AcDbFace
 10
-2.7
 20
-1.2
 30
0.0
 11
-1.5
 21
-1.2
 31
0.0
 12
-1.5
 22
-1.2
 32
0.8
 13
-2.7
 23
-1.2
 33
0.8
  0
3DFACE
  5
937
330
17
100
AcDbEntity
  8
MOBILIARIO
100
AcDbFace
 10
-1.5
 20
-1.2
 30
0.0
 11
-1.5
 21
1.2
 31
0.0
 12
-1.5
 22
1.2
 32
0.8
 13
-1.5
 23
-1.2
 33
0.8
  0
3DFACE
  5
938
330
17
100
AcDbEntity
  8
MOBILIARIO
100
AcDbFace
 10
-1.5
 20
1.2
 30
0.0
 11
-2.7
 21
1.2
 31
0.0
 12
-2.7
 22
1.2
 32
0.8
 13
-1.5
 23
1.2
 33
0.8
  0
3DFACE
  5
939
330
17
100
AcDbEntity
  8
MOBILIARIO
100
AcDbFace
 10
-2.7
 20
1.2
 30
0.0
 11
-2.7
 21
-1.2
 31
0.0
 12
-2.7
 22
-1.2
 32
0.8
 13
-2.7
 23
1.2
 33
0.8
  0
3DFACE
  5
93A
330
17
100
AcDbEntity
  8
MOBILIARIO
100
AcDbFace
 10
-2.9
 20
1.7
 30
0.0
 11
-1.9
 21
1.7
 31
0.0
 12
-1.9
 22
2.5
 32
0.0
 13
-2.9
 23
2.5
 33
0.0
  0
3DFACE
  5
93B
330
17
100
AcDbEntity
  8
MOBILIARIO
100
AcDbFace
 10
-2.9
 20
1.7
 30
0.75
 11
-1.9
 21
1.7
 31
0.75
 12
-1.9
 22
2.5
 32
0.75
 13
-2.9
 23
2.5
 33
0.75
  0
3DFACE
  5
93C
330
17
100
AcDbEntity
  8
MOBILIARIO
100
AcDbFace
 10
-2.9
 20
1.7
 30
0.0
 11
-1.9
 21
1.7
 31
0.0
 12
-1.9
 22
1.7
 32
0.75
 13
-2.9
 23
1.7
 33
0.75
  0
3DFACE
  5
93D
330
17
100
AcDbEntity
  8
MOBILIARIO
100
AcDbFace
 10
-1.9
 20
1.7
 30
0.0
 11
-1.9
 21
2.5
 31
0.0
 12
-1.9
 22
2.5
 32
0.75
 13
-1.9
 23
1.7
 33
0.75
  0
3DFACE
  5
93E
330
17
100
AcDbEntity
  8
MOBILIARIO
100
AcDbFace
 10
-1.9
 20
2.5
 30
0.0
 11
-2.9
 21
2.5
 31
0.0
 12
-2.9
 22
2.5
 32
0.75
 13
-1.9
 23
2.5
 33
0.75
  0
3DFACE
  5
93F
330
17
100
AcDbEntity
  8
MOBILIARIO
100
AcDbFace
 10
-2.9
 20
2.5
 30
0.0
 11
-2.9
 21
1.7
 31
0.0
 12
-2.9
 22
1.7
 32
0.75
 13
-2.9
 23
2.5
 33
0.75
  0
3DFACE
  5
940
330
17
100
AcDbEntity
  8
MOBILIARIO
100
AcDbFace
 10
1.75
 20
1.0
 30
0.0
 11
2.45
 21
1.0
 31
0.0
 12
2.45
 22
2.4
 32
0.0
 13
1.75
 23
2.4
 33
0.0
  0
3DFACE
  5
941
330
17
100
AcDbEntity
  8
MOBILIARIO
100
AcDbFace
 10
1.75
 20
1.0
 30
0.85
 11
2.45
 21
1.0
 31
0.85
 12
2.45
 22
2.4
 32
0.85
 13
1.75
 23
2.4
 33
0.85
  0
3DFACE
  5
942
330
17
100
AcDbEntity
  8
MOBILIARIO
100
AcDbFace
 10
1.75
 20
1.0
 30
0.0
 11
2.45
 21
1.0
 31
0.0
 12
2.45
 22
1.0
 32
0.85
 13
1.75
 23
1.0
 33
0.85
  0
3DFACE
  5
943
330
17
100
AcDbEntity
  8
MOBILIARIO
100
AcDbFace
 10
2.45
 20
1.0
 30
0.0
 11
2.45
 21
2.4
 31
0.0
 12
2.45
 22
2.4
 32
0.85
 13
2.45
 23
1.0
 33
0.85
  0
3DFACE
  5
944
330
17
100
AcDbEntity
  8
MOBILIARIO
100
AcDbFace
 10
2.45
 20
2.4
 30
0.0
 11
1.75
 21
2.4
 31
0.0
 12
1.75
 22
2.4
 32
0.85
 13
2.45
 23
2.4
 33
0.85
  0
3DFACE
  5
945
330
17
100
AcDbEntity
  8
MOBILIARIO
100
AcDbFace
 10
1.75
 20
2.4
 30
0.0
 11
1.75
 21
1.0
 31
0.0
 12
1.75
 22
1.0
 32
0.85
 13
1.75
 23
2.4
 33
0.85
  0
3DFACE
  5
946
330
17
100
AcDbEntity
  8
MOBILIARIO
100
AcDbFace
 10
2.7
 20
1.6
 30
0.0
 11
3.4
 21
1.6
 31
0.0
 12
3.4
 22
2.3
 32
0.0
 13
2.7
 23
2.3
 33
0.0
  0
3DFACE
  5
947
330
17
100
AcDbEntity
  8
MOBILIARIO
100
AcDbFace
 10
2.7
 20
1.6
 30
0.42
 11
3.4
 21
1.6
 31
0.42
 12
3.4
 22
2.3
 32
0.42
 13
2.7
 23
2.3
 33
0.42
  0
3DFACE
  5
948
330
17
100
AcDbEntity
  8
MOBILIARIO
100
AcDbFace
 10
2.7
 20
1.6
 30
0.0
 11
3.4
 21
1.6
 31
0.0
 12
3.4
 22
1.6
 32
0.42
 13
2.7
 23
1.6
 33
0.42
  0
3DFACE
  5
949
330
17
100
AcDbEntity
  8
MOBILIARIO
100
AcDbFace
 10
3.4
 20
1.6
 30
0.0
 11
3.4
 21
2.3
 31
0.0
 12
3.4
 22
2.3
 32
0.42
 13
3.4
 23
1.6
 33
0.42
  0
3DFACE
  5
94A
330
17
100
AcDbEntity
  8
MOBILIARIO
100
AcDbFace
 10
3.4
 20
2.3
 30
0.0
 11
2.7
 21
2.3
 31
0.0
 12
2.7
 22
2.3
 32
0.42
 13
3.4
 23
2.3
 33
0.42
  0
3DFACE
  5
94B
330
17
100
AcDbEntity
  8
MOBILIARIO
100
AcDbFace
 10
2.7
 20
2.3
 30
0.0
 11
2.7
 21
1.6
 31
0.0
 12
2.7
 22
1.6
 32
0.42
 13
2.7
 23
2.3
 33
0.42
  0
3DFACE
  5
94C
330
17
100
AcDbEntity
  8
MOBILIARIO
100
AcDbFace
 10
2.4
 20
-1.6
 30
0.0
 11
3.35
 21
-1.6
 31
0.0
 12
3.35
 22
-0.7
 32
0.0
 13
2.4
 23
-0.7
 33
0.0
  0
3DFACE
  5
94D
330
17
100
AcDbEntity
  8
MOBILIARIO
100
AcDbFace
 10
2.4
 20
-1.6
 30
0.02
 11
3.35
 21
-1.6
 31
0.02
 12
3.35
 22
-0.7
 32
0.02
 13
2.4
 23
-0.7
 33
0.02
  0
3DFACE
  5
94E
330
17
100
AcDbEntity
  8
MOBILIARIO
100
AcDbFace
 10
2.4
 20
-1.6
 30
0.0
 11
3.35
 21
-1.6
 31
0.0
 12
3.35
 22
-1.6
 32
0.02
 13
2.4
 23
-1.6
 33
0.02
  0
3DFACE
  5
94F
330
17
100
AcDbEntity
  8
MOBILIARIO
100
AcDbFace
 10
3.35
 20
-1.6
 30
0.0
 11
3.35
 21
-0.7
 31
0.0
 12
3.35
 22
-0.7
 32
0.02
 13
3.35
 23
-1.6
 33
0.02
  0
3DFACE
  5
950
330
17
100
AcDbEntity
  8
MOBILIARIO
100
AcDbFace
 10
3.35
 20
-0.7
 30
0.0
 11
2.4
 21
-0.7
 31
0.0
 12
2.4
 22
-0.7
 32
0.02
 13
3.35
 23
-0.7
 33
0.02
  0
3DFACE
  5
951
330
17
100
AcDbEntity
  8
MOBILIARIO
100
AcDbFace
 10
2.4
 20
-0.7
 30
0.0
 11
2.4
 21
-1.6
 31
0.0
 12
2.4
 22
-1.6
 32
0.02
 13
2.4
 23
-0.7
 33
0.02
  0
3DFACE
  5
952
330
17
100
AcDbEntity
  8
MOBILIARIO
100
AcDbFace
 10
2.4
 20
-1.6
 30
0.0
 11
2.43
 21
-1.6
 31
0.0
 12
2.43
 22
-0.7
 32
0.0
 13
2.4
 23
-0.7
 33
0.0
  0
3DFACE
  5
953
330
17
100
AcDbEntity
  8
MOBILIARIO
100
AcDbFace
 10
2.4
 20
-1.6
 30
2.1
 11
2.43
 21
-1.6
 31
2.1
 12
2.43
 22
-0.7
 32
2.1
 13
2.4
 23
-0.7
 33
2.1
  0
3DFACE
  5
954
330
17
100
AcDbEntity
  8
MOBILIARIO
100
AcDbFace
 10
2.4
 20
-1.6
 30
0.0
 11
2.43
 21
-1.6
 31
0.0
 12
2.43
 22
-1.6
 32
2.1
 13
2.4
 23
-1.6
 33
2.1
  0
3DFACE
  5
955
330
17
100
AcDbEntity
  8
MOBILIARIO
100
AcDbFace
 10
2.43
 20
-1.6
 30
0.0
 11
2.43
 21
-0.7
 31
0.0
 12
2.43
 22
-0.7
 32
2.1
 13
2.43
 23
-1.6
 33
2.1
  0
3DFACE
  5
956
330
17
100
AcDbEntity
  8
MOBILIARIO
100
AcDbFace
 10
2.43
 20
-0.7
 30
0.0
 11
2.4
 21
-0.7
 31
0.0
 12
2.4
 22
-0.7
 32
2.1
 13
2.43
 23
-0.7
 33
2.1
  0
3DFACE
  5
957
330
17
100
AcDbEntity
  8
MOBILIARIO
100
AcDbFace
 10
2.4
 20
-0.7
 30
0.0
 11
2.4
 21
-1.6
 31
0.0
 12
2.4
 22
-1.6
 32
2.1
 13
2.4
 23
-0.7
 33
2.1
  0
3DFACE
  5
958
330
17
100
AcDbEntity
  8
MOBILIARIO
100
AcDbFace
 10
1.8
 20
-2.5
 30
0.0
 11
2.7
 21
-2.5
 31
0.0
 12
2.7
 22
-1.75
 32
0.0
 13
1.8
 23
-1.75
 33
0.0
  0
3DFACE
  5
959
330
17
100
AcDbEntity
  8
MOBILIARIO
100
AcDbFace
 10
1.8
 20
-2.5
 30
0.58
 11
2.7
 21
-2.5
 31
0.58
 12
2.7
 22
-1.75
 32
0.58
 13
1.8
 23
-1.75
 33
0.58
  0
3DFACE
  5
95A
330
17
100
AcDbEntity
  8
MOBILIARIO
100
AcDbFace
 10
1.8
 20
-2.5
 30
0.0
 11
2.7
 21
-2.5
 31
0.0
 12
2.7
 22
-2.5
 32
0.58
 13
1.8
 23
-2.5
 33
0.58
  0
3DFACE
  5
95B
330
17
100
AcDbEntity
  8
MOBILIARIO
100
AcDbFace
 10
2.7
 20
-2.5
 30
0.0
 11
2.7
 21
-1.75
 31
0.0
 12
2.7
 22
-1.75
 32
0.58
 13
2.7
 23
-2.5
 33
0.58
  0
3DFACE
  5
95C
330
17
100
AcDbEntity
  8
MOBILIARIO
100
AcDbFace
 10
2.7
 20
-1.75
 30
0.0
 11
1.8
 21
-1.75
 31
0.0
 12
1.8
 22
-1.75
 32
0.58
 13
2.7
 23
-1.75
 33
0.58
  0
3DFACE
  5
95D
330
17
100
AcDbEntity
  8
MOBILIARIO
100
AcDbFace
 10
1.8
 20
-1.75
 30
0.0
 11
1.8
 21
-2.5
 31
0.0
 12
1.8
 22
-2.5
 32
0.58
 13
1.8
 23
-1.75
 33
0.58
  0
3DFACE
  5
95E
330
17
100
AcDbEntity
  8
MOBILIARIO
100
AcDbFace
 10
2.0
 20
-0.5
 30
2.5
 11
3.0
 21
-0.5
 31
2.5
 12
3.0
 22
0.5
 32
2.5
 13
2.0
 23
0.5
 33
2.5
  0
3DFACE
  5
95F
330
17
100
AcDbEntity
  8
MOBILIARIO
100
AcDbFace
 10
2.0
 20
-0.5
 30
2.7
 11
3.0
 21
-0.5
 31
2.7
 12
3.0
 22
0.5
 32
2.7
 13
2.0
 23
0.5
 33
2.7
  0
3DFACE
  5
960
330
17
100
AcDbEntity
  8
MOBILIARIO
100
AcDbFace
 10
2.0
 20
-0.5
 30
2.5
 11
3.0
 21
-0.5
 31
2.5
 12
3.0
 22
-0.5
 32
2.7
 13
2.0
 23
-0.5
 33
2.7
  0
3DFACE
  5
961
330
17
100
AcDbEntity
  8
MOBILIARIO
100
AcDbFace
 10
3.0
 20
-0.5
 30
2.5
 11
3.0
 21
0.5
 31
2.5
 12
3.0
 22
0.5
 32
2.7
 13
3.0
 23
-0.5
 33
2.7
  0
3DFACE
  5
962
330
17
100
AcDbEntity
  8
MOBILIARIO
100
AcDbFace
 10
3.0
 20
0.5
 30
2.5
 11
2.0
 21
0.5
 31
2.5
 12
2.0
 22
0.5
 32
2.7
 13
3.0
 23
0.5
 33
2.7
  0
3DFACE
  5
963
330
17
100
AcDbEntity
  8
MOBILIARIO
100
AcDbFace
 10
2.0
 20
0.5
 30
2.5
 11
2.0
 21
-0.5
 31
2.5
 12
2.0
 22
-0.5
 32
2.7
 13
2.0
 23
0.5
 33
2.7
  0
3DFACE
  5
964
330
17
100
AcDbEntity
  8
MOBILIARIO
100
AcDbFace
 10
4.3
 20
-2.2
 30
0.0
 11
5.0
 21
-2.2
 31
0.0
 12
5.0
 22
-1.5
 32
0.0
 13
4.3
 23
-1.5
 33
0.0
  0
3DFACE
  5
965
330
17
100
AcDbEntity
  8
MOBILIARIO
100
AcDbFace
 10
4.3
 20
-2.2
 30
0.62
 11
5.0
 21
-2.2
 31
0.62
 12
5.0
 22
-1.5
 32
0.62
 13
4.3
 23
-1.5
 33
0.62
  0
3DFACE
  5
966
330
17
100
AcDbEntity
  8
MOBILIARIO
100
AcDbFace
 10
4.3
 20
-2.2
 30
0.0
 11
5.0
 21
-2.2
 31
0.0
 12
5.0
 22
-2.2
 32
0.62
 13
4.3
 23
-2.2
 33
0.62
  0
3DFACE
  5
967
330
17
100
AcDbEntity
  8
MOBILIARIO
100
AcDbFace
 10
5.0
 20
-2.2
 30
0.0
 11
5.0
 21
-1.5
 31
0.0
 12
5.0
 22
-1.5
 32
0.62
 13
5.0
 23
-2.2
 33
0.62
  0
3DFACE
  5
968
330
17
100
AcDbEntity
  8
MOBILIARIO
100
AcDbFace
 10
5.0
 20
-1.5
 30
0.0
 11
4.3
 21
-1.5
 31
0.0
 12
4.3
 22
-1.5
 32
0.62
 13
5.0
 23
-1.5
 33
0.62
  0
3DFACE
  5
969
330
17
100
AcDbEntity
  8
MOBILIARIO
100
AcDbFace
 10
4.3
 20
-1.5
 30
0.0
 11
4.3
 21
-2.2
 31
0.0
 12
4.3
 22
-2.2
 32
0.62
 13
4.3
 23
-1.5
 33
0.62
  0
ENDSEC
  0
SECTION
  2
OBJECTS
  0
DICTIONARY
  5
A
330
0
100
AcDbDictionary
281
1
  3
ACAD_COLOR
350
B
  3
ACAD_GROUP
350
C
  3
ACAD_LAYOUT
350
D
  3
ACAD_MATERIAL
350
E
  3
ACAD_MLEADERSTYLE
350
F
  3
ACAD_MLINESTYLE
350
10
  3
ACAD_PLOTSETTINGS
350
11
  3
ACAD_PLOTSTYLENAME
350
12
  3
ACAD_SCALELIST
350
14
  3
ACAD_TABLESTYLE
350
15
  3
ACAD_VISUALSTYLE
350
16
  3
EZDXF_META
350
2D
  0
DICTIONARY
  5
B
330
A
100
AcDbDictionary
281
1
  0
DICTIONARY
  5
C
330
A
100
AcDbDictionary
281
1
  0
DICTIONARY
  5
D
330
A
100
AcDbDictionary
281
1
  3
Model
350
1A
  3
Layout1
350
1E
  0
DICTIONARY
  5
E
330
A
100
AcDbDictionary
281
1
  3
ByBlock
350
1F
  3
ByLayer
350
20
  3
Global
350
21
  0
DICTIONARY
  5
F
330
A
100
AcDbDictionary
281
1
  3
Standard
350
2C
  0
DICTIONARY
  5
10
330
A
100
AcDbDictionary
281
1
  3
Standard
350
22
  0
DICTIONARY
  5
11
330
A
100
AcDbDictionary
281
1
  0
ACDBDICTIONARYWDFLT
  5
12
330
A
100
AcDbDictionary
281
1
  3
Normal
350
13
100
AcDbDictionaryWithDefault
340
13
  0
ACDBPLACEHOLDER
  5
13
330
12
  0
DICTIONARY
  5
14
330
A
100
AcDbDictionary
281
1
  0
DICTIONARY
  5
15
330
A
100
AcDbDictionary
281
1
  0
DICTIONARY
  5
16
330
A
100
AcDbDictionary
281
1
  3
2dWireframe
350
5A
  3
Basic
350
5B
  3
Brighten
350
5C
  3
ColorChange
350
5D
  3
Conceptual
350
5E
  3
Dim
350
5F
  3
EdgeColorOff
350
60
  3
Facepattern
350
61
  3
Flat
350
62
  3
FlatWithEdges
350
63
  3
Gouraud
350
64
  3
GouraudWithEdges
350
65
  3
Hidden
350
66
  3
JitterOff
350
67
  3
Linepattern
350
68
  3
Modeling
350
69
  3
OverhangOff
350
6A
  3
Realistic
350
6B
  3
Shaded
350
6C
  3
Shaded with edges
350
6D
  3
Shades of Gray
350
6E
  3
Sketchy
350
6F
  3
Thicken
350
70
  3
Wireframe
350
71
  3
X-Ray
350
72
  0
LAYOUT
  5
1A
330
D
100
AcDbPlotSettings
  1

  4
A3
  6

 40
7.5
 41
20.0
 42
7.5
 43
20.0
 44
420.0
 45
297.0
 46
0.0
 47
0.0
 48
0.0
 49
0.0
140
0.0
141
0.0
142
1.0
143
1.0
 70
1024
 72
1
 73
0
 74
5
  7

 75
16
 76
0
 77
2
 78
300
147
1.0
148
0.0
149
0.0
100
AcDbLayout
  1
Model
 70
1
 71
0
 10
0.0
 20
0.0
 11
420.0
 21
297.0
 12
0.0
 22
0.0
 32
0.0
 14
1e+20
 24
1e+20
 34
1e+20
 15
-1e+20
 25
-1e+20
 35
-1e+20
146
0.0
 13
0.0
 23
0.0
 33
0.0
 16
1.0
 26
0.0
 36
0.0
 17
0.0
 27
1.0
 37
0.0
 76
1
330
17
  0
LAYOUT
  5
1E
330
D
100
AcDbPlotSettings
  1

  4
A3
  6

 40
7.5
 41
20.0
 42
7.5
 43
20.0
 44
420.0
 45
297.0
 46
0.0
 47
0.0
 48
0.0
 49
0.0
140
0.0
141
0.0
142
1.0
143
1.0
 70
0
 72
1
 73
0
 74
5
  7

 75
16
 76
0
 77
2
 78
300
147
1.0
148
0.0
149
0.0
100
AcDbLayout
  1
Layout1
 70
1
 71
1
 10
0.0
 20
0.0
 11
420.0
 21
297.0
 12
0.0
 22
0.0
 32
0.0
 14
1e+20
 24
1e+20
 34
1e+20
 15
-1e+20
 25
-1e+20
 35
-1e+20
146
0.0
 13
0.0
 23
0.0
 33
0.0
 16
1.0
 26
0.0
 36
0.0
 17
0.0
 27
1.0
 37
0.0
 76
1
330
1B
  0
MATERIAL
  5
1F
102
{ACAD_REACTORS
330
E
102
}
330
E
100
AcDbMaterial
  1
ByBlock
  2

 70
0
 40
1.0
 71
1
 41
1.0
 91
-1023410177
 42
1.0
 72
1
  3

 73
1
 74
1
 75
1
 44
0.5
 73
0
 45
1.0
 46
1.0
 77
1
  4

 78
1
 79
1
170
1
 48
1.0
171
1
  6

172
1
173
1
174
1
140
1.0
141
1.0
175
1
  7

176
1
177
1
178
1
143
1.0
179
1
  8

270
1
271
1
272
1
145
1.0
146
1.0
273
1
  9

274
1
275
1
276
1
 42
1.0
 72
1
  3

 73
1
 74
1
 75
1
 94
63
  0
MATERIAL
  5
20
102
{ACAD_REACTORS
330
E
102
}
330
E
100
AcDbMaterial
  1
ByLayer
  2

 70
0
 40
1.0
 71
1
 41
1.0
 91
-1023410177
 42
1.0
 72
1
  3

 73
1
 74
1
 75
1
 44
0.5
 73
0
 45
1.0
 46
1.0
 77
1
  4

 78
1
 79
1
170
1
 48
1.0
171
1
  6

172
1
173
1
174
1
140
1.0
141
1.0
175
1
  7

176
1
177
1
178
1
143
1.0
179
1
  8

270
1
271
1
272
1
145
1.0
146
1.0
273
1
  9

274
1
275
1
276
1
 42
1.0
 72
1
  3

 73
1
 74
1
 75
1
 94
63
  0
MATERIAL
  5
21
102
{ACAD_REACTORS
330
E
102
}
330
E
100
AcDbMaterial
  1
Global
  2

 70
0
 40
1.0
 71
1
 41
1.0
 91
-1023410177
 42
1.0
 72
1
  3

 73
1
 74
1
 75
1
 44
0.5
 73
0
 45
1.0
 46
1.0
 77
1
  4

 78
1
 79
1
170
1
 48
1.0
171
1
  6

172
1
173
1
174
1
140
1.0
141
1.0
175
1
  7

176
1
177
1
178
1
143
1.0
179
1
  8

270
1
271
1
272
1
145
1.0
146
1.0
273
1
  9

274
1
275
1
276
1
 42
1.0
 72
1
  3

 73
1
 74
1
 75
1
 94
63
  0
MLINESTYLE
  5
22
102
{ACAD_REACTORS
330
10
102
}
330
10
100
AcDbMlineStyle
  2
Standard
 70
0
  3

 62
256
 51
90.0
 52
90.0
 71
2
 49
0.5
 62
256
  6
BYLAYER
 49
-0.5
 62
256
  6
BYLAYER
  0
MLEADERSTYLE
  5
2C
102
{ACAD_REACTORS
330
F
102
}
330
F
100
AcDbMLeaderStyle
179
2
170
2
171
1
172
0
 90
2
 40
0.0
 41
0.0
173
1
 91
-1056964608
 92
-2
290
1
 42
2.0
291
1
 43
8.0
  3
Standard
 44
4.0
300

342
29
174
1
175
1
176
0
178
1
 93
-1056964608
 45
4.0
292
0
297
0
 46
4.0
 94
-1056964608
 47
1.0
 49
1.0
140
1.0
294
1
141
0.0
177
0
142
1.0
295
0
296
0
143
3.75
271
0
272
9
273
9
  0
DICTIONARY
  5
2D
330
A
100
AcDbDictionary
280
1
281
1
  3
CREATED_BY_EZDXF
350
2E
  3
WRITTEN_BY_EZDXF
350
96C
  0
DICTIONARYVAR
  5
2E
330
2D
100
DictionaryVariables
280
0
  1
1.4.4 @ 2026-09-17T15:41:28.453025+00:00
  0
VISUALSTYLE
  5
5A
102
{ACAD_REACTORS
330
16
102
}
330
16
100
AcDbVisualStyle
  2
2dWireframe
 70
4
 90
0
 40
0.6
 62
7
290
0
291
0
  0
VISUALSTYLE
  5
5B
102
{ACAD_REACTORS
330
16
102
}
330
16
100
AcDbVisualStyle
  2
Basic
 70
7
 90
1
 40
0.6
 62
7
290
0
291
1
  0
VISUALSTYLE
  5
5C
102
{ACAD_REACTORS
330
16
102
}
330
16
100
AcDbVisualStyle
  2
Brighten
 70
12
 90
2
 40
0.6
 62
7
290
0
291
1
  0
VISUALSTYLE
  5
5D
102
{ACAD_REACTORS
330
16
102
}
330
16
100
AcDbVisualStyle
  2
ColorChange
 70
16
 90
2
 40
0.6
 62
8
290
0
291
1
  0
VISUALSTYLE
  5
5E
102
{ACAD_REACTORS
330
16
102
}
330
16
100
AcDbVisualStyle
  2
Conceptual
 70
9
 90
3
 40
0.6
 62
7
290
0
291
0
  0
VISUALSTYLE
  5
5F
102
{ACAD_REACTORS
330
16
102
}
330
16
100
AcDbVisualStyle
  2
Dim
 70
11
 90
2
 40
0.6
 62
7
290
0
291
1
  0
VISUALSTYLE
  5
60
102
{ACAD_REACTORS
330
16
102
}
330
16
100
AcDbVisualStyle
  2
EdgeColorOff
 70
22
 90
2
 40
0.6
 62
7
290
0
291
1
  0
VISUALSTYLE
  5
61
102
{ACAD_REACTORS
330
16
102
}
330
16
100
AcDbVisualStyle
  2
Facepattern
 70
15
 90
2
 40
0.6
 62
7
290
0
291
1
  0
VISUALSTYLE
  5
62
102
{ACAD_REACTORS
330
16
102
}
330
16
100
AcDbVisualStyle
  2
Flat
 70
0
 90
2
 40
0.6
 62
7
290
0
291
1
  0
VISUALSTYLE
  5
63
102
{ACAD_REACTORS
330
16
102
}
330
16
100
AcDbVisualStyle
  2
FlatWithEdges
 70
1
 90
2
 40
0.6
 62
7
290
0
291
1
  0
VISUALSTYLE
  5
64
102
{ACAD_REACTORS
330
16
102
}
330
16
100
AcDbVisualStyle
  2
Gouraud
 70
2
 90
2
 40
0.6
 62
7
290
0
291
1
  0
VISUALSTYLE
  5
65
102
{ACAD_REACTORS
330
16
102
}
330
16
100
AcDbVisualStyle
  2
GouraudWithEdges
 70
3
 90
2
 40
0.6
 62
7
290
0
291
1
  0
VISUALSTYLE
  5
66
102
{ACAD_REACTORS
330
16
102
}
330
16
100
AcDbVisualStyle
  2
Hidden
 70
6
 90
1
 40
0.6
 62
7
290
0
291
0
  0
VISUALSTYLE
  5
67
102
{ACAD_REACTORS
330
16
102
}
330
16
100
AcDbVisualStyle
  2
JitterOff
 70
20
 90
2
 40
0.6
 62
7
290
0
291
1
  0
VISUALSTYLE
  5
68
102
{ACAD_REACTORS
330
16
102
}
330
16
100
AcDbVisualStyle
  2
Linepattern
 70
14
 90
2
 40
0.6
 62
7
290
0
291
1
  0
VISUALSTYLE
  5
69
102
{ACAD_REACTORS
330
16
102
}
330
16
100
AcDbVisualStyle
  2
Modeling
 70
10
 90
2
 40
0.6
 62
7
290
0
291
0
  0
VISUALSTYLE
  5
6A
102
{ACAD_REACTORS
330
16
102
}
330
16
100
AcDbVisualStyle
  2
OverhangOff
 70
21
 90
2
 40
0.6
 62
7
290
0
291
1
  0
VISUALSTYLE
  5
6B
102
{ACAD_REACTORS
330
16
102
}
330
16
100
AcDbVisualStyle
  2
Realistic
 70
8
 90
2
 40
0.6
 62
7
290
0
291
0
  0
VISUALSTYLE
  5
6C
102
{ACAD_REACTORS
330
16
102
}
330
16
100
AcDbVisualStyle
  2
Shaded
 70
27
 90
2
 40
0.6
 62
7
290
0
291
0
  0
VISUALSTYLE
  5
6D
102
{ACAD_REACTORS
330
16
102
}
330
16
100
AcDbVisualStyle
  2
Shaded with edges
 70
26
 90
2
 40
0.6
 62
7
290
0
291
0
  0
VISUALSTYLE
  5
6E
102
{ACAD_REACTORS
330
16
102
}
330
16
100
AcDbVisualStyle
  2
Shades of Gray
 70
23
 90
2
 40
0.6
 62
7
290
0
291
0
  0
VISUALSTYLE
  5
6F
102
{ACAD_REACTORS
330
16
102
}
330
16
100
AcDbVisualStyle
  2
Sketchy
 70
24
 90
1
 40
0.6
 62
7
290
0
291
0
  0
VISUALSTYLE
  5
70
102
{ACAD_REACTORS
330
16
102
}
330
16
100
AcDbVisualStyle
  2
Thicken
 70
13
 90
2
 40
0.6
 62
7
290
0
291
1
  0
VISUALSTYLE
  5
71
102
{ACAD_REACTORS
330
16
102
}
330
16
100
AcDbVisualStyle
  2
Wireframe
 70
5
 90
0
 40
0.6
 62
7
290
0
291
0
  0
VISUALSTYLE
  5
72
102
{ACAD_REACTORS
330
16
102
}
330
16
100
AcDbVisualStyle
  2
X-Ray
 70
25
 90
2
 40
0.5
 62
7
290
0
291
0
  0
DICTIONARYVAR
  5
96C
330
2D
100
DictionaryVariables
280
0
  1
1.4.4 @ 2026-09-17T15:41:28.500136+00:00
  0
ENDSEC
  0
EOF
