  0
SECTION
  2
HEADER
  9
$ACADVER
  1
AC1024
  9
$ACADMAINTVER
 70
6
  9
$DWGCODEPAGE
  3
ANSI_1252
  9
$LASTSAVEDBY
  1
ezdxf
  9
$INSBASE
 10
0.0
 20
0.0
 30
0.0
  9
$EXTMIN
 10
1e+20
 20
1e+20
 30
1e+20
  9
$EXTMAX
 10
-1e+20
 20
-1e+20
 30
-1e+20
  9
$LIMMIN
 10
0.0
 20
0.0
  9
$LIMMAX
 10
420.0
 20
297.0
  9
$ORTHOMODE
 70
0
  9
$REGENMODE
 70
1
  9
$FILLMODE
 70
1
  9
$QTEXTMODE
 70
0
  9
$MIRRTEXT
 70
1
  9
$LTSCALE
 40
1.0
  9
$ATTMODE
 70
1
  9
$TEXTSIZE
 40
2.5
  9
$TRACEWID
 40
1.0
  9
$TEXTSTYLE
  7
Standard
  9
$CLAYER
  8
0
  9
$CELTYPE
  6
ByLayer
  9
$CECOLOR
 62
256
  9
$CELTSCALE
 40
1.0
  9
$DISPSILH
 70
0
  9
$DIMSCALE
 40
1.0
  9
$DIMASZ
 40
2.5
  9
$DIMEXO
 40
0.625
  9
$DIMDLI
 40
3.75
  9
$DIMRND
 40
0.0
  9
$DIMDLE
 40
0.0
  9
$DIMEXE
 40
1.25
  9
$DIMTP
 40
0.0
  9
$DIMTM
 40
0.0
  9
$DIMTXT
 40
2.5
  9
$DIMCEN
 40
2.5
  9
$DIMTSZ
 40
0.0
  9
$DIMTOL
 70
0
  9
$DIMLIM
 70
0
  9
$DIMTIH
 70
0
  9
$DIMTOH
 70
0
  9
$DIMSE1
 70
0
  9
$DIMSE2
 70
0
  9
$DIMTAD
 70
1
  9
$DIMZIN
 70
8
  9
$DIMBLK
  1

  9
$DIMASO
 70
1
  9
$DIMSHO
 70
1
  9
$DIMPOST
  1

  9
$DIMAPOST
  1

  9
$DIMALT
 70
0
  9
$DIMALTD
 70
3
  9
$DIMALTF
 40
0.03937007874
  9
$DIMLFAC
 40
1.0
  9
$DIMTOFL
 70
1
  9
$DIMTVP
 40
0.0
  9
$DIMTIX
 70
0
  9
$DIMSOXD
 70
0
  9
$DIMSAH
 70
0
  9
$DIMBLK1
  1

  9
$DIMBLK2
  1

  9
$DIMSTYLE
  2
ISO-25
  9
$DIMCLRD
 70
0
  9
$DIMCLRE
 70
0
  9
$DIMCLRT
 70
0
  9
$DIMTFAC
 40
1.0
  9
$DIMGAP
 40
0.625
  9
$DIMJUST
 70
0
  9
$DIMSD1
 70
0
  9
$DIMSD2
 70
0
  9
$DIMTOLJ
 70
0
  9
$DIMTZIN
 70
8
  9
$DIMALTZ
 70
0
  9
$DIMALTTZ
 70
0
  9
$DIMUPT
 70
0
  9
$DIMDEC
 70
2
  9
$DIMTDEC
 70
2
  9
$DIMALTU
 70
2
  9
$DIMALTTD
 70
3
  9
$DIMTXSTY
  7
Standard
  9
$DIMAUNIT
 70
0
  9
$DIMADEC
 70
0
  9
$DIMALTRND
 40
0.0
  9
$DIMAZIN
 70
0
  9
$DIMDSEP
 70
44
  9
$DIMATFIT
 70
3
  9
$DIMFRAC
 70
0
  9
$DIMLDRBLK
  1

  9
$DIMLUNIT
 70
2
  9
$DIMLWD
 70
-2
  9
$DIMLWE
 70
-2
  9
$DIMTMOVE
 70
0
  9
$DIMFXL
 40
1.0
  9
$DIMFXLON
 70
0
  9
$DIMJOGANG
 40
0.785398163397
  9
$DIMTFILL
 70
0
  9
$DIMTFILLCLR
 70
0
  9
$DIMARCSYM
 70
0
  9
$DIMLTYPE
  6

  9
$DIMLTEX1
  6

  9
$DIMLTEX2
  6

  9
$DIMTXTDIRECTION
 70
0
  9
$LUNITS
 70
2
  9
$LUPREC
 70
4
  9
$SKETCHINC
 40
1.0
  9
$FILLETRAD
 40
10.0
  9
$AUNITS
 70
0
  9
$AUPREC
 70
2
  9
$MENU
  1
.
  9
$ELEVATION
 40
0.0
  9
$PELEVATION
 40
0.0
  9
$THICKNESS
 40
0.0
  9
$LIMCHECK
 70
0
  9
$CHAMFERA
 40
0.0
  9
$CHAMFERB
 40
0.0
  9
$CHAMFERC
 40
0.0
  9
$CHAMFERD
 40
0.0
  9
$SKPOLY
 70
0
  9
$TDCREATE
 40
2461301.701770833
  9
$TDUCREATE
 40
2458532.153996898
  9
$TDUPDATE
 40
2461301.701770833
  9
$TDUUPDATE
 40
2458532.1544311
  9
$TDINDWG
 40
0.0
  9
$TDUSRTIMER
 40
0.0
  9
$USRTIMER
 70
1
  9
$ANGBASE
 50
0.0
  9
$ANGDIR
 70
0
  9
$PDMODE
 70
0
  9
$PDSIZE
 40
0.0
  9
$PLINEWID
 40
0.0
  9
$SPLFRAME
 70
0
  9
$SPLINETYPE
 70
6
  9
$SPLINESEGS
 70
8
  9
$HANDSEED
  5
8E
  9
$SURFTAB1
 70
6
  9
$SURFTAB2
 70
6
  9
$SURFTYPE
 70
6
  9
$SURFU
 70
6
  9
$SURFV
 70
6
  9
$UCSBASE
  2

  9
$UCSNAME
  2

  9
$UCSORG
 10
0.0
 20
0.0
 30
0.0
  9
$UCSXDIR
 10
1.0
 20
0.0
 30
0.0
  9
$UCSYDIR
 10
0.0
 20
1.0
 30
0.0
  9
$UCSORTHOREF
  2

  9
$UCSORTHOVIEW
 70
0
  9
$UCSORGTOP
 10
0.0
 20
0.0
 30
0.0
  9
$UCSORGBOTTOM
 10
0.0
 20
0.0
 30
0.0
  9
$UCSORGLEFT
 10
0.0
 20
0.0
 30
0.0
  9
$UCSORGRIGHT
 10
0.0
 20
0.0
 30
0.0
  9
$UCSORGFRONT
 10
0.0
 20
0.0
 30
0.0
  9
$UCSORGBACK
 10
0.0
 20
0.0
 30
0.0
  9
$PUCSBASE
  2

  9
$PUCSNAME
  2

  9
$PUCSORG
 10
0.0
 20
0.0
 30
0.0
  9
$PUCSXDIR
 10
1.0
 20
0.0
 30
0.0
  9
$PUCSYDIR
 10
0.0
 20
1.0
 30
0.0
  9
$PUCSORTHOREF
  2

  9
$PUCSORTHOVIEW
 70
0
  9
$PUCSORGTOP
 10
0.0
 20
0.0
 30
0.0
  9
$PUCSORGBOTTOM
 10
0.0
 20
0.0
 30
0.0
  9
$PUCSORGLEFT
 10
0.0
 20
0.0
 30
0.0
  9
$PUCSORGRIGHT
 10
0.0
 20
0.0
 30
0.0
  9
$PUCSORGFRONT
 10
0.0
 20
0.0
 30
0.0
  9
$PUCSORGBACK
 10
0.0
 20
0.0
 30
0.0
  9
$USERI1
 70
0
  9
$USERI2
 70
0
  9
$USERI3
 70
0
  9
$USERI4
 70
0
  9
$USERI5
 70
0
  9
$USERR1
 40
0.0
  9
$USERR2
 40
0.0
  9
$USERR3
 40
0.0
  9
$USERR4
 40
0.0
  9
$USERR5
 40
0.0
  9
$WORLDVIEW
 70
1
  9
$SHADEDGE
 70
3
  9
$SHADEDIF
 70
70
  9
$TILEMODE
 70
1
  9
$MAXACTVP
 70
64
  9
$PINSBASE
 10
0.0
 20
0.0
 30
0.0
  9
$PLIMCHECK
 70
0
  9
$PEXTMIN
 10
1e+20
 20
1e+20
 30
1e+20
  9
$PEXTMAX
 10
-1e+20
 20
-1e+20
 30
-1e+20
  9
$PLIMMIN
 10
0.0
 20
0.0
  9
$PLIMMAX
 10
420.0
 20
297.0
  9
$UNITMODE
 70
0
  9
$VISRETAIN
 70
1
  9
$PLINEGEN
 70
0
  9
$PSLTSCALE
 70
1
  9
$TREEDEPTH
 70
3020
  9
$CMLSTYLE
  2
Standard
  9
$CMLJUST
 70
0
  9
$CMLSCALE
 40
20.0
  9
$PROXYGRAPHICS
 70
1
  9
$MEASUREMENT
 70
1
  9
$CELWEIGHT
370
-1
  9
$ENDCAPS
280
0
  9
$JOINSTYLE
280
0
  9
$LWDISPLAY
290
0
  9
$INSUNITS
 70
6
  9
$HYPERLINKBASE
  1

  9
$STYLESHEET
  1

  9
$XEDIT
290
1
  9
$CEPSNTYPE
380
0
  9
$PSTYLEMODE
290
1
  9
$FINGERPRINTGUID
  2
{04B242B2-FE2F-4383-9A31-5A0732916065}
  9
$VERSIONGUID
  2
{5E65880F-A91E-416A-AD52-CBE6B49A93D7}
  9
$EXTNAMES
290
1
  9
$PSVPSCALE
 40
0.0
  9
$OLESTARTUP
290
0
  9
$SORTENTS
280
127
  9
$INDEXCTL
280
0
  9
$HIDETEXT
280
1
  9
$XCLIPFRAME
280
1
  9
$HALOGAP
280
0
  9
$OBSCOLOR
 70
257
  9
$OBSLTYPE
280
0
  9
$INTERSECTIONDISPLAY
280
0
  9
$INTERSECTIONCOLOR
 70
257
  9
$DIMASSOC
280
2
  9
$PROJECTNAME
  1

  9
$CAMERADISPLAY
290
0
  9
$LENSLENGTH
 40
50.0
  9
$CAMERAHEIGHT
 40
0.0
  9
$STEPSPERSEC
 40
24.0
  9
$STEPSIZE
 40
100.0
  9
$3DDWFPREC
 40
2.0
  9
$PSOLWIDTH
 40
0.005
  9
$PSOLHEIGHT
 40
0.08
  9
$LOFTANG1
 40
1.570796326795
  9
$LOFTANG2
 40
1.570796326795
  9
$LOFTMAG1
 40
0.0
  9
$LOFTMAG2
 40
0.0
  9
$LOFTPARAM
 70
7
  9
$LOFTNORMALS
280
1
  9
$LATITUDE
 40
37.795
  9
$LONGITUDE
 40
-122.394
  9
$NORTHDIRECTION
 40
0.0
  9
$TIMEZONE
 70
-8000
  9
$LIGHTGLYPHDISPLAY
280
1
  9
$TILEMODELIGHTSYNCH
280
1
  9
$CMATERIAL
347
20
  9
$SOLIDHIST
280
0
  9
$SHOWHIST
280
1
  9
$DWFFRAME
280
2
  9
$DGNFRAME
280
2
  9
$REALWORLDSCALE
290
1
  9
$INTERFERECOLOR
 62
256
  9
$CSHADOW
280
0
  9
$SHADOWPLANELOCATION
 40
0.0
  0
ENDSEC
  0
SECTION
  2
CLASSES
  0
CLASS
  1
ACDBDICTIONARYWDFLT
  2
AcDbDictionaryWithDefault
  3
ObjectDBX Classes
 90
0
 91
0
280
0
281
0
  0
CLASS
  1
SUN
  2
AcDbSun
  3
SCENEOE
 90
1153
 91
0
280
0
281
0
  0
CLASS
  1
VISUALSTYLE
  2
AcDbVisualStyle
  3
ObjectDBX Classes
 90
4095
 91
0
280
0
281
0
  0
CLASS
  1
MATERIAL
  2
AcDbMaterial
  3
ObjectDBX Classes
 90
1153
 91
0
280
0
281
0
  0
CLASS
  1
SCALE
  2
AcDbScale
  3
ObjectDBX Classes
 90
1153
 91
0
280
0
281
0
  0
CLASS
  1
TABLESTYLE
  2
AcDbTableStyle
  3
ObjectDBX Classes
 90
4095
 91
0
280
0
281
0
  0
CLASS
  1
MLEADERSTYLE
  2
AcDbMLeaderStyle
  3
ACDB_MLEADERSTYLE_CLASS
 90
4095
 91
0
280
0
281
0
  0
CLASS
  1
DICTIONARYVAR
  2
AcDbDictionaryVar
  3
ObjectDBX Classes
 90
0
 91
0
280
0
281
0
  0
CLASS
  1
CELLSTYLEMAP
  2
AcDbCellStyleMap
  3
ObjectDBX Classes
 90
1152
 91
0
280
0
281
0
  0
CLASS
  1
MENTALRAYRENDERSETTINGS
  2
AcDbMentalRayRenderSettings
  3
SCENEOE
 90
1024
 91
0
280
0
281
0
  0
CLASS
  1
ACDBDETAILVIEWSTYLE
  2
AcDbDetailViewStyle
  3
ObjectDBX Classes
 90
1025
 91
0
280
0
281
0
  0
CLASS
  1
ACDBSECTIONVIEWSTYLE
  2
AcDbSectionViewStyle
  3
ObjectDBX Classes
 90
1025
 91
0
280
0
281
0
  0
CLASS
  1
RASTERVARIABLES
  2
AcDbRasterVariables
  3
ISM
 90
0
 91
0
280
0
281
0
  0
CLASS
  1
ACDBPLACEHOLDER
  2
AcDbPlaceHolder
  3
ObjectDBX Classes
 90
0
 91
0
280
0
281
0
  0
CLASS
  1
LAYOUT
  2
AcDbLayout
  3
ObjectDBX Classes
 90
0
 91
0
280
0
281
0
  0
ENDSEC
  0
SECTION
  2
TABLES
  0
TABLE
  2
VPORT
  5
8
330
0
100
AcDbSymbolTable
 70
1
  0
VPORT
  5
23
330
8
100
AcDbSymbolTableRecord
100
AcDbViewportTableRecord
  2
*Active
 70
0
 10
0.0
 20
0.0
 11
1.0
 21
1.0
 12
0.0
 22
0.0
 13
0.0
 23
0.0
 14
0.5
 24
0.5
 15
0.5
 25
0.5
 16
0.0
 26
0.0
 36
1.0
 17
0.0
 27
0.0
 37
0.0
 40
1000.0
 41
1.34
 42
50.0
 43
0.0
 44
0.0
 50
0.0
 51
0.0
 71
0
 72
1000
 73
1
 74
3
 75
0
 76
0
 77
0
 78
0
281
0
 65
0
146
0.0
  0
ENDTAB
  0
TABLE
  2
LTYPE
  5
2
330
0
100
AcDbSymbolTable
 70
3
  0
LTYPE
  5
24
330
2
100
AcDbSymbolTableRecord
100
AcDbLinetypeTableRecord
  2
ByBlock
 70
0
  3

 72
65
 73
0
 40
0.0
  0
LTYPE
  5
25
330
2
100
AcDbSymbolTableRecord
100
AcDbLinetypeTableRecord
  2
ByLayer
 70
0
  3

 72
65
 73
0
 40
0.0
  0
LTYPE
  5
26
330
2
100
AcDbSymbolTableRecord
100
AcDbLinetypeTableRecord
  2
Continuous
 70
0
  3

 72
65
 73
0
 40
0.0
  0
ENDTAB
  0
TABLE
  2
LAYER
  5
1
330
0
100
AcDbSymbolTable
 70
10
  0
LAYER
  5
27
330
1
100
AcDbSymbolTableRecord
100
AcDbLayerTableRecord
  2
0
 70
0
 62
7
  6
Continuous
370
-3
390
13
347
21
  0
LAYER
  5
28
330
1
100
AcDbSymbolTableRecord
100
AcDbLayerTableRecord
  2
Defpoints
 70
0
 62
7
  6
Continuous
290
0
370
-3
390
13
347
21
  0
LAYER
  5
2F
330
1
100
AcDbSymbolTableRecord
100
AcDbLayerTableRecord
  2
CONTORNO
 70
0
 62
7
  6
Continuous
370
-3
390
13
347
21
  0
LAYER
  5
30
330
1
100
AcDbSymbolTableRecord
100
AcDbLayerTableRecord
  2
KEDER
 70
0
 62
5
  6
Continuous
370
-3
390
13
347
21
  0
LAYER
  5
31
330
1
100
AcDbSymbolTableRecord
100
AcDbLayerTableRecord
  2
BOLSA
 70
0
 62
30
  6
Continuous
370
-3
390
13
347
21
  0
LAYER
  5
32
330
1
100
AcDbSymbolTableRecord
100
AcDbLayerTableRecord
  2
CLAMP
 70
0
 62
1
  6
Continuous
370
-3
390
13
347
21
  0
LAYER
  5
33
330
1
100
AcDbSymbolTableRecord
100
AcDbLayerTableRecord
  2
RECORTE
 70
0
 62
3
  6
Continuous
370
-3
390
13
347
21
  0
LAYER
  5
34
330
1
100
AcDbSymbolTableRecord
100
AcDbLayerTableRecord
  2
LINHA
 70
0
 62
8
  6
Continuous
370
-3
390
13
347
21
  0
LAYER
  5
35
330
1
100
AcDbSymbolTableRecord
100
AcDbLayerTableRecord
  2
TEXTO
 70
0
 62
2
  6
Continuous
370
-3
390
13
347
21
  0
LAYER
  5
36
330
1
100
AcDbSymbolTableRecord
100
AcDbLayerTableRecord
  2
MALHA
 70
0
 62
253
  6
Continuous
370
-3
390
13
347
21
  0
ENDTAB
  0
TABLE
  2
STYLE
  5
5
330
0
100
AcDbSymbolTable
 70
1
  0
STYLE
  5
29
330
5
100
AcDbSymbolTableRecord
100
AcDbTextStyleTableRecord
  2
Standard
 70
0
 40
0.0
 41
1.0
 50
0.0
 71
0
 42
2.5
  3
txt
  4

  0
ENDTAB
  0
TABLE
  2
VIEW
  5
7
330
0
100
AcDbSymbolTable
 70
0
  0
ENDTAB
  0
TABLE
  2
UCS
  5
6
330
0
100
AcDbSymbolTable
 70
0
  0
ENDTAB
  0
TABLE
  2
APPID
  5
3
330
0
100
AcDbSymbolTable
 70
3
  0
APPID
  5
2A
330
3
100
AcDbSymbolTableRecord
100
AcDbRegAppTableRecord
  2
ACAD
 70
0
  0
APPID
  5
8B
330
3
100
AcDbSymbolTableRecord
100
AcDbRegAppTableRecord
  2
HATCHBACKGROUNDCOLOR
 70
0
  0
APPID
  5
8C
330
3
100
AcDbSymbolTableRecord
100
AcDbRegAppTableRecord
  2
EZDXF
 70
0
  0
ENDTAB
  0
TABLE
  2
DIMSTYLE
  5
4
330
0
100
AcDbSymbolTable
 70
1
100
AcDbDimStyleTable
  0
DIMSTYLE
105
2B
330
4
100
AcDbSymbolTableRecord
100
AcDbDimStyleTableRecord
  2
Standard
 70
0
 40
1.0
 41
2.5
 42
0.625
 43
3.75
 44
1.25
 45
0.0
 46
0.0
 47
0.0
 48
0.0
 49
2.5
140
2.5
141
2.5
142
0.0
143
0.03937007874
144
1.0
145
0.0
146
1.0
147
0.625
148
0.0
 69
0
 70
0
 71
0
 72
0
 73
0
 74
0
 75
0
 76
0
 77
1
 78
8
 79
3
170
0
171
3
172
1
173
0
174
0
175
0
176
0
177
0
178
0
179
2
271
2
272
2
273
2
274
3
275
0
276
0
277
2
278
44
279
0
280
0
281
0
282
0
283
0
284
8
285
0
286
0
288
0
289
3
290
0
371
-2
372
-2
  0
ENDTAB
  0
TABLE
  2
BLOCK_RECORD
  5
9
330
0
100
AcDbSymbolTable
 70
2
  0
BLOCK_RECORD
  5
17
330
9
100
AcDbSymbolTableRecord
100
AcDbBlockTableRecord
  2
*Model_Space
340
1A
 70
0
280
1
281
0
  0
BLOCK_RECORD
  5
1B
330
9
100
AcDbSymbolTableRecord
100
AcDbBlockTableRecord
  2
*Paper_Space
340
1E
 70
0
280
1
281
0
  0
ENDTAB
  0
ENDSEC
  0
SECTION
  2
BLOCKS
  0
BLOCK
  5
18
330
17
100
AcDbEntity
  8
0
100
AcDbBlockBegin
  2
*Model_Space
 70
0
 10
0.0
 20
0.0
 30
0.0
  3
*Model_Space
  1

  0
ENDBLK
  5
19
330
17
100
AcDbEntity
  8
0
100
AcDbBlockEnd
  0
BLOCK
  5
1C
330
1B
100
AcDbEntity
  8
0
100
AcDbBlockBegin
  2
*Paper_Space
 70
0
 10
0.0
 20
0.0
 30
0.0
  3
*Paper_Space
  1

  0
ENDBLK
  5
1D
330
1B
100
AcDbEntity
  8
0
100
AcDbBlockEnd
  0
ENDSEC
  0
SECTION
  2
ENTITIES
  0
LWPOLYLINE
  5
37
330
17
100
AcDbEntity
  8
CONTORNO
100
AcDbPolyline
 90
194
 70
1
 10
0.06571795782357816
 20
0.0012316812548495957
 10
0.06969406012749062
 20
0.13779396760341917
 10
0.07266735557055451
 20
0.27419467182834767
 10
0.07470015129995637
 20
0.410433521836501
 10
0.07585763665964526
 20
0.5465115119871574
 10
0.07620719564665844
 20
0.6824308939924404
 10
0.0758176973948752
 20
0.8181951347271929
 10
0.07475878728542601
 20
0.9538088449859481
 10
0.07310019805702263
 20
1.0892776844536856
 10
0.07091109556951385
 20
1.2246082488287269
 10
0.06825946780449897
 20
1.359807945157426
 10
0.06521155809155178
 20
1.4948848610667413
 10
0.06183133350291606
 20
1.629847632783759
 10
0.05817996419615274
 20
1.764705315646913
 10
0.05431526203853394
 20
1.8994672591402273
 10
0.050290966519283546
 20
2.0341429857908384
 10
0.04615560374816176
 20
2.168742067507939
 10
0.04195008389180011
 20
2.3032739748857716
 10
0.0377002536504008
 20
2.437747781529103
 10
0.033462963873516986
 20
2.572173579240815
 10
0.029612727033730482
 20
2.706570930891881
 10
0.02617842724528774
 20
2.84094778728304
 10
0.023146581732272124
 20
2.975310885305011
 10
0.020545010908886913
 20
3.109667891187853
 10
0.018386514108266916
 20
3.2440259644473057
 10
0.016671845515648438
 20
3.3783919846404067
 10
0.015400406339221503
 20
3.5127728098366595
 10
0.014570243011638478
 20
3.6471752934020656
 10
0.014178039727147852
 20
3.781606300660746
 10
0.014219105340862292
 20
3.9160727253939114
 10
0.014687354674370282
 20
4.050581506129506
 10
0.01557528429385726
 20
4.185139642165646
 10
0.01687394285502885
 20
4.319754209256995
 10
0.018572896145555413
 20
4.454432374875225
 10
0.020660187002624786
 20
4.589181412932583
 10
0.023122290342884856
 20
4.724008717831042
 10
0.02594406361700754
 20
4.858921817668567
 10
0.02910869309387249
 20
4.993928386398388
 10
0.03259763649251299
 20
5.129036254697157
 10
0.03639056261599339
 20
5.264253419253488
 10
0.0404652888025878
 20
5.399588050140399
 10
0.0447977171977855
 20
5.535048495884382
 10
0.049361771066984805
 20
5.670643285791695
 10
0.05412933261323535
 20
5.806381129041125
 10
0.059070184035776706
 20
5.942270910004615
 10
0.06415195385998283
 20
6.078321679216423
 10
0.06934007088190346
 20
6.214542639382724
 10
0.07459772839204898
 20
6.350943125812078
 10
0.07565332750487108
 20
6.48546879023842
 10
0.06991436311992759
 20
6.6218342744711
 10
0.06420832900991494
 20
6.758025017950803
 10
0.05857272682999359
 20
6.894050081771365
 10
0.05304293644706136
 20
7.029918415514157
 10
0.04765223414571863
 20
7.165638833479649
 10
0.04243182345851336
 20
7.3012199966126605
 10
0.037410875608851105
 20
7.436670399561677
 10
0.03261657686427118
 20
7.57199836230379
 10
0.028074180428176804
 20
7.707212025780995
 10
0.023807060839366234
 20
7.842319351024876
 10
0.01983676919318969
 20
7.977328121288593
 10
0.016183087838897776
 20
8.112245946753127
 10
0.012864083536452693
 20
8.247080271424197
 10
0.00989615836190065
 20
8.381838381883908
 10
0.007294097919609624
 20
8.516527417604422
 10
0.005071116637152637
 20
8.651154382568146
 10
0.003238900070719669
 20
8.785726157969766
 10
0.0018076442274409105
 20
8.920249515800554
 10
0.0007860919165869479
 20
9.054731133136187
 10
0.00018156608557853837
 20
9.189177606967709
 10
0.0
 20
9.323595469433037
 10
0.0002459640158332388
 20
9.457991203325083
 10
0.0009226885932661216
 20
9.592371257771852
 10
0.002032083135290158
 20
9.726742064004148
 10
0.003574750212090194
 20
9.861110051145646
 10
0.005549994754848228
 20
9.99548166197721
 10
0.00795582786267273
 20
10.129863368640507
 10
0.01078896495158381
 20
10.264261688254384
 10
0.0140448180717433
 20
10.39868319842027
 10
0.017717482317173933
 20
10.53313455259003
 10
0.021799716343788314
 20
10.66762249526119
 10
0.02628291709352215
 20
10.802153876950895
 10
0.031157088895219898
 20
10.936735668881262
 10
0.03641080717999707
 20
11.071374977285856
 10
0.04203117711481277
 20
11.206079057219345
 10
0.04800378752853495
 20
11.34085532572062
 10
0.05431266058536819
 20
11.475711374143714
 10
0.06094019775631382
 20
11.610654979430322
 10
0.06786561847476676
 20
11.745694191208376
 10
0.07500111275514267
 20
11.880840735137962
 10
0.08214802924566994
 20
12.016112619786208
 10
0.08837834467332104
 20
12.151563371242455
 10
0.09173961004072341
 20
12.287256741147562
 10
0.09230756676795732
 20
12.42313917613759
 10
0.09004004075727404
 20
12.559160097851676
 10
0.08487926706951389
 20
12.69526585625116
 10
0.07677942898075393
 20
12.831399930037973
 10
0.06571795782357753
 20
12.967504756472984
 10
1.3211695608719611
 20
13.050559332064582
 10
1.3188788378350396
 20
12.903103156604537
 10
1.3192746324423439
 20
12.755233825161364
 10
1.3224644423370042
 20
12.606913970656734
 10
1.3285587962185825
 20
12.45806664941584
 10
1.3377017259968993
 20
12.30853259693527
 10
1.3501565088013183
 20
12.157947992482406
 10
1.3666876885905972
 20
12.005139640675175
 10
1.377076919916874
 20
11.864906371525974
 10
1.3800658963022832
 20
11.729787694618324
 10
1.380321877985482
 20
11.595299582120075
 10
1.378869564575091
 20
11.460932064357165
 10
1.3774325625289632
 20
11.326564639851735
 10
1.3760538323640836
 20
11.192196598112444
 10
1.3747243887140213
 20
11.057828053351194
 10
1.3734360380497272
 20
10.923459102547369
 10
1.3721813312271278
 20
10.789089828507585
 10
1.3709535185578354
 20
10.654720302390597
 10
1.369746508582979
 20
10.520350585760422
 10
1.3685548319299206
 20
10.385980732217115
 10
1.3673736118453228
 20
10.251610788641365
 10
1.3661985431770305
 20
10.11724079607721
 10
1.3650258816538046
 20
9.982870790268818
 10
1.3638524452033725
 20
9.848500801863604
 10
1.3626756286696544
 20
9.71413085629766
 10
1.361493432571828
 20
9.579760973390977
 10
1.3603045054713085
 20
9.445391166699894
 10
1.3591081981374689
 20
9.311021442699811
 10
1.357904626189888
 20
9.176651799898472
 10
1.3566947365037998
 20
9.042282228002078
 10
1.3554803717150667
 20
8.907912707266913
 10
1.3542643269528754
 20
8.773543208162817
 10
1.3530503936489082
 20
8.639173691451413
 10
1.3518433869085398
 20
8.504804108745551
 10
1.3506491552388313
 20
8.370434403576164
 10
1.349474573977615
 20
8.23606451295862
 10
1.348327526049661
 20
8.101694369431456
 10
1.3472168752477012
 20
7.967323903540465
 10
1.3461524378411327
 20
7.832953046758846
 10
1.3451449579339907
 20
7.698581734864976
 10
1.3442060908181503
 20
7.564209911835571
 10
1.343348396916007
 20
7.42983753434773
 10
1.3425853471211144
 20
7.295464577013137
 10
1.341931338706166
 20
7.161091038489313
 10
1.3414017196499333
 20
7.026716948625148
 10
1.3410128183024788
 20
6.892342376800493
 10
1.340781974739151
 20
6.75796744161245
 10
1.3407275698762378
 20
6.623592322043134
 10
1.3408690483466659
 20
6.489217270213912
 10
1.3412269311839398
 20
6.354842625787432
 10
1.3416005768563817
 20
6.220468030280697
 10
1.3421844731855999
 20
6.086094190340983
 10
1.3429582879851532
 20
5.95172131653402
 10
1.3439029131344882
 20
5.817349541639054
 10
1.345000454349774
 20
5.682978935340018
 10
1.3462342118737038
 20
5.548609517091112
 10
1.3475886540336621
 20
5.4142412672566405
 10
1.3490493854265686
 20
5.279874136651145
 10
1.350603111292722
 20
5.145508054621283
 10
1.352237599446235
 20
5.011142935817483
 10
1.3539416409416547
 20
4.876778685803584
 10
1.3557050104795372
 20
4.742415205647961
 10
1.3575184273912806
 20
4.608052395631669
 10
1.3593735178974946
 20
4.47369015819911
 10
1.3612627792055791
 20
4.339328400265776
 10
1.3631795459011256
 20
4.204967034986115
 10
1.3651179589937086
 20
4.070605983073532
 10
1.3670729378995023
 20
3.9362451737540174
 10
1.369040155579517
 20
3.8018845454252066
 10
1.3710160170014416
 20
3.6675240460841563
 10
1.3729976410532636
 20
3.5331636335795924
 10
1.374982846006199
 20
3.3988032757381217
 10
1.3769701386011184
 20
3.2644429504086925
 10
1.3789587068149187
 20
3.1300826454656234
 10
1.3809484163493848
 20
2.9957223588076
 10
1.3812993230308768
 20
2.861288585441685
 10
1.3802549462762514
 20
2.7267145188097537
 10
1.3811930885479724
 20
2.5923173702633604
 10
1.3808874923595644
 20
2.457820178999302
 10
1.3713344214070413
 20
2.320625591716351
 10
1.3622774704859426
 20
2.183445476299973
 10
1.3542228548690836
 20
2.046533683474623
 10
1.3469242965363697
 20
1.90976934276493
 10
1.340289482475054
 20
1.7731021608885391
 10
1.3342798411499008
 20
1.6365049239653635
 10
1.328882563112814
 20
1.4999609140306047
 10
1.324099452649582
 20
1.3634591443227584
 10
1.3199414865513301
 20
1.226992179824952
 10
1.3164257373749748
 20
1.0905550151964336
 10
1.3135734048210568
 20
0.9541444483213007
 10
1.3114084090133011
 20
0.8177587081758857
 10
1.309956283911299
 20
0.6813972205274585
 10
1.3092432381186543
 20
0.545060449653163
 10
1.3092953152803997
 20
0.4087497806038185
 10
1.310137621992269
 20
0.2724674203864215
 10
1.3117936122346616
 20
0.13621630444711705
 10
1.3142844302421302
 20
0.0
  0
LWPOLYLINE
  5
38
330
17
100
AcDbEntity
  8
BOLSA
100
AcDbPolyline
 90
97
 70
0
 10
0.06571795782357816
 20
0.0012316812548495957
 10
0.06969406012749062
 20
0.13779396760341917
 10
0.07266735557055451
 20
0.27419467182834767
 10
0.07470015129995637
 20
0.410433521836501
 10
0.07585763665964526
 20
0.5465115119871574
 10
0.07620719564665844
 20
0.6824308939924404
 10
0.0758176973948752
 20
0.8181951347271929
 10
0.07475878728542601
 20
0.9538088449859481
 10
0.07310019805702263
 20
1.0892776844536856
 10
0.07091109556951385
 20
1.2246082488287269
 10
0.06825946780449897
 20
1.359807945157426
 10
0.06521155809155178
 20
1.4948848610667413
 10
0.06183133350291606
 20
1.629847632783759
 10
0.05817996419615274
 20
1.764705315646913
 10
0.05431526203853394
 20
1.8994672591402273
 10
0.050290966519283546
 20
2.0341429857908384
 10
0.04615560374816176
 20
2.168742067507939
 10
0.04195008389180011
 20
2.3032739748857716
 10
0.0377002536504008
 20
2.437747781529103
 10
0.033462963873516986
 20
2.572173579240815
 10
0.029612727033730482
 20
2.706570930891881
 10
0.02617842724528774
 20
2.84094778728304
 10
0.023146581732272124
 20
2.975310885305011
 10
0.020545010908886913
 20
3.109667891187853
 10
0.018386514108266916
 20
3.2440259644473057
 10
0.016671845515648438
 20
3.3783919846404067
 10
0.015400406339221503
 20
3.5127728098366595
 10
0.014570243011638478
 20
3.6471752934020656
 10
0.014178039727147852
 20
3.781606300660746
 10
0.014219105340862292
 20
3.9160727253939114
 10
0.014687354674370282
 20
4.050581506129506
 10
0.01557528429385726
 20
4.185139642165646
 10
0.01687394285502885
 20
4.319754209256995
 10
0.018572896145555413
 20
4.454432374875225
 10
0.020660187002624786
 20
4.589181412932583
 10
0.023122290342884856
 20
4.724008717831042
 10
0.02594406361700754
 20
4.858921817668567
 10
0.02910869309387249
 20
4.993928386398388
 10
0.03259763649251299
 20
5.129036254697157
 10
0.03639056261599339
 20
5.264253419253488
 10
0.0404652888025878
 20
5.399588050140399
 10
0.0447977171977855
 20
5.535048495884382
 10
0.049361771066984805
 20
5.670643285791695
 10
0.05412933261323535
 20
5.806381129041125
 10
0.059070184035776706
 20
5.942270910004615
 10
0.06415195385998283
 20
6.078321679216423
 10
0.06934007088190346
 20
6.214542639382724
 10
0.07459772839204898
 20
6.350943125812078
 10
0.07565332750487108
 20
6.48546879023842
 10
0.06991436311992759
 20
6.6218342744711
 10
0.06420832900991494
 20
6.758025017950803
 10
0.05857272682999359
 20
6.894050081771365
 10
0.05304293644706136
 20
7.029918415514157
 10
0.04765223414571863
 20
7.165638833479649
 10
0.04243182345851336
 20
7.3012199966126605
 10
0.037410875608851105
 20
7.436670399561677
 10
0.03261657686427118
 20
7.57199836230379
 10
0.028074180428176804
 20
7.707212025780995
 10
0.023807060839366234
 20
7.842319351024876
 10
0.01983676919318969
 20
7.977328121288593
 10
0.016183087838897776
 20
8.112245946753127
 10
0.012864083536452693
 20
8.247080271424197
 10
0.00989615836190065
 20
8.381838381883908
 10
0.007294097919609624
 20
8.516527417604422
 10
0.005071116637152637
 20
8.651154382568146
 10
0.003238900070719669
 20
8.785726157969766
 10
0.0018076442274409105
 20
8.920249515800554
 10
0.0007860919165869479
 20
9.054731133136187
 10
0.00018156608557853837
 20
9.189177606967709
 10
0.0
 20
9.323595469433037
 10
0.0002459640158332388
 20
9.457991203325083
 10
0.0009226885932661216
 20
9.592371257771852
 10
0.002032083135290158
 20
9.726742064004148
 10
0.003574750212090194
 20
9.861110051145646
 10
0.005549994754848228
 20
9.99548166197721
 10
0.00795582786267273
 20
10.129863368640507
 10
0.01078896495158381
 20
10.264261688254384
 10
0.0140448180717433
 20
10.39868319842027
 10
0.017717482317173933
 20
10.53313455259003
 10
0.021799716343788314
 20
10.66762249526119
 10
0.02628291709352215
 20
10.802153876950895
 10
0.031157088895219898
 20
10.936735668881262
 10
0.03641080717999707
 20
11.071374977285856
 10
0.04203117711481277
 20
11.206079057219345
 10
0.04800378752853495
 20
11.34085532572062
 10
0.05431266058536819
 20
11.475711374143714
 10
0.06094019775631382
 20
11.610654979430322
 10
0.06786561847476676
 20
11.745694191208376
 10
0.07500111275514267
 20
11.880840735137962
 10
0.08214802924566994
 20
12.016112619786208
 10
0.08837834467332104
 20
12.151563371242455
 10
0.09173961004072341
 20
12.287256741147562
 10
0.09230756676795732
 20
12.42313917613759
 10
0.09004004075727404
 20
12.559160097851676
 10
0.08487926706951389
 20
12.69526585625116
 10
0.07677942898075393
 20
12.831399930037973
 10
0.06571795782357753
 20
12.967504756472984
  0
LWPOLYLINE
  5
39
330
17
100
AcDbEntity
  8
LINHA
100
AcDbPolyline
 90
97
 70
0
 10
1.3142844302421302
 20
0.0
 10
1.3117936122346616
 20
0.13621630444711705
 10
1.310137621992269
 20
0.2724674203864215
 10
1.3092953152803997
 20
0.4087497806038185
 10
1.3092432381186543
 20
0.545060449653163
 10
1.309956283911299
 20
0.6813972205274585
 10
1.3114084090133011
 20
0.8177587081758857
 10
1.3135734048210568
 20
0.9541444483213007
 10
1.3164257373749748
 20
1.0905550151964336
 10
1.3199414865513301
 20
1.226992179824952
 10
1.324099452649582
 20
1.3634591443227584
 10
1.328882563112814
 20
1.4999609140306047
 10
1.3342798411499008
 20
1.6365049239653635
 10
1.340289482475054
 20
1.7731021608885391
 10
1.3469242965363697
 20
1.90976934276493
 10
1.3542228548690836
 20
2.046533683474623
 10
1.3622774704859426
 20
2.183445476299973
 10
1.3713344214070413
 20
2.320625591716351
 10
1.3808874923595644
 20
2.457820178999302
 10
1.3811930885479724
 20
2.5923173702633604
 10
1.3802549462762514
 20
2.7267145188097537
 10
1.3812993230308768
 20
2.861288585441685
 10
1.3809484163493848
 20
2.9957223588076
 10
1.3789587068149187
 20
3.1300826454656234
 10
1.3769701386011184
 20
3.2644429504086925
 10
1.374982846006199
 20
3.3988032757381217
 10
1.3729976410532636
 20
3.5331636335795924
 10
1.3710160170014416
 20
3.6675240460841563
 10
1.369040155579517
 20
3.8018845454252066
 10
1.3670729378995023
 20
3.9362451737540174
 10
1.3651179589937086
 20
4.070605983073532
 10
1.3631795459011256
 20
4.204967034986115
 10
1.3612627792055791
 20
4.339328400265776
 10
1.3593735178974946
 20
4.47369015819911
 10
1.3575184273912806
 20
4.608052395631669
 10
1.3557050104795372
 20
4.742415205647961
 10
1.3539416409416547
 20
4.876778685803584
 10
1.352237599446235
 20
5.011142935817483
 10
1.350603111292722
 20
5.145508054621283
 10
1.3490493854265686
 20
5.279874136651145
 10
1.3475886540336621
 20
5.4142412672566405
 10
1.3462342118737038
 20
5.548609517091112
 10
1.345000454349774
 20
5.682978935340018
 10
1.3439029131344882
 20
5.817349541639054
 10
1.3429582879851532
 20
5.95172131653402
 10
1.3421844731855999
 20
6.086094190340983
 10
1.3416005768563817
 20
6.220468030280697
 10
1.3412269311839398
 20
6.354842625787432
 10
1.3408690483466659
 20
6.489217270213912
 10
1.3407275698762378
 20
6.623592322043134
 10
1.340781974739151
 20
6.75796744161245
 10
1.3410128183024788
 20
6.892342376800493
 10
1.3414017196499333
 20
7.026716948625148
 10
1.341931338706166
 20
7.161091038489313
 10
1.3425853471211144
 20
7.295464577013137
 10
1.343348396916007
 20
7.42983753434773
 10
1.3442060908181503
 20
7.564209911835571
 10
1.3451449579339907
 20
7.698581734864976
 10
1.3461524378411327
 20
7.832953046758846
 10
1.3472168752477012
 20
7.967323903540465
 10
1.348327526049661
 20
8.101694369431456
 10
1.349474573977615
 20
8.23606451295862
 10
1.3506491552388313
 20
8.370434403576164
 10
1.3518433869085398
 20
8.504804108745551
 10
1.3530503936489082
 20
8.639173691451413
 10
1.3542643269528754
 20
8.773543208162817
 10
1.3554803717150667
 20
8.907912707266913
 10
1.3566947365037998
 20
9.042282228002078
 10
1.357904626189888
 20
9.176651799898472
 10
1.3591081981374689
 20
9.311021442699811
 10
1.3603045054713085
 20
9.445391166699894
 10
1.361493432571828
 20
9.579760973390977
 10
1.3626756286696544
 20
9.71413085629766
 10
1.3638524452033725
 20
9.848500801863604
 10
1.3650258816538046
 20
9.982870790268818
 10
1.3661985431770305
 20
10.11724079607721
 10
1.3673736118453228
 20
10.251610788641365
 10
1.3685548319299206
 20
10.385980732217115
 10
1.369746508582979
 20
10.520350585760422
 10
1.3709535185578354
 20
10.654720302390597
 10
1.3721813312271278
 20
10.789089828507585
 10
1.3734360380497272
 20
10.923459102547369
 10
1.3747243887140213
 20
11.057828053351194
 10
1.3760538323640836
 20
11.192196598112444
 10
1.3774325625289632
 20
11.326564639851735
 10
1.378869564575091
 20
11.460932064357165
 10
1.380321877985482
 20
11.595299582120075
 10
1.3800658963022832
 20
11.729787694618324
 10
1.377076919916874
 20
11.864906371525974
 10
1.3666876885905972
 20
12.005139640675175
 10
1.3501565088013183
 20
12.157947992482406
 10
1.3377017259968993
 20
12.30853259693527
 10
1.3285587962185825
 20
12.45806664941584
 10
1.3224644423370042
 20
12.606913970656734
 10
1.3192746324423439
 20
12.755233825161364
 10
1.3188788378350396
 20
12.903103156604537
 10
1.3211695608719611
 20
13.050559332064582
  0
LWPOLYLINE
  5
3A
330
17
100
AcDbEntity
  8
BOLSA
100
AcDbPolyline
 90
2
 70
0
 10
0.06571795782357816
 20
0.0012316812548495957
 10
1.3142844302421302
 20
0.0
  0
LWPOLYLINE
  5
3B
330
17
100
AcDbEntity
  8
BOLSA
100
AcDbPolyline
 90
2
 70
0
 10
0.06571795782357753
 20
12.967504756472984
 10
1.3211695608719611
 20
13.050559332064582
  0
TEXT
  5
3C
330
17
100
AcDbEntity
  8
TEXTO
100
AcDbText
 10
0.0
 20
-0.35
 30
0.0
 40
0.12
  1
S1 · x1 · 17.06 m2
 11
0.0
 21
-0.35
 31
0.0
100
AcDbText
  0
TEXT
  5
3D
330
17
100
AcDbEntity
  8
TEXTO
100
AcDbText
 10
0.0
 20
-0.55
 30
0.0
 40
0.06
  1
ZION SAFARI · LONA EXTERNA · PVDF tipo II 1050 g/m², creme Zion; faixas soldadas em fábri
 11
0.0
 21
-0.55
 31
0.0
100
AcDbText
  0
LWPOLYLINE
  5
3E
330
17
100
AcDbEntity
  8
CONTORNO
100
AcDbPolyline
 90
194
 70
1
 10
1.9812993230308769
 20
0.1485642584020314
 10
1.9955355639200867
 20
0.2840574878156091
 10
2.0097491729930366
 20
0.4195753176960719
 10
2.0239400058090133
 20
0.5551194487051649
 10
2.0381079211469455
 20
0.6906918330011116
 10
2.052252783445896
 20
0.82629473266508
 10
2.066374466355947
 20
0.9619307973853157
 10
2.080472857975416
 20
1.0976031699436388
 10
2.094547868716053
 20
1.2333156330000736
 10
2.108599443392196
 20
1.3690728193043764
 10
2.1226275803574124
 20
1.5048805232633378
 10
2.136632362950108
 20
1.6407461824403673
 10
2.1506140137026306
 20
1.7766796613979359
 10
2.164572993849337
 20
1.9126946157124043
 10
2.178510202204644
 20
2.0488110863650166
 10
2.1924274239322106
 20
2.1850610947425535
 10
2.206328553653339
 20
2.321503296571252
 10
2.220224325975736
 20
2.4582780016054877
 10
2.2341014898258678
 20
2.5951028541281183
 10
2.247651024679873
 20
2.7289161492530463
 10
2.261087972641814
 20
2.8626431924335165
 10
2.27398262874239
 20
2.996602133817467
 10
2.2848742211669952
 20
3.130594431250393
 10
2.292425519769488
 20
3.264757106627242
 10
2.2999766985870247
 20
3.398919790136484
 10
2.3075267735853298
 20
3.533082537283402
 10
2.3150728091337722
 20
3.6672455133442172
 10
2.3226072190691545
 20
3.8014091445905605
 10
2.3301131697396613
 20
3.935574373007118
 10
2.337558654131046
 20
4.069742972733325
 10
2.344891333921022
 20
4.203917787175585
 10
2.352036832904207
 20
4.3381027027237
 10
2.358901696416482
 20
4.472302270991775
 10
2.3653798214985784
 20
4.606521066987889
 10
2.371359959603879
 20
4.740762976080806
 10
2.3767324090441324
 20
4.875030581940829
 10
2.3813941489835506
 20
5.009324745821448
 10
2.3852524559988666
 20
5.143644397794609
 10
2.3882273182960496
 20
5.277986524087876
 10
2.3902529433157413
 20
5.412346320557662
 10
2.391278554185157
 20
5.546717476858785
 10
2.3912685895338437
 20
5.681092552590297
 10
2.3912489938141324
 20
5.815467633368634
 10
2.391226638155669
 20
5.949842720100194
 10
2.3912006671590875
 20
6.0842178127721755
 10
2.3911700402275113
 20
6.218592911159032
 10
2.3911334986415764
 20
6.352968014730264
 10
2.391089529104157
 20
6.487343122526936
 10
2.3910363247447943
 20
6.621718232998201
 10
2.3909717456016173
 20
6.756093343788099
 10
2.3908932821560906
 20
6.890468451463013
 10
2.3907980277508813
 20
7.024843551173263
 10
2.3906826688145784
 20
7.15921863625094
 10
2.390543505760295
 20
7.293593697764645
 10
2.3903765218952646
 20
7.427968724085793
 10
2.3901775216657937
 20
7.562343700575997
 10
2.389942360864085
 20
7.696718609580475
 10
2.3896672861221466
 20
7.831093430992796
 10
2.3893493834184403
 20
7.9654681436946815
 10
2.3889870993954077
 20
8.099842728082894
 10
2.3885807431121933
 20
8.234217169564664
 10
2.388132809835164
 20
8.368591462292994
 10
2.387647924206522
 20
8.50296561171035
 10
2.3871322294947133
 20
8.637339634183267
 10
2.3865921985519827
 20
8.771713552740405
 10
2.3860330971469272
 20
8.906087389706318
 10
2.385457576494513
 20
9.040461158836782
 10
2.384864931839795
 20
9.174834859971908
 10
2.384251337325828
 20
9.30920847786785
 10
2.3836109537609342
 20
9.443581984932608
 10
2.382933828216258
 20
9.577955328197158
 10
2.382210460743869
 20
9.712328447671808
 10
2.381437909205666
 20
9.846701310200258
 10
2.380615588795867
 20
9.981073892811791
 10
2.379745006217722
 20
10.115446184684389
 10
2.378829248237496
 20
10.249818186914455
 10
2.377872407439872
 20
10.384189910665228
 10
2.3768790663953463
 20
10.518561374492215
 10
2.375853896863819
 20
10.652932601553394
 10
2.3724795230249924
 20
10.787265364576971
 10
2.3649563422175195
 20
10.921429736984077
 10
2.353448160192128
 20
11.055311169011302
 10
2.3383083646441345
 20
11.188830685855546
 10
2.320045448415301
 20
11.321958966594435
 10
2.2992655302317075
 20
11.454717644420043
 10
2.2766057518789644
 20
11.587168405792363
 10
2.252663285663343
 20
11.719393582500588
 10
2.227847039119177
 20
11.851572521206506
 10
2.2026648484029585
 20
11.984357490611325
 10
2.176460717163132
 20
12.122511931038655
 10
2.1478186764932907
 20
12.273519565923566
 10
2.119661361293571
 20
12.421971613109433
 10
2.091743597136401
 20
12.56916069035587
 10
2.063982604381093
 20
12.715523231571387
 10
2.036336753891254
 20
12.861278715441228
 10
2.008781150999109
 20
13.006558392561166
 10
1.9812993230308766
 20
13.151449110776172
 10
3.1930287928592023
 20
13.381281230073448
 10
3.2205106208274343
 20
13.23639051185844
 10
3.2480662237195794
 20
13.091110834738505
 10
3.2757120742094186
 20
12.945355350868661
 10
3.303473066964726
 20
12.798992809653146
 10
3.3313908311218956
 20
12.651803732406707
 10
3.3595481463216164
 20
12.503351685220842
 10
3.388190186991458
 20
12.35234405033593
 10
3.4144023758670974
 20
12.214147170689893
 10
3.4396064590348256
 20
12.081249713153698
 10
3.46527326431951
 20
11.9459875957812
 10
3.492159092555645
 20
11.80710788885215
 10
3.5214430844312012
 20
11.663644455246018
 10
3.5543603503661405
 20
11.51489516312043
 10
3.5922134729383934
 20
11.360459760678792
 10
3.6362775336033297
 20
11.200243243709696
 10
3.6876935336063976
 20
11.034438589252833
 10
3.7473664662168567
 20
10.8634898557629
 10
3.8158808707470158
 20
10.68803984543817
 10
3.872870219624952
 20
10.528762579155918
 10
3.8805192562809774
 20
10.394079482325084
 10
3.8886219488615197
 20
10.259355576294464
 10
3.8971487245462066
 20
10.124592847784463
 10
3.906035715371633
 20
9.989797619117475
 10
3.915174198337514
 20
9.854981847153581
 10
3.9244010389069066
 20
9.720163812008119
 10
3.9334933118113167
 20
9.585367422662179
 10
3.9421715252174137
 20
9.450619357820642
 10
3.9495275057751975
 20
9.315992669466665
 10
3.955072897469611
 20
9.181490498231128
 10
3.9590053450218115
 20
9.04706321616355
 10
3.9610790902406983
 20
8.912682222646074
 10
3.9611779017572974
 20
8.778305189667755
 10
3.9593381394159817
 20
8.643887223369273
 10
3.9557416250913358
 20
8.50939326610984
 10
3.9506808865156
 20
8.374806430252764
 10
3.944508741518611
 20
8.240129436507566
 10
3.937587332792476
 20
8.105380058319074
 10
3.930248253804775
 20
7.970583803568031
 10
3.922768744504828
 20
7.835767060635637
 10
3.9153629978745457
 20
7.700952498432886
 10
3.9081843999838837
 20
7.566156984941172
 10
3.9013339269099885
 20
7.4313914051100065
 10
3.8948708474662608
 20
7.296661540773
 10
3.8888232629739328
 20
7.161969334704245
 10
3.8831972289343355
 20
7.027314125664848
 10
3.8779840353143733
 20
6.892693665384497
 10
3.8731656930449523
 20
6.758104870838268
 10
3.8687188874180594
 20
6.623544336838959
 10
3.8646177182638333
 20
6.4890086597976335
 10
3.8608355282670015
 20
6.354494625180845
 10
3.8573460713767327
 20
6.219999302817821
 10
3.8541242179751682
 20
6.085520083396271
 10
3.85114634364838
 20
5.95105467963703
 10
3.848390507880257
 20
5.8166011078645266
 10
3.8458364979371122
 20
5.68215766003172
 10
3.8420754751715953
 20
5.547638165405131
 10
3.8078047110418076
 20
5.402241625891895
 10
3.7762393253863493
 20
5.257686850289455
 10
3.747303744978817
 20
5.114029480148662
 10
3.7209063034905396
 20
4.971322373753123
 10
3.6969414455394864
 20
4.8296139075712095
 10
3.6752915704672926
 20
4.688944829533112
 10
3.6558279567850276
 20
4.549342686771417
 10
3.6384100669921535
 20
4.410812768997665
 10
3.6228826867380945
 20
4.273325342538236
 10
3.609071183705924
 20
4.13680168785846
 10
3.596776913703205
 20
4.001106161988581
 10
3.5857767310381012
 20
3.8660546479989923
 10
3.5758305187676536
 20
3.731444157420646
 10
3.5666969453194293
 20
3.597092844502121
 10
3.5581524458679645
 20
3.462868879981142
 10
3.5500065681891093
 20
3.3286952644552867
 10
3.5421097073240455
 20
3.1945362318875263
 10
3.534353435849528
 20
3.060379200801828
 10
3.509855820888599
 20
2.8998668556119815
 10
3.4904058113470526
 20
2.74751243688345
 10
3.474901072627495
 20
2.6058597417318548
 10
3.4611604317749105
 20
2.4708552610493584
 10
3.447121598219863
 20
2.3322139773713566
 10
3.4331097054087136
 20
2.193631147874122
 10
3.4191489237228447
 20
2.05556569780278
 10
3.40521734556251
 20
1.9177975574514057
 10
3.391305721797529
 20
1.780234731220924
 10
3.3774089846954345
 20
1.6428270157148839
 10
3.363523957789901
 20
1.505543007516807
 10
3.3496484754271316
 20
1.3683613225756275
 10
3.3357809728582666
 20
1.2312665243297296
 10
3.3219202701887482
 20
1.0942469829196644
 10
3.3080654480262655
 20
0.9572936450551313
 10
3.294215771019074
 20
0.8203992784548162
 10
3.2803706383524496
 20
0.6835579830133474
 10
3.2665295503416685
 20
0.5467648610475755
 10
3.252692085105525
 20
0.4100157870837326
 10
3.2388578818066884
 20
0.27330724245014715
 10
3.225026628314283
 20
0.13663619349240405
 10
3.2111980519299994
 20
0.0
  0
LWPOLYLINE
  5
3F
330
17
100
AcDbEntity
  8
LINHA
100
AcDbPolyline
 90
97
 70
0
 10
1.9812993230308769
 20
0.1485642584020314
 10
1.9955355639200867
 20
0.2840574878156091
 10
2.0097491729930366
 20
0.4195753176960719
 10
2.0239400058090133
 20
0.5551194487051649
 10
2.0381079211469455
 20
0.6906918330011116
 10
2.052252783445896
 20
0.82629473266508
 10
2.066374466355947
 20
0.9619307973853157
 10
2.080472857975416
 20
1.0976031699436388
 10
2.094547868716053
 20
1.2333156330000736
 10
2.108599443392196
 20
1.3690728193043764
 10
2.1226275803574124
 20
1.5048805232633378
 10
2.136632362950108
 20
1.6407461824403673
 10
2.1506140137026306
 20
1.7766796613979359
 10
2.164572993849337
 20
1.9126946157124043
 10
2.178510202204644
 20
2.0488110863650166
 10
2.1924274239322106
 20
2.1850610947425535
 10
2.206328553653339
 20
2.321503296571252
 10
2.220224325975736
 20
2.4582780016054877
 10
2.2341014898258678
 20
2.5951028541281183
 10
2.247651024679873
 20
2.7289161492530463
 10
2.261087972641814
 20
2.8626431924335165
 10
2.27398262874239
 20
2.996602133817467
 10
2.2848742211669952
 20
3.130594431250393
 10
2.292425519769488
 20
3.264757106627242
 10
2.2999766985870247
 20
3.398919790136484
 10
2.3075267735853298
 20
3.533082537283402
 10
2.3150728091337722
 20
3.6672455133442172
 10
2.3226072190691545
 20
3.8014091445905605
 10
2.3301131697396613
 20
3.935574373007118
 10
2.337558654131046
 20
4.069742972733325
 10
2.344891333921022
 20
4.203917787175585
 10
2.352036832904207
 20
4.3381027027237
 10
2.358901696416482
 20
4.472302270991775
 10
2.3653798214985784
 20
4.606521066987889
 10
2.371359959603879
 20
4.740762976080806
 10
2.3767324090441324
 20
4.875030581940829
 10
2.3813941489835506
 20
5.009324745821448
 10
2.3852524559988666
 20
5.143644397794609
 10
2.3882273182960496
 20
5.277986524087876
 10
2.3902529433157413
 20
5.412346320557662
 10
2.391278554185157
 20
5.546717476858785
 10
2.3912685895338437
 20
5.681092552590297
 10
2.3912489938141324
 20
5.815467633368634
 10
2.391226638155669
 20
5.949842720100194
 10
2.3912006671590875
 20
6.0842178127721755
 10
2.3911700402275113
 20
6.218592911159032
 10
2.3911334986415764
 20
6.352968014730264
 10
2.391089529104157
 20
6.487343122526936
 10
2.3910363247447943
 20
6.621718232998201
 10
2.3909717456016173
 20
6.756093343788099
 10
2.3908932821560906
 20
6.890468451463013
 10
2.3907980277508813
 20
7.024843551173263
 10
2.3906826688145784
 20
7.15921863625094
 10
2.390543505760295
 20
7.293593697764645
 10
2.3903765218952646
 20
7.427968724085793
 10
2.3901775216657937
 20
7.562343700575997
 10
2.389942360864085
 20
7.696718609580475
 10
2.3896672861221466
 20
7.831093430992796
 10
2.3893493834184403
 20
7.9654681436946815
 10
2.3889870993954077
 20
8.099842728082894
 10
2.3885807431121933
 20
8.234217169564664
 10
2.388132809835164
 20
8.368591462292994
 10
2.387647924206522
 20
8.50296561171035
 10
2.3871322294947133
 20
8.637339634183267
 10
2.3865921985519827
 20
8.771713552740405
 10
2.3860330971469272
 20
8.906087389706318
 10
2.385457576494513
 20
9.040461158836782
 10
2.384864931839795
 20
9.174834859971908
 10
2.384251337325828
 20
9.30920847786785
 10
2.3836109537609342
 20
9.443581984932608
 10
2.382933828216258
 20
9.577955328197158
 10
2.382210460743869
 20
9.712328447671808
 10
2.381437909205666
 20
9.846701310200258
 10
2.380615588795867
 20
9.981073892811791
 10
2.379745006217722
 20
10.115446184684389
 10
2.378829248237496
 20
10.249818186914455
 10
2.377872407439872
 20
10.384189910665228
 10
2.3768790663953463
 20
10.518561374492215
 10
2.375853896863819
 20
10.652932601553394
 10
2.3724795230249924
 20
10.787265364576971
 10
2.3649563422175195
 20
10.921429736984077
 10
2.353448160192128
 20
11.055311169011302
 10
2.3383083646441345
 20
11.188830685855546
 10
2.320045448415301
 20
11.321958966594435
 10
2.2992655302317075
 20
11.454717644420043
 10
2.2766057518789644
 20
11.587168405792363
 10
2.252663285663343
 20
11.719393582500588
 10
2.227847039119177
 20
11.851572521206506
 10
2.2026648484029585
 20
11.984357490611325
 10
2.176460717163132
 20
12.122511931038655
 10
2.1478186764932907
 20
12.273519565923566
 10
2.119661361293571
 20
12.421971613109433
 10
2.091743597136401
 20
12.56916069035587
 10
2.063982604381093
 20
12.715523231571387
 10
2.036336753891254
 20
12.861278715441228
 10
2.008781150999109
 20
13.006558392561166
 10
1.9812993230308766
 20
13.151449110776172
  0
LWPOLYLINE
  5
40
330
17
100
AcDbEntity
  8
LINHA
100
AcDbPolyline
 90
97
 70
0
 10
3.2111980519299994
 20
0.0
 10
3.225026628314283
 20
0.13663619349240405
 10
3.2388578818066884
 20
0.27330724245014715
 10
3.252692085105525
 20
0.4100157870837326
 10
3.2665295503416685
 20
0.5467648610475755
 10
3.2803706383524496
 20
0.6835579830133474
 10
3.294215771019074
 20
0.8203992784548162
 10
3.3080654480262655
 20
0.9572936450551313
 10
3.3219202701887482
 20
1.0942469829196644
 10
3.3357809728582666
 20
1.2312665243297296
 10
3.3496484754271316
 20
1.3683613225756275
 10
3.363523957789901
 20
1.505543007516807
 10
3.3774089846954345
 20
1.6428270157148839
 10
3.391305721797529
 20
1.780234731220924
 10
3.40521734556251
 20
1.9177975574514057
 10
3.4191489237228447
 20
2.05556569780278
 10
3.4331097054087136
 20
2.193631147874122
 10
3.447121598219863
 20
2.3322139773713566
 10
3.4611604317749105
 20
2.4708552610493584
 10
3.474901072627495
 20
2.6058597417318548
 10
3.4904058113470526
 20
2.74751243688345
 10
3.509855820888599
 20
2.8998668556119815
 10
3.534353435849528
 20
3.060379200801828
 10
3.5421097073240455
 20
3.1945362318875263
 10
3.5500065681891093
 20
3.3286952644552867
 10
3.5581524458679645
 20
3.462868879981142
 10
3.5666969453194293
 20
3.597092844502121
 10
3.5758305187676536
 20
3.731444157420646
 10
3.5857767310381012
 20
3.8660546479989923
 10
3.596776913703205
 20
4.001106161988581
 10
3.609071183705924
 20
4.13680168785846
 10
3.6228826867380945
 20
4.273325342538236
 10
3.6384100669921535
 20
4.410812768997665
 10
3.6558279567850276
 20
4.549342686771417
 10
3.6752915704672926
 20
4.688944829533112
 10
3.6969414455394864
 20
4.8296139075712095
 10
3.7209063034905396
 20
4.971322373753123
 10
3.747303744978817
 20
5.114029480148662
 10
3.7762393253863493
 20
5.257686850289455
 10
3.8078047110418076
 20
5.402241625891895
 10
3.8420754751715953
 20
5.547638165405131
 10
3.8458364979371122
 20
5.68215766003172
 10
3.848390507880257
 20
5.8166011078645266
 10
3.85114634364838
 20
5.95105467963703
 10
3.8541242179751682
 20
6.085520083396271
 10
3.8573460713767327
 20
6.219999302817821
 10
3.8608355282670015
 20
6.354494625180845
 10
3.8646177182638333
 20
6.4890086597976335
 10
3.8687188874180594
 20
6.623544336838959
 10
3.8731656930449523
 20
6.758104870838268
 10
3.8779840353143733
 20
6.892693665384497
 10
3.8831972289343355
 20
7.027314125664848
 10
3.8888232629739328
 20
7.161969334704245
 10
3.8948708474662608
 20
7.296661540773
 10
3.9013339269099885
 20
7.4313914051100065
 10
3.9081843999838837
 20
7.566156984941172
 10
3.9153629978745457
 20
7.700952498432886
 10
3.922768744504828
 20
7.835767060635637
 10
3.930248253804775
 20
7.970583803568031
 10
3.937587332792476
 20
8.105380058319074
 10
3.944508741518611
 20
8.240129436507566
 10
3.9506808865156
 20
8.374806430252764
 10
3.9557416250913358
 20
8.50939326610984
 10
3.9593381394159817
 20
8.643887223369273
 10
3.9611779017572974
 20
8.778305189667755
 10
3.9610790902406983
 20
8.912682222646074
 10
3.9590053450218115
 20
9.04706321616355
 10
3.955072897469611
 20
9.181490498231128
 10
3.9495275057751975
 20
9.315992669466665
 10
3.9421715252174137
 20
9.450619357820642
 10
3.9334933118113167
 20
9.585367422662179
 10
3.9244010389069066
 20
9.720163812008119
 10
3.915174198337514
 20
9.854981847153581
 10
3.906035715371633
 20
9.989797619117475
 10
3.8971487245462066
 20
10.124592847784463
 10
3.8886219488615197
 20
10.259355576294464
 10
3.8805192562809774
 20
10.394079482325084
 10
3.872870219624952
 20
10.528762579155918
 10
3.8158808707470158
 20
10.68803984543817
 10
3.7473664662168567
 20
10.8634898557629
 10
3.6876935336063976
 20
11.034438589252833
 10
3.6362775336033297
 20
11.200243243709696
 10
3.5922134729383934
 20
11.360459760678792
 10
3.5543603503661405
 20
11.51489516312043
 10
3.5214430844312012
 20
11.663644455246018
 10
3.492159092555645
 20
11.80710788885215
 10
3.46527326431951
 20
11.9459875957812
 10
3.4396064590348256
 20
12.081249713153698
 10
3.4144023758670974
 20
12.214147170689893
 10
3.388190186991458
 20
12.35234405033593
 10
3.3595481463216164
 20
12.503351685220842
 10
3.3313908311218956
 20
12.651803732406707
 10
3.303473066964726
 20
12.798992809653146
 10
3.2757120742094186
 20
12.945355350868661
 10
3.2480662237195794
 20
13.091110834738505
 10
3.2205106208274343
 20
13.23639051185844
 10
3.1930287928592023
 20
13.381281230073448
  0
LWPOLYLINE
  5
41
330
17
100
AcDbEntity
  8
BOLSA
100
AcDbPolyline
 90
2
 70
0
 10
1.9812993230308769
 20
0.1485642584020314
 10
3.2111980519299994
 20
0.0
  0
LWPOLYLINE
  5
42
330
17
100
AcDbEntity
  8
BOLSA
100
AcDbPolyline
 90
2
 70
0
 10
1.9812993230308766
 20
13.151449110776172
 10
3.1930287928592023
 20
13.381281230073448
  0
TEXT
  5
43
330
17
100
AcDbEntity
  8
TEXTO
100
AcDbText
 10
1.9812993230308766
 20
-0.35
 30
0.0
 40
0.12
  1
S2 · x1 · 18.05 m2
 11
1.9812993230308766
 21
-0.35
 31
0.0
100
AcDbText
  0
TEXT
  5
44
330
17
100
AcDbEntity
  8
TEXTO
100
AcDbText
 10
1.9812993230308766
 20
-0.55
 30
0.0
 40
0.06
  1
ZION SAFARI · LONA EXTERNA · PVDF tipo II 1050 g/m², creme Zion; faixas soldadas em fábri
 11
1.9812993230308766
 21
-0.55
 31
0.0
100
AcDbText
  0
LWPOLYLINE
  5
45
330
17
100
AcDbEntity
  8
CONTORNO
100
AcDbPolyline
 90
194
 70
1
 10
4.561177901757297
 20
0.39116945221081295
 10
4.603865301971532
 20
0.5217009225919411
 10
4.646557550580124
 20
0.6522675764708057
 10
4.689255399728726
 20
0.7828719601446694
 10
4.731959718674819
 20
0.9135169976221043
 10
4.774671521471025
 20
1.0442060784068534
 10
4.817392003853348
 20
1.1749431742200827
 10
4.860122593439376
 20
1.3057329975005483
 10
4.902865019727598
 20
1.4365812219607483
 10
4.945621414553173
 20
1.5674947984462944
 10
4.988394461283161
 20
1.6984824230793687
 10
5.031187625840777
 20
1.82955526069741
 10
5.074005533509023
 20
1.9607281224562758
 10
5.11685462580705
 20
2.092021514795376
 10
5.159744411933709
 20
2.2234655358929727
 10
5.202690171371509
 20
2.35510827633932
 10
5.2457200391416645
 20
2.487037812108857
 10
5.288901607099366
 20
2.61946472010087
 10
5.332099318757319
 20
2.7519503876086686
 10
5.374163338857125
 20
2.880968344608589
 10
5.418378673656585
 20
3.016433790885653
 10
5.466158789267409
 20
3.1624037615285614
 10
5.516798130231702
 20
3.3166762582472575
 10
5.556744446211234
 20
3.4449827685130225
 10
5.59125426630962
 20
3.574867635790996
 10
5.619328350602959
 20
3.7063239411457767
 10
5.640828360167397
 20
3.839090016298031
 10
5.662565439071722
 20
3.9719854520645494
 10
5.685906296291445
 20
4.104929484260509
 10
5.711118832886882
 20
4.2380619124963435
 10
5.738332821344178
 20
4.371567806179914
 10
5.7675279330625475
 20
4.505646556751667
 10
5.798564354420194
 20
4.64048213262577
 10
5.831234355648368
 20
4.776226716396138
 10
5.865311428612721
 20
4.91299785231089
 10
5.90058490337732
 20
5.050882908008602
 10
5.936878569102613
 20
5.189945389046678
 10
5.97405668466289
 20
5.330230565941108
 10
6.01202165346267
 20
5.471769850075659
 10
6.0507071131931855
 20
5.614584036788631
 10
6.090069383312578
 20
5.758685565814216
 10
6.1163162910889435
 20
5.890673215081162
 10
6.141470563857087
 20
6.022767220219429
 10
6.1658784780415266
 20
6.155015514417614
 10
6.1894107289864975
 20
6.287439249862227
 10
6.2119547564041735
 20
6.420054511515483
 10
6.233422153033709
 20
6.552871373881949
 10
6.253753879884747
 20
6.685893745509106
 10
6.272922889245502
 20
6.819119933120727
 10
6.29093401127651
 20
6.952543734871563
 10
6.307821153318003
 20
7.086155801966205
 10
6.323641971102097
 20
7.21994499225621
 10
6.338470190725367
 20
7.353899467669547
 10
6.352457877099138
 20
7.487999834126052
 10
6.365754814061962
 20
7.622227622633391
 10
6.378357688084343
 20
7.756577382792991
 10
6.390243858725759
 20
7.8910395770062856
 10
6.401351271228574
 20
8.02559973698153
 10
6.411559987994847
 20
8.160237322136098
 10
6.420679641211274
 20
8.294924828240074
 10
6.428628925303387
 20
8.429617477272458
 10
6.435193257504122
 20
8.564275925061175
 10
6.43959237570369
 20
8.698886010938933
 10
6.441852513981706
 20
8.833409061861643
 10
6.441728631305365
 20
8.967839560790921
 10
6.438988888735752
 20
9.102188697618907
 10
6.433585733070792
 20
9.236477035708395
 10
6.425664823441283
 20
9.370728357856326
 10
6.4155379676759425
 20
9.504963346694655
 10
6.402903788519238
 20
9.639197594128612
 10
6.386849770864807
 20
9.773267057033527
 10
6.367221788440913
 20
9.906936344131342
 10
6.343256408829691
 20
10.039927688840182
 10
6.314147400869642
 20
10.171880217791772
 10
6.279065108716706
 20
10.302333140544054
 10
6.23725565748242
 20
10.430729669650276
 10
6.188197629008712
 20
10.556465481277176
 10
6.131756985691937
 20
10.678990981136176
 10
6.042722450084704
 20
10.822830770169261
 10
5.941743362079668
 20
10.981828108312834
 10
5.844848947521724
 20
11.134784967575886
 10
5.752116151867547
 20
11.281534472195277
 10
5.663494593273471
 20
11.422094755007842
 10
5.5788091996847555
 20
11.55667386381937
 10
5.497761721304843
 20
11.685674656657058
 10
5.419932206983194
 20
11.809698346582346
 10
5.344782429308412
 20
11.929543795691075
 10
5.27166388810437
 20
12.046198432211902
 10
5.199832997488944
 20
12.160816507493706
 10
5.125135257745371
 20
12.28000419170124
 10
5.042985912773512
 20
12.409908608131023
 10
4.961994558337487
 20
12.537467399359022
 10
4.881484238515782
 20
12.663808661100388
 10
4.801234148896826
 20
12.78931798069847
 10
4.721137025759196
 20
12.914191536716203
 10
4.641131236819355
 20
13.03854815926175
 10
4.561177901757299
 20
13.162467630313683
 10
5.669208105778378
 20
13.758559785186117
 10
5.739726325567066
 20
13.640192054028814
 10
5.810641428179945
 20
13.521937460633929
 10
5.881979166633327
 20
13.40378479577145
 10
5.953773955296454
 20
13.285713773563998
 10
6.0260767314209005
 20
13.167685443456309
 10
6.09897729709464
 20
13.049613340157453
 10
6.172712235116683
 20
12.931216702848424
 10
6.244904910762189
 20
12.815748427563836
 10
6.316787881901883
 20
12.701047907822554
 10
6.3901203854015804
 20
12.58405665915058
 10
6.465780426638358
 20
12.4634144129762
 10
6.544575234459919
 20
12.337896048311148
 10
6.627227493809811
 20
12.206433648445111
 10
6.714370725979378
 20
12.06812345271092
 10
6.806550988179902
 20
11.92222265562877
 10
6.90423158073836
 20
11.768141598912589
 10
7.007797676433974
 20
11.605436293092982
 10
7.117558046109772
 20
11.43380547730086
 10
7.233740820395734
 20
11.253096331337346
 10
7.357269020940266
 20
11.063837318283428
 10
7.494672083933581
 20
10.870743996186865
 10
7.6463149031808655
 20
10.675203787405385
 10
7.811680281894832
 20
10.47865794929272
 10
7.989117450622914
 20
10.282695309947613
 10
8.175334120452899
 20
10.089281526593048
 10
8.36434205485595
 20
9.901152580639803
 10
8.545408863288992
 20
9.722340303942469
 10
8.690351754482542
 20
9.561836682745398
 10
8.694056453157462
 20
9.427512129370283
 10
8.697838826312454
 20
9.293189441794985
 10
8.701707949051706
 20
9.158868808480445
 10
8.705674856144629
 20
9.024550455693875
 10
8.709753057102954
 20
8.890234661830776
 10
8.713958687492747
 20
8.755921762819659
 10
8.671257369139967
 20
8.61717163651465
 10
8.584321581400406
 20
8.468002270167432
 10
8.521217895605599
 20
8.324897044199329
 10
8.444538944622373
 20
8.177773991702844
 10
8.35657429571442
 20
8.026354731520916
 10
8.270012407117015
 20
7.874614377508999
 10
8.186047687572755
 20
7.722969093252878
 10
8.105478682459847
 20
7.571741706933183
 10
8.028881413437254
 20
7.421209969510705
 10
7.956700512135505
 20
7.271634723260183
 10
7.88559498598886
 20
7.121456400817752
 10
7.81640667076135
 20
6.971000150947107
 10
7.751000292243901
 20
6.821290316088054
 10
7.6894030352221066
 20
6.6724434331134574
 10
7.631598568231329
 20
6.524579807619245
 10
7.57752651221624
 20
6.37782198402076
 10
7.527080807485763
 20
6.23229076192436
 10
7.4801080682022905
 20
6.088098693856282
 10
7.436406883365177
 20
5.945341159671417
 10
7.395728987945654
 20
5.804085494911069
 10
7.357783220108703
 20
5.6643592900357875
 10
7.322243094698339
 20
5.526139823551771
 10
7.28868778278459
 20
5.389364725987415
 10
7.256738970644553
 20
5.2539009353009885
 10
7.226462252915358
 20
5.119469547713448
 10
7.197888555730872
 20
4.985787184174257
 10
7.170999106356126
 20
4.8525923141748795
 10
7.1457136187989425
 20
4.719668271646502
 10
7.121885892379013
 20
4.586856810688546
 10
7.099310092354463
 20
4.454059432094417
 10
7.077738439032108
 20
4.321228101257113
 10
7.056907626209901
 20
4.188350076497138
 10
7.036568308578616
 20
4.055432165723951
 10
7.016510663539282
 20
3.922488218099771
 10
6.996580012409675
 20
3.7895313602320537
 10
6.976679688697465
 20
3.6565706105382225
 10
6.931084011705472
 20
3.5147530703520062
 10
6.838396011253063
 20
3.316984863013627
 10
6.760017847947411
 20
3.127935260940365
 10
6.694898474056375
 20
2.9502218588043556
 10
6.640692746071922
 20
2.7858257586470936
 10
6.591649678943183
 20
2.6361690379999145
 10
6.546850308403642
 20
2.498972086920706
 10
6.504686459979732
 20
2.3696540255141554
 10
6.4612732052631445
 20
2.236499466947524
 10
6.417884455973118
 20
2.103413663171502
 10
6.374673562708235
 20
1.9708921972837021
 10
6.331563195867911
 20
1.8386956930311453
 10
6.288521067405771
 20
1.7067240190008008
 10
6.245529590402612
 20
1.574922503930458
 10
6.202577787620152
 20
1.4432569342901773
 10
6.159658201435654
 20
1.3117040028754514
 10
6.116765461348319
 20
1.1802468782893605
 10
6.073895531230077
 20
1.0488728750478882
 10
6.031045277050748
 20
0.9175721144965239
 10
5.9882122015544
 20
0.7863367021698504
 10
5.9453942727280005
 20
0.655160195461009
 10
5.902589808181837
 20
0.5240372444633905
 10
5.859797394497234
 20
0.3929633411879541
 10
5.817015829326843
 20
0.26193463934803224
 10
5.77424407880138
 20
0.13094782165159963
 10
5.731481245530704
 20
0.0
  0
LWPOLYLINE
  5
46
330
17
100
AcDbEntity
  8
LINHA
100
AcDbPolyline
 90
97
 70
0
 10
4.561177901757297
 20
0.39116945221081295
 10
4.603865301971532
 20
0.5217009225919411
 10
4.646557550580124
 20
0.6522675764708057
 10
4.689255399728726
 20
0.7828719601446694
 10
4.731959718674819
 20
0.9135169976221043
 10
4.774671521471025
 20
1.0442060784068534
 10
4.817392003853348
 20
1.1749431742200827
 10
4.860122593439376
 20
1.3057329975005483
 10
4.902865019727598
 20
1.4365812219607483
 10
4.945621414553173
 20
1.5674947984462944
 10
4.988394461283161
 20
1.6984824230793687
 10
5.031187625840777
 20
1.82955526069741
 10
5.074005533509023
 20
1.9607281224562758
 10
5.11685462580705
 20
2.092021514795376
 10
5.159744411933709
 20
2.2234655358929727
 10
5.202690171371509
 20
2.35510827633932
 10
5.2457200391416645
 20
2.487037812108857
 10
5.288901607099366
 20
2.61946472010087
 10
5.332099318757319
 20
2.7519503876086686
 10
5.374163338857125
 20
2.880968344608589
 10
5.418378673656585
 20
3.016433790885653
 10
5.466158789267409
 20
3.1624037615285614
 10
5.516798130231702
 20
3.3166762582472575
 10
5.556744446211234
 20
3.4449827685130225
 10
5.59125426630962
 20
3.574867635790996
 10
5.619328350602959
 20
3.7063239411457767
 10
5.640828360167397
 20
3.839090016298031
 10
5.662565439071722
 20
3.9719854520645494
 10
5.685906296291445
 20
4.104929484260509
 10
5.711118832886882
 20
4.2380619124963435
 10
5.738332821344178
 20
4.371567806179914
 10
5.7675279330625475
 20
4.505646556751667
 10
5.798564354420194
 20
4.64048213262577
 10
5.831234355648368
 20
4.776226716396138
 10
5.865311428612721
 20
4.91299785231089
 10
5.90058490337732
 20
5.050882908008602
 10
5.936878569102613
 20
5.189945389046678
 10
5.97405668466289
 20
5.330230565941108
 10
6.01202165346267
 20
5.471769850075659
 10
6.0507071131931855
 20
5.614584036788631
 10
6.090069383312578
 20
5.758685565814216
 10
6.1163162910889435
 20
5.890673215081162
 10
6.141470563857087
 20
6.022767220219429
 10
6.1658784780415266
 20
6.155015514417614
 10
6.1894107289864975
 20
6.287439249862227
 10
6.2119547564041735
 20
6.420054511515483
 10
6.233422153033709
 20
6.552871373881949
 10
6.253753879884747
 20
6.685893745509106
 10
6.272922889245502
 20
6.819119933120727
 10
6.29093401127651
 20
6.952543734871563
 10
6.307821153318003
 20
7.086155801966205
 10
6.323641971102097
 20
7.21994499225621
 10
6.338470190725367
 20
7.353899467669547
 10
6.352457877099138
 20
7.487999834126052
 10
6.365754814061962
 20
7.622227622633391
 10
6.378357688084343
 20
7.756577382792991
 10
6.390243858725759
 20
7.8910395770062856
 10
6.401351271228574
 20
8.02559973698153
 10
6.411559987994847
 20
8.160237322136098
 10
6.420679641211274
 20
8.294924828240074
 10
6.428628925303387
 20
8.429617477272458
 10
6.435193257504122
 20
8.564275925061175
 10
6.43959237570369
 20
8.698886010938933
 10
6.441852513981706
 20
8.833409061861643
 10
6.441728631305365
 20
8.967839560790921
 10
6.438988888735752
 20
9.102188697618907
 10
6.433585733070792
 20
9.236477035708395
 10
6.425664823441283
 20
9.370728357856326
 10
6.4155379676759425
 20
9.504963346694655
 10
6.402903788519238
 20
9.639197594128612
 10
6.386849770864807
 20
9.773267057033527
 10
6.367221788440913
 20
9.906936344131342
 10
6.343256408829691
 20
10.039927688840182
 10
6.314147400869642
 20
10.171880217791772
 10
6.279065108716706
 20
10.302333140544054
 10
6.23725565748242
 20
10.430729669650276
 10
6.188197629008712
 20
10.556465481277176
 10
6.131756985691937
 20
10.678990981136176
 10
6.042722450084704
 20
10.822830770169261
 10
5.941743362079668
 20
10.981828108312834
 10
5.844848947521724
 20
11.134784967575886
 10
5.752116151867547
 20
11.281534472195277
 10
5.663494593273471
 20
11.422094755007842
 10
5.5788091996847555
 20
11.55667386381937
 10
5.497761721304843
 20
11.685674656657058
 10
5.419932206983194
 20
11.809698346582346
 10
5.344782429308412
 20
11.929543795691075
 10
5.27166388810437
 20
12.046198432211902
 10
5.199832997488944
 20
12.160816507493706
 10
5.125135257745371
 20
12.28000419170124
 10
5.042985912773512
 20
12.409908608131023
 10
4.961994558337487
 20
12.537467399359022
 10
4.881484238515782
 20
12.663808661100388
 10
4.801234148896826
 20
12.78931798069847
 10
4.721137025759196
 20
12.914191536716203
 10
4.641131236819355
 20
13.03854815926175
 10
4.561177901757299
 20
13.162467630313683
  0
LWPOLYLINE
  5
47
330
17
100
AcDbEntity
  8
LINHA
100
AcDbPolyline
 90
97
 70
0
 10
5.731481245530704
 20
0.0
 10
5.77424407880138
 20
0.13094782165159963
 10
5.817015829326843
 20
0.26193463934803224
 10
5.859797394497234
 20
0.3929633411879541
 10
5.902589808181837
 20
0.5240372444633905
 10
5.9453942727280005
 20
0.655160195461009
 10
5.9882122015544
 20
0.7863367021698504
 10
6.031045277050748
 20
0.9175721144965239
 10
6.073895531230077
 20
1.0488728750478882
 10
6.116765461348319
 20
1.1802468782893605
 10
6.159658201435654
 20
1.3117040028754514
 10
6.202577787620152
 20
1.4432569342901773
 10
6.245529590402612
 20
1.574922503930458
 10
6.288521067405771
 20
1.7067240190008008
 10
6.331563195867911
 20
1.8386956930311453
 10
6.374673562708235
 20
1.9708921972837021
 10
6.417884455973118
 20
2.103413663171502
 10
6.4612732052631445
 20
2.236499466947524
 10
6.504686459979732
 20
2.3696540255141554
 10
6.546850308403642
 20
2.498972086920706
 10
6.591649678943183
 20
2.6361690379999145
 10
6.640692746071922
 20
2.7858257586470936
 10
6.694898474056375
 20
2.9502218588043556
 10
6.760017847947411
 20
3.127935260940365
 10
6.838396011253063
 20
3.316984863013627
 10
6.931084011705472
 20
3.5147530703520062
 10
6.976679688697465
 20
3.6565706105382225
 10
6.996580012409675
 20
3.7895313602320537
 10
7.016510663539282
 20
3.922488218099771
 10
7.036568308578616
 20
4.055432165723951
 10
7.056907626209901
 20
4.188350076497138
 10
7.077738439032108
 20
4.321228101257113
 10
7.099310092354463
 20
4.454059432094417
 10
7.121885892379013
 20
4.586856810688546
 10
7.1457136187989425
 20
4.719668271646502
 10
7.170999106356126
 20
4.8525923141748795
 10
7.197888555730872
 20
4.985787184174257
 10
7.226462252915358
 20
5.119469547713448
 10
7.256738970644553
 20
5.2539009353009885
 10
7.28868778278459
 20
5.389364725987415
 10
7.322243094698339
 20
5.526139823551771
 10
7.357783220108703
 20
5.6643592900357875
 10
7.395728987945654
 20
5.804085494911069
 10
7.436406883365177
 20
5.945341159671417
 10
7.4801080682022905
 20
6.088098693856282
 10
7.527080807485763
 20
6.23229076192436
 10
7.57752651221624
 20
6.37782198402076
 10
7.631598568231329
 20
6.524579807619245
 10
7.6894030352221066
 20
6.6724434331134574
 10
7.751000292243901
 20
6.821290316088054
 10
7.81640667076135
 20
6.971000150947107
 10
7.88559498598886
 20
7.121456400817752
 10
7.956700512135505
 20
7.271634723260183
 10
8.028881413437254
 20
7.421209969510705
 10
8.105478682459847
 20
7.571741706933183
 10
8.186047687572755
 20
7.722969093252878
 10
8.270012407117015
 20
7.874614377508999
 10
8.35657429571442
 20
8.026354731520916
 10
8.444538944622373
 20
8.177773991702844
 10
8.521217895605599
 20
8.324897044199329
 10
8.584321581400406
 20
8.468002270167432
 10
8.671257369139967
 20
8.61717163651465
 10
8.713958687492747
 20
8.755921762819659
 10
8.709753057102954
 20
8.890234661830776
 10
8.705674856144629
 20
9.024550455693875
 10
8.701707949051706
 20
9.158868808480445
 10
8.697838826312454
 20
9.293189441794985
 10
8.694056453157462
 20
9.427512129370283
 10
8.690351754482542
 20
9.561836682745398
 10
8.545408863288992
 20
9.722340303942469
 10
8.36434205485595
 20
9.901152580639803
 10
8.175334120452899
 20
10.089281526593048
 10
7.989117450622914
 20
10.282695309947613
 10
7.811680281894832
 20
10.47865794929272
 10
7.6463149031808655
 20
10.675203787405385
 10
7.494672083933581
 20
10.870743996186865
 10
7.357269020940266
 20
11.063837318283428
 10
7.233740820395734
 20
11.253096331337346
 10
7.117558046109772
 20
11.43380547730086
 10
7.007797676433974
 20
11.605436293092982
 10
6.90423158073836
 20
11.768141598912589
 10
6.806550988179902
 20
11.92222265562877
 10
6.714370725979378
 20
12.06812345271092
 10
6.627227493809811
 20
12.206433648445111
 10
6.544575234459919
 20
12.337896048311148
 10
6.465780426638358
 20
12.4634144129762
 10
6.3901203854015804
 20
12.58405665915058
 10
6.316787881901883
 20
12.701047907822554
 10
6.244904910762189
 20
12.815748427563836
 10
6.172712235116683
 20
12.931216702848424
 10
6.09897729709464
 20
13.049613340157453
 10
6.0260767314209005
 20
13.167685443456309
 10
5.953773955296454
 20
13.285713773563998
 10
5.881979166633327
 20
13.40378479577145
 10
5.810641428179945
 20
13.521937460633929
 10
5.739726325567066
 20
13.640192054028814
 10
5.669208105778378
 20
13.758559785186117
  0
LWPOLYLINE
  5
48
330
17
100
AcDbEntity
  8
BOLSA
100
AcDbPolyline
 90
2
 70
0
 10
4.561177901757297
 20
0.39116945221081295
 10
5.731481245530704
 20
0.0
  0
LWPOLYLINE
  5
49
330
17
100
AcDbEntity
  8
BOLSA
100
AcDbPolyline
 90
2
 70
0
 10
4.561177901757299
 20
13.162467630313683
 10
5.669208105778378
 20
13.758559785186117
  0
LWPOLYLINE
  5
4A
330
17
100
AcDbEntity
  8
RECORTE
100
AcDbPolyline
 90
13
 70
1
 10
8.651883985007789
 20
8.697511759331674
 10
8.573687442195759
 20
8.75589843710469
 10
8.491547632798385
 20
8.81911878673553
 10
8.42584227182366
 20
8.88788739144715
 10
8.37751821035153
 20
8.961020232831428
 10
8.347362036655795
 20
9.037266051115163
 10
8.335744417164065
 20
9.115315653274195
 10
8.342853415226813
 20
9.193834608286535
 10
8.368606210932956
 20
9.271480278858908
 10
8.412563889466066
 20
9.346925307323076
 10
8.474153035339949
 20
9.41888131399296
 10
8.552356426369617
 20
9.486118448359125
 10
8.645975405769256
 20
9.547486992495893
  0
TEXT
  5
4B
330
17
100
AcDbEntity
  8
TEXTO
100
AcDbText
 10
8.461545721469356
 20
9.118365020088946
 30
0.0
 40
0.05
  1
Cume principal (Zênite) · anel Ø1,20 (clamp)
 11
8.461545721469356
 21
9.118365020088946
 31
0.0
100
AcDbText
  0
TEXT
  5
4C
330
17
100
AcDbEntity
  8
TEXTO
100
AcDbText
 10
4.561177901757297
 20
-0.35
 30
0.0
 40
0.12
  1
S3 · x1 · 20.32 m2
 11
4.561177901757297
 21
-0.35
 31
0.0
100
AcDbText
  0
TEXT
  5
4D
330
17
100
AcDbEntity
  8
TEXTO
100
AcDbText
 10
4.561177901757297
 20
-0.55
 30
0.0
 40
0.06
  1
ZION SAFARI · LONA EXTERNA · PVDF tipo II 1050 g/m², creme Zion; faixas soldadas em fábri
 11
4.561177901757297
 21
-0.55
 31
0.0
100
AcDbText
  0
LWPOLYLINE
  5
4E
330
17
100
AcDbEntity
  8
CONTORNO
100
AcDbPolyline
 90
194
 70
1
 10
11.134810425820863
 20
0.0
 10
11.134358300982115
 20
0.13775263150940148
 10
11.133909690928489
 20
0.27554511244457713
 10
11.133464630472684
 20
0.41338046692764957
 10
11.133023156631104
 20
0.5512621694470914
 10
11.132585308885673
 20
0.6891942496632595
 10
11.132151129490387
 20
0.8271814317838103
 10
11.13172066383164
 20
0.9652293238515436
 10
11.13129396085284
 20
1.1033446811771053
 10
11.130871073554298
 20
1.2415357836488856
 10
11.130452059577243
 20
1.3798129950176785
 10
11.13003698187096
 20
1.5181896272666018
 10
11.129625909411594
 20
1.6566833477393947
 10
11.129218917853796
 20
1.7953186276201771
 10
11.128816089746508
 20
1.934131398280657
 10
11.128417513207358
 20
2.0731790901077636
 10
11.12802327584614
 20
2.2125669116514817
 10
11.127633451919548
 20
2.352546420040992
 10
11.12724149013453
 20
2.4925988870600366
 10
11.126857855621573
 20
2.628616547473763
 10
11.126535864839278
 20
2.7729421630383797
 10
11.126425886538122
 20
2.9304297637345464
 10
11.126699220635478
 20
3.10353165275287
 10
11.12749625335266
 20
3.2927985301867286
 10
11.128895864642923
 20
3.4974468373272045
 10
11.130908181258391
 20
3.7158484853144422
 10
11.123176421936456
 20
3.8646147461487277
 10
11.095072653238557
 20
3.9960862716893226
 10
11.05609649491199
 20
4.124754900307992
 10
11.011073839347572
 20
4.251440980128751
 10
10.964933946813131
 20
4.377742085281975
 10
10.919262684051821
 20
4.504251484081959
 10
10.874169661456193
 20
4.6310431162674455
 10
10.829712604775391
 20
4.7581980635542145
 10
10.786219788055877
 20
4.885928324659139
 10
10.744062195789025
 20
5.0145008504076545
 10
10.703393714492961
 20
5.144154197880444
 10
10.663580622754298
 20
5.274930144515992
 10
10.624409663697364
 20
5.407044161833326
 10
10.585589439242693
 20
5.540701018588168
 10
10.546792759070321
 20
5.676082715574766
 10
10.507707297425204
 20
5.813341770348206
 10
10.46807856244224
 20
5.9526000088450175
 10
10.427733109339654
 20
6.093950984846589
 10
10.386578431775144
 20
6.237463352387758
 10
10.344585152002022
 20
6.383183478600436
 10
10.301762261030012
 20
6.5311372069732805
 10
10.258135208464436
 20
6.681331502182863
 10
10.213731767468168
 20
6.833756377370844
 10
10.168171845721934
 20
6.988268222141204
 10
10.118796664021968
 20
7.144002355960311
 10
10.065489682254793
 20
7.300790339505075
 10
10.009121335543997
 20
7.457098157189622
 10
9.950388886574293
 20
7.612447235853315
 10
9.887656498234323
 20
7.769264304587279
 10
9.82124473746169
 20
7.927221783008052
 10
9.751650903478897
 20
8.08597651407721
 10
9.679596241739514
 20
8.245118655934213
 10
9.606135201392624
 20
8.404081064580707
 10
9.540609358156036
 20
8.556498970247679
 10
9.484987690486752
 20
8.70267492909851
 10
9.412470990184039
 20
8.859361428911145
 10
9.371994383299214
 20
8.998776795473848
 10
9.36388065422427
 20
9.132910346713812
 10
9.354654663087357
 20
9.266970949769568
 10
9.344883718798082
 20
9.400992160385194
 10
9.33503237400308
 20
9.53500691200053
 10
9.32491964317977
 20
9.669001775407418
 10
9.313958687492747
 20
9.802929621212995
 10
9.396084381691987
 20
10.002992672467371
 10
9.500808800056063
 20
10.23492329919036
 10
9.60941081481599
 20
10.478484589141926
 10
9.71476221128633
 20
10.725439287367827
 10
9.813006307228196
 20
10.97086423002424
 10
9.902257167116742
 20
11.211717419676729
 10
9.987146543933694
 20
11.444150875924317
 10
10.068212082320061
 20
11.66684575966519
 10
10.145323725527554
 20
11.879288657484233
 10
10.218462933528441
 20
12.081290857295643
 10
10.28768825199171
 20
12.272895478754771
 10
10.353117943897685
 20
12.454328408887573
 10
10.414922364301571
 20
12.625975383285276
 10
10.47332213649026
 20
12.788375229149961
 10
10.52858976598185
 20
12.942223018498296
 10
10.581052941364128
 20
13.08837832556235
 10
10.631097823592588
 20
13.227873814272792
 10
10.679170392620321
 20
13.361918663144445
 10
10.72577372377316
 20
13.491890728838655
 10
10.771459335828526
 20
13.619312059941091
 10
10.817420150709417
 20
13.74750062616109
 10
10.864574035301727
 20
13.87876797160182
 10
10.910925754771439
 20
14.009561825261567
 10
10.95667379995881
 20
14.140196791885534
 10
11.00189663887814
 20
14.270773025574412
 10
11.04664028487338
 20
14.401337688806086
 10
11.09093671125134
 20
14.531916887944876
 10
11.134810425820863
 20
14.662526367965912
 10
12.344686918611428
 20
14.317192236556552
 10
12.292786892634076
 20
14.179152537930086
 10
12.240918187053275
 20
14.04067823267386
 10
12.18905809277767
 20
13.901683683323306
 10
12.13716907174608
 20
13.762040582218356
 10
12.085183648740013
 20
13.62153598510113
 10
12.032959272024073
 20
13.479749317217431
 10
11.980048361791546
 20
13.335443711416294
 10
11.93242766235841
 20
13.203062547390573
 10
11.886750560957154
 20
13.075664887177837
 10
11.840182819513908
 20
12.945791588200315
 10
11.792196827722094
 20
12.81198634940728
 10
11.74231940220358
 20
12.672952849942673
 10
11.690141658831479
 20
12.527582171352417
 10
11.635323744544566
 20
12.37496554138306
 10
11.577596494602902
 20
12.214398225750914
 10
11.516762375142404
 20
12.045381090081825
 10
11.452697942733067
 20
11.867625807350086
 10
11.385359887387873
 20
11.681068944554703
 10
11.31479675502545
 20
11.485899797819263
 10
11.241168744717942
 20
11.282606925423792
 10
11.164778475474204
 20
11.072048422513143
 10
11.086116017816854
 20
10.85554989337943
 10
11.021672206458613
 20
10.674292405997784
 10
10.980656438404381
 20
10.536231067209856
 10
10.943108386461716
 20
10.393869339695511
 10
10.907233813836672
 20
10.247200830837993
 10
10.871771908644204
 20
10.096694956811755
 10
10.837054583081034
 20
9.94402854690456
 10
10.80581276157137
 20
9.792752115932768
 10
10.78458631862792
 20
9.647279692234918
 10
10.77951797690323
 20
9.509777558822051
 10
10.793958342611596
 20
9.375922641762305
 10
10.82693151108126
 20
9.238635498546264
 10
10.873405349588506
 20
9.096026422451384
 10
10.926495945450041
 20
8.950994316441234
 10
10.979055352067252
 20
8.806302024198796
 10
11.02772807743585
 20
8.663689243657299
 10
11.071038449394118
 20
8.523493549479625
 10
11.109235475523827
 20
8.385520970827272
 10
11.14344962218987
 20
8.249419520632888
 10
11.174800153246881
 20
8.114770973447577
 10
11.204390601921604
 20
7.981235634929997
 10
11.233216519041704
 20
7.848566454882654
 10
11.26212979651828
 20
7.716597753291456
 10
11.291826148261055
 20
7.585226365275847
 10
11.323142997285734
 20
7.454463479761851
 10
11.35679014638055
 20
7.324366609947882
 10
11.393209828041252
 20
7.194989900385965
 10
11.433736947654474
 20
7.059886847645518
 10
11.475174736878436
 20
6.922590864497285
 10
11.51662169973037
 20
6.788600543423553
 10
11.558653570287113
 20
6.657556077087329
 10
11.601984872056077
 20
6.528951904640138
 10
11.647401681033367
 20
6.4022119730836415
 10
11.695658620816044
 20
6.276786149895282
 10
11.747367040933465
 20
6.152232443971819
 10
11.802908111666497
 20
6.028256659333679
 10
11.86239143975744
 20
5.90470543995014
 10
11.92565482385185
 20
5.781530352175183
 10
11.992277732784654
 20
5.65874589353552
 10
12.061564768388353
 20
5.536395239759455
 10
12.120798795454148
 20
5.4140754725493
 10
12.181137078839146
 20
5.292030322803548
 10
12.246860293454944
 20
5.170713859678743
 10
12.315749936688636
 20
5.049787994665434
 10
12.377284998065573
 20
4.928144207940824
 10
12.42001075683882
 20
4.80023231884157
 10
12.428100602995986
 20
4.640131225489939
 10
12.407363833140366
 20
4.413875892487633
 10
12.383997469749174
 20
4.146528335135372
 10
12.37194642539001
 20
3.8696997290985697
 10
12.366699650140262
 20
3.6040836413423847
 10
12.36307043152404
 20
3.359912364071757
 10
12.360965872465918
 20
3.1413736491013657
 10
12.360052265584091
 20
2.9491266966994507
 10
12.359922335220434
 20
2.781150079834122
 10
12.360189898153362
 20
2.632714010078075
 10
12.360569896618316
 20
2.4960853562745933
 10
12.360962356410138
 20
2.3567132716029997
 10
12.361357501479233
 20
2.2174244435083352
 10
12.361761371780432
 20
2.078655539147659
 10
12.36217347648585
 20
1.9401853996387184
 10
12.362593480529378
 20
1.8019215647689322
 10
12.363021122236281
 20
1.6638135754806798
 10
12.363456186692998
 20
1.5258298677539504
 10
12.363898491978002
 20
1.38794894789868
 10
12.364347880772954
 20
1.2501553000650738
 10
12.36480421480641
 20
1.112437234561788
 10
12.365267370970502
 20
0.9747856514406388
 10
12.365737238498571
 20
0.8371932810685465
 10
12.366213716850421
 20
0.6996541927880289
 10
12.366696714088011
 20
0.562163463470983
 10
12.367186145601934
 20
0.4247169461236045
 10
12.367681933095191
 20
0.28731110362952383
 10
12.368184003760021
 20
0.1499428863395389
 10
12.36869228960219
 20
0.012609640028194896
  0
LWPOLYLINE
  5
4F
330
17
100
AcDbEntity
  8
LINHA
100
AcDbPolyline
 90
97
 70
0
 10
11.134810425820863
 20
0.0
 10
11.134358300982115
 20
0.13775263150940148
 10
11.133909690928489
 20
0.27554511244457713
 10
11.133464630472684
 20
0.41338046692764957
 10
11.133023156631104
 20
0.5512621694470914
 10
11.132585308885673
 20
0.6891942496632595
 10
11.132151129490387
 20
0.8271814317838103
 10
11.13172066383164
 20
0.9652293238515436
 10
11.13129396085284
 20
1.1033446811771053
 10
11.130871073554298
 20
1.2415357836488856
 10
11.130452059577243
 20
1.3798129950176785
 10
11.13003698187096
 20
1.5181896272666018
 10
11.129625909411594
 20
1.6566833477393947
 10
11.129218917853796
 20
1.7953186276201771
 10
11.128816089746508
 20
1.934131398280657
 10
11.128417513207358
 20
2.0731790901077636
 10
11.12802327584614
 20
2.2125669116514817
 10
11.127633451919548
 20
2.352546420040992
 10
11.12724149013453
 20
2.4925988870600366
 10
11.126857855621573
 20
2.628616547473763
 10
11.126535864839278
 20
2.7729421630383797
 10
11.126425886538122
 20
2.9304297637345464
 10
11.126699220635478
 20
3.10353165275287
 10
11.12749625335266
 20
3.2927985301867286
 10
11.128895864642923
 20
3.4974468373272045
 10
11.130908181258391
 20
3.7158484853144422
 10
11.123176421936456
 20
3.8646147461487277
 10
11.095072653238557
 20
3.9960862716893226
 10
11.05609649491199
 20
4.124754900307992
 10
11.011073839347572
 20
4.251440980128751
 10
10.964933946813131
 20
4.377742085281975
 10
10.919262684051821
 20
4.504251484081959
 10
10.874169661456193
 20
4.6310431162674455
 10
10.829712604775391
 20
4.7581980635542145
 10
10.786219788055877
 20
4.885928324659139
 10
10.744062195789025
 20
5.0145008504076545
 10
10.703393714492961
 20
5.144154197880444
 10
10.663580622754298
 20
5.274930144515992
 10
10.624409663697364
 20
5.407044161833326
 10
10.585589439242693
 20
5.540701018588168
 10
10.546792759070321
 20
5.676082715574766
 10
10.507707297425204
 20
5.813341770348206
 10
10.46807856244224
 20
5.9526000088450175
 10
10.427733109339654
 20
6.093950984846589
 10
10.386578431775144
 20
6.237463352387758
 10
10.344585152002022
 20
6.383183478600436
 10
10.301762261030012
 20
6.5311372069732805
 10
10.258135208464436
 20
6.681331502182863
 10
10.213731767468168
 20
6.833756377370844
 10
10.168171845721934
 20
6.988268222141204
 10
10.118796664021968
 20
7.144002355960311
 10
10.065489682254793
 20
7.300790339505075
 10
10.009121335543997
 20
7.457098157189622
 10
9.950388886574293
 20
7.612447235853315
 10
9.887656498234323
 20
7.769264304587279
 10
9.82124473746169
 20
7.927221783008052
 10
9.751650903478897
 20
8.08597651407721
 10
9.679596241739514
 20
8.245118655934213
 10
9.606135201392624
 20
8.404081064580707
 10
9.540609358156036
 20
8.556498970247679
 10
9.484987690486752
 20
8.70267492909851
 10
9.412470990184039
 20
8.859361428911145
 10
9.371994383299214
 20
8.998776795473848
 10
9.36388065422427
 20
9.132910346713812
 10
9.354654663087357
 20
9.266970949769568
 10
9.344883718798082
 20
9.400992160385194
 10
9.33503237400308
 20
9.53500691200053
 10
9.32491964317977
 20
9.669001775407418
 10
9.313958687492747
 20
9.802929621212995
 10
9.396084381691987
 20
10.002992672467371
 10
9.500808800056063
 20
10.23492329919036
 10
9.60941081481599
 20
10.478484589141926
 10
9.71476221128633
 20
10.725439287367827
 10
9.813006307228196
 20
10.97086423002424
 10
9.902257167116742
 20
11.211717419676729
 10
9.987146543933694
 20
11.444150875924317
 10
10.068212082320061
 20
11.66684575966519
 10
10.145323725527554
 20
11.879288657484233
 10
10.218462933528441
 20
12.081290857295643
 10
10.28768825199171
 20
12.272895478754771
 10
10.353117943897685
 20
12.454328408887573
 10
10.414922364301571
 20
12.625975383285276
 10
10.47332213649026
 20
12.788375229149961
 10
10.52858976598185
 20
12.942223018498296
 10
10.581052941364128
 20
13.08837832556235
 10
10.631097823592588
 20
13.227873814272792
 10
10.679170392620321
 20
13.361918663144445
 10
10.72577372377316
 20
13.491890728838655
 10
10.771459335828526
 20
13.619312059941091
 10
10.817420150709417
 20
13.74750062616109
 10
10.864574035301727
 20
13.87876797160182
 10
10.910925754771439
 20
14.009561825261567
 10
10.95667379995881
 20
14.140196791885534
 10
11.00189663887814
 20
14.270773025574412
 10
11.04664028487338
 20
14.401337688806086
 10
11.09093671125134
 20
14.531916887944876
 10
11.134810425820863
 20
14.662526367965912
  0
LWPOLYLINE
  5
50
330
17
100
AcDbEntity
  8
LINHA
100
AcDbPolyline
 90
97
 70
0
 10
12.36869228960219
 20
0.012609640028194896
 10
12.368184003760021
 20
0.1499428863395389
 10
12.367681933095191
 20
0.28731110362952383
 10
12.367186145601934
 20
0.4247169461236045
 10
12.366696714088011
 20
0.562163463470983
 10
12.366213716850421
 20
0.6996541927880289
 10
12.365737238498571
 20
0.8371932810685465
 10
12.365267370970502
 20
0.9747856514406388
 10
12.36480421480641
 20
1.112437234561788
 10
12.364347880772954
 20
1.2501553000650738
 10
12.363898491978002
 20
1.38794894789868
 10
12.363456186692998
 20
1.5258298677539504
 10
12.363021122236281
 20
1.6638135754806798
 10
12.362593480529378
 20
1.8019215647689322
 10
12.36217347648585
 20
1.9401853996387184
 10
12.361761371780432
 20
2.078655539147659
 10
12.361357501479233
 20
2.2174244435083352
 10
12.360962356410138
 20
2.3567132716029997
 10
12.360569896618316
 20
2.4960853562745933
 10
12.360189898153362
 20
2.632714010078075
 10
12.359922335220434
 20
2.781150079834122
 10
12.360052265584091
 20
2.9491266966994507
 10
12.360965872465918
 20
3.1413736491013657
 10
12.36307043152404
 20
3.359912364071757
 10
12.366699650140262
 20
3.6040836413423847
 10
12.37194642539001
 20
3.8696997290985697
 10
12.383997469749174
 20
4.146528335135372
 10
12.407363833140366
 20
4.413875892487633
 10
12.428100602995986
 20
4.640131225489939
 10
12.42001075683882
 20
4.80023231884157
 10
12.377284998065573
 20
4.928144207940824
 10
12.315749936688636
 20
5.049787994665434
 10
12.246860293454944
 20
5.170713859678743
 10
12.181137078839146
 20
5.292030322803548
 10
12.120798795454148
 20
5.4140754725493
 10
12.061564768388353
 20
5.536395239759455
 10
11.992277732784654
 20
5.65874589353552
 10
11.92565482385185
 20
5.781530352175183
 10
11.86239143975744
 20
5.90470543995014
 10
11.802908111666497
 20
6.028256659333679
 10
11.747367040933465
 20
6.152232443971819
 10
11.695658620816044
 20
6.276786149895282
 10
11.647401681033367
 20
6.4022119730836415
 10
11.601984872056077
 20
6.528951904640138
 10
11.558653570287113
 20
6.657556077087329
 10
11.51662169973037
 20
6.788600543423553
 10
11.475174736878436
 20
6.922590864497285
 10
11.433736947654474
 20
7.059886847645518
 10
11.393209828041252
 20
7.194989900385965
 10
11.35679014638055
 20
7.324366609947882
 10
11.323142997285734
 20
7.454463479761851
 10
11.291826148261055
 20
7.585226365275847
 10
11.26212979651828
 20
7.716597753291456
 10
11.233216519041704
 20
7.848566454882654
 10
11.204390601921604
 20
7.981235634929997
 10
11.174800153246881
 20
8.114770973447577
 10
11.14344962218987
 20
8.249419520632888
 10
11.109235475523827
 20
8.385520970827272
 10
11.071038449394118
 20
8.523493549479625
 10
11.02772807743585
 20
8.663689243657299
 10
10.979055352067252
 20
8.806302024198796
 10
10.926495945450041
 20
8.950994316441234
 10
10.873405349588506
 20
9.096026422451384
 10
10.82693151108126
 20
9.238635498546264
 10
10.793958342611596
 20
9.375922641762305
 10
10.77951797690323
 20
9.509777558822051
 10
10.78458631862792
 20
9.647279692234918
 10
10.80581276157137
 20
9.792752115932768
 10
10.837054583081034
 20
9.94402854690456
 10
10.871771908644204
 20
10.096694956811755
 10
10.907233813836672
 20
10.247200830837993
 10
10.943108386461716
 20
10.393869339695511
 10
10.980656438404381
 20
10.536231067209856
 10
11.021672206458613
 20
10.674292405997784
 10
11.086116017816854
 20
10.85554989337943
 10
11.164778475474204
 20
11.072048422513143
 10
11.241168744717942
 20
11.282606925423792
 10
11.31479675502545
 20
11.485899797819263
 10
11.385359887387873
 20
11.681068944554703
 10
11.452697942733067
 20
11.867625807350086
 10
11.516762375142404
 20
12.045381090081825
 10
11.577596494602902
 20
12.214398225750914
 10
11.635323744544566
 20
12.37496554138306
 10
11.690141658831479
 20
12.527582171352417
 10
11.74231940220358
 20
12.672952849942673
 10
11.792196827722094
 20
12.81198634940728
 10
11.840182819513908
 20
12.945791588200315
 10
11.886750560957154
 20
13.075664887177837
 10
11.93242766235841
 20
13.203062547390573
 10
11.980048361791546
 20
13.335443711416294
 10
12.032959272024073
 20
13.479749317217431
 10
12.085183648740013
 20
13.62153598510113
 10
12.13716907174608
 20
13.762040582218356
 10
12.18905809277767
 20
13.901683683323306
 10
12.240918187053275
 20
14.04067823267386
 10
12.292786892634076
 20
14.179152537930086
 10
12.344686918611428
 20
14.317192236556552
  0
LWPOLYLINE
  5
51
330
17
100
AcDbEntity
  8
BOLSA
100
AcDbPolyline
 90
2
 70
0
 10
11.134810425820863
 20
0.0
 10
12.36869228960219
 20
0.012609640028194896
  0
LWPOLYLINE
  5
52
330
17
100
AcDbEntity
  8
BOLSA
100
AcDbPolyline
 90
2
 70
0
 10
11.134810425820863
 20
14.662526367965912
 10
12.344686918611428
 20
14.317192236556552
  0
LWPOLYLINE
  5
53
330
17
100
AcDbEntity
  8
RECORTE
100
AcDbPolyline
 90
35
 70
1
 10
9.891903139580137
 20
10.076398960417846
 10
9.981713289195946
 20
10.073613413278741
 10
10.06469579664806
 20
10.056341937834453
 10
10.141850990205416
 20
10.027861655928563
 10
10.212161845128058
 20
9.988830547858377
 10
10.274113679298704
 20
9.939388205849784
 10
10.330178971615082
 20
9.882895229262141
 10
10.385560426427615
 20
9.824521839365632
 10
10.42881562165014
 20
9.757959050125688
 10
10.463069871567747
 20
9.686591505019875
 10
10.48611751951294
 20
9.610477886438945
 10
10.502843835105722
 20
9.533486574105707
 10
10.511568744787823
 20
9.454946533821037
 10
10.513482753024169
 20
9.376462253710558
 10
10.509355759736476
 20
9.297287598808724
 10
10.49498028831324
 20
9.219560596112135
 10
10.472712318890794
 20
9.143149193832517
 10
10.437497365512119
 20
9.071494619550696
 10
10.395625463011932
 20
9.004623700521039
 10
10.342144758612319
 20
8.945050850596097
 10
10.279291520119111
 20
8.892976423453534
 10
10.209122529741279
 20
8.848768276946101
 10
10.130275572700631
 20
8.814568505232351
 10
10.043870621886496
 20
8.791099975806569
 10
9.951119273599163
 20
8.778924596665103
 10
9.853322199895546
 20
8.77842277397983
 10
9.751866406593374
 20
8.78977517613515
 10
9.648221014080788
 20
8.812947915333865
 10
9.543930303353463
 20
8.847682199501888
 10
9.446882540586884
 20
8.890104659313959
 10
9.380019022510883
 20
9.863859996392735
 10
9.485290171306323
 20
9.934278237884826
 10
9.590087472384385
 20
9.990667973723552
 10
9.694079288769899
 20
10.033917450681143
 10
9.795808308367608
 20
10.063482708945026
  0
TEXT
  5
54
330
17
100
AcDbEntity
  8
TEXTO
100
AcDbText
 10
10.104102248106294
 20
9.431497686355263
 30
0.0
 40
0.05
  1
Cume principal (Zênite) · anel Ø1,20 (clamp)
 11
10.104102248106294
 21
9.431497686355263
 31
0.0
100
AcDbText
  0
TEXT
  5
55
330
17
100
AcDbEntity
  8
TEXTO
100
AcDbText
 10
9.313958687492747
 20
-0.35
 30
0.0
 40
0.12
  1
S4 · x1 · 19.45 m2
 11
9.313958687492747
 21
-0.35
 31
0.0
100
AcDbText
  0
TEXT
  5
56
330
17
100
AcDbEntity
  8
TEXTO
100
AcDbText
 10
9.313958687492747
 20
-0.55
 30
0.0
 40
0.06
  1
ZION SAFARI · LONA EXTERNA · PVDF tipo II 1050 g/m², creme Zion; faixas soldadas em fábri
 11
9.313958687492747
 21
-0.55
 31
0.0
100
AcDbText
  0
LWPOLYLINE
  5
57
330
17
100
AcDbEntity
  8
CONTORNO
100
AcDbPolyline
 90
194
 70
1
 10
15.403297266429746
 20
0.0
 10
15.347723905094933
 20
0.12558773987479827
 10
15.292137324438468
 20
0.25120784673394436
 10
15.236536455666174
 20
0.3768627501341414
 10
15.180920071882287
 20
0.5025552420695524
 10
15.125286751200392
 20
0.6282885612986654
 10
15.069634827680009
 20
0.7540665054905521
 10
15.013962324685622
 20
0.8798935835399332
 10
14.958266862134849
 20
1.005775227557822
 10
14.902545523645925
 20
1.1317180965251439
 10
14.846794659611046
 20
1.257730526439599
 10
14.791009582864898
 20
1.383823226095555
 10
14.735184073321646
 20
1.5100104099270883
 10
14.679309516224187
 20
1.63631176958658
 10
14.62337326399714
 20
1.7627562242814707
 10
14.567355106938763
 20
1.889390009053532
 10
14.511218045897982
 20
2.016297858717713
 10
14.45487377455696
 20
2.143682539345565
 10
14.398477131706153
 20
2.2711350822215417
 10
14.343170834326713
 20
2.396070052942962
 10
14.283044497580821
 20
2.5317835822024453
 10
14.214866156952224
 20
2.68530190216639
 10
14.13414512682229
 20
2.859783536386501
 10
14.034236203316548
 20
3.054158962080345
 10
13.911998431704763
 20
3.2655607384757173
 10
13.767419791110203
 20
3.4884428853813216
 10
13.606361025869328
 20
3.713918779723733
 10
13.444640042359884
 20
3.928084666020055
 10
13.312430822761801
 20
4.112860778083533
 10
13.248921995303824
 20
4.26004921016346
 10
13.243327138633763
 20
4.39479207422138
 10
13.264439504345365
 20
4.529469624842949
 10
13.295787610764952
 20
4.665065140985589
 10
13.32326123817749
 20
4.80027765875426
 10
13.343478239384387
 20
4.9349142060975115
 10
13.362504200244086
 20
5.06948317810125
 10
13.397443889980483
 20
5.205680071837131
 10
13.429830324923223
 20
5.341568828214557
 10
13.458562417417305
 20
5.47702666252604
 10
13.482705194944653
 20
5.612009240754487
 10
13.501417366206116
 20
5.746562800207575
 10
13.513941399868214
 20
5.8808406276815814
 10
13.51962618409367
 20
6.015109211452978
 10
13.517962473448733
 20
6.149730639374074
 10
13.508615674062519
 20
6.285116281984558
 10
13.491444671286523
 20
6.421661098669452
 10
13.466501190920821
 20
6.559679502001534
 10
13.434010662839395
 20
6.699363584664518
 10
13.406646152213845
 20
6.83773433967495
 10
13.41398553481942
 20
6.971938883757125
 10
13.418513571679393
 20
7.10624012373575
 10
13.420001152674676
 20
7.240692585087574
 10
13.418154685146373
 20
7.375365913752328
 10
13.412598622949512
 20
7.510350527642093
 10
13.402856093828184
 20
7.645765179576695
 10
13.38833070682022
 20
7.781766261991669
 10
13.368297703108158
 20
7.918557218633344
 10
13.341923455298335
 20
8.05639266991336
 10
13.308353837402656
 20
8.19556352181659
 10
13.266949901104088
 20
8.336334026696367
 10
13.21780055624314
 20
8.478783250170293
 10
13.162660383392659
 20
8.622511855521989
 10
13.10628455577352
 20
8.766298813216103
 10
13.057475429676824
 20
8.908125592986039
 10
13.028100602995986
 20
9.04622739995764
 10
13.028522587755635
 20
9.180858321040894
 10
13.061481650287854
 20
9.314448084787694
 10
13.120197838501
 20
9.449226410857861
 10
13.192866358193001
 20
9.585534503884572
 10
13.268717098119001
 20
9.722497968578223
 10
13.340931559835047
 20
9.859226299056377
 10
13.406416717071874
 20
9.995278975006487
 10
13.4644504557813
 20
10.130588999901036
 10
13.515482960004672
 20
10.265269770650558
 10
13.635078257689514
 20
10.415949053652431
 10
13.791956914246278
 20
10.584615833068831
 10
13.9392880499977
 20
10.75332828910365
 10
14.075558686530275
 20
10.921195467216736
 10
14.200495285380264
 20
11.086909068813085
 10
14.31384494900447
 20
11.249665729229816
 10
14.415761596731182
 20
11.40877006278211
 10
14.50681184074732
 20
11.563616552264177
 10
14.587927698119179
 20
11.713731561233864
 10
14.660349850416736
 20
11.858824191393223
 10
14.725551272899471
 20
11.998838210703521
 10
14.785137898097826
 20
12.133995547341973
 10
14.84073512106511
 20
12.264821562090688
 10
14.893876433838203
 20
12.392146458348973
 10
14.945974614166659
 20
12.517055789571922
 10
15.000133338505673
 20
12.646899296076008
 10
15.059301995665344
 20
12.788753948087102
 10
15.117469308141203
 20
12.928207913510345
 10
15.17514175666263
 20
13.066475461032303
 10
15.23249034720773
 20
13.20396657111697
 10
15.289601077144063
 20
13.340887419250398
 10
15.346525373815075
 20
13.477361300573282
 10
15.403297266429746
 20
13.613469798846843
 10
16.541580522141224
 20
13.138683172162827
 10
16.484808629526555
 20
13.002574673889265
 10
16.42788433285554
 20
12.866100792566382
 10
16.370773602919208
 20
12.72917994443295
 10
16.313425012374108
 20
12.591688834348282
 10
16.25575256385268
 20
12.453421286826325
 10
16.19758525137682
 20
12.313967321403084
 10
16.13841659421715
 20
12.172112669391986
 10
16.084273518804686
 20
12.04230666245964
 10
16.03222012334252
 20
11.91750339011764
 10
15.979650068909441
 20
11.791481796685881
 10
15.92807541380412
 20
11.667396951080699
 10
15.877250584576855
 20
11.543001485143154
 10
15.82767559534207
 20
11.418097870639507
 10
15.77988427905797
 20
11.292488297619867
 10
15.734370737190705
 20
11.16600751872877
 10
15.69153474468796
 20
11.038544224311883
 10
15.651659123293083
 20
10.910048005107024
 10
15.614903809738461
 20
10.78052704007701
 10
15.581299264542391
 20
10.650040079852152
 10
15.55134789328845
 20
10.518628974728662
 10
15.531705547632672
 20
10.385696622802383
 10
15.516120445741326
 20
10.252227706773297
 10
15.504116350879821
 20
10.118389144969235
 10
15.493846267810714
 20
9.984406342150479
 10
15.483814828816485
 20
9.850405458684673
 10
15.474090949384108
 20
9.716381934413784
 10
15.46474661611021
 20
9.582331474071982
 10
15.455839169476514
 20
9.448251366010938
 10
15.447381228624732
 20
9.314142265696214
 10
15.43930840597766
 20
9.180009554890452
 10
15.431478156380164
 20
9.045862582854856
 10
15.423739422337288
 20
8.911710401034643
 10
15.416046266401025
 20
8.777555674043768
 10
15.408494916781233
 20
8.643392941278938
 10
15.401234516581924
 20
8.50921417845661
 10
15.394361214904446
 20
8.37501504358829
 10
15.387885024642053
 20
8.24079616135402
 10
15.381753656769272
 20
8.106561077392579
 10
15.375888307169083
 20
7.972314086475526
 10
15.370208653613712
 20
7.838059072486898
 10
15.364644710052408
 20
7.70379914896928
 10
15.35914013172512
 20
7.569536679155185
 10
15.353651402770174
 20
7.435273415942459
 10
15.348145561858786
 20
7.301010651292596
 10
15.342597715600117
 20
7.166749340943818
 10
15.336988802592497
 20
7.032490200403058
 10
15.331303703339989
 20
6.898233777387588
 10
15.325529643903106
 20
6.763980507333806
 10
15.319654794030718
 20
6.629730757648582
 10
15.313876689010623
 20
6.495475674130477
 10
15.308272879761498
 20
6.36121167882663
 10
15.302730963452518
 20
6.226943049341164
 10
15.297140050798586
 20
6.092673622112043
 10
15.291400562177632
 20
5.958406546320206
 10
15.285430558404983
 20
5.824144041999121
 10
15.279166327540791
 20
5.689887212402085
 10
15.272557283979936
 20
5.555635960778715
 10
15.265558051922643
 20
5.421389008685325
 10
15.258123031363153
 20
5.287143963240563
 10
15.25021097655851
 20
5.1528974284119835
 10
15.24181000107186
 20
5.018645364263694
 10
15.232995916377174
 20
4.884384191990872
 10
15.223912656957587
 20
4.750120885044114
 10
15.215135901947786
 20
4.6158567225886475
 10
15.207601158362765
 20
4.48158698694369
 10
15.202326548708005
 20
4.347291488323728
 10
15.199828564780955
 20
4.212936153179922
 10
15.199852926289177
 20
4.078494919778887
 10
15.202227960268935
 20
3.943989939068874
 10
15.208611338458423
 20
3.8095708889269195
 10
15.221209247270718
 20
3.6755954947142966
 10
15.24190321009764
 20
3.5426609584181383
 10
15.271703452527259
 20
3.411504859075983
 10
15.310669726495128
 20
3.28276541355042
 10
15.356942225921424
 20
3.156507577125831
 10
15.411679459048631
 20
3.0291061229468577
 10
15.471048325917884
 20
2.8950747336343103
 10
15.52624981665263
 20
2.770374386145691
 10
15.58192658873919
 20
2.644602701537205
 10
15.63759885853051
 20
2.5189006299475905
 10
15.693175020402803
 20
2.393517193725211
 10
15.748707985497628
 20
2.2683219716467695
 10
15.804219307313344
 20
2.1432602568419
 10
15.859720427650549
 20
2.018302077576922
 10
15.915218299677994
 20
1.8934286077776945
 10
15.970717517401667
 20
1.7686269727277577
 10
16.026221294287115
 20
1.6438878375985997
 10
16.08173197295229
 20
1.5192041380293622
 10
16.137251315230788
 20
1.3945703497167368
 10
16.192780678585336
 20
1.2699820391603325
 10
16.248321129107307
 20
1.1454355725833136
 10
16.303873516973592
 20
1.020927919288079
 10
16.359438528587358
 20
0.8964565141659676
 10
16.41501672365386
 20
0.7720191587610453
 10
16.470608562193306
 20
0.6476139483147272
 10
16.526214424638365
 20
0.523239216824294
  0
LWPOLYLINE
  5
58
330
17
100
AcDbEntity
  8
LINHA
100
AcDbPolyline
 90
97
 70
0
 10
15.403297266429746
 20
0.0
 10
15.347723905094933
 20
0.12558773987479827
 10
15.292137324438468
 20
0.25120784673394436
 10
15.236536455666174
 20
0.3768627501341414
 10
15.180920071882287
 20
0.5025552420695524
 10
15.125286751200392
 20
0.6282885612986654
 10
15.069634827680009
 20
0.7540665054905521
 10
15.013962324685622
 20
0.8798935835399332
 10
14.958266862134849
 20
1.005775227557822
 10
14.902545523645925
 20
1.1317180965251439
 10
14.846794659611046
 20
1.257730526439599
 10
14.791009582864898
 20
1.383823226095555
 10
14.735184073321646
 20
1.5100104099270883
 10
14.679309516224187
 20
1.63631176958658
 10
14.62337326399714
 20
1.7627562242814707
 10
14.567355106938763
 20
1.889390009053532
 10
14.511218045897982
 20
2.016297858717713
 10
14.45487377455696
 20
2.143682539345565
 10
14.398477131706153
 20
2.2711350822215417
 10
14.343170834326713
 20
2.396070052942962
 10
14.283044497580821
 20
2.5317835822024453
 10
14.214866156952224
 20
2.68530190216639
 10
14.13414512682229
 20
2.859783536386501
 10
14.034236203316548
 20
3.054158962080345
 10
13.911998431704763
 20
3.2655607384757173
 10
13.767419791110203
 20
3.4884428853813216
 10
13.606361025869328
 20
3.713918779723733
 10
13.444640042359884
 20
3.928084666020055
 10
13.312430822761801
 20
4.112860778083533
 10
13.248921995303824
 20
4.26004921016346
 10
13.243327138633763
 20
4.39479207422138
 10
13.264439504345365
 20
4.529469624842949
 10
13.295787610764952
 20
4.665065140985589
 10
13.32326123817749
 20
4.80027765875426
 10
13.343478239384387
 20
4.9349142060975115
 10
13.362504200244086
 20
5.06948317810125
 10
13.397443889980483
 20
5.205680071837131
 10
13.429830324923223
 20
5.341568828214557
 10
13.458562417417305
 20
5.47702666252604
 10
13.482705194944653
 20
5.612009240754487
 10
13.501417366206116
 20
5.746562800207575
 10
13.513941399868214
 20
5.8808406276815814
 10
13.51962618409367
 20
6.015109211452978
 10
13.517962473448733
 20
6.149730639374074
 10
13.508615674062519
 20
6.285116281984558
 10
13.491444671286523
 20
6.421661098669452
 10
13.466501190920821
 20
6.559679502001534
 10
13.434010662839395
 20
6.699363584664518
 10
13.406646152213845
 20
6.83773433967495
 10
13.41398553481942
 20
6.971938883757125
 10
13.418513571679393
 20
7.10624012373575
 10
13.420001152674676
 20
7.240692585087574
 10
13.418154685146373
 20
7.375365913752328
 10
13.412598622949512
 20
7.510350527642093
 10
13.402856093828184
 20
7.645765179576695
 10
13.38833070682022
 20
7.781766261991669
 10
13.368297703108158
 20
7.918557218633344
 10
13.341923455298335
 20
8.05639266991336
 10
13.308353837402656
 20
8.19556352181659
 10
13.266949901104088
 20
8.336334026696367
 10
13.21780055624314
 20
8.478783250170293
 10
13.162660383392659
 20
8.622511855521989
 10
13.10628455577352
 20
8.766298813216103
 10
13.057475429676824
 20
8.908125592986039
 10
13.028100602995986
 20
9.04622739995764
 10
13.028522587755635
 20
9.180858321040894
 10
13.061481650287854
 20
9.314448084787694
 10
13.120197838501
 20
9.449226410857861
 10
13.192866358193001
 20
9.585534503884572
 10
13.268717098119001
 20
9.722497968578223
 10
13.340931559835047
 20
9.859226299056377
 10
13.406416717071874
 20
9.995278975006487
 10
13.4644504557813
 20
10.130588999901036
 10
13.515482960004672
 20
10.265269770650558
 10
13.635078257689514
 20
10.415949053652431
 10
13.791956914246278
 20
10.584615833068831
 10
13.9392880499977
 20
10.75332828910365
 10
14.075558686530275
 20
10.921195467216736
 10
14.200495285380264
 20
11.086909068813085
 10
14.31384494900447
 20
11.249665729229816
 10
14.415761596731182
 20
11.40877006278211
 10
14.50681184074732
 20
11.563616552264177
 10
14.587927698119179
 20
11.713731561233864
 10
14.660349850416736
 20
11.858824191393223
 10
14.725551272899471
 20
11.998838210703521
 10
14.785137898097826
 20
12.133995547341973
 10
14.84073512106511
 20
12.264821562090688
 10
14.893876433838203
 20
12.392146458348973
 10
14.945974614166659
 20
12.517055789571922
 10
15.000133338505673
 20
12.646899296076008
 10
15.059301995665344
 20
12.788753948087102
 10
15.117469308141203
 20
12.928207913510345
 10
15.17514175666263
 20
13.066475461032303
 10
15.23249034720773
 20
13.20396657111697
 10
15.289601077144063
 20
13.340887419250398
 10
15.346525373815075
 20
13.477361300573282
 10
15.403297266429746
 20
13.613469798846843
  0
LWPOLYLINE
  5
59
330
17
100
AcDbEntity
  8
LINHA
100
AcDbPolyline
 90
97
 70
0
 10
16.526214424638365
 20
0.523239216824294
 10
16.470608562193306
 20
0.6476139483147272
 10
16.41501672365386
 20
0.7720191587610453
 10
16.359438528587358
 20
0.8964565141659676
 10
16.303873516973592
 20
1.020927919288079
 10
16.248321129107307
 20
1.1454355725833136
 10
16.192780678585336
 20
1.2699820391603325
 10
16.137251315230788
 20
1.3945703497167368
 10
16.08173197295229
 20
1.5192041380293622
 10
16.026221294287115
 20
1.6438878375985997
 10
15.970717517401667
 20
1.7686269727277577
 10
15.915218299677994
 20
1.8934286077776945
 10
15.859720427650549
 20
2.018302077576922
 10
15.804219307313344
 20
2.1432602568419
 10
15.748707985497628
 20
2.2683219716467695
 10
15.693175020402803
 20
2.393517193725211
 10
15.63759885853051
 20
2.5189006299475905
 10
15.58192658873919
 20
2.644602701537205
 10
15.52624981665263
 20
2.770374386145691
 10
15.471048325917884
 20
2.8950747336343103
 10
15.411679459048631
 20
3.0291061229468577
 10
15.356942225921424
 20
3.156507577125831
 10
15.310669726495128
 20
3.28276541355042
 10
15.271703452527259
 20
3.411504859075983
 10
15.24190321009764
 20
3.5426609584181383
 10
15.221209247270718
 20
3.6755954947142966
 10
15.208611338458423
 20
3.8095708889269195
 10
15.202227960268935
 20
3.943989939068874
 10
15.199852926289177
 20
4.078494919778887
 10
15.199828564780955
 20
4.212936153179922
 10
15.202326548708005
 20
4.347291488323728
 10
15.207601158362765
 20
4.48158698694369
 10
15.215135901947786
 20
4.6158567225886475
 10
15.223912656957587
 20
4.750120885044114
 10
15.232995916377174
 20
4.884384191990872
 10
15.24181000107186
 20
5.018645364263694
 10
15.25021097655851
 20
5.1528974284119835
 10
15.258123031363153
 20
5.287143963240563
 10
15.265558051922643
 20
5.421389008685325
 10
15.272557283979936
 20
5.555635960778715
 10
15.279166327540791
 20
5.689887212402085
 10
15.285430558404983
 20
5.824144041999121
 10
15.291400562177632
 20
5.958406546320206
 10
15.297140050798586
 20
6.092673622112043
 10
15.302730963452518
 20
6.226943049341164
 10
15.308272879761498
 20
6.36121167882663
 10
15.313876689010623
 20
6.495475674130477
 10
15.319654794030718
 20
6.629730757648582
 10
15.325529643903106
 20
6.763980507333806
 10
15.331303703339989
 20
6.898233777387588
 10
15.336988802592497
 20
7.032490200403058
 10
15.342597715600117
 20
7.166749340943818
 10
15.348145561858786
 20
7.301010651292596
 10
15.353651402770174
 20
7.435273415942459
 10
15.35914013172512
 20
7.569536679155185
 10
15.364644710052408
 20
7.70379914896928
 10
15.370208653613712
 20
7.838059072486898
 10
15.375888307169083
 20
7.972314086475526
 10
15.381753656769272
 20
8.106561077392579
 10
15.387885024642053
 20
8.24079616135402
 10
15.394361214904446
 20
8.37501504358829
 10
15.401234516581924
 20
8.50921417845661
 10
15.408494916781233
 20
8.643392941278938
 10
15.416046266401025
 20
8.777555674043768
 10
15.423739422337288
 20
8.911710401034643
 10
15.431478156380164
 20
9.045862582854856
 10
15.43930840597766
 20
9.180009554890452
 10
15.447381228624732
 20
9.314142265696214
 10
15.455839169476514
 20
9.448251366010938
 10
15.46474661611021
 20
9.582331474071982
 10
15.474090949384108
 20
9.716381934413784
 10
15.483814828816485
 20
9.850405458684673
 10
15.493846267810714
 20
9.984406342150479
 10
15.504116350879821
 20
10.118389144969235
 10
15.516120445741326
 20
10.252227706773297
 10
15.531705547632672
 20
10.385696622802383
 10
15.55134789328845
 20
10.518628974728662
 10
15.581299264542391
 20
10.650040079852152
 10
15.614903809738461
 20
10.78052704007701
 10
15.651659123293083
 20
10.910048005107024
 10
15.69153474468796
 20
11.038544224311883
 10
15.734370737190705
 20
11.16600751872877
 10
15.77988427905797
 20
11.292488297619867
 10
15.82767559534207
 20
11.418097870639507
 10
15.877250584576855
 20
11.543001485143154
 10
15.92807541380412
 20
11.667396951080699
 10
15.979650068909441
 20
11.791481796685881
 10
16.03222012334252
 20
11.91750339011764
 10
16.084273518804686
 20
12.04230666245964
 10
16.13841659421715
 20
12.172112669391986
 10
16.19758525137682
 20
12.313967321403084
 10
16.25575256385268
 20
12.453421286826325
 10
16.313425012374108
 20
12.591688834348282
 10
16.370773602919208
 20
12.72917994443295
 10
16.42788433285554
 20
12.866100792566382
 10
16.484808629526555
 20
13.002574673889265
 10
16.541580522141224
 20
13.138683172162827
  0
LWPOLYLINE
  5
5A
330
17
100
AcDbEntity
  8
BOLSA
100
AcDbPolyline
 90
2
 70
0
 10
15.403297266429746
 20
0.0
 10
16.526214424638365
 20
0.523239216824294
  0
LWPOLYLINE
  5
5B
330
17
100
AcDbEntity
  8
BOLSA
100
AcDbPolyline
 90
2
 70
0
 10
15.403297266429746
 20
13.613469798846843
 10
16.541580522141224
 20
13.138683172162827
  0
LWPOLYLINE
  5
5C
330
17
100
AcDbEntity
  8
RECORTE
100
AcDbPolyline
 90
48
 70
1
 10
13.874559125293437
 20
4.700642336511784
 10
13.944923521299895
 20
4.6958006301531245
 10
14.013198566181044
 20
4.68503303967054
 10
14.078301112636785
 20
4.668528115873609
 10
14.139190278704973
 20
4.646571967401791
 10
14.194636131210167
 20
4.619508954487143
 10
14.243935030377308
 20
4.58782958472871
 10
14.286296414638116
 20
4.552081779029968
 10
14.3209801634655
 20
4.512876340142308
 10
14.34870936625268
 20
4.470973540898781
 10
14.36804819810164
 20
4.427023563590171
 10
14.378191953226708
 20
4.381748623874757
 10
14.38187213602734
 20
4.335907201407253
 10
14.377430653804248
 20
4.290289310747113
 10
14.363601659166248
 20
4.245680270083217
 10
14.34683254918281
 20
4.201573342702067
 10
14.323912992617378
 20
4.15943797550351
 10
14.292974930088754
 20
4.120459195369309
 10
14.257317818329073
 20
4.083875023242635
 10
14.220901484462109
 20
4.048529670377117
 10
14.178076644490213
 20
4.018330213523506
 10
14.129331386226392
 20
3.993888103726085
 10
14.075110561356212
 20
3.9757722458720437
 10
14.015834696775393
 20
3.96448899505051
 10
13.951927364539449
 20
3.960460109176758
 10
13.883848186551132
 20
3.9639999471816707
 10
13.812128166150666
 20
3.9752933650321243
 10
13.737403798349813
 20
3.994375827582972
 10
13.660446431348493
 20
4.021117216347899
 10
13.582183633834644
 20
4.0552106723629455
 10
13.503709846900078
 20
4.096167577107844
 10
13.437905645152547
 20
4.136977187078218
 10
13.38167864053475
 20
4.17924398927662
 10
13.331480921921798
 20
4.224744955488101
 10
13.293645733331463
 20
4.271528798971671
 10
13.277685560331074
 20
4.316893607271775
 10
13.27107579990437
 20
4.362815842509463
 10
13.276796889358938
 20
4.408500864193547
 10
13.297903599864306
 20
4.453157211610996
 10
13.327826963277248
 20
4.496034236167028
 10
13.366678557593886
 20
4.536457458643602
 10
13.415112114950023
 20
4.573853214747044
 10
13.469906489237376
 20
4.607370511275288
 10
13.530108828022419
 20
4.63643500587671
 10
13.594633114481319
 20
4.660542745093265
 10
13.66212704498924
 20
4.679251925515985
 10
13.732029695985094
 20
4.692301095832935
 10
13.803218054387218
 20
4.699470685939342
  0
TEXT
  5
5D
330
17
100
AcDbEntity
  8
TEXTO
100
AcDbText
 10
13.869908926143996
 20
4.341438626546892
 30
0.0
 40
0.05
  1
Cume secundário (Respiro) · anel Ø0,70 (clamp)
 11
13.869908926143996
 21
4.341438626546892
 31
0.0
100
AcDbText
  0
TEXT
  5
5E
330
17
100
AcDbEntity
  8
TEXTO
100
AcDbText
 10
13.028100602995986
 20
-0.35
 30
0.0
 40
0.12
  1
S5 · x1 · 22.33 m2
 11
13.028100602995986
 21
-0.35
 31
0.0
100
AcDbText
  0
TEXT
  5
5F
330
17
100
AcDbEntity
  8
TEXTO
100
AcDbText
 10
13.028100602995986
 20
-0.55
 30
0.0
 40
0.06
  1
ZION SAFARI · LONA EXTERNA · PVDF tipo II 1050 g/m², creme Zion; faixas soldadas em fábri
 11
13.028100602995986
 21
-0.55
 31
0.0
100
AcDbText
  0
LWPOLYLINE
  5
60
330
17
100
AcDbEntity
  8
CONTORNO
100
AcDbPolyline
 90
194
 70
1
 10
17.283259248043944
 20
0.0
 10
17.28489763550166
 20
0.13622922395034923
 10
17.28567427513106
 20
0.27248818963435384
 10
17.285608332091332
 20
0.4087731368535413
 10
17.284721686461065
 20
0.5450809321854188
 10
17.28303829769198
 20
0.6814091747802117
 10
17.28058349699413
 20
0.8177562977221273
 10
17.277383211707097
 20
0.9541216727113153
 10
17.273463113953277
 20
1.09050573112649
 10
17.268847665940733
 20
1.2269101226385815
 10
17.263559000045454
 20
1.3633379463930042
 10
17.257615509400054
 20
1.4997941159055093
 10
17.251029900911572
 20
1.6362859728791381
 10
17.243806190420486
 20
1.7728243884648045
 10
17.235934441682403
 20
1.9094259072391844
 10
17.227380062824203
 20
2.0461174448186683
 10
17.218057072972837
 20
2.1829487194148594
 10
17.20773272456721
 20
2.320039274361717
 10
17.19685321336203
 20
2.457152569979507
 10
17.1879806348442
 20
2.593235848135075
 10
17.164246458373885
 20
2.7378932521684205
 10
17.150313626780047
 20
2.875854012608182
 10
17.149734218587827
 20
3.0103227812792817
 10
17.148705330862754
 20
3.1448261519850655
 10
17.14775331279827
 20
3.2793217671742534
 10
17.14640480614315
 20
3.4138506212077204
 10
17.14475355108014
 20
3.5484068805106137
 10
17.143056618743838
 20
3.682966714706488
 10
17.14178816135649
 20
3.817486682139068
 10
17.141580522141226
 20
3.951927757401918
 10
17.142973261430612
 20
4.086299094682515
 10
17.146088070718896
 20
4.220662037563697
 10
17.15053761186036
 20
4.3550693880125815
 10
17.155673742102504
 20
4.489522044789998
 10
17.1609130126627
 20
4.623990224066584
 10
17.165890042074434
 20
4.758448320317097
 10
17.17044123790175
 20
4.892885962864656
 10
17.174528955160675
 20
5.027303310302863
 10
17.17817570113126
 20
5.161704623544261
 10
17.181424516401364
 20
5.296094647709366
 10
17.184319575434937
 20
5.430477297826199
 10
17.18689833909583
 20
5.5648554465697675
 10
17.18918932158226
 20
5.699231085771454
 10
17.1912122451338
 20
5.833605551915976
 10
17.192979033694435
 20
5.967979715544713
 10
17.19449497148178
 20
6.102354116503028
 10
17.19575976791536
 20
6.236729052421276
 10
17.19676845416979
 20
6.37110463242046
 10
17.197512111377655
 20
6.505480806370775
 10
17.198199255495407
 20
6.639856429589706
 10
17.19866363532777
 20
6.774232364287071
 10
17.198924570492153
 20
6.908608361536248
 10
17.199000406348222
 20
7.042984223593404
 10
17.19890856112104
 20
7.177359801062006
 10
17.198665621835907
 20
7.311734988409128
 10
17.1982874817328
 20
7.4461097188952
 10
17.197789508136868
 20
7.580483959556153
 10
17.197186722553763
 20
7.714857706601983
 10
17.196493964465535
 20
7.849230981409317
 10
17.195725999006726
 20
7.983603827130392
 10
17.194897520899247
 20
8.117976305758113
 10
17.19402300947839
 20
8.252348495236179
 10
17.19311640927103
 20
8.386720485917456
 10
17.192190650024653
 20
8.521092375514296
 10
17.19125707251179
 20
8.655464261916489
 10
17.190324873770763
 20
8.789836234058066
 10
17.189400704170456
 20
8.924208362215763
 10
17.188488522877645
 20
9.058580690092013
 10
17.187589752057043
 20
9.192953231043239
 10
17.186703688789443
 20
9.327325969629154
 10
17.185828070569134
 20
9.46169886784496
 10
17.1849596677913
 20
9.596071873935545
 10
17.184094795846043
 20
9.730444931258914
 10
17.183229683605333
 20
9.864817985247532
 10
17.18236068248637
 20
9.999190987581628
 10
17.181484335379
 20
10.133563897659105
 10
17.180597342260103
 20
10.267936682011891
 10
17.184269922760194
 20
10.402667804408457
 10
17.187659904197737
 20
10.537369772740075
 10
17.190273546147328
 20
10.671979587882076
 10
17.19209834231965
 20
10.806508445940489
 10
17.19315860542835
 20
10.940972900423604
 10
17.19353425158258
 20
11.075392872199261
 10
17.19335778648107
 20
11.209786858695724
 10
17.1927835130478
 20
11.344167894127544
 10
17.191948352559322
 20
11.478543106569271
 10
17.190947974596828
 20
11.612915697531964
 10
17.19857229188077
 20
11.74924956133744
 10
17.202567990596105
 20
11.884414080195713
 10
17.214659444429824
 20
12.02453855626976
 10
17.234730446717847
 20
12.17692237153379
 10
17.25052847315941
 20
12.327193017614396
 10
17.262957701349762
 20
12.476489837080804
 10
17.272314857716136
 20
12.625167709726869
 10
17.278749386707787
 20
12.773382253426513
 10
17.282365543538415
 20
12.92120789140788
 10
17.283259248043944
 20
13.068679150931873
 10
18.53846531031246
 20
12.981992754260764
 10
18.52426851256793
 20
12.846179165629634
 10
18.512988071353707
 20
12.71027167845961
 10
18.504615724328936
 20
12.574325678666119
 10
18.49911544764745
 20
12.43839709530491
 10
18.49642834368126
 20
12.302540044748312
 10
18.496484201973004
 20
12.1668050617081
 10
18.499228496083962
 20
12.031238872153985
 10
18.5047207664199
 20
11.895889708291888
 10
18.51107537979048
 20
11.760704196850583
 10
18.51740837588504
 20
11.625635905493093
 10
18.52387134479219
 20
11.4906843182864
 10
18.530015166580025
 20
11.35582064960807
 10
18.53582320519596
 20
11.221037188776565
 10
18.54128190374645
 20
11.08632646047675
 10
18.546380925884407
 20
10.95168120472401
 10
18.55111289004565
 20
10.81709433766367
 10
18.555472583769156
 20
10.682558896909418
 10
18.55945579678554
 20
10.548067985050528
 10
18.563058186825483
 20
10.413614729653935
 10
18.566274553636926
 20
10.279192268884346
 10
18.56908998225179
 20
10.144793577140295
 10
18.571440246718012
 20
10.010410887125465
 10
18.573321381245727
 20
9.876037925852144
 10
18.574730600623113
 20
9.741668472884163
 10
18.575666296550022
 20
9.607296344833367
 10
18.57612804359668
 20
9.472915379741822
 10
18.576116615076188
 20
9.338519421260669
 10
18.575634008282748
 20
9.20410230253439
 10
18.574683477359905
 20
9.069657829728051
 10
18.57326957073645
 20
8.935179765203044
 10
18.57139816902053
 20
8.80066181044987
 10
18.56907651899858
 20
8.666097589003506
 10
18.566313260327497
 20
8.531480629660923
 10
18.56311844359422
 20
8.396804350354179
 10
18.559503541062302
 20
8.262062042988608
 10
18.55548145370636
 20
8.127246859450683
 10
18.551066519238226
 20
7.992351798869655
 10
18.546274525454514
 20
7.857369696132093
 10
18.54112273168837
 20
7.722293211631155
 10
18.535629899087116
 20
7.587114822284617
 10
18.52981632850367
 20
7.451826813956258
 10
18.523703903357756
 20
7.316421275534834
 10
18.517316133956403
 20
7.180890095040019
 10
18.51067819931901
 20
7.045224958222265
 10
18.50381698231231
 20
6.9094173501993374
 10
18.496761093669257
 20
6.773458560727031
 10
18.489540880107
 20
6.637339693735957
 10
18.482188411195263
 20
6.5010516817791935
 10
18.483530553790825
 20
6.36652857100603
 10
18.48989072689229
 20
6.230175045716884
 10
18.49615191093659
 20
6.093999188380772
 10
18.50227782712947
 20
5.957991433681016
 10
18.50823457572818
 20
5.822142393459096
 10
18.513990612592195
 20
5.686442873295152
 10
18.51951671964359
 20
5.55088388326282
 10
18.52478597129227
 20
5.41545664344741
 10
18.52977369633806
 20
5.280152584714274
 10
18.53445742914743
 20
5.144963345030776
 10
18.538816831234268
 20
5.009880761343159
 10
18.542833537146176
 20
4.8748968565487605
 10
18.546490823878027
 20
4.740003820531546
 10
18.549772908763423
 20
4.605193984028992
 10
18.552663575926136
 20
4.470459786128608
 10
18.555143915614188
 20
4.335793744931851
 10
18.557189773142934
 20
4.201188460287371
 10
18.558771415882006
 20
4.066636690329576
 10
18.55985879937
 20
3.932131489874111
 10
18.560430907256023
 20
3.797666275935816
 10
18.560480605477654
 20
3.663234705737122
 10
18.56001068183379
 20
3.5288304798680343
 10
18.559027119789647
 20
3.3944472393069045
 10
18.557535512521653
 20
3.260078557767368
 10
18.555540551905178
 20
3.1257179568064846
 10
18.55304657256903
 20
2.9913589107112486
 10
18.550062436650947
 20
2.8569947446173867
 10
18.546593162110547
 20
2.7226187866383995
 10
18.543046058011743
 20
2.5882130929083536
 10
18.54021858806372
 20
2.4537502536970077
 10
18.537230058372845
 20
2.3192425051450534
 10
18.5342599331417
 20
2.1846776551429405
 10
18.531364903168324
 20
2.050046184729115
 10
18.528571003360444
 20
1.915339316206534
 10
18.52591994088854
 20
1.7805480360559534
 10
18.523461270055968
 20
1.6456633369134246
 10
18.521249852126793
 20
1.5106763549538595
 10
18.519344637757563
 20
1.3755784899692574
 10
18.517807897685902
 20
1.2403615256225866
 10
18.516704614826747
 20
1.1050177537278272
 10
18.51610192121744
 20
0.9695401018978022
 10
18.51606852673557
 20
0.8339222616791416
 10
18.516674115467485
 20
0.6981588128666585
 10
18.51798870159495
 20
0.5622453387020382
 10
18.520081947173697
 20
0.42617852607402423
 10
18.523022451970323
 20
0.28995624470433584
 10
18.526877031556584
 20
0.15357759969324405
 10
18.531710004320722
 20
0.017042952747712323
  0
LWPOLYLINE
  5
61
330
17
100
AcDbEntity
  8
LINHA
100
AcDbPolyline
 90
97
 70
0
 10
17.283259248043944
 20
0.0
 10
17.28489763550166
 20
0.13622922395034923
 10
17.28567427513106
 20
0.27248818963435384
 10
17.285608332091332
 20
0.4087731368535413
 10
17.284721686461065
 20
0.5450809321854188
 10
17.28303829769198
 20
0.6814091747802117
 10
17.28058349699413
 20
0.8177562977221273
 10
17.277383211707097
 20
0.9541216727113153
 10
17.273463113953277
 20
1.09050573112649
 10
17.268847665940733
 20
1.2269101226385815
 10
17.263559000045454
 20
1.3633379463930042
 10
17.257615509400054
 20
1.4997941159055093
 10
17.251029900911572
 20
1.6362859728791381
 10
17.243806190420486
 20
1.7728243884648045
 10
17.235934441682403
 20
1.9094259072391844
 10
17.227380062824203
 20
2.0461174448186683
 10
17.218057072972837
 20
2.1829487194148594
 10
17.20773272456721
 20
2.320039274361717
 10
17.19685321336203
 20
2.457152569979507
 10
17.1879806348442
 20
2.593235848135075
 10
17.164246458373885
 20
2.7378932521684205
 10
17.150313626780047
 20
2.875854012608182
 10
17.149734218587827
 20
3.0103227812792817
 10
17.148705330862754
 20
3.1448261519850655
 10
17.14775331279827
 20
3.2793217671742534
 10
17.14640480614315
 20
3.4138506212077204
 10
17.14475355108014
 20
3.5484068805106137
 10
17.143056618743838
 20
3.682966714706488
 10
17.14178816135649
 20
3.817486682139068
 10
17.141580522141226
 20
3.951927757401918
 10
17.142973261430612
 20
4.086299094682515
 10
17.146088070718896
 20
4.220662037563697
 10
17.15053761186036
 20
4.3550693880125815
 10
17.155673742102504
 20
4.489522044789998
 10
17.1609130126627
 20
4.623990224066584
 10
17.165890042074434
 20
4.758448320317097
 10
17.17044123790175
 20
4.892885962864656
 10
17.174528955160675
 20
5.027303310302863
 10
17.17817570113126
 20
5.161704623544261
 10
17.181424516401364
 20
5.296094647709366
 10
17.184319575434937
 20
5.430477297826199
 10
17.18689833909583
 20
5.5648554465697675
 10
17.18918932158226
 20
5.699231085771454
 10
17.1912122451338
 20
5.833605551915976
 10
17.192979033694435
 20
5.967979715544713
 10
17.19449497148178
 20
6.102354116503028
 10
17.19575976791536
 20
6.236729052421276
 10
17.19676845416979
 20
6.37110463242046
 10
17.197512111377655
 20
6.505480806370775
 10
17.198199255495407
 20
6.639856429589706
 10
17.19866363532777
 20
6.774232364287071
 10
17.198924570492153
 20
6.908608361536248
 10
17.199000406348222
 20
7.042984223593404
 10
17.19890856112104
 20
7.177359801062006
 10
17.198665621835907
 20
7.311734988409128
 10
17.1982874817328
 20
7.4461097188952
 10
17.197789508136868
 20
7.580483959556153
 10
17.197186722553763
 20
7.714857706601983
 10
17.196493964465535
 20
7.849230981409317
 10
17.195725999006726
 20
7.983603827130392
 10
17.194897520899247
 20
8.117976305758113
 10
17.19402300947839
 20
8.252348495236179
 10
17.19311640927103
 20
8.386720485917456
 10
17.192190650024653
 20
8.521092375514296
 10
17.19125707251179
 20
8.655464261916489
 10
17.190324873770763
 20
8.789836234058066
 10
17.189400704170456
 20
8.924208362215763
 10
17.188488522877645
 20
9.058580690092013
 10
17.187589752057043
 20
9.192953231043239
 10
17.186703688789443
 20
9.327325969629154
 10
17.185828070569134
 20
9.46169886784496
 10
17.1849596677913
 20
9.596071873935545
 10
17.184094795846043
 20
9.730444931258914
 10
17.183229683605333
 20
9.864817985247532
 10
17.18236068248637
 20
9.999190987581628
 10
17.181484335379
 20
10.133563897659105
 10
17.180597342260103
 20
10.267936682011891
 10
17.184269922760194
 20
10.402667804408457
 10
17.187659904197737
 20
10.537369772740075
 10
17.190273546147328
 20
10.671979587882076
 10
17.19209834231965
 20
10.806508445940489
 10
17.19315860542835
 20
10.940972900423604
 10
17.19353425158258
 20
11.075392872199261
 10
17.19335778648107
 20
11.209786858695724
 10
17.1927835130478
 20
11.344167894127544
 10
17.191948352559322
 20
11.478543106569271
 10
17.190947974596828
 20
11.612915697531964
 10
17.19857229188077
 20
11.74924956133744
 10
17.202567990596105
 20
11.884414080195713
 10
17.214659444429824
 20
12.02453855626976
 10
17.234730446717847
 20
12.17692237153379
 10
17.25052847315941
 20
12.327193017614396
 10
17.262957701349762
 20
12.476489837080804
 10
17.272314857716136
 20
12.625167709726869
 10
17.278749386707787
 20
12.773382253426513
 10
17.282365543538415
 20
12.92120789140788
 10
17.283259248043944
 20
13.068679150931873
  0
LWPOLYLINE
  5
62
330
17
100
AcDbEntity
  8
BOLSA
100
AcDbPolyline
 90
97
 70
0
 10
18.531710004320722
 20
0.017042952747712323
 10
18.526877031556584
 20
0.15357759969324405
 10
18.523022451970323
 20
0.28995624470433584
 10
18.520081947173697
 20
0.42617852607402423
 10
18.51798870159495
 20
0.5622453387020382
 10
18.516674115467485
 20
0.6981588128666585
 10
18.51606852673557
 20
0.8339222616791416
 10
18.51610192121744
 20
0.9695401018978022
 10
18.516704614826747
 20
1.1050177537278272
 10
18.517807897685902
 20
1.2403615256225866
 10
18.519344637757563
 20
1.3755784899692574
 10
18.521249852126793
 20
1.5106763549538595
 10
18.523461270055968
 20
1.6456633369134246
 10
18.52591994088854
 20
1.7805480360559534
 10
18.528571003360444
 20
1.915339316206534
 10
18.531364903168324
 20
2.050046184729115
 10
18.5342599331417
 20
2.1846776551429405
 10
18.537230058372845
 20
2.3192425051450534
 10
18.54021858806372
 20
2.4537502536970077
 10
18.543046058011743
 20
2.5882130929083536
 10
18.546593162110547
 20
2.7226187866383995
 10
18.550062436650947
 20
2.8569947446173867
 10
18.55304657256903
 20
2.9913589107112486
 10
18.555540551905178
 20
3.1257179568064846
 10
18.557535512521653
 20
3.260078557767368
 10
18.559027119789647
 20
3.3944472393069045
 10
18.56001068183379
 20
3.5288304798680343
 10
18.560480605477654
 20
3.663234705737122
 10
18.560430907256023
 20
3.797666275935816
 10
18.55985879937
 20
3.932131489874111
 10
18.558771415882006
 20
4.066636690329576
 10
18.557189773142934
 20
4.201188460287371
 10
18.555143915614188
 20
4.335793744931851
 10
18.552663575926136
 20
4.470459786128608
 10
18.549772908763423
 20
4.605193984028992
 10
18.546490823878027
 20
4.740003820531546
 10
18.542833537146176
 20
4.8748968565487605
 10
18.538816831234268
 20
5.009880761343159
 10
18.53445742914743
 20
5.144963345030776
 10
18.52977369633806
 20
5.280152584714274
 10
18.52478597129227
 20
5.41545664344741
 10
18.51951671964359
 20
5.55088388326282
 10
18.513990612592195
 20
5.686442873295152
 10
18.50823457572818
 20
5.822142393459096
 10
18.50227782712947
 20
5.957991433681016
 10
18.49615191093659
 20
6.093999188380772
 10
18.48989072689229
 20
6.230175045716884
 10
18.483530553790825
 20
6.36652857100603
 10
18.482188411195263
 20
6.5010516817791935
 10
18.489540880107
 20
6.637339693735957
 10
18.496761093669257
 20
6.773458560727031
 10
18.50381698231231
 20
6.9094173501993374
 10
18.51067819931901
 20
7.045224958222265
 10
18.517316133956403
 20
7.180890095040019
 10
18.523703903357756
 20
7.316421275534834
 10
18.52981632850367
 20
7.451826813956258
 10
18.535629899087116
 20
7.587114822284617
 10
18.54112273168837
 20
7.722293211631155
 10
18.546274525454514
 20
7.857369696132093
 10
18.551066519238226
 20
7.992351798869655
 10
18.55548145370636
 20
8.127246859450683
 10
18.559503541062302
 20
8.262062042988608
 10
18.56311844359422
 20
8.396804350354179
 10
18.566313260327497
 20
8.531480629660923
 10
18.56907651899858
 20
8.666097589003506
 10
18.57139816902053
 20
8.80066181044987
 10
18.57326957073645
 20
8.935179765203044
 10
18.574683477359905
 20
9.069657829728051
 10
18.575634008282748
 20
9.20410230253439
 10
18.576116615076188
 20
9.338519421260669
 10
18.57612804359668
 20
9.472915379741822
 10
18.575666296550022
 20
9.607296344833367
 10
18.574730600623113
 20
9.741668472884163
 10
18.573321381245727
 20
9.876037925852144
 10
18.571440246718012
 20
10.010410887125465
 10
18.56908998225179
 20
10.144793577140295
 10
18.566274553636926
 20
10.279192268884346
 10
18.563058186825483
 20
10.413614729653935
 10
18.55945579678554
 20
10.548067985050528
 10
18.555472583769156
 20
10.682558896909418
 10
18.55111289004565
 20
10.81709433766367
 10
18.546380925884407
 20
10.95168120472401
 10
18.54128190374645
 20
11.08632646047675
 10
18.53582320519596
 20
11.221037188776565
 10
18.530015166580025
 20
11.35582064960807
 10
18.52387134479219
 20
11.4906843182864
 10
18.51740837588504
 20
11.625635905493093
 10
18.51107537979048
 20
11.760704196850583
 10
18.5047207664199
 20
11.895889708291888
 10
18.499228496083962
 20
12.031238872153985
 10
18.496484201973004
 20
12.1668050617081
 10
18.49642834368126
 20
12.302540044748312
 10
18.49911544764745
 20
12.43839709530491
 10
18.504615724328936
 20
12.574325678666119
 10
18.512988071353707
 20
12.71027167845961
 10
18.52426851256793
 20
12.846179165629634
 10
18.53846531031246
 20
12.981992754260764
  0
LWPOLYLINE
  5
63
330
17
100
AcDbEntity
  8
BOLSA
100
AcDbPolyline
 90
2
 70
0
 10
17.283259248043944
 20
0.0
 10
18.531710004320722
 20
0.017042952747712323
  0
LWPOLYLINE
  5
64
330
17
100
AcDbEntity
  8
BOLSA
100
AcDbPolyline
 90
2
 70
0
 10
17.283259248043944
 20
13.068679150931873
 10
18.53846531031246
 20
12.981992754260764
  0
TEXT
  5
65
330
17
100
AcDbEntity
  8
TEXTO
100
AcDbText
 10
17.141580522141226
 20
-0.35
 30
0.0
 40
0.12
  1
S6 · x1 · 17.36 m2
 11
17.141580522141226
 21
-0.35
 31
0.0
100
AcDbText
  0
TEXT
  5
66
330
17
100
AcDbEntity
  8
TEXTO
100
AcDbText
 10
17.141580522141226
 20
-0.55
 30
0.0
 40
0.06
  1
ZION SAFARI · LONA EXTERNA · PVDF tipo II 1050 g/m², creme Zion; faixas soldadas em fábri
 11
17.141580522141226
 21
-0.55
 31
0.0
100
AcDbText
  0
LWPOLYLINE
  5
67
330
17
100
AcDbEntity
  8
CONTORNO
100
AcDbPolyline
 90
194
 70
1
 10
19.176128043596677
 20
0.10842521528638897
 10
19.18407587959375
 20
0.20706386713785507
 10
19.191999987716052
 20
0.3057044279968504
 10
19.199719742085474
 20
0.4043611922281331
 10
19.206904983164563
 20
0.5030583251487327
 10
19.21311617084091
 20
0.6018215413972953
 10
19.217848748838705
 20
0.7006666446731069
 10
19.2225668869332
 20
0.7995124382560025
 10
19.22728460112865
 20
0.8983582520716676
 10
19.232001316632026
 20
0.9972041135478636
 10
19.23671571706033
 20
1.0960500854673745
 10
19.241425045343718
 20
1.1948962991694196
 10
19.246124054791125
 20
1.2937430039517457
 10
19.250803692714662
 20
1.3925906277219493
 10
19.25544978519327
 20
1.4914398338937307
 10
19.260042116868476
 20
1.5902915522697711
 10
19.264554237723065
 20
1.689146964369993
 10
19.268954078802373
 20
1.7880074374347523
 10
19.273205178043284
 20
1.8868744182289234
 10
19.277268176280373
 20
1.9857493077683634
 10
19.281102279000237
 20
2.084633337785575
 10
19.28466650803327
 20
2.1835274630282364
 10
19.287920692229935
 20
2.282432275961305
 10
19.290826221873377
 20
2.38134794526401
 10
19.293346619336063
 20
2.4802741770366863
 10
19.295447977200265
 20
2.5792101969244787
 10
19.29709930206905
 20
2.67815475140975
 10
19.298272787826296
 20
2.777106126677043
 10
19.29894403051323
 20
2.876062183436427
 10
19.299324559957068
 20
2.9750197851325746
 10
19.299703110560902
 20
3.073977394418326
 10
19.3000794918349
 20
3.172935011978814
 10
19.30045349163254
 20
3.271892638568493
 10
19.300824873725837
 20
3.3708502750168843
 10
19.301193375163987
 20
3.4698079222342733
 10
19.301558703420632
 20
3.568765581217174
 10
19.30192053334857
 20
3.6677232530532393
 10
19.302278503979952
 20
3.766680938925223
 10
19.302632215237505
 20
3.865638640113444
 10
19.30298122466028
 20
3.9645963579960526
 10
19.303325044298354
 20
4.063554094046185
 10
19.30366313799917
 20
4.162511849824904
 10
19.303994919395794
 20
4.261469626968572
 10
19.304319751019083
 20
4.3604274271691
 10
19.304636945091772
 20
4.459385252145356
 10
19.30494576672305
 20
4.558343103604002
 10
19.30524544039984
 20
4.657300983188188
 10
19.305535160850408
 20
4.756258892413129
 10
19.30581410950709
 20
4.855216832588529
 10
19.30608147786762
 20
4.954174804729588
 10
19.306336498972446
 20
5.053132809460623
 10
19.306578487872205
 20
5.152090846918342
 10
19.306806891224003
 20
5.251048916665179
 10
19.307021344887563
 20
5.350007017625826
 10
19.307221736490842
 20
5.448965148061461
 10
19.307408267404973
 20
5.547923305594477
 10
19.30758150563231
 20
5.6468814872907265
 10
19.307742418315186
 20
5.745839689796732
 10
19.30789237085052
 20
5.844797909517724
 10
19.308033080186224
 20
5.9437561428133625
 10
19.308166514004167
 20
6.042714386186653
 10
19.308294735781338
 20
6.141672636450523
 10
19.308419707467444
 20
6.240630890872219
 10
19.30854307424281
 20
6.339589147307696
 10
19.30866596553296
 20
6.438547404334797
 10
19.308788848941365
 20
6.537505661371686
 10
19.308911466554466
 20
6.636463918738276
 10
19.309032867108236
 20
6.735422177605419
 10
19.30915152729157
 20
6.834380439796467
 10
19.30926553736124
 20
6.933338707454177
 10
19.30937281569541
 20
7.03229698263857
 10
19.309471316184375
 20
7.13125526694951
 10
19.30955894839609
 20
7.230213561481634
 10
19.309630199651675
 20
7.3291718691640595
 10
19.309684359701713
 20
7.4281301876764525
 10
19.309721147224668
 20
7.527088514171949
 10
19.309740664560106
 20
7.626046845580602
 10
19.309743333192916
 20
7.725005178877954
 10
19.309729821545446
 20
7.823963511288854
 10
19.309700973957085
 20
7.922921840417471
 10
19.30965774668574
 20
8.021880164309472
 10
19.309601154032357
 20
8.120838481460597
 10
19.309532225585954
 20
8.219796790788216
 10
19.30941241884952
 20
8.318755051597796
 10
19.307207803204033
 20
8.417688824425717
 10
19.302994812631052
 20
8.516557436464842
 10
19.296897436524464
 20
8.615327744456291
 10
19.289081475338676
 20
8.71397693343853
 10
19.27974556358188
 20
8.812493898920524
 10
19.269110056904903
 20
8.910879048886539
 10
19.257405036721398
 20
9.009142695463566
 10
19.244858559925373
 20
9.107302451250334
 10
19.23168597074487
 20
9.205380148156372
 10
19.218080725701327
 20
9.30339876395672
 10
19.204206866073783
 20
9.40137972004078
 10
19.19019306060552
 20
9.499340758175379
 10
19.176128043596677
 20
9.5972944565877
 10
20.512411430963155
 20
9.789249421744554
 10
20.526493483493432
 20
9.691218027553452
 10
20.540693223357096
 20
9.592570627962978
 10
20.55520771798463
 20
9.49273261960135
 10
20.57031114953271
 20
9.391184889736873
 10
20.58634457286975
 20
9.287474342489135
 10
20.603703474210803
 20
9.181222403395806
 10
20.622823219055856
 20
9.07213135772725
 10
20.644162548045465
 20
8.959988372969248
 10
20.66818542796556
 20
8.844667040895509
 10
20.695341784489464
 20
8.726126290870557
 10
20.72604789710578
 20
8.60440660948183
 10
20.760667462113723
 20
8.479623666180846
 10
20.799494451677408
 20
8.351959669886675
 10
20.842738856319603
 20
8.221653012605461
 10
20.849612400492276
 20
8.12191116129296
 10
20.853070339538455
 20
8.022762816888976
 10
20.85669231716819
 20
7.923597601808014
 10
20.860474763556912
 20
7.824415572799323
 10
20.86440934868379
 20
7.725217451039603
 10
20.86848181567683
 20
7.626004810638847
 10
20.872670781358135
 20
7.526780257031283
 10
20.87694661655284
 20
7.427547561653065
 10
20.881270571363284
 20
7.32831170781072
 10
20.88559436481679
 20
7.229078795690909
 10
20.889860501110277
 20
7.129855758193803
 10
20.893345606422812
 20
7.030720337535263
 10
20.896487819398416
 20
6.931618037181205
 10
20.899242103104683
 20
6.832548492434969
 10
20.90152354002301
 20
6.733512632803219
 10
20.903254654297054
 20
6.634508001686928
 10
20.904371494947995
 20
6.535528600126205
 10
20.904829213804533
 20
6.436565336479178
 10
20.904606270644763
 20
6.33760707657142
 10
20.903706545099745
 20
6.23864211904021
 10
20.902158973258192
 20
6.139659788686147
 10
20.90001477363508
 20
6.040651803104467
 10
20.897342755644715
 20
5.941613141374936
 10
20.89422349472538
 20
5.842542295293331
 10
20.890743246909274
 20
5.743440950325105
 10
20.88698836989699
 20
5.644313265663341
 10
20.883040782791
 20
5.5451649709199815
 10
20.878974719314275
 20
5.446002476484075
 10
20.874854783403293
 20
5.346832132904014
 10
20.870735143595777
 20
5.24765970304841
 10
20.866659612922707
 20
5.148490051561797
 10
20.862662340702865
 20
5.049327018766029
 10
20.8587688685961
 20
4.950173430056521
 10
20.85499735257256
 20
4.851031191200539
 10
20.851359807629443
 20
4.751901427939647
 10
20.847863282408298
 20
4.6527846394240555
 10
20.84451091134521
 20
4.553680845788009
 10
20.841302821548133
 20
4.45458971893904
 10
20.838236891345073
 20
4.355510691933422
 10
20.83530936938858
 20
4.25644304637007
 10
20.83251536946114
 20
4.157385979547407
 10
20.829849258556767
 20
4.058338654216147
 10
20.827304955862367
 20
3.959300234069879
 10
20.824876158969765
 20
3.860269907977272
 10
20.822556511716076
 20
3.761246905600942
 10
20.82033972591833
 20
3.662230506610432
 10
20.818219667194654
 20
3.563220045261744
 10
20.81619041318339
 20
3.4642149117244116
 10
20.814246290838838
 20
3.365214551205604
 10
20.812381898107713
 20
3.2662184616512766
 10
20.810592114157373
 20
3.16722619059186
 10
20.808872101407665
 20
3.068237331536321
 10
20.807217301880026
 20
2.9692515201947542
 10
20.80562342978855
 20
2.870268430717872
 10
20.790468306986472
 20
2.7669842062760797
 10
20.77128454807339
 20
2.6606720697890447
 10
20.753357640576148
 20
2.5548785649706565
 10
20.736644513435916
 20
2.449619159949914
 10
20.72109946135695
 20
2.3449080952955614
 10
20.70667473130612
 20
2.2407580705867054
 10
20.693321015135098
 20
2.1371796554783997
 10
20.68098776973541
 20
2.034180264898229
 10
20.669623264247353
 20
1.9317625069789846
 10
20.65917424370901
 20
1.829921738972412
 10
20.649585123381765
 20
1.7286428291657232
 10
20.640796722774965
 20
1.6278965168139088
 10
20.632744743105953
 20
1.5276364075952944
 10
20.625358466100145
 20
1.4277982995752647
 10
20.61856037738871
 20
1.3283035758442947
 10
20.612267370428476
 20
1.229067133910574
 10
20.606393719474084
 20
1.130007937849945
 10
20.600855286836147
 20
1.0310584098347828
 10
20.595573900786263
 20
0.9321693220442162
 10
20.590480851851698
 20
0.8333094094200132
 10
20.58551892542773
 20
0.7344614469038342
 10
20.580642947188558
 20
0.6356173290762761
 10
20.57499814759813
 20
0.5366163621299872
 10
20.559897255490565
 20
0.41796906573343356
 10
20.547991950478345
 20
0.30620574869230316
 10
20.538257448483353
 20
0.20036165706672385
 10
20.529764561506273
 20
0.09896044070176037
 10
20.52176691517036
 20
0.0
  0
LWPOLYLINE
  5
68
330
17
100
AcDbEntity
  8
KEDER
100
AcDbPolyline
 90
97
 70
0
 10
19.176128043596677
 20
0.10842521528638897
 10
19.18407587959375
 20
0.20706386713785507
 10
19.191999987716052
 20
0.3057044279968504
 10
19.199719742085474
 20
0.4043611922281331
 10
19.206904983164563
 20
0.5030583251487327
 10
19.21311617084091
 20
0.6018215413972953
 10
19.217848748838705
 20
0.7006666446731069
 10
19.2225668869332
 20
0.7995124382560025
 10
19.22728460112865
 20
0.8983582520716676
 10
19.232001316632026
 20
0.9972041135478636
 10
19.23671571706033
 20
1.0960500854673745
 10
19.241425045343718
 20
1.1948962991694196
 10
19.246124054791125
 20
1.2937430039517457
 10
19.250803692714662
 20
1.3925906277219493
 10
19.25544978519327
 20
1.4914398338937307
 10
19.260042116868476
 20
1.5902915522697711
 10
19.264554237723065
 20
1.689146964369993
 10
19.268954078802373
 20
1.7880074374347523
 10
19.273205178043284
 20
1.8868744182289234
 10
19.277268176280373
 20
1.9857493077683634
 10
19.281102279000237
 20
2.084633337785575
 10
19.28466650803327
 20
2.1835274630282364
 10
19.287920692229935
 20
2.282432275961305
 10
19.290826221873377
 20
2.38134794526401
 10
19.293346619336063
 20
2.4802741770366863
 10
19.295447977200265
 20
2.5792101969244787
 10
19.29709930206905
 20
2.67815475140975
 10
19.298272787826296
 20
2.777106126677043
 10
19.29894403051323
 20
2.876062183436427
 10
19.299324559957068
 20
2.9750197851325746
 10
19.299703110560902
 20
3.073977394418326
 10
19.3000794918349
 20
3.172935011978814
 10
19.30045349163254
 20
3.271892638568493
 10
19.300824873725837
 20
3.3708502750168843
 10
19.301193375163987
 20
3.4698079222342733
 10
19.301558703420632
 20
3.568765581217174
 10
19.30192053334857
 20
3.6677232530532393
 10
19.302278503979952
 20
3.766680938925223
 10
19.302632215237505
 20
3.865638640113444
 10
19.30298122466028
 20
3.9645963579960526
 10
19.303325044298354
 20
4.063554094046185
 10
19.30366313799917
 20
4.162511849824904
 10
19.303994919395794
 20
4.261469626968572
 10
19.304319751019083
 20
4.3604274271691
 10
19.304636945091772
 20
4.459385252145356
 10
19.30494576672305
 20
4.558343103604002
 10
19.30524544039984
 20
4.657300983188188
 10
19.305535160850408
 20
4.756258892413129
 10
19.30581410950709
 20
4.855216832588529
 10
19.30608147786762
 20
4.954174804729588
 10
19.306336498972446
 20
5.053132809460623
 10
19.306578487872205
 20
5.152090846918342
 10
19.306806891224003
 20
5.251048916665179
 10
19.307021344887563
 20
5.350007017625826
 10
19.307221736490842
 20
5.448965148061461
 10
19.307408267404973
 20
5.547923305594477
 10
19.30758150563231
 20
5.6468814872907265
 10
19.307742418315186
 20
5.745839689796732
 10
19.30789237085052
 20
5.844797909517724
 10
19.308033080186224
 20
5.9437561428133625
 10
19.308166514004167
 20
6.042714386186653
 10
19.308294735781338
 20
6.141672636450523
 10
19.308419707467444
 20
6.240630890872219
 10
19.30854307424281
 20
6.339589147307696
 10
19.30866596553296
 20
6.438547404334797
 10
19.308788848941365
 20
6.537505661371686
 10
19.308911466554466
 20
6.636463918738276
 10
19.309032867108236
 20
6.735422177605419
 10
19.30915152729157
 20
6.834380439796467
 10
19.30926553736124
 20
6.933338707454177
 10
19.30937281569541
 20
7.03229698263857
 10
19.309471316184375
 20
7.13125526694951
 10
19.30955894839609
 20
7.230213561481634
 10
19.309630199651675
 20
7.3291718691640595
 10
19.309684359701713
 20
7.4281301876764525
 10
19.309721147224668
 20
7.527088514171949
 10
19.309740664560106
 20
7.626046845580602
 10
19.309743333192916
 20
7.725005178877954
 10
19.309729821545446
 20
7.823963511288854
 10
19.309700973957085
 20
7.922921840417471
 10
19.30965774668574
 20
8.021880164309472
 10
19.309601154032357
 20
8.120838481460597
 10
19.309532225585954
 20
8.219796790788216
 10
19.30941241884952
 20
8.318755051597796
 10
19.307207803204033
 20
8.417688824425717
 10
19.302994812631052
 20
8.516557436464842
 10
19.296897436524464
 20
8.615327744456291
 10
19.289081475338676
 20
8.71397693343853
 10
19.27974556358188
 20
8.812493898920524
 10
19.269110056904903
 20
8.910879048886539
 10
19.257405036721398
 20
9.009142695463566
 10
19.244858559925373
 20
9.107302451250334
 10
19.23168597074487
 20
9.205380148156372
 10
19.218080725701327
 20
9.30339876395672
 10
19.204206866073783
 20
9.40137972004078
 10
19.19019306060552
 20
9.499340758175379
 10
19.176128043596677
 20
9.5972944565877
  0
LWPOLYLINE
  5
69
330
17
100
AcDbEntity
  8
KEDER
100
AcDbPolyline
 90
97
 70
0
 10
20.52176691517036
 20
0.0
 10
20.529764561506273
 20
0.09896044070176037
 10
20.538257448483353
 20
0.20036165706672385
 10
20.547991950478345
 20
0.30620574869230316
 10
20.559897255490565
 20
0.41796906573343356
 10
20.57499814759813
 20
0.5366163621299872
 10
20.580642947188558
 20
0.6356173290762761
 10
20.58551892542773
 20
0.7344614469038342
 10
20.590480851851698
 20
0.8333094094200132
 10
20.595573900786263
 20
0.9321693220442162
 10
20.600855286836147
 20
1.0310584098347828
 10
20.606393719474084
 20
1.130007937849945
 10
20.612267370428476
 20
1.229067133910574
 10
20.61856037738871
 20
1.3283035758442947
 10
20.625358466100145
 20
1.4277982995752647
 10
20.632744743105953
 20
1.5276364075952944
 10
20.640796722774965
 20
1.6278965168139088
 10
20.649585123381765
 20
1.7286428291657232
 10
20.65917424370901
 20
1.829921738972412
 10
20.669623264247353
 20
1.9317625069789846
 10
20.68098776973541
 20
2.034180264898229
 10
20.693321015135098
 20
2.1371796554783997
 10
20.70667473130612
 20
2.2407580705867054
 10
20.72109946135695
 20
2.3449080952955614
 10
20.736644513435916
 20
2.449619159949914
 10
20.753357640576148
 20
2.5548785649706565
 10
20.77128454807339
 20
2.6606720697890447
 10
20.790468306986472
 20
2.7669842062760797
 10
20.80562342978855
 20
2.870268430717872
 10
20.807217301880026
 20
2.9692515201947542
 10
20.808872101407665
 20
3.068237331536321
 10
20.810592114157373
 20
3.16722619059186
 10
20.812381898107713
 20
3.2662184616512766
 10
20.814246290838838
 20
3.365214551205604
 10
20.81619041318339
 20
3.4642149117244116
 10
20.818219667194654
 20
3.563220045261744
 10
20.82033972591833
 20
3.662230506610432
 10
20.822556511716076
 20
3.761246905600942
 10
20.824876158969765
 20
3.860269907977272
 10
20.827304955862367
 20
3.959300234069879
 10
20.829849258556767
 20
4.058338654216147
 10
20.83251536946114
 20
4.157385979547407
 10
20.83530936938858
 20
4.25644304637007
 10
20.838236891345073
 20
4.355510691933422
 10
20.841302821548133
 20
4.45458971893904
 10
20.84451091134521
 20
4.553680845788009
 10
20.847863282408298
 20
4.6527846394240555
 10
20.851359807629443
 20
4.751901427939647
 10
20.85499735257256
 20
4.851031191200539
 10
20.8587688685961
 20
4.950173430056521
 10
20.862662340702865
 20
5.049327018766029
 10
20.866659612922707
 20
5.148490051561797
 10
20.870735143595777
 20
5.24765970304841
 10
20.874854783403293
 20
5.346832132904014
 10
20.878974719314275
 20
5.446002476484075
 10
20.883040782791
 20
5.5451649709199815
 10
20.88698836989699
 20
5.644313265663341
 10
20.890743246909274
 20
5.743440950325105
 10
20.89422349472538
 20
5.842542295293331
 10
20.897342755644715
 20
5.941613141374936
 10
20.90001477363508
 20
6.040651803104467
 10
20.902158973258192
 20
6.139659788686147
 10
20.903706545099745
 20
6.23864211904021
 10
20.904606270644763
 20
6.33760707657142
 10
20.904829213804533
 20
6.436565336479178
 10
20.904371494947995
 20
6.535528600126205
 10
20.903254654297054
 20
6.634508001686928
 10
20.90152354002301
 20
6.733512632803219
 10
20.899242103104683
 20
6.832548492434969
 10
20.896487819398416
 20
6.931618037181205
 10
20.893345606422812
 20
7.030720337535263
 10
20.889860501110277
 20
7.129855758193803
 10
20.88559436481679
 20
7.229078795690909
 10
20.881270571363284
 20
7.32831170781072
 10
20.87694661655284
 20
7.427547561653065
 10
20.872670781358135
 20
7.526780257031283
 10
20.86848181567683
 20
7.626004810638847
 10
20.86440934868379
 20
7.725217451039603
 10
20.860474763556912
 20
7.824415572799323
 10
20.85669231716819
 20
7.923597601808014
 10
20.853070339538455
 20
8.022762816888976
 10
20.849612400492276
 20
8.12191116129296
 10
20.842738856319603
 20
8.221653012605461
 10
20.799494451677408
 20
8.351959669886675
 10
20.760667462113723
 20
8.479623666180846
 10
20.72604789710578
 20
8.60440660948183
 10
20.695341784489464
 20
8.726126290870557
 10
20.66818542796556
 20
8.844667040895509
 10
20.644162548045465
 20
8.959988372969248
 10
20.622823219055856
 20
9.07213135772725
 10
20.603703474210803
 20
9.181222403395806
 10
20.58634457286975
 20
9.287474342489135
 10
20.57031114953271
 20
9.391184889736873
 10
20.55520771798463
 20
9.49273261960135
 10
20.540693223357096
 20
9.592570627962978
 10
20.526493483493432
 20
9.691218027553452
 10
20.512411430963155
 20
9.789249421744554
  0
LWPOLYLINE
  5
6A
330
17
100
AcDbEntity
  8
KEDER
100
AcDbPolyline
 90
2
 70
0
 10
19.176128043596677
 20
0.10842521528638897
 10
20.52176691517036
 20
0.0
  0
LWPOLYLINE
  5
6B
330
17
100
AcDbEntity
  8
KEDER
100
AcDbPolyline
 90
2
 70
0
 10
19.176128043596677
 20
9.5972944565877
 10
20.512411430963155
 20
9.789249421744554
  0
TEXT
  5
6C
330
17
100
AcDbEntity
  8
TEXTO
100
AcDbText
 10
19.176128043596677
 20
-0.35
 30
0.0
 40
0.12
  1
F1 · x1 · 14.31 m2
 11
19.176128043596677
 21
-0.35
 31
0.0
100
AcDbText
  0
TEXT
  5
6D
330
17
100
AcDbEntity
  8
TEXTO
100
AcDbText
 10
19.176128043596677
 20
-0.55
 30
0.0
 40
0.06
  1
ZION SAFARI · FORRO / REVESTIMENTO INTERNO · Trevira CS 210 g/m² tensionado, creme; harpão nos trilhos su
 11
19.176128043596677
 21
-0.55
 31
0.0
100
AcDbText
  0
LWPOLYLINE
  5
6E
330
17
100
AcDbEntity
  8
CONTORNO
100
AcDbPolyline
 90
194
 70
1
 10
21.504829213804534
 20
0.43376518795549285
 10
21.536729618597697
 20
0.5277837783769265
 10
21.56943494638901
 20
0.6241409127446652
 10
21.603632592675147
 20
0.7247801359611754
 10
21.6398597707678
 20
0.8311773487579099
 10
21.678505361029433
 20
0.9443662891981568
 10
21.709800189637065
 20
1.0384603321612225
 10
21.738703784010152
 20
1.1331097749763452
 10
21.764858678064773
 20
1.228563753020366
 10
21.78793271676205
 20
1.324828025778806
 10
21.807821113058647
 20
1.4218403776491113
 10
21.824674569565257
 20
1.5195012415316724
 10
21.84223274598901
 20
1.6171687107339852
 10
21.860720357728773
 20
1.7148707145846016
 10
21.88023625255244
 20
1.8126692008186034
 10
21.900830711051018
 20
1.910638957275257
 10
21.922504066873792
 20
2.00885906481184
 10
21.94521433869082
 20
2.1074049880746095
 10
21.968889938413227
 20
2.206343528482613
 10
21.99344311482486
 20
2.305730980338863
 10
22.018781266222707
 20
2.4056135474160705
 10
22.04481506843794
 20
2.506028807930563
 10
22.07146356863881
 20
2.607007356389971
 10
22.098656875429338
 20
2.7085742040800076
 10
22.126337109748043
 20
2.81074983881377
 10
22.154458152737092
 20
2.913550995934371
 10
22.182984593091106
 20
3.0169912292814667
 10
22.211890185127466
 20
3.1210813523455734
 10
22.23793366801517
 20
3.2221706483405814
 10
22.256878225008403
 20
3.3193369809407285
 10
22.275637359662674
 20
3.4165430716729857
 10
22.294165448536308
 20
3.51379769924241
 10
22.312414372141156
 20
3.6111098251227665
 10
22.33033515497499
 20
3.708488196694317
 10
22.34787968149501
 20
3.8059409574747725
 10
22.3650023646964
 20
3.9034753004446823
 10
22.38166166293108
 20
4.001097192906363
 10
22.397821364729282
 20
4.098811191116006
 10
22.41345158597266
 20
4.1966203519696155
 10
22.428529445971787
 20
4.294526238811011
 10
22.44303940748199
 20
4.392529009987351
 10
22.456973280021288
 20
4.490627572661274
 10
22.470329896046405
 20
4.588819780760805
 10
22.483114475826753
 20
4.687102654661152
 10
22.495337699660823
 20
4.785472600882
 10
22.507014506142692
 20
4.883925612266769
 10
22.51816263370522
 20
4.9824574322877675
 10
22.52881444461918
 20
5.081062210967707
 10
22.539062126564865
 20
5.179727943175569
 10
22.54889682504689
 20
5.278453251806438
 10
22.55830920103709
 20
5.377235843679901
 10
22.567286493600236
 20
5.476072544741246
 10
22.57580960316233
 20
5.5749592795929725
 10
22.58385044185439
 20
5.673891009532041
 10
22.591369876137872
 20
5.772861656825845
 10
22.598316687971767
 20
5.871864055687147
 10
22.604628086834822
 20
5.970889981781612
 10
22.610386754906425
 20
6.06992146520896
 10
22.615515691682607
 20
6.168951171393108
 10
22.61977726969299
 20
6.267979456669938
 10
22.622890520131183
 20
6.36700523043125
 10
22.625160209452993
 20
6.466010418736451
 10
22.626487936418833
 20
6.564995942132703
 10
22.62679825448953
 20
6.66396450293817
 10
22.62604849597203
 20
6.762920173669004
 10
22.624232618171714
 20
6.861867834813859
 10
22.62138175413905
 20
6.96081247509632
 10
22.61756137373407
 20
7.059758513079981
 10
22.612865538554296
 20
7.158709286595786
 10
22.607409182021083
 20
7.257666797419086
 10
22.600735684988038
 20
7.35659406299941
 10
22.59222335445445
 20
7.455424816396679
 10
22.58079219278228
 20
7.554079464699998
 10
22.567157603887317
 20
7.65246627287707
 10
22.551024602247438
 20
7.750477382100003
 10
22.53210280135159
 20
7.84798315654181
 10
22.510114575375813
 20
7.944831374855508
 10
22.484811994087625
 20
8.040849666773525
 10
22.455999767609175
 20
8.13585284527894
 10
22.423559588722696
 20
8.22965591864425
 10
22.387469928687562
 20
8.322091815581276
 10
22.347815564185442
 20
8.413030712190105
 10
22.303489046298292
 20
8.502645679270044
 10
22.23472293906277
 20
8.621478023185052
 10
22.167985987932198
 20
8.737028057465322
 10
22.103312933752544
 20
8.849218490583622
 10
22.040704814549503
 20
8.958024600702663
 10
21.98012922893111
 20
9.063475895351521
 10
21.921520480694895
 20
9.165657708905114
 10
21.864779639944967
 20
9.264712708693875
 10
21.809774630298485
 20
9.360842151643416
 10
21.75634052546041
 20
9.45430659652496
 10
21.704280303916686
 20
9.545425648359076
 10
21.653366352296455
 20
9.634576221074955
 10
21.603343003836166
 20
9.722188794811434
 10
21.553930325442206
 20
9.808741260241908
 10
21.504829213804534
 20
9.894750209116205
 10
22.6772323837459
 20
10.564056422378446
 10
22.726338071553585
 20
10.478039494838997
 10
22.775794429368172
 20
10.39141113240124
 10
22.825946691164347
 20
10.303575687591286
 10
22.8771281207932
 20
10.213965306368111
 10
22.92965471315886
 20
10.12204950302456
 10
22.98382140563409
 20
10.027341885711007
 10
23.039899822812696
 20
9.92940404998039
 10
23.098137358900026
 20
9.827847048608534
 10
23.1587572733538
 20
9.722331063838
 10
23.221959429933406
 20
9.61256397045681
 10
23.287921318388292
 20
9.498299439710102
 10
23.356799028346146
 20
9.379335155300517
 10
23.428727868295994
 20
9.255511642005793
 10
23.503822317223715
 20
9.126712178201942
 10
23.582174943820085
 20
8.992864300121635
 10
23.666577150151497
 20
8.855581074947445
 10
23.75799338618744
 20
8.715577664065218
 10
23.856745603800288
 20
8.573316180615508
 10
23.962973067225327
 20
8.429282972438376
 10
24.076601127007475
 20
8.28398978777031
 10
24.197298927127353
 20
8.137987493419285
 10
24.32441234260503
 20
7.99189635966689
 10
24.45685114938261
 20
7.846457477655037
 10
24.592898697870606
 20
7.70261085095086
 10
24.729896973080074
 20
7.56160465177412
 10
24.86374386318992
 20
7.4251277588287
 10
24.98817603187788
 20
7.2954300404206895
 10
25.07681656275453
 20
7.181220581850673
 10
25.077970856051216
 20
7.082268528735139
 10
25.079164976063048
 20
6.983316797328931
 10
25.080402784039634
 20
6.88436540935874
 10
25.081688575215843
 20
6.785414387398048
 10
25.08302714848419
 20
6.686463755335051
 10
25.084423855832174
 20
6.587513538703846
 10
25.085884622744064
 20
6.488563764730494
 10
25.08741593692388
 20
6.3896144619834425
 10
25.076535445258166
 20
6.290251469846489
 10
25.00144792482934
 20
6.178672962025245
 10
24.941816745620955
 20
6.07122902661842
 10
24.89436260702334
 20
5.96664877403101
 10
24.84274065284206
 20
5.860905194296146
 10
24.776372068081187
 20
5.75055169716995
 10
24.710185634473035
 20
5.639843072530609
 10
24.644847256932906
 20
5.528985337560626
 10
24.58082931451223
 20
5.418139894063581
 10
24.51848031829584
 20
5.307439665447271
 10
24.458068447184804
 20
5.197000314280823
 10
24.399808920258046
 20
5.086927883735971
 10
24.34388119682736
 20
4.977323821205895
 10
24.290439590892426
 20
4.868287953219842
 10
24.235888299565925
 20
4.758153588545068
 10
24.182824532901876
 20
4.648109864434912
 10
24.13176897276254
 20
4.538441565247652
 10
24.082739863219462
 20
4.429193038579405
 10
24.03574417964898
 20
4.320409236424928
 10
23.99077808828741
 20
4.212135726441379
 10
23.947827036307274
 20
4.104418360453341
 10
23.906865603678995
 20
3.99730259138845
 10
23.867857220844684
 20
3.8908324247973427
 10
23.83075384180888
 20
3.7850489960743774
 10
23.795495657334378
 20
3.679988781971377
 10
23.76201093517834
 20
3.5756814882040584
 10
23.73021608114651
 20
3.47214770651887
 10
23.700016022263732
 20
3.3693965042871192
 10
23.67130501546389
 20
3.267423191222843
 10
23.643967973629465
 20
3.166207585484854
 10
23.617882366669644
 20
3.065713148739118
 10
23.592920692655618
 20
2.96588734305072
 10
23.568953424854893
 20
2.866663451964174
 10
23.545766221882438
 20
2.76798406782833
 10
23.52346860448516
 20
2.669711008253728
 10
23.50205591249508
 20
2.5717367518924994
 10
23.481507598424912
 20
2.473965396517469
 10
23.461785567612658
 20
2.376316724319316
 10
23.44283381827324
 20
2.2787284048296863
 10
23.424579680739864
 20
2.181156160676318
 10
23.406936736871256
 20
2.0835721250748573
 10
23.389809231204833
 20
1.9859619239424438
 10
23.373097524529474
 20
1.8883211500244335
 10
23.356703949665324
 20
1.7906518561818123
 10
23.340538351681474
 20
1.6929595286317622
 10
23.324522640956832
 20
1.5952507842102253
 10
23.308593837111548
 20
1.4975318404174411
 10
23.292705306542413
 20
1.399807675576232
 10
23.27682617993371
 20
1.3020817323487974
 10
23.25276898298123
 20
1.2033037271600466
 10
23.17981900634635
 20
1.0562707041294022
 10
23.114302977945176
 20
0.9133741309288039
 10
23.05616670337777
 20
0.7756594733943427
 10
23.005013868554386
 20
0.6441165068411301
 10
22.960100378810374
 20
0.5195534183144421
 10
22.92008813919481
 20
0.40255236429467783
 10
22.882880307039905
 20
0.293392780752846
 10
22.84810799123849
 20
0.191116805740733
 10
22.81517299872797
 20
0.09409785477199867
 10
22.783245328267245
 20
0.0
  0
LWPOLYLINE
  5
6F
330
17
100
AcDbEntity
  8
KEDER
100
AcDbPolyline
 90
97
 70
0
 10
21.504829213804534
 20
0.43376518795549285
 10
21.536729618597697
 20
0.5277837783769265
 10
21.56943494638901
 20
0.6241409127446652
 10
21.603632592675147
 20
0.7247801359611754
 10
21.6398597707678
 20
0.8311773487579099
 10
21.678505361029433
 20
0.9443662891981568
 10
21.709800189637065
 20
1.0384603321612225
 10
21.738703784010152
 20
1.1331097749763452
 10
21.764858678064773
 20
1.228563753020366
 10
21.78793271676205
 20
1.324828025778806
 10
21.807821113058647
 20
1.4218403776491113
 10
21.824674569565257
 20
1.5195012415316724
 10
21.84223274598901
 20
1.6171687107339852
 10
21.860720357728773
 20
1.7148707145846016
 10
21.88023625255244
 20
1.8126692008186034
 10
21.900830711051018
 20
1.910638957275257
 10
21.922504066873792
 20
2.00885906481184
 10
21.94521433869082
 20
2.1074049880746095
 10
21.968889938413227
 20
2.206343528482613
 10
21.99344311482486
 20
2.305730980338863
 10
22.018781266222707
 20
2.4056135474160705
 10
22.04481506843794
 20
2.506028807930563
 10
22.07146356863881
 20
2.607007356389971
 10
22.098656875429338
 20
2.7085742040800076
 10
22.126337109748043
 20
2.81074983881377
 10
22.154458152737092
 20
2.913550995934371
 10
22.182984593091106
 20
3.0169912292814667
 10
22.211890185127466
 20
3.1210813523455734
 10
22.23793366801517
 20
3.2221706483405814
 10
22.256878225008403
 20
3.3193369809407285
 10
22.275637359662674
 20
3.4165430716729857
 10
22.294165448536308
 20
3.51379769924241
 10
22.312414372141156
 20
3.6111098251227665
 10
22.33033515497499
 20
3.708488196694317
 10
22.34787968149501
 20
3.8059409574747725
 10
22.3650023646964
 20
3.9034753004446823
 10
22.38166166293108
 20
4.001097192906363
 10
22.397821364729282
 20
4.098811191116006
 10
22.41345158597266
 20
4.1966203519696155
 10
22.428529445971787
 20
4.294526238811011
 10
22.44303940748199
 20
4.392529009987351
 10
22.456973280021288
 20
4.490627572661274
 10
22.470329896046405
 20
4.588819780760805
 10
22.483114475826753
 20
4.687102654661152
 10
22.495337699660823
 20
4.785472600882
 10
22.507014506142692
 20
4.883925612266769
 10
22.51816263370522
 20
4.9824574322877675
 10
22.52881444461918
 20
5.081062210967707
 10
22.539062126564865
 20
5.179727943175569
 10
22.54889682504689
 20
5.278453251806438
 10
22.55830920103709
 20
5.377235843679901
 10
22.567286493600236
 20
5.476072544741246
 10
22.57580960316233
 20
5.5749592795929725
 10
22.58385044185439
 20
5.673891009532041
 10
22.591369876137872
 20
5.772861656825845
 10
22.598316687971767
 20
5.871864055687147
 10
22.604628086834822
 20
5.970889981781612
 10
22.610386754906425
 20
6.06992146520896
 10
22.615515691682607
 20
6.168951171393108
 10
22.61977726969299
 20
6.267979456669938
 10
22.622890520131183
 20
6.36700523043125
 10
22.625160209452993
 20
6.466010418736451
 10
22.626487936418833
 20
6.564995942132703
 10
22.62679825448953
 20
6.66396450293817
 10
22.62604849597203
 20
6.762920173669004
 10
22.624232618171714
 20
6.861867834813859
 10
22.62138175413905
 20
6.96081247509632
 10
22.61756137373407
 20
7.059758513079981
 10
22.612865538554296
 20
7.158709286595786
 10
22.607409182021083
 20
7.257666797419086
 10
22.600735684988038
 20
7.35659406299941
 10
22.59222335445445
 20
7.455424816396679
 10
22.58079219278228
 20
7.554079464699998
 10
22.567157603887317
 20
7.65246627287707
 10
22.551024602247438
 20
7.750477382100003
 10
22.53210280135159
 20
7.84798315654181
 10
22.510114575375813
 20
7.944831374855508
 10
22.484811994087625
 20
8.040849666773525
 10
22.455999767609175
 20
8.13585284527894
 10
22.423559588722696
 20
8.22965591864425
 10
22.387469928687562
 20
8.322091815581276
 10
22.347815564185442
 20
8.413030712190105
 10
22.303489046298292
 20
8.502645679270044
 10
22.23472293906277
 20
8.621478023185052
 10
22.167985987932198
 20
8.737028057465322
 10
22.103312933752544
 20
8.849218490583622
 10
22.040704814549503
 20
8.958024600702663
 10
21.98012922893111
 20
9.063475895351521
 10
21.921520480694895
 20
9.165657708905114
 10
21.864779639944967
 20
9.264712708693875
 10
21.809774630298485
 20
9.360842151643416
 10
21.75634052546041
 20
9.45430659652496
 10
21.704280303916686
 20
9.545425648359076
 10
21.653366352296455
 20
9.634576221074955
 10
21.603343003836166
 20
9.722188794811434
 10
21.553930325442206
 20
9.808741260241908
 10
21.504829213804534
 20
9.894750209116205
  0
LWPOLYLINE
  5
70
330
17
100
AcDbEntity
  8
KEDER
100
AcDbPolyline
 90
97
 70
0
 10
22.783245328267245
 20
0.0
 10
22.81517299872797
 20
0.09409785477199867
 10
22.84810799123849
 20
0.191116805740733
 10
22.882880307039905
 20
0.293392780752846
 10
22.92008813919481
 20
0.40255236429467783
 10
22.960100378810374
 20
0.5195534183144421
 10
23.005013868554386
 20
0.6441165068411301
 10
23.05616670337777
 20
0.7756594733943427
 10
23.114302977945176
 20
0.9133741309288039
 10
23.17981900634635
 20
1.0562707041294022
 10
23.25276898298123
 20
1.2033037271600466
 10
23.27682617993371
 20
1.3020817323487974
 10
23.292705306542413
 20
1.399807675576232
 10
23.308593837111548
 20
1.4975318404174411
 10
23.324522640956832
 20
1.5952507842102253
 10
23.340538351681474
 20
1.6929595286317622
 10
23.356703949665324
 20
1.7906518561818123
 10
23.373097524529474
 20
1.8883211500244335
 10
23.389809231204833
 20
1.9859619239424438
 10
23.406936736871256
 20
2.0835721250748573
 10
23.424579680739864
 20
2.181156160676318
 10
23.44283381827324
 20
2.2787284048296863
 10
23.461785567612658
 20
2.376316724319316
 10
23.481507598424912
 20
2.473965396517469
 10
23.50205591249508
 20
2.5717367518924994
 10
23.52346860448516
 20
2.669711008253728
 10
23.545766221882438
 20
2.76798406782833
 10
23.568953424854893
 20
2.866663451964174
 10
23.592920692655618
 20
2.96588734305072
 10
23.617882366669644
 20
3.065713148739118
 10
23.643967973629465
 20
3.166207585484854
 10
23.67130501546389
 20
3.267423191222843
 10
23.700016022263732
 20
3.3693965042871192
 10
23.73021608114651
 20
3.47214770651887
 10
23.76201093517834
 20
3.5756814882040584
 10
23.795495657334378
 20
3.679988781971377
 10
23.83075384180888
 20
3.7850489960743774
 10
23.867857220844684
 20
3.8908324247973427
 10
23.906865603678995
 20
3.99730259138845
 10
23.947827036307274
 20
4.104418360453341
 10
23.99077808828741
 20
4.212135726441379
 10
24.03574417964898
 20
4.320409236424928
 10
24.082739863219462
 20
4.429193038579405
 10
24.13176897276254
 20
4.538441565247652
 10
24.182824532901876
 20
4.648109864434912
 10
24.235888299565925
 20
4.758153588545068
 10
24.290439590892426
 20
4.868287953219842
 10
24.34388119682736
 20
4.977323821205895
 10
24.399808920258046
 20
5.086927883735971
 10
24.458068447184804
 20
5.197000314280823
 10
24.51848031829584
 20
5.307439665447271
 10
24.58082931451223
 20
5.418139894063581
 10
24.644847256932906
 20
5.528985337560626
 10
24.710185634473035
 20
5.639843072530609
 10
24.776372068081187
 20
5.75055169716995
 10
24.84274065284206
 20
5.860905194296146
 10
24.89436260702334
 20
5.96664877403101
 10
24.941816745620955
 20
6.07122902661842
 10
25.00144792482934
 20
6.178672962025245
 10
25.076535445258166
 20
6.290251469846489
 10
25.08741593692388
 20
6.3896144619834425
 10
25.085884622744064
 20
6.488563764730494
 10
25.084423855832174
 20
6.587513538703846
 10
25.08302714848419
 20
6.686463755335051
 10
25.081688575215843
 20
6.785414387398048
 10
25.080402784039634
 20
6.88436540935874
 10
25.079164976063048
 20
6.983316797328931
 10
25.077970856051216
 20
7.082268528735139
 10
25.07681656275453
 20
7.181220581850673
 10
24.98817603187788
 20
7.2954300404206895
 10
24.86374386318992
 20
7.4251277588287
 10
24.729896973080074
 20
7.56160465177412
 10
24.592898697870606
 20
7.70261085095086
 10
24.45685114938261
 20
7.846457477655037
 10
24.32441234260503
 20
7.99189635966689
 10
24.197298927127353
 20
8.137987493419285
 10
24.076601127007475
 20
8.28398978777031
 10
23.962973067225327
 20
8.429282972438376
 10
23.856745603800288
 20
8.573316180615508
 10
23.75799338618744
 20
8.715577664065218
 10
23.666577150151497
 20
8.855581074947445
 10
23.582174943820085
 20
8.992864300121635
 10
23.503822317223715
 20
9.126712178201942
 10
23.428727868295994
 20
9.255511642005793
 10
23.356799028346146
 20
9.379335155300517
 10
23.287921318388292
 20
9.498299439710102
 10
23.221959429933406
 20
9.61256397045681
 10
23.1587572733538
 20
9.722331063838
 10
23.098137358900026
 20
9.827847048608534
 10
23.039899822812696
 20
9.92940404998039
 10
22.98382140563409
 20
10.027341885711007
 10
22.92965471315886
 20
10.12204950302456
 10
22.8771281207932
 20
10.213965306368111
 10
22.825946691164347
 20
10.303575687591286
 10
22.775794429368172
 20
10.39141113240124
 10
22.726338071553585
 20
10.478039494838997
 10
22.6772323837459
 20
10.564056422378446
  0
LWPOLYLINE
  5
71
330
17
100
AcDbEntity
  8
KEDER
100
AcDbPolyline
 90
2
 70
0
 10
21.504829213804534
 20
0.43376518795549285
 10
22.783245328267245
 20
0.0
  0
LWPOLYLINE
  5
72
330
17
100
AcDbEntity
  8
KEDER
100
AcDbPolyline
 90
2
 70
0
 10
21.504829213804534
 20
9.894750209116205
 10
22.6772323837459
 20
10.564056422378446
  0
LWPOLYLINE
  5
73
330
17
100
AcDbEntity
  8
RECORTE
100
AcDbPolyline
 90
17
 70
1
 10
24.86243814663994
 20
5.99017786169206
 10
24.73235486055573
 20
6.055362220254215
 10
24.62498938835774
 20
6.133632013151604
 10
24.542927321228007
 20
6.224039163316774
 10
24.46815047502426
 20
6.321282692635671
 10
24.383858576420653
 20
6.420383344933505
 10
24.318175698393965
 20
6.525076462776074
 10
24.27789812153297
 20
6.633763897066973
 10
24.263526657438902
 20
6.7445850111886525
 10
24.275224553988537
 20
6.855644814020041
 10
24.31283143052738
 20
6.965045384283417
 10
24.37585291461501
 20
7.070917037315939
 10
24.463430333293992
 20
7.171449354194285
 10
24.512091110374058
 20
7.275766736975996
 10
24.55487016780423
 20
7.381995534248604
 10
24.60814362587366
 20
7.48278869272015
 10
24.676592595252743
 20
7.573921405926008
  0
TEXT
  5
74
330
17
100
AcDbEntity
  8
TEXTO
100
AcDbText
 10
24.485491528077752
 20
6.7544606839235275
 30
0.0
 40
0.05
  1
poço de luz do cume principal Ø1,70
 11
24.485491528077752
 21
6.7544606839235275
 31
0.0
100
AcDbText
  0
TEXT
  5
75
330
17
100
AcDbEntity
  8
TEXTO
100
AcDbText
 10
21.504829213804534
 20
-0.35
 30
0.0
 40
0.12
  1
F2 · x1 · 17.41 m2
 11
21.504829213804534
 21
-0.35
 31
0.0
100
AcDbText
  0
TEXT
  5
76
330
17
100
AcDbEntity
  8
TEXTO
100
AcDbText
 10
21.504829213804534
 20
-0.55
 30
0.0
 40
0.06
  1
ZION SAFARI · FORRO / REVESTIMENTO INTERNO · Trevira CS 210 g/m² tensionado, creme; harpão nos trilhos su
 11
21.504829213804534
 21
-0.55
 31
0.0
100
AcDbText
  0
LWPOLYLINE
  5
77
330
17
100
AcDbEntity
  8
CONTORNO
100
AcDbPolyline
 90
194
 70
1
 10
27.441294252452668
 20
0.04715566134062421
 10
27.444765150426058
 20
0.1464619314397433
 10
27.448363207736396
 20
0.2488555082028056
 10
27.452223667151426
 20
0.3568119154419161
 10
27.456471659465194
 20
0.47206030811615673
 10
27.461210064783153
 20
0.5956231402131577
 10
27.466512333173736
 20
0.7279298691962575
 10
27.4724187541465
 20
0.8689450412572102
 10
27.478935255496257
 20
1.0182858880827514
 10
27.486035030079577
 20
1.175325290179178
 10
27.49366455452903
 20
1.3392832095037255
 10
27.48733486658808
 20
1.440751323139732
 10
27.469950231449097
 20
1.5382207086032267
 10
27.44562433083647
 20
1.6341931440049753
 10
27.416043829429572
 20
1.7286797182070033
 10
27.384806276830624
 20
1.8226356495475868
 10
27.35368992214752
 20
1.9166403828941423
 10
27.322774337078897
 20
2.010726868939736
 10
27.29215893112101
 20
2.1049377960625746
 10
27.261961008448022
 20
2.1993262926164445
 10
27.23224470550901
 20
2.2939352711134924
 10
27.20290806477458
 20
2.3887662675051295
 10
27.174128999321617
 20
2.4839209536508386
 10
27.145787593780998
 20
2.5794248091405727
 10
27.117882968798042
 20
2.675356050389488
 10
27.090391360406382
 20
2.7718012148915885
 10
27.063260909193158
 20
2.868851287517608
 10
27.03641246875686
 20
2.966598044401169
 10
27.00974513336015
 20
3.065130595931237
 10
26.98314502086237
 20
3.164532359829198
 10
26.956495599859952
 20
3.264878755218075
 10
26.92968773618572
 20
3.3662358030558495
 10
26.902627806188537
 20
3.468659621952203
 10
26.875242720031903
 20
3.5721966210046534
 10
26.847481430953493
 20
3.676884096481171
 10
26.81931328812436
 20
3.7827509651440643
 10
26.79072419666631
 20
3.889818476600198
 10
26.7617118112105
 20
3.9981008667586386
 10
26.73228087808445
 20
4.107605982988961
 10
26.701669105147367
 20
4.218125421564139
 10
26.6690815024204
 20
4.329417253924429
 10
26.634404940476255
 20
4.441411175135487
 10
26.597558381600283
 20
4.5540381744937255
 10
26.558492288110987
 20
4.6672324080096415
 10
26.517187301437524
 20
4.780932470206954
 10
26.473652526802972
 20
4.895081968436809
 10
26.428217152206617
 20
5.009279378227898
 10
26.382586385419117
 20
5.121807858510721
 10
26.33461176584327
 20
5.235118919964528
 10
26.28440851801225
 20
5.3490914883790275
 10
26.232131631443863
 20
5.463605992211157
 10
26.177980159119652
 20
5.578538824726565
 10
26.122207262136012
 20
5.693753377878006
 10
26.065138894203134
 20
5.8090865576821225
 10
26.007205869676515
 20
5.9243289467258196
 10
25.948997177190005
 20
6.039195963271709
 10
25.902328147833334
 20
6.1472169450648035
 10
25.85899447727234
 20
6.253570682643695
 10
25.80614440836488
 20
6.3645073628083955
 10
25.741091536178708
 20
6.482218972057845
 10
25.727101875563466
 20
6.581192093162346
 10
25.72263984533708
 20
6.680052599551417
 10
25.717927048035307
 20
6.778900872935128
 10
25.71304786391809
 20
6.877740590281591
 10
25.708086053797672
 20
6.976575805687793
 10
25.703084607017512
 20
7.075408712839809
 10
25.698022384488528
 20
7.174238279533595
 10
25.69282753847443
 20
7.2730607701203995
 10
25.687415936923877
 20
7.371871476916031
 10
25.749094365671873
 20
7.502625886280035
 10
25.837586637867496
 20
7.659067506465613
 10
25.932666776745755
 20
7.824900855014701
 10
26.02948602359059
 20
7.996006988911293
 10
26.124927200149983
 20
8.169476782479865
 10
26.21701219688803
 20
8.343295249039897
 10
26.304514542596678
 20
8.516048770714407
 10
26.38672382185667
 20
8.686712953579748
 10
26.463305752558096
 20
8.854512397473004
 10
26.534216765876252
 20
9.018833629313896
 10
26.602678505325017
 20
9.177903803728892
 10
26.66865228309272
 20
9.331544110669142
 10
26.73212697880266
 20
9.479670338435756
 10
26.793119301903356
 20
9.622268813476449
 10
26.851668337218108
 20
9.759383687212418
 10
26.90783237214852
 20
9.891109241458794
 10
26.96168725962778
 20
10.017585685861375
 10
27.01332583633321
 20
10.138997427925876
 10
27.0628580668748
 20
10.255573092295606
 10
27.110411662806754
 20
10.367586719075643
 10
27.156132954077027
 20
10.475359622264454
 10
27.200187785266564
 20
10.579262367125775
 10
27.242762183028464
 20
10.67971625707598
 10
27.284062510769864
 20
10.777193642854897
 10
27.324314813832306
 20
10.872216330987708
 10
27.363763089799704
 20
10.965351438500582
 10
27.402666317621037
 20
11.057204273905992
 10
27.441294252452668
 20
11.14840823790447
 10
28.684396282943574
 20
10.621912899093772
 10
28.64576945887683
 20
10.530711553347293
 10
28.60687695791689
 20
10.43888397163319
 10
28.5674607596966
 20
10.345824243369595
 10
28.527275962153237
 20
10.250959850218464
 10
28.486095142109477
 20
10.153762040366674
 10
28.443711584702335
 20
10.053753442211557
 10
28.399941417780795
 20
9.95051301573666
 10
28.3546248505997
 20
9.843678825088746
 10
28.30762680835047
 20
9.732949327137737
 10
28.25883728354176
 20
9.618083928992116
 10
28.208171714352083
 20
9.498903526360495
 10
28.15557167226414
 20
9.375291649508432
 10
28.10100611384747
 20
9.247196753703603
 10
28.0444734337303
 20
9.114636115457785
 10
27.986004549529657
 20
8.977701734917316
 10
27.925667250305946
 20
8.83656858226817
 10
27.863572036554494
 20
8.691505428426575
 10
27.79987965066119
 20
8.54288831118823
 10
27.735526035688736
 20
8.392772310171303
 10
27.698865346415733
 20
8.297208180824894
 10
27.66499459939831
 20
8.199843046984348
 10
27.63357756695948
 20
8.100749982179238
 10
27.60417328286311
 20
8.000010764855196
 10
27.576311438321166
 20
7.8977246302167785
 10
27.549598223637112
 20
7.794039983375144
 10
27.52384561389553
 20
7.689208221438559
 10
27.499210148664417
 20
7.5836468100578385
 10
27.47631150441793
 20
7.477980315257715
 10
27.45595099919406
 20
7.373068754024371
 10
27.439820527036275
 20
7.269661968368869
 10
27.429802527293976
 20
7.1681950047723655
 10
27.427407212506964
 20
7.068492981726003
 10
27.433410456124214
 20
6.969710074307091
 10
27.447642678209647
 20
6.870731702418909
 10
27.469019073281963
 20
6.770772970865619
 10
27.495803643984097
 20
6.6696797121729405
 10
27.525998495866325
 20
6.567792367611012
 10
27.55755015823617
 20
6.465576302917195
 10
27.589145439366778
 20
6.363548826399622
 10
27.61957096169177
 20
6.2619584341098875
 10
27.64812480236626
 20
6.160925938999472
 10
27.674585250637854
 20
6.06049992432607
 10
27.699182835449804
 20
5.9607092624202425
 10
27.72210662483182
 20
5.8614905535498885
 10
27.743623381126557
 20
5.762764701708202
 10
27.764034894811296
 20
5.664451960159671
 10
27.783650927469278
 20
5.566479851977715
 10
27.80277260868236
 20
5.468786591850729
 10
27.82168232629551
 20
5.371321884871752
 10
27.840637384505957
 20
5.274046269990317
 10
27.859865729558614
 20
5.17692966671012
 10
27.879763872358307
 20
5.079990524930612
 10
27.900593295701352
 20
4.983236373450399
 10
27.92256439862505
 20
4.886678644412405
 10
27.945859940920844
 20
4.79033599793732
 10
27.970633154574532
 20
4.694232313652906
 10
27.997006395172427
 20
4.5983944707857445
 10
28.02507060442748
 20
4.502850035374189
 10
28.05390534483233
 20
4.408163058589992
 10
28.082615572869035
 20
4.310638906568021
 10
28.11185337414835
 20
4.21448887698389
 10
28.14190561505691
 20
4.119481139054668
 10
28.173070662664095
 20
4.025371243358885
 10
28.20563650932446
 20
3.9319243623438003
 10
28.239858156648722
 20
3.8389348025571457
 10
28.27593820286636
 20
3.746239004715329
 10
28.314013711424007
 20
3.653720413560638
 10
28.354150597051134
 20
3.5613070408962066
 10
28.396344658473573
 20
3.4689642144622614
 10
28.440526620882476
 20
3.3766854766983907
 10
28.486567261297967
 20
3.2844841141653793
 10
28.534277396808278
 20
3.192386909793557
 10
28.583395002496534
 20
3.1004308615897918
 10
28.6335455318456
 20
3.0086627963637858
 10
28.684146676080033
 20
2.917139704736494
 10
28.729568094588096
 20
2.826069282710938
 10
28.77877745178999
 20
2.7350776757379562
 10
28.818110895989356
 20
2.643469940868352
 10
28.850234124076387
 20
2.5498574741040967
 10
28.88253498622788
 20
2.4563112103975606
 10
28.91498323775118
 20
2.362819222912166
 10
28.947552278552507
 20
2.2693712762936253
 10
28.937764705988286
 20
2.128228959061171
 10
28.907288347040264
 20
1.9228476190592665
 10
28.87981927061971
 20
1.7029061769064469
 10
28.86030903384694
 20
1.4835534434100688
 10
28.847512862421205
 20
1.2730373098561887
 10
28.836328435292245
 20
1.0756638195581174
 10
28.826770995153332
 20
0.8932566694250541
 10
28.818723467704803
 20
0.7264657465337171
 10
28.812004755646583
 20
0.5751658005442021
 10
28.806401545069683
 20
0.43859708689473625
 10
28.801683372901607
 20
0.31535733792621456
 10
28.797611367537215
 20
0.20330698220536764
 10
28.79394766399379
 20
0.09946154441463312
 10
28.790470424642027
 20
0.0
  0
LWPOLYLINE
  5
78
330
17
100
AcDbEntity
  8
KEDER
100
AcDbPolyline
 90
97
 70
0
 10
27.441294252452668
 20
0.04715566134062421
 10
27.444765150426058
 20
0.1464619314397433
 10
27.448363207736396
 20
0.2488555082028056
 10
27.452223667151426
 20
0.3568119154419161
 10
27.456471659465194
 20
0.47206030811615673
 10
27.461210064783153
 20
0.5956231402131577
 10
27.466512333173736
 20
0.7279298691962575
 10
27.4724187541465
 20
0.8689450412572102
 10
27.478935255496257
 20
1.0182858880827514
 10
27.486035030079577
 20
1.175325290179178
 10
27.49366455452903
 20
1.3392832095037255
 10
27.48733486658808
 20
1.440751323139732
 10
27.469950231449097
 20
1.5382207086032267
 10
27.44562433083647
 20
1.6341931440049753
 10
27.416043829429572
 20
1.7286797182070033
 10
27.384806276830624
 20
1.8226356495475868
 10
27.35368992214752
 20
1.9166403828941423
 10
27.322774337078897
 20
2.010726868939736
 10
27.29215893112101
 20
2.1049377960625746
 10
27.261961008448022
 20
2.1993262926164445
 10
27.23224470550901
 20
2.2939352711134924
 10
27.20290806477458
 20
2.3887662675051295
 10
27.174128999321617
 20
2.4839209536508386
 10
27.145787593780998
 20
2.5794248091405727
 10
27.117882968798042
 20
2.675356050389488
 10
27.090391360406382
 20
2.7718012148915885
 10
27.063260909193158
 20
2.868851287517608
 10
27.03641246875686
 20
2.966598044401169
 10
27.00974513336015
 20
3.065130595931237
 10
26.98314502086237
 20
3.164532359829198
 10
26.956495599859952
 20
3.264878755218075
 10
26.92968773618572
 20
3.3662358030558495
 10
26.902627806188537
 20
3.468659621952203
 10
26.875242720031903
 20
3.5721966210046534
 10
26.847481430953493
 20
3.676884096481171
 10
26.81931328812436
 20
3.7827509651440643
 10
26.79072419666631
 20
3.889818476600198
 10
26.7617118112105
 20
3.9981008667586386
 10
26.73228087808445
 20
4.107605982988961
 10
26.701669105147367
 20
4.218125421564139
 10
26.6690815024204
 20
4.329417253924429
 10
26.634404940476255
 20
4.441411175135487
 10
26.597558381600283
 20
4.5540381744937255
 10
26.558492288110987
 20
4.6672324080096415
 10
26.517187301437524
 20
4.780932470206954
 10
26.473652526802972
 20
4.895081968436809
 10
26.428217152206617
 20
5.009279378227898
 10
26.382586385419117
 20
5.121807858510721
 10
26.33461176584327
 20
5.235118919964528
 10
26.28440851801225
 20
5.3490914883790275
 10
26.232131631443863
 20
5.463605992211157
 10
26.177980159119652
 20
5.578538824726565
 10
26.122207262136012
 20
5.693753377878006
 10
26.065138894203134
 20
5.8090865576821225
 10
26.007205869676515
 20
5.9243289467258196
 10
25.948997177190005
 20
6.039195963271709
 10
25.902328147833334
 20
6.1472169450648035
 10
25.85899447727234
 20
6.253570682643695
 10
25.80614440836488
 20
6.3645073628083955
 10
25.741091536178708
 20
6.482218972057845
 10
25.727101875563466
 20
6.581192093162346
 10
25.72263984533708
 20
6.680052599551417
 10
25.717927048035307
 20
6.778900872935128
 10
25.71304786391809
 20
6.877740590281591
 10
25.708086053797672
 20
6.976575805687793
 10
25.703084607017512
 20
7.075408712839809
 10
25.698022384488528
 20
7.174238279533595
 10
25.69282753847443
 20
7.2730607701203995
 10
25.687415936923877
 20
7.371871476916031
 10
25.749094365671873
 20
7.502625886280035
 10
25.837586637867496
 20
7.659067506465613
 10
25.932666776745755
 20
7.824900855014701
 10
26.02948602359059
 20
7.996006988911293
 10
26.124927200149983
 20
8.169476782479865
 10
26.21701219688803
 20
8.343295249039897
 10
26.304514542596678
 20
8.516048770714407
 10
26.38672382185667
 20
8.686712953579748
 10
26.463305752558096
 20
8.854512397473004
 10
26.534216765876252
 20
9.018833629313896
 10
26.602678505325017
 20
9.177903803728892
 10
26.66865228309272
 20
9.331544110669142
 10
26.73212697880266
 20
9.479670338435756
 10
26.793119301903356
 20
9.622268813476449
 10
26.851668337218108
 20
9.759383687212418
 10
26.90783237214852
 20
9.891109241458794
 10
26.96168725962778
 20
10.017585685861375
 10
27.01332583633321
 20
10.138997427925876
 10
27.0628580668748
 20
10.255573092295606
 10
27.110411662806754
 20
10.367586719075643
 10
27.156132954077027
 20
10.475359622264454
 10
27.200187785266564
 20
10.579262367125775
 10
27.242762183028464
 20
10.67971625707598
 10
27.284062510769864
 20
10.777193642854897
 10
27.324314813832306
 20
10.872216330987708
 10
27.363763089799704
 20
10.965351438500582
 10
27.402666317621037
 20
11.057204273905992
 10
27.441294252452668
 20
11.14840823790447
  0
LWPOLYLINE
  5
79
330
17
100
AcDbEntity
  8
KEDER
100
AcDbPolyline
 90
97
 70
0
 10
28.790470424642027
 20
0.0
 10
28.79394766399379
 20
0.09946154441463312
 10
28.797611367537215
 20
0.20330698220536764
 10
28.801683372901607
 20
0.31535733792621456
 10
28.806401545069683
 20
0.43859708689473625
 10
28.812004755646583
 20
0.5751658005442021
 10
28.818723467704803
 20
0.7264657465337171
 10
28.826770995153332
 20
0.8932566694250541
 10
28.836328435292245
 20
1.0756638195581174
 10
28.847512862421205
 20
1.2730373098561887
 10
28.86030903384694
 20
1.4835534434100688
 10
28.87981927061971
 20
1.7029061769064469
 10
28.907288347040264
 20
1.9228476190592665
 10
28.937764705988286
 20
2.128228959061171
 10
28.947552278552507
 20
2.2693712762936253
 10
28.91498323775118
 20
2.362819222912166
 10
28.88253498622788
 20
2.4563112103975606
 10
28.850234124076387
 20
2.5498574741040967
 10
28.818110895989356
 20
2.643469940868352
 10
28.77877745178999
 20
2.7350776757379562
 10
28.729568094588096
 20
2.826069282710938
 10
28.684146676080033
 20
2.917139704736494
 10
28.6335455318456
 20
3.0086627963637858
 10
28.583395002496534
 20
3.1004308615897918
 10
28.534277396808278
 20
3.192386909793557
 10
28.486567261297967
 20
3.2844841141653793
 10
28.440526620882476
 20
3.3766854766983907
 10
28.396344658473573
 20
3.4689642144622614
 10
28.354150597051134
 20
3.5613070408962066
 10
28.314013711424007
 20
3.653720413560638
 10
28.27593820286636
 20
3.746239004715329
 10
28.239858156648722
 20
3.8389348025571457
 10
28.20563650932446
 20
3.9319243623438003
 10
28.173070662664095
 20
4.025371243358885
 10
28.14190561505691
 20
4.119481139054668
 10
28.11185337414835
 20
4.21448887698389
 10
28.082615572869035
 20
4.310638906568021
 10
28.05390534483233
 20
4.408163058589992
 10
28.02507060442748
 20
4.502850035374189
 10
27.997006395172427
 20
4.5983944707857445
 10
27.970633154574532
 20
4.694232313652906
 10
27.945859940920844
 20
4.79033599793732
 10
27.92256439862505
 20
4.886678644412405
 10
27.900593295701352
 20
4.983236373450399
 10
27.879763872358307
 20
5.079990524930612
 10
27.859865729558614
 20
5.17692966671012
 10
27.840637384505957
 20
5.274046269990317
 10
27.82168232629551
 20
5.371321884871752
 10
27.80277260868236
 20
5.468786591850729
 10
27.783650927469278
 20
5.566479851977715
 10
27.764034894811296
 20
5.664451960159671
 10
27.743623381126557
 20
5.762764701708202
 10
27.72210662483182
 20
5.8614905535498885
 10
27.699182835449804
 20
5.9607092624202425
 10
27.674585250637854
 20
6.06049992432607
 10
27.64812480236626
 20
6.160925938999472
 10
27.61957096169177
 20
6.2619584341098875
 10
27.589145439366778
 20
6.363548826399622
 10
27.55755015823617
 20
6.465576302917195
 10
27.525998495866325
 20
6.567792367611012
 10
27.495803643984097
 20
6.6696797121729405
 10
27.469019073281963
 20
6.770772970865619
 10
27.447642678209647
 20
6.870731702418909
 10
27.433410456124214
 20
6.969710074307091
 10
27.427407212506964
 20
7.068492981726003
 10
27.429802527293976
 20
7.1681950047723655
 10
27.439820527036275
 20
7.269661968368869
 10
27.45595099919406
 20
7.373068754024371
 10
27.47631150441793
 20
7.477980315257715
 10
27.499210148664417
 20
7.5836468100578385
 10
27.52384561389553
 20
7.689208221438559
 10
27.549598223637112
 20
7.794039983375144
 10
27.576311438321166
 20
7.8977246302167785
 10
27.60417328286311
 20
8.000010764855196
 10
27.63357756695948
 20
8.100749982179238
 10
27.66499459939831
 20
8.199843046984348
 10
27.698865346415733
 20
8.297208180824894
 10
27.735526035688736
 20
8.392772310171303
 10
27.79987965066119
 20
8.54288831118823
 10
27.863572036554494
 20
8.691505428426575
 10
27.925667250305946
 20
8.83656858226817
 10
27.986004549529657
 20
8.977701734917316
 10
28.0444734337303
 20
9.114636115457785
 10
28.10100611384747
 20
9.247196753703603
 10
28.15557167226414
 20
9.375291649508432
 10
28.208171714352083
 20
9.498903526360495
 10
28.25883728354176
 20
9.618083928992116
 10
28.30762680835047
 20
9.732949327137737
 10
28.3546248505997
 20
9.843678825088746
 10
28.399941417780795
 20
9.95051301573666
 10
28.443711584702335
 20
10.053753442211557
 10
28.486095142109477
 20
10.153762040366674
 10
28.527275962153237
 20
10.250959850218464
 10
28.5674607596966
 20
10.345824243369595
 10
28.60687695791689
 20
10.43888397163319
 10
28.64576945887683
 20
10.530711553347293
 10
28.684396282943574
 20
10.621912899093772
  0
LWPOLYLINE
  5
7A
330
17
100
AcDbEntity
  8
KEDER
100
AcDbPolyline
 90
2
 70
0
 10
27.441294252452668
 20
0.04715566134062421
 10
28.790470424642027
 20
0.0
  0
LWPOLYLINE
  5
7B
330
17
100
AcDbEntity
  8
KEDER
100
AcDbPolyline
 90
2
 70
0
 10
27.441294252452668
 20
11.14840823790447
 10
28.684396282943574
 20
10.621912899093772
  0
LWPOLYLINE
  5
7C
330
17
100
AcDbEntity
  8
RECORTE
100
AcDbPolyline
 90
31
 70
1
 10
26.50685755024103
 20
8.005381870435663
 10
26.62744358135106
 20
7.985059294838897
 10
26.737287567771958
 20
7.945257811565964
 10
26.836777212432217
 20
7.8890892742711625
 10
26.926289630373233
 20
7.819273506834632
 10
27.00646292135676
 20
7.738959087884647
 10
27.077140219577444
 20
7.650175760131174
 10
27.13853767414773
 20
7.555149214713915
 10
27.19221418622691
 20
7.456793024426411
 10
27.24017317141361
 20
7.3557465342625274
 10
27.272454267680246
 20
7.249035868732082
 10
27.2922065365391
 20
7.139332231767999
 10
27.30204624977275
 20
7.028408754369907
 10
27.302887222426808
 20
6.917075725050458
 10
27.29348467315426
 20
6.806045631363039
 10
27.270969269628527
 20
6.696803659948518
 10
27.233039905380952
 20
6.5916024514802025
 10
27.18326896264966
 20
6.490697410197558
 10
27.12005805774225
 20
6.396621738340565
 10
27.040018855626187
 20
6.312706176898533
 10
26.943798407103234
 20
6.240555048131924
 10
26.83497303564148
 20
6.180450619767288
 10
26.715282615457717
 20
6.133500329173369
 10
26.586222889239217
 20
6.100776267491422
 10
26.449399126177042
 20
6.083070969843937
 10
26.30650534314956
 20
6.080937007952166
 10
26.159339416759682
 20
6.094660523665396
 10
26.009816418303387
 20
6.124239321179183
 10
26.077811450552087
 20
7.923416118479588
 10
26.232230749395526
 20
7.97641001730853
 10
26.375187514062805
 20
8.003309664210684
  0
TEXT
  5
7D
330
17
100
AcDbEntity
  8
TEXTO
100
AcDbText
 10
26.848070473591434
 20
7.031307771442494
 30
0.0
 40
0.05
  1
poço de luz do cume principal Ø1,70
 11
26.848070473591434
 21
7.031307771442494
 31
0.0
100
AcDbText
  0
LWPOLYLINE
  5
7E
330
17
100
AcDbEntity
  8
RECORTE
100
AcDbPolyline
 90
17
 70
1
 10
28.826716476151507
 20
1.6754758814598552
 10
28.769402887726244
 20
1.7555610798926469
 10
28.719173084945076
 20
1.8489312147297605
 10
28.676823980538547
 20
1.9477602211649825
 10
28.640025344904352
 20
2.047601736508354
 10
28.602168858901496
 20
2.1276490425193257
 10
28.554368486861367
 20
2.1934448593257114
 10
28.511983493337105
 20
2.260123307075223
 10
28.480788089920043
 20
2.3321753002741397
 10
28.461317433810883
 20
2.408368750623312
 10
28.45393280731104
 20
2.487411490589342
 10
28.45590319365918
 20
2.5671439774059968
 10
28.466783204096103
 20
2.6464229013864933
 10
28.485350014710026
 20
2.724106262198642
 10
28.51653357270448
 20
2.799102968216857
 10
28.558625796472548
 20
2.8700781592370403
 10
28.60840931871426
 20
2.935999581274409
  0
TEXT
  5
7F
330
17
100
AcDbEntity
  8
TEXTO
100
AcDbText
 10
28.575782708515543
 20
2.3310209843460052
 30
0.0
 40
0.05
  1
poço de luz do cume secundário Ø1,20
 11
28.575782708515543
 21
2.3310209843460052
 31
0.0
100
AcDbText
  0
TEXT
  5
80
330
17
100
AcDbEntity
  8
TEXTO
100
AcDbText
 10
25.687415936923877
 20
-0.35
 30
0.0
 40
0.12
  1
F3 · x1 · 16.64 m2
 11
25.687415936923877
 21
-0.35
 31
0.0
100
AcDbText
  0
TEXT
  5
81
330
17
100
AcDbEntity
  8
TEXTO
100
AcDbText
 10
25.687415936923877
 20
-0.55
 30
0.0
 40
0.06
  1
ZION SAFARI · FORRO / REVESTIMENTO INTERNO · Trevira CS 210 g/m² tensionado, creme; harpão nos trilhos su
 11
25.687415936923877
 21
-0.55
 31
0.0
100
AcDbText
  0
LWPOLYLINE
  5
82
330
17
100
AcDbEntity
  8
CONTORNO
100
AcDbPolyline
 90
194
 70
1
 10
30.94558451816839
 20
0.0
 10
30.903807711897958
 20
0.0903293333790114
 10
30.860003092396614
 20
0.18455487653980054
 10
30.8118569630795
 20
0.2858159928512244
 10
30.756962240658584
 20
0.39625541663079017
 10
30.692981961490506
 20
0.5170400737450697
 10
30.617776380115934
 20
0.6484970449495809
 10
30.52953621147844
 20
0.7902632161463982
 10
30.426955962004552
 20
0.9413956266331958
 10
30.309488625333174
 20
1.1004013211789532
 10
30.177773109550618
 20
1.2651186772522192
 10
30.03445644657029
 20
1.4323209653449545
 10
29.885906623976265
 20
1.5968254891214892
 10
29.74570690174566
 20
1.7499735911736134
 10
29.665845914403
 20
1.8667604611166952
 10
29.664016653740312
 20
1.9657044601836833
 10
29.66200780946782
 20
2.064646894435006
 10
29.659778816344083
 20
2.1635876885435885
 10
29.657283442819402
 20
2.262526906386628
 10
29.66549598379661
 20
2.361883089340797
 10
29.687783825380443
 20
2.462899352849615
 10
29.70503887068814
 20
2.563194868395559
 10
29.73000498558908
 20
2.6647509868995902
 10
29.754854981003803
 20
2.766333126654589
 10
29.778817276893793
 20
2.86779377107143
 10
29.80137123593257
 20
2.969033442224564
 10
29.822113595702472
 20
3.0699818762589177
 10
29.840695764178534
 20
3.1705905948688
 10
29.856794975874514
 20
3.2708320623156513
 10
29.870102849693005
 20
3.370702486013017
 10
29.88032373732307
 20
3.4702261893063824
 10
29.887178976789638
 20
3.5694596834726857
 10
29.890414655236235
 20
3.6684935653510222
 10
29.88981101352559
 20
3.7674505739802178
 10
29.885191811302658
 20
3.8664788307105735
 10
29.876432143798787
 20
3.9657404833024765
 10
29.86346352162334
 20
4.065397354874628
 10
29.84627552245295
 20
4.165596207692625
 10
29.84450875399664
 20
4.264560566711255
 10
29.852376333508335
 20
4.363830099659946
 10
29.858953998247838
 20
4.463012629732737
 10
29.86419929383831
 20
4.56211922447768
 10
29.868063427942946
 20
4.661162933456593
 10
29.87048985328671
 20
4.760159079142724
 10
29.87141266209759
 20
4.859125634752982
 10
29.870754806135576
 20
4.958083709316698
 10
29.868426194896024
 20
5.0570581578165115
 10
29.864321791231013
 20
5.156078324211429
 10
29.858319937009064
 20
5.255178900761746
 10
29.85028133032076
 20
5.354400836689062
 10
29.840049383385058
 20
5.453792133998036
 10
29.827453177770135
 20
5.553408200201221
 10
29.812314977465515
 20
5.653311150682429
 10
29.794465333162545
 20
5.753567035835315
 10
29.77377021705454
 20
5.854239423069653
 10
29.750176144776777
 20
5.955377247345577
 10
29.72378009986748
 20
6.05699484276412
 10
29.694929437292334
 20
6.159043652082534
 10
29.66434938948479
 20
6.261380001589218
 10
29.633277771224297
 20
6.36374301159999
 10
29.603555780288982
 20
6.4657692989817805
 10
29.577589362721714
 20
6.5670757910715025
 10
29.558087970383106
 20
6.6674171782299725
 10
29.54755227855251
 20
6.766856976322966
 10
29.547632375743163
 20
6.865822098040171
 10
29.558628129613233
 20
6.964944872059541
 10
29.579398411290164
 20
7.064767216348742
 10
29.607731946365625
 20
7.165516242357749
 10
29.640972835704595
 20
7.267084097161046
 10
29.676604728873137
 20
7.369163106858912
 10
29.71260788980479
 20
7.471407373802212
 10
29.747570280583716
 20
7.573537322643151
 10
29.78063292083943
 20
7.675375250983981
 10
29.811363535873078
 20
7.776836401283991
 10
29.839622883577036
 20
7.877902771049742
 10
29.865453995071764
 20
7.978596460517747
 10
29.889001808720437
 20
8.078959288614971
 10
29.910459842919018
 20
8.179039565013676
 10
30.007165850344673
 20
8.31066080056906
 10
30.100501551460876
 20
8.442691912259313
 10
30.188383101154987
 20
8.573749027276662
 10
30.270470215489894
 20
8.70344429363001
 10
30.346585053094454
 20
8.831413690323522
 10
30.416698886654622
 20
8.957319675395187
 10
30.480919404276634
 20
9.080856826135093
 10
30.539477358023376
 20
9.20176020317452
 10
30.59271154087771
 20
9.319815656452125
 10
30.641051580849883
 20
9.434870938632912
 10
30.68499861866763
 20
9.546846362538286
 10
30.725104419288733
 20
9.65574383867531
 10
30.761949751281033
 20
9.761653397646327
 10
30.796122930088202
 20
9.864756644412125
 10
30.82819931203732
 20
9.965326917855704
 10
30.85872233123497
 20
10.063726187876338
 10
30.88818647199295
 20
10.16039890437913
 10
30.917022416532248
 20
10.255863136931985
 10
30.94558451816839
 20
10.35069943459052
 10
32.23825673156584
 20
9.961471289783216
 10
32.20972534749431
 20
9.866715224757938
 10
32.181199977440926
 20
9.771957349098823
 10
32.15272836724577
 20
9.677183306508004
 10
32.124404440225646
 20
9.582365022963796
 10
32.096365503729345
 20
9.487462073714221
 10
32.06878807095536
 20
9.392423992201035
 10
32.04188203382259
 20
9.297193656162978
 10
32.01588291278254
 20
9.201711734097826
 10
31.991042008900678
 20
9.105921957866522
 10
31.967614528139933
 20
9.009776729792964
 10
31.945846141605003
 20
8.913242336524156
 10
31.925958929885912
 20
8.816302919638398
 10
31.908138098897176
 20
8.718962436184789
 10
31.892521065029825
 20
8.621244167732586
 10
31.879190337584852
 20
8.523187839829186
 10
31.868171053861378
 20
8.424844934023366
 10
31.859433197472747
 20
8.326273124656574
 10
31.852897720449587
 20
8.227530837483393
 10
31.848445247304742
 20
8.128672720876786
 10
31.84587425966211
 20
8.029747790961963
 10
31.843386438547313
 20
7.930820734591061
 10
31.84099685863572
 20
7.831891256456598
 10
31.838722411153544
 20
7.732959064401827
 10
31.836581195984163
 20
7.6340238990979294
 10
31.834591246394822
 20
7.535085575700256
 10
31.832768325020403
 20
7.43614403390019
 10
31.83112263882084
 20
7.337199385469648
 10
31.829654686966478
 20
7.238251940563454
 10
31.82835119252333
 20
7.139302192517549
 10
31.8271830868446
 20
7.040350753593022
 10
31.826108219687143
 20
6.941398257936243
 10
31.8250806437134
 20
6.84244525988298
 10
31.824064940692267
 20
6.743492139247579
 10
31.82304934187519
 20
6.644539017542633
 10
31.82204982409381
 20
6.545585732097855
 10
31.821102370136156
 20
6.446631934459213
 10
31.82024839431063
 20
6.347677285950916
 10
31.819521455173483
 20
6.248721622668809
 10
31.818940234539525
 20
6.149764996217187
 10
31.818507943159407
 20
6.050807607103115
 10
31.81821564940868
 20
5.951849705445519
 10
31.818046852265987
 20
5.852891516074271
 10
31.8179816034643
 20
5.753933204252045
 10
31.817999510617398
 20
5.654974872538918
 10
31.818081596849147
 20
5.556016573250976
 10
31.818211264458455
 20
5.457058324871056
 10
31.818374656730676
 20
5.358100126428094
 10
31.81856066157887
 20
5.2591419679048705
 10
31.81876072767941
 20
5.160183836810622
 10
31.818968600015747
 20
5.061225721806329
 10
31.819180035688227
 20
4.962267614351369
 10
31.819392531045107
 20
4.863309509166223
 10
31.819605073428345
 20
4.764351404082069
 10
31.819817921044972
 20
4.6653932996539655
 10
31.820032409602025
 20
4.5664351987689455
 10
31.820250782314513
 20
4.4674771063789365
 10
31.82047603941335
 20
4.368519029420304
 10
31.820711803564894
 20
4.269560976936558
 10
31.82096219821838
 20
4.170602960391012
 10
31.82121310299025
 20
4.071644945137539
 10
31.821528898216357
 20
3.9726871156873824
 10
31.82188231137056
 20
3.873729413434079
 10
31.822252789024965
 20
3.7747717735955155
 10
31.82262769735169
 20
3.675814150443695
 10
31.82300261858693
 20
3.5768565273407806
 10
31.823380738774024
 20
3.4778989164094565
 10
31.823771501559694
 20
3.3789413545935125
 10
31.824188817696104
 20
3.2799839011938143
 10
31.824649142875842
 20
3.1810266385152213
 10
31.82516967889719
 20
3.0820696742410405
 10
31.82576684967619
 20
2.98311314275791
 10
31.82645508965842
 20
2.884157202755109
 10
31.82724587707874
 20
2.785202029108821
 10
31.828146845014363
 20
2.686247797299918
 10
31.829160683461136
 20
2.587294657543188
 10
31.830283369302418
 20
2.4883426928703587
 10
31.831458470135424
 20
2.3893913367697808
 10
31.832715163556678
 20
2.290440983269876
 10
31.833984844016417
 20
2.191490795560902
 10
31.835254740964714
 20
2.0925406106300395
 10
31.836524770747502
 20
1.9935904274040248
 10
31.837794879483127
 20
1.8946402451914044
 10
31.839065033497974
 20
1.7956900635599908
 10
31.841225651597338
 20
1.696755320089662
 10
31.846276489990316
 20
1.5979259683380742
 10
31.855283987696215
 20
1.4993784330000994
 10
31.868970437552814
 20
1.4013711229337893
 10
31.887722713961697
 20
1.3042057800094935
 10
31.91157623961999
 20
1.2081653663817902
 10
31.940218520973705
 20
1.1134427637203046
 10
31.97304091711713
 20
1.020086231825021
 10
32.00923560410346
 20
0.9279846771689076
 10
32.0479122291535
 20
0.8368975188487076
 10
32.0882082331157
 20
0.7465150880294954
 10
32.12938112201362
 20
0.6565287281969588
 10
32.170883661149865
 20
0.5666939299205933
  0
LWPOLYLINE
  5
83
330
17
100
AcDbEntity
  8
KEDER
100
AcDbPolyline
 90
97
 70
0
 10
30.94558451816839
 20
0.0
 10
30.903807711897958
 20
0.0903293333790114
 10
30.860003092396614
 20
0.18455487653980054
 10
30.8118569630795
 20
0.2858159928512244
 10
30.756962240658584
 20
0.39625541663079017
 10
30.692981961490506
 20
0.5170400737450697
 10
30.617776380115934
 20
0.6484970449495809
 10
30.52953621147844
 20
0.7902632161463982
 10
30.426955962004552
 20
0.9413956266331958
 10
30.309488625333174
 20
1.1004013211789532
 10
30.177773109550618
 20
1.2651186772522192
 10
30.03445644657029
 20
1.4323209653449545
 10
29.885906623976265
 20
1.5968254891214892
 10
29.74570690174566
 20
1.7499735911736134
 10
29.665845914403
 20
1.8667604611166952
 10
29.664016653740312
 20
1.9657044601836833
 10
29.66200780946782
 20
2.064646894435006
 10
29.659778816344083
 20
2.1635876885435885
 10
29.657283442819402
 20
2.262526906386628
 10
29.66549598379661
 20
2.361883089340797
 10
29.687783825380443
 20
2.462899352849615
 10
29.70503887068814
 20
2.563194868395559
 10
29.73000498558908
 20
2.6647509868995902
 10
29.754854981003803
 20
2.766333126654589
 10
29.778817276893793
 20
2.86779377107143
 10
29.80137123593257
 20
2.969033442224564
 10
29.822113595702472
 20
3.0699818762589177
 10
29.840695764178534
 20
3.1705905948688
 10
29.856794975874514
 20
3.2708320623156513
 10
29.870102849693005
 20
3.370702486013017
 10
29.88032373732307
 20
3.4702261893063824
 10
29.887178976789638
 20
3.5694596834726857
 10
29.890414655236235
 20
3.6684935653510222
 10
29.88981101352559
 20
3.7674505739802178
 10
29.885191811302658
 20
3.8664788307105735
 10
29.876432143798787
 20
3.9657404833024765
 10
29.86346352162334
 20
4.065397354874628
 10
29.84627552245295
 20
4.165596207692625
 10
29.84450875399664
 20
4.264560566711255
 10
29.852376333508335
 20
4.363830099659946
 10
29.858953998247838
 20
4.463012629732737
 10
29.86419929383831
 20
4.56211922447768
 10
29.868063427942946
 20
4.661162933456593
 10
29.87048985328671
 20
4.760159079142724
 10
29.87141266209759
 20
4.859125634752982
 10
29.870754806135576
 20
4.958083709316698
 10
29.868426194896024
 20
5.0570581578165115
 10
29.864321791231013
 20
5.156078324211429
 10
29.858319937009064
 20
5.255178900761746
 10
29.85028133032076
 20
5.354400836689062
 10
29.840049383385058
 20
5.453792133998036
 10
29.827453177770135
 20
5.553408200201221
 10
29.812314977465515
 20
5.653311150682429
 10
29.794465333162545
 20
5.753567035835315
 10
29.77377021705454
 20
5.854239423069653
 10
29.750176144776777
 20
5.955377247345577
 10
29.72378009986748
 20
6.05699484276412
 10
29.694929437292334
 20
6.159043652082534
 10
29.66434938948479
 20
6.261380001589218
 10
29.633277771224297
 20
6.36374301159999
 10
29.603555780288982
 20
6.4657692989817805
 10
29.577589362721714
 20
6.5670757910715025
 10
29.558087970383106
 20
6.6674171782299725
 10
29.54755227855251
 20
6.766856976322966
 10
29.547632375743163
 20
6.865822098040171
 10
29.558628129613233
 20
6.964944872059541
 10
29.579398411290164
 20
7.064767216348742
 10
29.607731946365625
 20
7.165516242357749
 10
29.640972835704595
 20
7.267084097161046
 10
29.676604728873137
 20
7.369163106858912
 10
29.71260788980479
 20
7.471407373802212
 10
29.747570280583716
 20
7.573537322643151
 10
29.78063292083943
 20
7.675375250983981
 10
29.811363535873078
 20
7.776836401283991
 10
29.839622883577036
 20
7.877902771049742
 10
29.865453995071764
 20
7.978596460517747
 10
29.889001808720437
 20
8.078959288614971
 10
29.910459842919018
 20
8.179039565013676
 10
30.007165850344673
 20
8.31066080056906
 10
30.100501551460876
 20
8.442691912259313
 10
30.188383101154987
 20
8.573749027276662
 10
30.270470215489894
 20
8.70344429363001
 10
30.346585053094454
 20
8.831413690323522
 10
30.416698886654622
 20
8.957319675395187
 10
30.480919404276634
 20
9.080856826135093
 10
30.539477358023376
 20
9.20176020317452
 10
30.59271154087771
 20
9.319815656452125
 10
30.641051580849883
 20
9.434870938632912
 10
30.68499861866763
 20
9.546846362538286
 10
30.725104419288733
 20
9.65574383867531
 10
30.761949751281033
 20
9.761653397646327
 10
30.796122930088202
 20
9.864756644412125
 10
30.82819931203732
 20
9.965326917855704
 10
30.85872233123497
 20
10.063726187876338
 10
30.88818647199295
 20
10.16039890437913
 10
30.917022416532248
 20
10.255863136931985
 10
30.94558451816839
 20
10.35069943459052
  0
LWPOLYLINE
  5
84
330
17
100
AcDbEntity
  8
KEDER
100
AcDbPolyline
 90
97
 70
0
 10
32.170883661149865
 20
0.5666939299205933
 10
32.12938112201362
 20
0.6565287281969588
 10
32.0882082331157
 20
0.7465150880294954
 10
32.0479122291535
 20
0.8368975188487076
 10
32.00923560410346
 20
0.9279846771689076
 10
31.97304091711713
 20
1.020086231825021
 10
31.940218520973705
 20
1.1134427637203046
 10
31.91157623961999
 20
1.2081653663817902
 10
31.887722713961697
 20
1.3042057800094935
 10
31.868970437552814
 20
1.4013711229337893
 10
31.855283987696215
 20
1.4993784330000994
 10
31.846276489990316
 20
1.5979259683380742
 10
31.841225651597338
 20
1.696755320089662
 10
31.839065033497974
 20
1.7956900635599908
 10
31.837794879483127
 20
1.8946402451914044
 10
31.836524770747502
 20
1.9935904274040248
 10
31.835254740964714
 20
2.0925406106300395
 10
31.833984844016417
 20
2.191490795560902
 10
31.832715163556678
 20
2.290440983269876
 10
31.831458470135424
 20
2.3893913367697808
 10
31.830283369302418
 20
2.4883426928703587
 10
31.829160683461136
 20
2.587294657543188
 10
31.828146845014363
 20
2.686247797299918
 10
31.82724587707874
 20
2.785202029108821
 10
31.82645508965842
 20
2.884157202755109
 10
31.82576684967619
 20
2.98311314275791
 10
31.82516967889719
 20
3.0820696742410405
 10
31.824649142875842
 20
3.1810266385152213
 10
31.824188817696104
 20
3.2799839011938143
 10
31.823771501559694
 20
3.3789413545935125
 10
31.823380738774024
 20
3.4778989164094565
 10
31.82300261858693
 20
3.5768565273407806
 10
31.82262769735169
 20
3.675814150443695
 10
31.822252789024965
 20
3.7747717735955155
 10
31.82188231137056
 20
3.873729413434079
 10
31.821528898216357
 20
3.9726871156873824
 10
31.82121310299025
 20
4.071644945137539
 10
31.82096219821838
 20
4.170602960391012
 10
31.820711803564894
 20
4.269560976936558
 10
31.82047603941335
 20
4.368519029420304
 10
31.820250782314513
 20
4.4674771063789365
 10
31.820032409602025
 20
4.5664351987689455
 10
31.819817921044972
 20
4.6653932996539655
 10
31.819605073428345
 20
4.764351404082069
 10
31.819392531045107
 20
4.863309509166223
 10
31.819180035688227
 20
4.962267614351369
 10
31.818968600015747
 20
5.061225721806329
 10
31.81876072767941
 20
5.160183836810622
 10
31.81856066157887
 20
5.2591419679048705
 10
31.818374656730676
 20
5.358100126428094
 10
31.818211264458455
 20
5.457058324871056
 10
31.818081596849147
 20
5.556016573250976
 10
31.817999510617398
 20
5.654974872538918
 10
31.8179816034643
 20
5.753933204252045
 10
31.818046852265987
 20
5.852891516074271
 10
31.81821564940868
 20
5.951849705445519
 10
31.818507943159407
 20
6.050807607103115
 10
31.818940234539525
 20
6.149764996217187
 10
31.819521455173483
 20
6.248721622668809
 10
31.82024839431063
 20
6.347677285950916
 10
31.821102370136156
 20
6.446631934459213
 10
31.82204982409381
 20
6.545585732097855
 10
31.82304934187519
 20
6.644539017542633
 10
31.824064940692267
 20
6.743492139247579
 10
31.8250806437134
 20
6.84244525988298
 10
31.826108219687143
 20
6.941398257936243
 10
31.8271830868446
 20
7.040350753593022
 10
31.82835119252333
 20
7.139302192517549
 10
31.829654686966478
 20
7.238251940563454
 10
31.83112263882084
 20
7.337199385469648
 10
31.832768325020403
 20
7.43614403390019
 10
31.834591246394822
 20
7.535085575700256
 10
31.836581195984163
 20
7.6340238990979294
 10
31.838722411153544
 20
7.732959064401827
 10
31.84099685863572
 20
7.831891256456598
 10
31.843386438547313
 20
7.930820734591061
 10
31.84587425966211
 20
8.029747790961963
 10
31.848445247304742
 20
8.128672720876786
 10
31.852897720449587
 20
8.227530837483393
 10
31.859433197472747
 20
8.326273124656574
 10
31.868171053861378
 20
8.424844934023366
 10
31.879190337584852
 20
8.523187839829186
 10
31.892521065029825
 20
8.621244167732586
 10
31.908138098897176
 20
8.718962436184789
 10
31.925958929885912
 20
8.816302919638398
 10
31.945846141605003
 20
8.913242336524156
 10
31.967614528139933
 20
9.009776729792964
 10
31.991042008900678
 20
9.105921957866522
 10
32.01588291278254
 20
9.201711734097826
 10
32.04188203382259
 20
9.297193656162978
 10
32.06878807095536
 20
9.392423992201035
 10
32.096365503729345
 20
9.487462073714221
 10
32.124404440225646
 20
9.582365022963796
 10
32.15272836724577
 20
9.677183306508004
 10
32.181199977440926
 20
9.771957349098823
 10
32.20972534749431
 20
9.866715224757938
 10
32.23825673156584
 20
9.961471289783216
  0
LWPOLYLINE
  5
85
330
17
100
AcDbEntity
  8
KEDER
100
AcDbPolyline
 90
2
 70
0
 10
30.94558451816839
 20
0.0
 10
32.170883661149865
 20
0.5666939299205933
  0
LWPOLYLINE
  5
86
330
17
100
AcDbEntity
  8
KEDER
100
AcDbPolyline
 90
2
 70
0
 10
30.94558451816839
 20
10.35069943459052
 10
32.23825673156584
 20
9.961471289783216
  0
LWPOLYLINE
  5
87
330
17
100
AcDbEntity
  8
RECORTE
100
AcDbPolyline
 90
31
 70
1
 10
30.123200180339495
 20
2.692143464903705
 10
30.24360673495708
 20
2.6881191938623914
 10
30.360328141290577
 20
2.6737226713865914
 10
30.47178635673764
 20
2.649247757694197
 10
30.57645163975148
 20
2.615148091948056
 10
30.672908910835734
 20
2.572049773162636
 10
30.76154614136939
 20
2.521008128563673
 10
30.838632313162222
 20
2.4625394568805303
 10
30.902061889928422
 20
2.3975329566102994
 10
30.954658308031032
 20
2.3275943893873547
 10
30.99451181703196
 20
2.2537243765024577
 10
31.02052184441215
 20
2.1770747331769815
 10
31.030074765997156
 20
2.0988743131537375
 10
31.023048590497567
 20
2.020461379794792
 10
30.999587019612747
 20
1.9431777798654493
 10
30.964906029636097
 20
1.8672509274411295
 10
30.934302393038394
 20
1.7906257741072005
 10
30.905959566009336
 20
1.7097611653916849
 10
30.87163947306472
 20
1.631079238117477
 10
30.830401714794757
 20
1.5559981808874714
 10
30.77990829293083
 20
1.4883131089025112
 10
30.719550799488896
 20
1.4292880328494957
 10
30.64926847867219
 20
1.3811630934409471
 10
30.56835103196136
 20
1.345739511607104
 10
30.475955420029443
 20
1.3247620550797214
 10
30.37127209186184
 20
1.3198115871061824
 10
30.25370174267555
 20
1.332194744716191
 10
30.123028474467066
 20
1.362838309075087
 10
29.756043842693295
 20
2.6417317295013785
 10
29.877774743507647
 20
2.6687921891925255
 10
30.00071034537564
 20
2.6856798560045525
  0
TEXT
  5
88
330
17
100
AcDbEntity
  8
TEXTO
100
AcDbText
 10
30.61469997077941
 20
2.0524983216230166
 30
0.0
 40
0.05
  1
poço de luz do cume secundário Ø1,20
 11
30.61469997077941
 21
2.0524983216230166
 31
0.0
100
AcDbText
  0
TEXT
  5
89
330
17
100
AcDbEntity
  8
TEXTO
100
AcDbText
 10
29.54755227855251
 20
-0.35
 30
0.0
 40
0.12
  1
F4 · x1 · 18.76 m2
 11
29.54755227855251
 21
-0.35
 31
0.0
100
AcDbText
  0
TEXT
  5
8A
330
17
100
AcDbEntity
  8
TEXTO
100
AcDbText
 10
29.54755227855251
 20
-0.55
 30
0.0
 40
0.06
  1
ZION SAFARI · FORRO / REVESTIMENTO INTERNO · Trevira CS 210 g/m² tensionado, creme; harpão nos trilhos su
 11
29.54755227855251
 21
-0.55
 31
0.0
100
AcDbText
  0
ENDSEC
  0
SECTION
  2
OBJECTS
  0
DICTIONARY
  5
A
330
0
100
AcDbDictionary
281
1
  3
ACAD_COLOR
350
B
  3
ACAD_GROUP
350
C
  3
ACAD_LAYOUT
350
D
  3
ACAD_MATERIAL
350
E
  3
ACAD_MLEADERSTYLE
350
F
  3
ACAD_MLINESTYLE
350
10
  3
ACAD_PLOTSETTINGS
350
11
  3
ACAD_PLOTSTYLENAME
350
12
  3
ACAD_SCALELIST
350
14
  3
ACAD_TABLESTYLE
350
15
  3
ACAD_VISUALSTYLE
350
16
  3
EZDXF_META
350
2D
  0
DICTIONARY
  5
B
330
A
100
AcDbDictionary
281
1
  0
DICTIONARY
  5
C
330
A
100
AcDbDictionary
281
1
  0
DICTIONARY
  5
D
330
A
100
AcDbDictionary
281
1
  3
Model
350
1A
  3
Layout1
350
1E
  0
DICTIONARY
  5
E
330
A
100
AcDbDictionary
281
1
  3
ByBlock
350
1F
  3
ByLayer
350
20
  3
Global
350
21
  0
DICTIONARY
  5
F
330
A
100
AcDbDictionary
281
1
  3
Standard
350
2C
  0
DICTIONARY
  5
10
330
A
100
AcDbDictionary
281
1
  3
Standard
350
22
  0
DICTIONARY
  5
11
330
A
100
AcDbDictionary
281
1
  0
ACDBDICTIONARYWDFLT
  5
12
330
A
100
AcDbDictionary
281
1
  3
Normal
350
13
100
AcDbDictionaryWithDefault
340
13
  0
ACDBPLACEHOLDER
  5
13
330
12
  0
DICTIONARY
  5
14
330
A
100
AcDbDictionary
281
1
  0
DICTIONARY
  5
15
330
A
100
AcDbDictionary
281
1
  0
DICTIONARY
  5
16
330
A
100
AcDbDictionary
281
1
  0
LAYOUT
  5
1A
330
D
100
AcDbPlotSettings
  1

  4
A3
  6

 40
7.5
 41
20.0
 42
7.5
 43
20.0
 44
420.0
 45
297.0
 46
0.0
 47
0.0
 48
0.0
 49
0.0
140
0.0
141
0.0
142
1.0
143
1.0
 70
1024
 72
1
 73
0
 74
5
  7

 75
16
 76
0
 77
2
 78
300
147
1.0
148
0.0
149
0.0
100
AcDbLayout
  1
Model
 70
1
 71
0
 10
0.0
 20
0.0
 11
420.0
 21
297.0
 12
0.0
 22
0.0
 32
0.0
 14
1e+20
 24
1e+20
 34
1e+20
 15
-1e+20
 25
-1e+20
 35
-1e+20
146
0.0
 13
0.0
 23
0.0
 33
0.0
 16
1.0
 26
0.0
 36
0.0
 17
0.0
 27
1.0
 37
0.0
 76
1
330
17
  0
LAYOUT
  5
1E
330
D
100
AcDbPlotSettings
  1

  4
A3
  6

 40
7.5
 41
20.0
 42
7.5
 43
20.0
 44
420.0
 45
297.0
 46
0.0
 47
0.0
 48
0.0
 49
0.0
140
0.0
141
0.0
142
1.0
143
1.0
 70
0
 72
1
 73
0
 74
5
  7

 75
16
 76
0
 77
2
 78
300
147
1.0
148
0.0
149
0.0
100
AcDbLayout
  1
Layout1
 70
1
 71
1
 10
0.0
 20
0.0
 11
420.0
 21
297.0
 12
0.0
 22
0.0
 32
0.0
 14
1e+20
 24
1e+20
 34
1e+20
 15
-1e+20
 25
-1e+20
 35
-1e+20
146
0.0
 13
0.0
 23
0.0
 33
0.0
 16
1.0
 26
0.0
 36
0.0
 17
0.0
 27
1.0
 37
0.0
 76
1
330
1B
  0
MATERIAL
  5
1F
102
{ACAD_REACTORS
330
E
102
}
330
E
100
AcDbMaterial
  1
ByBlock
  2

 70
0
 40
1.0
 71
1
 41
1.0
 91
-1023410177
 42
1.0
 72
1
  3

 73
1
 74
1
 75
1
 44
0.5
 73
0
 45
1.0
 46
1.0
 77
1
  4

 78
1
 79
1
170
1
 48
1.0
171
1
  6

172
1
173
1
174
1
140
1.0
141
1.0
175
1
  7

176
1
177
1
178
1
143
1.0
179
1
  8

270
1
271
1
272
1
145
1.0
146
1.0
273
1
  9

274
1
275
1
276
1
 42
1.0
 72
1
  3

 73
1
 74
1
 75
1
 94
63
  0
MATERIAL
  5
20
102
{ACAD_REACTORS
330
E
102
}
330
E
100
AcDbMaterial
  1
ByLayer
  2

 70
0
 40
1.0
 71
1
 41
1.0
 91
-1023410177
 42
1.0
 72
1
  3

 73
1
 74
1
 75
1
 44
0.5
 73
0
 45
1.0
 46
1.0
 77
1
  4

 78
1
 79
1
170
1
 48
1.0
171
1
  6

172
1
173
1
174
1
140
1.0
141
1.0
175
1
  7

176
1
177
1
178
1
143
1.0
179
1
  8

270
1
271
1
272
1
145
1.0
146
1.0
273
1
  9

274
1
275
1
276
1
 42
1.0
 72
1
  3

 73
1
 74
1
 75
1
 94
63
  0
MATERIAL
  5
21
102
{ACAD_REACTORS
330
E
102
}
330
E
100
AcDbMaterial
  1
Global
  2

 70
0
 40
1.0
 71
1
 41
1.0
 91
-1023410177
 42
1.0
 72
1
  3

 73
1
 74
1
 75
1
 44
0.5
 73
0
 45
1.0
 46
1.0
 77
1
  4

 78
1
 79
1
170
1
 48
1.0
171
1
  6

172
1
173
1
174
1
140
1.0
141
1.0
175
1
  7

176
1
177
1
178
1
143
1.0
179
1
  8

270
1
271
1
272
1
145
1.0
146
1.0
273
1
  9

274
1
275
1
276
1
 42
1.0
 72
1
  3

 73
1
 74
1
 75
1
 94
63
  0
MLINESTYLE
  5
22
102
{ACAD_REACTORS
330
10
102
}
330
10
100
AcDbMlineStyle
  2
Standard
 70
0
  3

 62
256
 51
90.0
 52
90.0
 71
2
 49
0.5
 62
256
  6
BYLAYER
 49
-0.5
 62
256
  6
BYLAYER
  0
MLEADERSTYLE
  5
2C
102
{ACAD_REACTORS
330
F
102
}
330
F
100
AcDbMLeaderStyle
179
2
170
2
171
1
172
0
 90
2
 40
0.0
 41
0.0
173
1
 91
-1056964608
 92
-2
290
1
 42
2.0
291
1
 43
8.0
  3
Standard
 44
4.0
300

342
29
174
1
175
1
176
0
178
1
 93
-1056964608
 45
4.0
292
0
297
0
 46
4.0
 94
-1056964608
 47
1.0
 49
1.0
140
1.0
294
1
141
0.0
177
0
142
1.0
295
0
296
0
143
3.75
271
0
272
9
273
9
  0
DICTIONARY
  5
2D
330
A
100
AcDbDictionary
280
1
281
1
  3
CREATED_BY_EZDXF
350
2E
  3
WRITTEN_BY_EZDXF
350
8D
  0
DICTIONARYVAR
  5
2E
330
2D
100
DictionaryVariables
280
0
  1
1.4.4 @ 2026-09-17T16:50:33.279776+00:00
  0
DICTIONARYVAR
  5
8D
330
2D
100
DictionaryVariables
280
0
  1
1.4.4 @ 2026-09-17T16:50:33.296958+00:00
  0
ENDSEC
  0
EOF
