  0
SECTION
  2
HEADER
  9
$ACADVER
  1
AC1024
  9
$ACADMAINTVER
 70
6
  9
$DWGCODEPAGE
  3
ANSI_1252
  9
$LASTSAVEDBY
  1
ezdxf
  9
$INSBASE
 10
0.0
 20
0.0
 30
0.0
  9
$EXTMIN
 10
1e+20
 20
1e+20
 30
1e+20
  9
$EXTMAX
 10
-1e+20
 20
-1e+20
 30
-1e+20
  9
$LIMMIN
 10
0.0
 20
0.0
  9
$LIMMAX
 10
420.0
 20
297.0
  9
$ORTHOMODE
 70
0
  9
$REGENMODE
 70
1
  9
$FILLMODE
 70
1
  9
$QTEXTMODE
 70
0
  9
$MIRRTEXT
 70
1
  9
$LTSCALE
 40
1.0
  9
$ATTMODE
 70
1
  9
$TEXTSIZE
 40
2.5
  9
$TRACEWID
 40
1.0
  9
$TEXTSTYLE
  7
OpenSans
  9
$CLAYER
  8
0
  9
$CELTYPE
  6
ByLayer
  9
$CECOLOR
 62
256
  9
$CELTSCALE
 40
1.0
  9
$DISPSILH
 70
0
  9
$DIMSCALE
 40
1.0
  9
$DIMASZ
 40
0.175
  9
$DIMEXO
 40
0.125
  9
$DIMDLI
 40
3.75
  9
$DIMRND
 40
0.0
  9
$DIMDLE
 40
0.0
  9
$DIMEXE
 40
0.375
  9
$DIMTP
 40
0.0
  9
$DIMTM
 40
0.0
  9
$DIMTXT
 40
0.25
  9
$DIMCEN
 40
2.5
  9
$DIMTSZ
 40
0.0
  9
$DIMTOL
 70
0
  9
$DIMLIM
 70
0
  9
$DIMTIH
 70
0
  9
$DIMTOH
 70
0
  9
$DIMSE1
 70
0
  9
$DIMSE2
 70
0
  9
$DIMTAD
 70
1
  9
$DIMZIN
 70
12
  9
$DIMBLK
  1
ARCHTICK
  9
$DIMASO
 70
1
  9
$DIMSHO
 70
1
  9
$DIMPOST
  1

  9
$DIMAPOST
  1

  9
$DIMALT
 70
0
  9
$DIMALTD
 70
3
  9
$DIMALTF
 40
0.03937007874
  9
$DIMLFAC
 40
100.0
  9
$DIMTOFL
 70
1
  9
$DIMTVP
 40
0.0
  9
$DIMTIX
 70
0
  9
$DIMSOXD
 70
0
  9
$DIMSAH
 70
0
  9
$DIMBLK1
  1

  9
$DIMBLK2
  1

  9
$DIMSTYLE
  2
EZDXF
  9
$DIMCLRD
 70
0
  9
$DIMCLRE
 70
0
  9
$DIMCLRT
 70
0
  9
$DIMTFAC
 40
0.5
  9
$DIMGAP
 40
0.1
  9
$DIMJUST
 70
0
  9
$DIMSD1
 70
0
  9
$DIMSD2
 70
0
  9
$DIMTOLJ
 70
0
  9
$DIMTZIN
 70
8
  9
$DIMALTZ
 70
0
  9
$DIMALTTZ
 70
0
  9
$DIMUPT
 70
1
  9
$DIMDEC
 70
2
  9
$DIMTDEC
 70
2
  9
$DIMALTU
 70
2
  9
$DIMALTTD
 70
3
  9
$DIMTXSTY
  7
OpenSansCondensed-Light
  9
$DIMAUNIT
 70
0
  9
$DIMADEC
 70
2
  9
$DIMALTRND
 40
0.0
  9
$DIMAZIN
 70
3
  9
$DIMDSEP
 70
46
  9
$DIMATFIT
 70
3
  9
$DIMFRAC
 70
0
  9
$DIMLDRBLK
  1

  9
$DIMLUNIT
 70
2
  9
$DIMLWD
 70
-2
  9
$DIMLWE
 70
-2
  9
$DIMTMOVE
 70
2
  9
$DIMFXL
 40
1.0
  9
$DIMFXLON
 70
0
  9
$DIMJOGANG
 40
0.785398163397
  9
$DIMTFILL
 70
0
  9
$DIMTFILLCLR
 70
0
  9
$DIMARCSYM
 70
0
  9
$DIMLTYPE
  6

  9
$DIMLTEX1
  6

  9
$DIMLTEX2
  6

  9
$DIMTXTDIRECTION
 70
0
  9
$LUNITS
 70
2
  9
$LUPREC
 70
4
  9
$SKETCHINC
 40
1.0
  9
$FILLETRAD
 40
10.0
  9
$AUNITS
 70
0
  9
$AUPREC
 70
2
  9
$MENU
  1
.
  9
$ELEVATION
 40
0.0
  9
$PELEVATION
 40
0.0
  9
$THICKNESS
 40
0.0
  9
$LIMCHECK
 70
0
  9
$CHAMFERA
 40
0.0
  9
$CHAMFERB
 40
0.0
  9
$CHAMFERC
 40
0.0
  9
$CHAMFERD
 40
0.0
  9
$SKPOLY
 70
0
  9
$TDCREATE
 40
2461301.653784722
  9
$TDUCREATE
 40
2458532.153996898
  9
$TDUPDATE
 40
2461301.653784722
  9
$TDUUPDATE
 40
2458532.1544311
  9
$TDINDWG
 40
0.0
  9
$TDUSRTIMER
 40
0.0
  9
$USRTIMER
 70
1
  9
$ANGBASE
 50
0.0
  9
$ANGDIR
 70
0
  9
$PDMODE
 70
0
  9
$PDSIZE
 40
0.0
  9
$PLINEWID
 40
0.0
  9
$SPLFRAME
 70
0
  9
$SPLINETYPE
 70
6
  9
$SPLINESEGS
 70
8
  9
$HANDSEED
  5
4C2
  9
$SURFTAB1
 70
6
  9
$SURFTAB2
 70
6
  9
$SURFTYPE
 70
6
  9
$SURFU
 70
6
  9
$SURFV
 70
6
  9
$UCSBASE
  2

  9
$UCSNAME
  2

  9
$UCSORG
 10
0.0
 20
0.0
 30
0.0
  9
$UCSXDIR
 10
1.0
 20
0.0
 30
0.0
  9
$UCSYDIR
 10
0.0
 20
1.0
 30
0.0
  9
$UCSORTHOREF
  2

  9
$UCSORTHOVIEW
 70
0
  9
$UCSORGTOP
 10
0.0
 20
0.0
 30
0.0
  9
$UCSORGBOTTOM
 10
0.0
 20
0.0
 30
0.0
  9
$UCSORGLEFT
 10
0.0
 20
0.0
 30
0.0
  9
$UCSORGRIGHT
 10
0.0
 20
0.0
 30
0.0
  9
$UCSORGFRONT
 10
0.0
 20
0.0
 30
0.0
  9
$UCSORGBACK
 10
0.0
 20
0.0
 30
0.0
  9
$PUCSBASE
  2

  9
$PUCSNAME
  2

  9
$PUCSORG
 10
0.0
 20
0.0
 30
0.0
  9
$PUCSXDIR
 10
1.0
 20
0.0
 30
0.0
  9
$PUCSYDIR
 10
0.0
 20
1.0
 30
0.0
  9
$PUCSORTHOREF
  2

  9
$PUCSORTHOVIEW
 70
0
  9
$PUCSORGTOP
 10
0.0
 20
0.0
 30
0.0
  9
$PUCSORGBOTTOM
 10
0.0
 20
0.0
 30
0.0
  9
$PUCSORGLEFT
 10
0.0
 20
0.0
 30
0.0
  9
$PUCSORGRIGHT
 10
0.0
 20
0.0
 30
0.0
  9
$PUCSORGFRONT
 10
0.0
 20
0.0
 30
0.0
  9
$PUCSORGBACK
 10
0.0
 20
0.0
 30
0.0
  9
$USERI1
 70
0
  9
$USERI2
 70
0
  9
$USERI3
 70
0
  9
$USERI4
 70
0
  9
$USERI5
 70
0
  9
$USERR1
 40
0.0
  9
$USERR2
 40
0.0
  9
$USERR3
 40
0.0
  9
$USERR4
 40
0.0
  9
$USERR5
 40
0.0
  9
$WORLDVIEW
 70
1
  9
$SHADEDGE
 70
3
  9
$SHADEDIF
 70
70
  9
$TILEMODE
 70
1
  9
$MAXACTVP
 70
64
  9
$PINSBASE
 10
0.0
 20
0.0
 30
0.0
  9
$PLIMCHECK
 70
0
  9
$PEXTMIN
 10
1e+20
 20
1e+20
 30
1e+20
  9
$PEXTMAX
 10
-1e+20
 20
-1e+20
 30
-1e+20
  9
$PLIMMIN
 10
0.0
 20
0.0
  9
$PLIMMAX
 10
420.0
 20
297.0
  9
$UNITMODE
 70
0
  9
$VISRETAIN
 70
1
  9
$PLINEGEN
 70
0
  9
$PSLTSCALE
 70
1
  9
$TREEDEPTH
 70
3020
  9
$CMLSTYLE
  2
Standard
  9
$CMLJUST
 70
0
  9
$CMLSCALE
 40
20.0
  9
$PROXYGRAPHICS
 70
1
  9
$MEASUREMENT
 70
1
  9
$CELWEIGHT
370
-1
  9
$ENDCAPS
280
0
  9
$JOINSTYLE
280
0
  9
$LWDISPLAY
290
0
  9
$INSUNITS
 70
6
  9
$HYPERLINKBASE
  1

  9
$STYLESHEET
  1

  9
$XEDIT
290
1
  9
$CEPSNTYPE
380
0
  9
$PSTYLEMODE
290
1
  9
$FINGERPRINTGUID
  2
{BF32D6D1-0958-422C-BCF8-596196F177E2}
  9
$VERSIONGUID
  2
{6DB1FA7B-D17A-45DE-85AD-C683C075DA7F}
  9
$EXTNAMES
290
1
  9
$PSVPSCALE
 40
0.0
  9
$OLESTARTUP
290
0
  9
$SORTENTS
280
127
  9
$INDEXCTL
280
0
  9
$HIDETEXT
280
1
  9
$XCLIPFRAME
280
1
  9
$HALOGAP
280
0
  9
$OBSCOLOR
 70
257
  9
$OBSLTYPE
280
0
  9
$INTERSECTIONDISPLAY
280
0
  9
$INTERSECTIONCOLOR
 70
257
  9
$DIMASSOC
280
2
  9
$PROJECTNAME
  1

  9
$CAMERADISPLAY
290
0
  9
$LENSLENGTH
 40
50.0
  9
$CAMERAHEIGHT
 40
0.0
  9
$STEPSPERSEC
 40
24.0
  9
$STEPSIZE
 40
100.0
  9
$3DDWFPREC
 40
2.0
  9
$PSOLWIDTH
 40
0.005
  9
$PSOLHEIGHT
 40
0.08
  9
$LOFTANG1
 40
1.570796326795
  9
$LOFTANG2
 40
1.570796326795
  9
$LOFTMAG1
 40
0.0
  9
$LOFTMAG2
 40
0.0
  9
$LOFTPARAM
 70
7
  9
$LOFTNORMALS
280
1
  9
$LATITUDE
 40
37.795
  9
$LONGITUDE
 40
-122.394
  9
$NORTHDIRECTION
 40
0.0
  9
$TIMEZONE
 70
-8000
  9
$LIGHTGLYPHDISPLAY
280
1
  9
$TILEMODELIGHTSYNCH
280
1
  9
$CMATERIAL
347
20
  9
$SOLIDHIST
280
0
  9
$SHOWHIST
280
1
  9
$DWFFRAME
280
2
  9
$DGNFRAME
280
2
  9
$REALWORLDSCALE
290
1
  9
$INTERFERECOLOR
 62
256
  9
$CSHADOW
280
0
  9
$SHADOWPLANELOCATION
 40
0.0
  0
ENDSEC
  0
SECTION
  2
CLASSES
  0
CLASS
  1
ACDBDICTIONARYWDFLT
  2
AcDbDictionaryWithDefault
  3
ObjectDBX Classes
 90
0
 91
0
280
0
281
0
  0
CLASS
  1
SUN
  2
AcDbSun
  3
SCENEOE
 90
1153
 91
0
280
0
281
0
  0
CLASS
  1
VISUALSTYLE
  2
AcDbVisualStyle
  3
ObjectDBX Classes
 90
4095
 91
0
280
0
281
0
  0
CLASS
  1
MATERIAL
  2
AcDbMaterial
  3
ObjectDBX Classes
 90
1153
 91
0
280
0
281
0
  0
CLASS
  1
SCALE
  2
AcDbScale
  3
ObjectDBX Classes
 90
1153
 91
0
280
0
281
0
  0
CLASS
  1
TABLESTYLE
  2
AcDbTableStyle
  3
ObjectDBX Classes
 90
4095
 91
0
280
0
281
0
  0
CLASS
  1
MLEADERSTYLE
  2
AcDbMLeaderStyle
  3
ACDB_MLEADERSTYLE_CLASS
 90
4095
 91
0
280
0
281
0
  0
CLASS
  1
DICTIONARYVAR
  2
AcDbDictionaryVar
  3
ObjectDBX Classes
 90
0
 91
0
280
0
281
0
  0
CLASS
  1
CELLSTYLEMAP
  2
AcDbCellStyleMap
  3
ObjectDBX Classes
 90
1152
 91
0
280
0
281
0
  0
CLASS
  1
MENTALRAYRENDERSETTINGS
  2
AcDbMentalRayRenderSettings
  3
SCENEOE
 90
1024
 91
0
280
0
281
0
  0
CLASS
  1
ACDBDETAILVIEWSTYLE
  2
AcDbDetailViewStyle
  3
ObjectDBX Classes
 90
1025
 91
0
280
0
281
0
  0
CLASS
  1
ACDBSECTIONVIEWSTYLE
  2
AcDbSectionViewStyle
  3
ObjectDBX Classes
 90
1025
 91
0
280
0
281
0
  0
CLASS
  1
RASTERVARIABLES
  2
AcDbRasterVariables
  3
ISM
 90
0
 91
0
280
0
281
0
  0
CLASS
  1
ACDBPLACEHOLDER
  2
AcDbPlaceHolder
  3
ObjectDBX Classes
 90
0
 91
0
280
0
281
0
  0
CLASS
  1
LAYOUT
  2
AcDbLayout
  3
ObjectDBX Classes
 90
0
 91
0
280
0
281
0
  0
ENDSEC
  0
SECTION
  2
TABLES
  0
TABLE
  2
VPORT
  5
8
330
0
100
AcDbSymbolTable
 70
1
  0
VPORT
  5
23
330
8
100
AcDbSymbolTableRecord
100
AcDbViewportTableRecord
  2
*Active
 70
0
 10
0.0
 20
0.0
 11
1.0
 21
1.0
 12
0.0
 22
0.0
 13
0.0
 23
0.0
 14
0.5
 24
0.5
 15
0.5
 25
0.5
 16
0.0
 26
0.0
 36
1.0
 17
0.0
 27
0.0
 37
0.0
 40
1000.0
 41
1.34
 42
50.0
 43
0.0
 44
0.0
 50
0.0
 51
0.0
 71
0
 72
1000
 73
1
 74
3
 75
0
 76
0
 77
0
 78
0
281
0
 65
0
146
0.0
  0
ENDTAB
  0
TABLE
  2
LTYPE
  5
2
330
0
100
AcDbSymbolTable
 70
21
  0
LTYPE
  5
24
330
2
100
AcDbSymbolTableRecord
100
AcDbLinetypeTableRecord
  2
ByBlock
 70
0
  3

 72
65
 73
0
 40
0.0
  0
LTYPE
  5
25
330
2
100
AcDbSymbolTableRecord
100
AcDbLinetypeTableRecord
  2
ByLayer
 70
0
  3

 72
65
 73
0
 40
0.0
  0
LTYPE
  5
26
330
2
100
AcDbSymbolTableRecord
100
AcDbLinetypeTableRecord
  2
Continuous
 70
0
  3

 72
65
 73
0
 40
0.0
  0
LTYPE
  5
2F
330
2
100
AcDbSymbolTableRecord
100
AcDbLinetypeTableRecord
  2
CENTER
 70
0
  3
Center ____ _ ____ _ ____ _ ____ _ ____ _ ____
 72
65
 73
4
 40
5.08
 49
3.175
 74
0
 49
-0.635
 74
0
 49
0.635
 74
0
 49
-0.635
 74
0
  0
LTYPE
  5
30
330
2
100
AcDbSymbolTableRecord
100
AcDbLinetypeTableRecord
  2
CENTERX2
 70
0
  3
Center (2x) ________  __  ________  __  ________
 72
65
 73
4
 40
8.89
 49
6.35
 74
0
 49
-0.635
 74
0
 49
1.27
 74
0
 49
-0.635
 74
0
  0
LTYPE
  5
31
330
2
100
AcDbSymbolTableRecord
100
AcDbLinetypeTableRecord
  2
CENTER2
 70
0
  3
Center (.5x) ____ _ ____ _ ____ _ ____ _ ____
 72
65
 73
4
 40
2.54
 49
1.587
 74
0
 49
-0.318
 74
0
 49
0.318
 74
0
 49
-0.318
 74
0
  0
LTYPE
  5
32
330
2
100
AcDbSymbolTableRecord
100
AcDbLinetypeTableRecord
  2
DASHED
 70
0
  3
Dashed __ __ __ __ __ __ __ __ __ __ __ __ __ _
 72
65
 73
2
 40
1.524
 49
1.27
 74
0
 49
-0.254
 74
0
  0
LTYPE
  5
33
330
2
100
AcDbSymbolTableRecord
100
AcDbLinetypeTableRecord
  2
DASHEDX2
 70
0
  3
Dashed (2x) ____  ____  ____  ____  ____  ____
 72
65
 73
2
 40
3.048
 49
2.54
 74
0
 49
-0.508
 74
0
  0
LTYPE
  5
34
330
2
100
AcDbSymbolTableRecord
100
AcDbLinetypeTableRecord
  2
DASHED2
 70
0
  3
Dashed (.5x) _ _ _ _ _ _ _ _ _ _ _ _ _ _
 72
65
 73
2
 40
0.762
 49
0.635
 74
0
 49
-0.127
 74
0
  0
LTYPE
  5
35
330
2
100
AcDbSymbolTableRecord
100
AcDbLinetypeTableRecord
  2
PHANTOM
 70
0
  3
Phantom ______  __  __  ______  __  __  ______
 72
65
 73
6
 40
6.35
 49
3.175
 74
0
 49
-0.635
 74
0
 49
0.635
 74
0
 49
-0.635
 74
0
 49
0.635
 74
0
 49
-0.635
 74
0
  0
LTYPE
  5
36
330
2
100
AcDbSymbolTableRecord
100
AcDbLinetypeTableRecord
  2
PHANTOMX2
 70
0
  3
Phantom (2x)____________    ____    ____    ____________
 72
65
 73
6
 40
10.795
 49
6.35
 74
0
 49
-0.635
 74
0
 49
1.27
 74
0
 49
-0.635
 74
0
 49
1.27
 74
0
 49
-0.635
 74
0
  0
LTYPE
  5
37
330
2
100
AcDbSymbolTableRecord
100
AcDbLinetypeTableRecord
  2
PHANTOM2
 70
0
  3
Phantom (.5x) ___ _ _ ___ _ _ ___ _ _ ___ _ _ ___
 72
65
 73
6
 40
3.175
 49
1.587
 74
0
 49
-0.318
 74
0
 49
0.318
 74
0
 49
-0.318
 74
0
 49
0.318
 74
0
 49
-0.318
 74
0
  0
LTYPE
  5
38
330
2
100
AcDbSymbolTableRecord
100
AcDbLinetypeTableRecord
  2
DASHDOT
 70
0
  3
Dash dot __ . __ . __ . __ . __ . __ . __ . __
 72
65
 73
4
 40
3.556
 49
2.54
 74
0
 49
-0.508
 74
0
 49
0.0
 74
0
 49
-0.508
 74
0
  0
LTYPE
  5
39
330
2
100
AcDbSymbolTableRecord
100
AcDbLinetypeTableRecord
  2
DASHDOTX2
 70
0
  3
Dash dot (2x) ____  .  ____  .  ____  .  ____
 72
65
 73
4
 40
6.096
 49
5.08
 74
0
 49
-0.508
 74
0
 49
0.0
 74
0
 49
-0.508
 74
0
  0
LTYPE
  5
3A
330
2
100
AcDbSymbolTableRecord
100
AcDbLinetypeTableRecord
  2
DASHDOT2
 70
0
  3
Dash dot (.5x) _ . _ . _ . _ . _ . _ . _ . _
 72
65
 73
4
 40
1.778
 49
1.27
 74
0
 49
-0.254
 74
0
 49
0.0
 74
0
 49
-0.254
 74
0
  0
LTYPE
  5
3B
330
2
100
AcDbSymbolTableRecord
100
AcDbLinetypeTableRecord
  2
DOT
 70
0
  3
Dot .  .  .  .  .  .  .  .  .  .  .  .  .  .  .  .
 72
65
 73
2
 40
0.508
 49
0.0
 74
0
 49
-0.508
 74
0
  0
LTYPE
  5
3C
330
2
100
AcDbSymbolTableRecord
100
AcDbLinetypeTableRecord
  2
DOTX2
 70
0
  3
Dot (2x) .    .    .    .    .    .    .    . 
 72
65
 73
2
 40
1.016
 49
0.0
 74
0
 49
-1.016
 74
0
  0
LTYPE
  5
3D
330
2
100
AcDbSymbolTableRecord
100
AcDbLinetypeTableRecord
  2
DOT2
 70
0
  3
Dot (.5) . . . . . . . . . . . . . . . . . . . 
 72
65
 73
2
 40
0.254
 49
0.0
 74
0
 49
-0.254
 74
0
  0
LTYPE
  5
3E
330
2
100
AcDbSymbolTableRecord
100
AcDbLinetypeTableRecord
  2
DIVIDE
 70
0
  3
Divide __ . . __ . . __ . . __ . . __ . . __
 72
65
 73
6
 40
4.064
 49
2.54
 74
0
 49
-0.508
 74
0
 49
0.0
 74
0
 49
-0.508
 74
0
 49
0.0
 74
0
 49
-0.508
 74
0
  0
LTYPE
  5
3F
330
2
100
AcDbSymbolTableRecord
100
AcDbLinetypeTableRecord
  2
DIVIDEX2
 70
0
  3
Divide (2x) ____  . .  ____  . .  ____  . .  ____
 72
65
 73
6
 40
6.604
 49
5.08
 74
0
 49
-0.508
 74
0
 49
0.0
 74
0
 49
-0.508
 74
0
 49
0.0
 74
0
 49
-0.508
 74
0
  0
LTYPE
  5
40
330
2
100
AcDbSymbolTableRecord
100
AcDbLinetypeTableRecord
  2
DIVIDE2
 70
0
  3
Divide(.5x) _ . _ . _ . _ . _ . _ . _ . _
 72
65
 73
6
 40
2.032
 49
1.27
 74
0
 49
-0.254
 74
0
 49
0.0
 74
0
 49
-0.254
 74
0
 49
0.0
 74
0
 49
-0.254
 74
0
  0
ENDTAB
  0
TABLE
  2
LAYER
  5
1
330
0
100
AcDbSymbolTable
 70
17
  0
LAYER
  5
27
330
1
100
AcDbSymbolTableRecord
100
AcDbLayerTableRecord
  2
0
 70
0
 62
7
  6
Continuous
370
-3
390
13
347
21
  0
LAYER
  5
28
330
1
100
AcDbSymbolTableRecord
100
AcDbLayerTableRecord
  2
Defpoints
 70
0
 62
7
  6
Continuous
290
0
370
-3
390
13
347
21
  0
LAYER
  5
8A
330
1
100
AcDbSymbolTableRecord
100
AcDbLayerTableRecord
  2
EIXOS
 70
0
 62
8
  6
CENTER
370
-3
390
13
347
21
  0
LAYER
  5
8B
330
1
100
AcDbSymbolTableRecord
100
AcDbLayerTableRecord
  2
PAREDES
 70
0
 62
7
  6
CONTINUOUS
370
-3
390
13
347
21
  0
LAYER
  5
8C
330
1
100
AcDbSymbolTableRecord
100
AcDbLayerTableRecord
  2
ESQUADRIAS
 70
0
 62
4
  6
CONTINUOUS
370
-3
390
13
347
21
  0
LAYER
  5
8D
330
1
100
AcDbSymbolTableRecord
100
AcDbLayerTableRecord
  2
MOBILIARIO
 70
0
 62
9
  6
CONTINUOUS
370
-3
390
13
347
21
  0
LAYER
  5
8E
330
1
100
AcDbSymbolTableRecord
100
AcDbLayerTableRecord
  2
ESTRUTURA
 70
0
 62
1
  6
CONTINUOUS
370
-3
390
13
347
21
  0
LAYER
  5
8F
330
1
100
AcDbSymbolTableRecord
100
AcDbLayerTableRecord
  2
COBERTURA
 70
0
 62
3
  6
CONTINUOUS
370
-3
390
13
347
21
  0
LAYER
  5
90
330
1
100
AcDbSymbolTableRecord
100
AcDbLayerTableRecord
  2
COBERTURA_OCULTA
 70
0
 62
3
  6
CONTINUOUS
370
-3
390
13
347
21
  0
LAYER
  5
91
330
1
100
AcDbSymbolTableRecord
100
AcDbLayerTableRecord
  2
DECK
 70
0
 62
32
  6
CONTINUOUS
370
-3
390
13
347
21
  0
LAYER
  5
92
330
1
100
AcDbSymbolTableRecord
100
AcDbLayerTableRecord
  2
FUNDACAO
 70
0
 62
5
  6
CONTINUOUS
370
-3
390
13
347
21
  0
LAYER
  5
93
330
1
100
AcDbSymbolTableRecord
100
AcDbLayerTableRecord
  2
COTAS
 70
0
 62
2
  6
CONTINUOUS
370
-3
390
13
347
21
  0
LAYER
  5
94
330
1
100
AcDbSymbolTableRecord
100
AcDbLayerTableRecord
  2
TEXTO
 70
0
 62
7
  6
CONTINUOUS
370
-3
390
13
347
21
  0
LAYER
  5
95
330
1
100
AcDbSymbolTableRecord
100
AcDbLayerTableRecord
  2
HACHURA
 70
0
 62
8
  6
CONTINUOUS
370
-3
390
13
347
21
  0
LAYER
  5
96
330
1
100
AcDbSymbolTableRecord
100
AcDbLayerTableRecord
  2
MEMBRANA_3D
 70
0
 62
3
  6
CONTINUOUS
370
-3
390
13
347
21
  0
LAYER
  5
97
330
1
100
AcDbSymbolTableRecord
100
AcDbLayerTableRecord
  2
VIDRO_3D
 70
0
 62
4
  6
CONTINUOUS
370
-3
390
13
347
21
  0
LAYER
  5
98
330
1
100
AcDbSymbolTableRecord
100
AcDbLayerTableRecord
  2
ACO_3D
 70
0
 62
1
  6
CONTINUOUS
370
-3
390
13
347
21
  0
ENDTAB
  0
TABLE
  2
STYLE
  5
5
330
0
100
AcDbSymbolTable
 70
27
  0
STYLE
  5
29
330
5
100
AcDbSymbolTableRecord
100
AcDbTextStyleTableRecord
  2
Standard
 70
0
 40
0.0
 41
1.0
 50
0.0
 71
0
 42
2.5
  3
txt
  4

  0
STYLE
  5
41
330
5
100
AcDbSymbolTableRecord
100
AcDbTextStyleTableRecord
  2
OpenSans-Light
 70
0
 40
0.0
 41
1.0
 50
0.0
 71
0
 42
2.5
  3
OpenSans-Light.ttf
  4

  0
STYLE
  5
42
330
5
100
AcDbSymbolTableRecord
100
AcDbTextStyleTableRecord
  2
OpenSans-Light-Italic
 70
0
 40
0.0
 41
1.0
 50
0.0
 71
0
 42
2.5
  3
OpenSans-LightItalic.ttf
  4

  0
STYLE
  5
43
330
5
100
AcDbSymbolTableRecord
100
AcDbTextStyleTableRecord
  2
OpenSans
 70
0
 40
0.0
 41
1.0
 50
0.0
 71
0
 42
2.5
  3
OpenSans-Regular.ttf
  4

  0
STYLE
  5
44
330
5
100
AcDbSymbolTableRecord
100
AcDbTextStyleTableRecord
  2
OpenSans-Italic
 70
0
 40
0.0
 41
1.0
 50
0.0
 71
0
 42
2.5
  3
OpenSans-Italic.ttf
  4

  0
STYLE
  5
45
330
5
100
AcDbSymbolTableRecord
100
AcDbTextStyleTableRecord
  2
OpenSans-SemiBold
 70
0
 40
0.0
 41
1.0
 50
0.0
 71
0
 42
2.5
  3
OpenSans-SemiBold.ttf
  4

  0
STYLE
  5
46
330
5
100
AcDbSymbolTableRecord
100
AcDbTextStyleTableRecord
  2
OpenSans-SemiBoldItalic
 70
0
 40
0.0
 41
1.0
 50
0.0
 71
0
 42
2.5
  3
OpenSans-SemiBoldItalic.ttf
  4

  0
STYLE
  5
47
330
5
100
AcDbSymbolTableRecord
100
AcDbTextStyleTableRecord
  2
OpenSans-Bold
 70
0
 40
0.0
 41
1.0
 50
0.0
 71
0
 42
2.5
  3
OpenSans-Bold.ttf
  4

  0
STYLE
  5
48
330
5
100
AcDbSymbolTableRecord
100
AcDbTextStyleTableRecord
  2
OpenSans-BoldItalic
 70
0
 40
0.0
 41
1.0
 50
0.0
 71
0
 42
2.5
  3
OpenSans-BoldItalic.ttf
  4

  0
STYLE
  5
49
330
5
100
AcDbSymbolTableRecord
100
AcDbTextStyleTableRecord
  2
OpenSans-ExtraBold
 70
0
 40
0.0
 41
1.0
 50
0.0
 71
0
 42
2.5
  3
OpenSans-ExtraBold.ttf
  4

  0
STYLE
  5
4A
330
5
100
AcDbSymbolTableRecord
100
AcDbTextStyleTableRecord
  2
OpenSans-ExtraBoldItalic
 70
0
 40
0.0
 41
1.0
 50
0.0
 71
0
 42
2.5
  3
OpenSans-ExtraBoldItalic.ttf
  4

  0
STYLE
  5
4B
330
5
100
AcDbSymbolTableRecord
100
AcDbTextStyleTableRecord
  2
OpenSansCondensed-Bold
 70
0
 40
0.0
 41
1.0
 50
0.0
 71
0
 42
2.5
  3
OpenSansCondensed-Bold.ttf
  4

  0
STYLE
  5
4C
330
5
100
AcDbSymbolTableRecord
100
AcDbTextStyleTableRecord
  2
OpenSansCondensed-Light
 70
0
 40
0.0
 41
1.0
 50
0.0
 71
0
 42
2.5
  3
OpenSansCondensed-Light.ttf
  4

  0
STYLE
  5
4D
330
5
100
AcDbSymbolTableRecord
100
AcDbTextStyleTableRecord
  2
OpenSansCondensed-Italic
 70
0
 40
0.0
 41
1.0
 50
0.0
 71
0
 42
2.5
  3
OpenSansCondensed-LightItalic.ttf
  4

  0
STYLE
  5
4E
330
5
100
AcDbSymbolTableRecord
100
AcDbTextStyleTableRecord
  2
LiberationSans
 70
0
 40
0.0
 41
1.0
 50
0.0
 71
0
 42
2.5
  3
LiberationSans-Regular.ttf
  4

  0
STYLE
  5
4F
330
5
100
AcDbSymbolTableRecord
100
AcDbTextStyleTableRecord
  2
LiberationSans-Bold
 70
0
 40
0.0
 41
1.0
 50
0.0
 71
0
 42
2.5
  3
LiberationSans-Bold.ttf
  4

  0
STYLE
  5
50
330
5
100
AcDbSymbolTableRecord
100
AcDbTextStyleTableRecord
  2
LiberationSans-BoldItalic
 70
0
 40
0.0
 41
1.0
 50
0.0
 71
0
 42
2.5
  3
LiberationSans-BoldItalic.ttf
  4

  0
STYLE
  5
51
330
5
100
AcDbSymbolTableRecord
100
AcDbTextStyleTableRecord
  2
LiberationSans-Italic
 70
0
 40
0.0
 41
1.0
 50
0.0
 71
0
 42
2.5
  3
LiberationSans-Italic.ttf
  4

  0
STYLE
  5
52
330
5
100
AcDbSymbolTableRecord
100
AcDbTextStyleTableRecord
  2
LiberationSerif
 70
0
 40
0.0
 41
1.0
 50
0.0
 71
0
 42
2.5
  3
LiberationSerif-Regular.ttf
  4

  0
STYLE
  5
53
330
5
100
AcDbSymbolTableRecord
100
AcDbTextStyleTableRecord
  2
LiberationSerif-Bold
 70
0
 40
0.0
 41
1.0
 50
0.0
 71
0
 42
2.5
  3
LiberationSerif-Bold.ttf
  4

  0
STYLE
  5
54
330
5
100
AcDbSymbolTableRecord
100
AcDbTextStyleTableRecord
  2
LiberationSerif-BoldItalic
 70
0
 40
0.0
 41
1.0
 50
0.0
 71
0
 42
2.5
  3
LiberationSerif-BoldItalic.ttf
  4

  0
STYLE
  5
55
330
5
100
AcDbSymbolTableRecord
100
AcDbTextStyleTableRecord
  2
LiberationSerif-Italic
 70
0
 40
0.0
 41
1.0
 50
0.0
 71
0
 42
2.5
  3
LiberationSerif-Italic.ttf
  4

  0
STYLE
  5
56
330
5
100
AcDbSymbolTableRecord
100
AcDbTextStyleTableRecord
  2
LiberationMono
 70
0
 40
0.0
 41
1.0
 50
0.0
 71
0
 42
2.5
  3
LiberationMono-Regular.ttf
  4

  0
STYLE
  5
57
330
5
100
AcDbSymbolTableRecord
100
AcDbTextStyleTableRecord
  2
LiberationMono-Bold
 70
0
 40
0.0
 41
1.0
 50
0.0
 71
0
 42
2.5
  3
LiberationMono-Bold.ttf
  4

  0
STYLE
  5
58
330
5
100
AcDbSymbolTableRecord
100
AcDbTextStyleTableRecord
  2
LiberationMono-BoldItalic
 70
0
 40
0.0
 41
1.0
 50
0.0
 71
0
 42
2.5
  3
LiberationMono-BoldItalic.ttf
  4

  0
STYLE
  5
59
330
5
100
AcDbSymbolTableRecord
100
AcDbTextStyleTableRecord
  2
LiberationMono-Italic
 70
0
 40
0.0
 41
1.0
 50
0.0
 71
0
 42
2.5
  3
LiberationMono-Italic.ttf
  4

  0
STYLE
  5
99
330
5
100
AcDbSymbolTableRecord
100
AcDbTextStyleTableRecord
  2
ZION
 70
0
 40
0.0
 41
1.0
 50
0.0
 71
0
 42
2.5
  3
arial.ttf
  4

  0
ENDTAB
  0
TABLE
  2
VIEW
  5
7
330
0
100
AcDbSymbolTable
 70
0
  0
ENDTAB
  0
TABLE
  2
UCS
  5
6
330
0
100
AcDbSymbolTable
 70
0
  0
ENDTAB
  0
TABLE
  2
APPID
  5
3
330
0
100
AcDbSymbolTable
 70
3
  0
APPID
  5
2A
330
3
100
AcDbSymbolTableRecord
100
AcDbRegAppTableRecord
  2
ACAD
 70
0
  0
APPID
  5
4BF
330
3
100
AcDbSymbolTableRecord
100
AcDbRegAppTableRecord
  2
HATCHBACKGROUNDCOLOR
 70
0
  0
APPID
  5
4C0
330
3
100
AcDbSymbolTableRecord
100
AcDbRegAppTableRecord
  2
EZDXF
 70
0
  0
ENDTAB
  0
TABLE
  2
DIMSTYLE
  5
4
330
0
100
AcDbSymbolTable
 70
13
100
AcDbDimStyleTable
  0
DIMSTYLE
105
2B
330
4
100
AcDbSymbolTableRecord
100
AcDbDimStyleTableRecord
  2
Standard
 70
0
 40
1.0
 41
2.5
 42
0.625
 43
3.75
 44
1.25
 45
0.0
 46
0.0
 47
0.0
 48
0.0
 49
2.5
140
2.5
141
2.5
142
0.0
143
0.03937007874
144
1.0
145
0.0
146
1.0
147
0.625
148
0.0
 69
0
 70
0
 71
0
 72
0
 73
0
 74
0
 75
0
 76
0
 77
1
 78
8
 79
3
170
0
171
3
172
1
173
0
174
0
175
0
176
0
177
0
178
0
179
2
271
2
272
2
273
2
274
3
275
0
276
0
277
2
278
44
279
0
280
0
281
0
282
0
283
0
284
8
285
0
286
0
288
0
289
3
290
0
371
-2
372
-2
  0
DIMSTYLE
105
73
330
4
100
AcDbSymbolTableRecord
100
AcDbDimStyleTableRecord
  2
EZDXF
 70
0
 40
1.0
 41
0.175
 42
0.125
 43
3.75
 44
0.375
 45
0.0
 46
0.0
 47
0.0
 48
0.0
 49
2.5
140
0.25
141
2.5
142
0.0
143
0.03937007874
144
100.0
145
0.0
146
0.5
147
0.1
148
0.0
 69
0
 70
0
 71
0
 72
0
 73
0
 74
0
 75
0
 76
0
 77
1
 78
12
 79
3
170
0
171
3
172
1
173
0
174
0
175
0
176
0
177
0
178
0
179
2
271
2
272
2
273
2
274
3
275
0
276
0
277
2
278
46
279
2
280
0
281
0
282
0
283
0
284
8
285
0
286
0
288
1
289
3
290
0
340
4C
342
74
371
-2
372
-2
  0
DIMSTYLE
105
7C
330
4
100
AcDbSymbolTableRecord
100
AcDbDimStyleTableRecord
  2
EZ_M_100_H25_CM
 70
0
 40
1.0
 41
0.25
 42
0.125
 43
3.75
 44
0.375
 45
0.0
 46
0.0
 47
0.0
 48
0.0
 49
2.5
140
0.25
141
2.5
142
0.125
143
0.03937007874
144
100.0
145
0.0
146
0.5
147
0.1
148
0.0
 69
0
 70
0
 71
0
 72
0
 73
0
 74
0
 75
0
 76
0
 77
1
 78
12
 79
3
170
0
171
3
172
1
173
0
174
0
175
0
176
0
177
0
178
0
179
2
271
2
272
2
273
2
274
3
275
0
276
0
277
2
278
46
279
2
280
0
281
0
282
0
283
0
284
8
285
0
286
0
288
1
289
3
290
0
340
4C
371
-2
372
-2
  0
DIMSTYLE
105
7D
330
4
100
AcDbSymbolTableRecord
100
AcDbDimStyleTableRecord
  2
EZ_M_50_H25_CM
 70
0
 40
1.0
 41
0.125
 42
0.0625
 43
3.75
 44
0.1875
 45
0.0
 46
0.0
 47
0.0
 48
0.0
 49
2.5
140
0.125
141
2.5
142
0.0625
143
0.03937007874
144
100.0
145
0.0
146
0.5
147
0.05
148
0.0
 69
0
 70
0
 71
0
 72
0
 73
0
 74
0
 75
0
 76
0
 77
1
 78
12
 79
3
170
0
171
3
172
1
173
0
174
0
175
0
176
0
177
0
178
0
179
2
271
2
272
2
273
2
274
3
275
0
276
0
277
2
278
46
279
2
280
0
281
0
282
0
283
0
284
8
285
0
286
0
288
1
289
3
290
0
340
4C
371
-2
372
-2
  0
DIMSTYLE
105
7E
330
4
100
AcDbSymbolTableRecord
100
AcDbDimStyleTableRecord
  2
EZ_M_25_H25_CM
 70
0
 40
1.0
 41
0.0625
 42
0.03125
 43
3.75
 44
0.09375
 45
0.0
 46
0.0
 47
0.0
 48
0.0
 49
2.5
140
0.0625
141
2.5
142
0.03125
143
0.03937007874
144
100.0
145
0.0
146
0.5
147
0.025
148
0.0
 69
0
 70
0
 71
0
 72
0
 73
0
 74
0
 75
0
 76
0
 77
1
 78
12
 79
3
170
0
171
3
172
1
173
0
174
0
175
0
176
0
177
0
178
0
179
2
271
2
272
2
273
2
274
3
275
0
276
0
277
2
278
46
279
2
280
0
281
0
282
0
283
0
284
8
285
0
286
0
288
1
289
3
290
0
340
4C
371
-2
372
-2
  0
DIMSTYLE
105
7F
330
4
100
AcDbSymbolTableRecord
100
AcDbDimStyleTableRecord
  2
EZ_M_20_H25_CM
 70
0
 40
1.0
 41
0.05
 42
0.025
 43
3.75
 44
0.07500000000000001
 45
0.0
 46
0.0
 47
0.0
 48
0.0
 49
2.5
140
0.05
141
2.5
142
0.025
143
0.03937007874
144
100.0
145
0.0
146
0.5
147
0.020000000000000004
148
0.0
 69
0
 70
0
 71
0
 72
0
 73
0
 74
0
 75
0
 76
0
 77
1
 78
12
 79
3
170
0
171
3
172
1
173
0
174
0
175
0
176
0
177
0
178
0
179
2
271
2
272
2
273
2
274
3
275
0
276
0
277
2
278
46
279
2
280
0
281
0
282
0
283
0
284
8
285
0
286
0
288
1
289
3
290
0
340
4C
371
-2
372
-2
  0
DIMSTYLE
105
80
330
4
100
AcDbSymbolTableRecord
100
AcDbDimStyleTableRecord
  2
EZ_M_10_H25_CM
 70
0
 40
1.0
 41
0.025
 42
0.0125
 43
3.75
 44
0.037500000000000006
 45
0.0
 46
0.0
 47
0.0
 48
0.0
 49
2.5
140
0.025
141
2.5
142
0.0125
143
0.03937007874
144
100.0
145
0.0
146
0.5
147
0.010000000000000002
148
0.0
 69
0
 70
0
 71
0
 72
0
 73
0
 74
0
 75
0
 76
0
 77
1
 78
12
 79
3
170
0
171
3
172
1
173
0
174
0
175
0
176
0
177
0
178
0
179
2
271
2
272
2
273
2
274
3
275
0
276
0
277
2
278
46
279
2
280
0
281
0
282
0
283
0
284
8
285
0
286
0
288
1
289
3
290
0
340
4C
371
-2
372
-2
  0
DIMSTYLE
105
81
330
4
100
AcDbSymbolTableRecord
100
AcDbDimStyleTableRecord
  2
EZ_M_5_H25_CM
 70
0
 40
1.0
 41
0.0125
 42
0.00625
 43
3.75
 44
0.018750000000000003
 45
0.0
 46
0.0
 47
0.0
 48
0.0
 49
2.5
140
0.0125
141
2.5
142
0.00625
143
0.03937007874
144
100.0
145
0.0
146
0.5
147
0.005000000000000001
148
0.0
 69
0
 70
0
 71
0
 72
0
 73
0
 74
0
 75
0
 76
0
 77
1
 78
12
 79
3
170
0
171
3
172
1
173
0
174
0
175
0
176
0
177
0
178
0
179
2
271
2
272
2
273
2
274
3
275
0
276
0
277
2
278
46
279
2
280
0
281
0
282
0
283
0
284
8
285
0
286
0
288
1
289
3
290
0
340
4C
371
-2
372
-2
  0
DIMSTYLE
105
82
330
4
100
AcDbSymbolTableRecord
100
AcDbDimStyleTableRecord
  2
EZ_M_1_H25_CM
 70
0
 40
1.0
 41
0.0025
 42
0.00125
 43
3.75
 44
0.00375
 45
0.0
 46
0.0
 47
0.0
 48
0.0
 49
2.5
140
0.0025
141
2.5
142
0.00125
143
0.03937007874
144
100.0
145
0.0
146
0.5
147
0.001
148
0.0
 69
0
 70
0
 71
0
 72
0
 73
0
 74
0
 75
0
 76
0
 77
1
 78
12
 79
3
170
0
171
3
172
1
173
0
174
0
175
0
176
0
177
0
178
0
179
2
271
2
272
2
273
2
274
3
275
0
276
0
277
2
278
46
279
2
280
0
281
0
282
0
283
0
284
8
285
0
286
0
288
1
289
3
290
0
340
4C
371
-2
372
-2
  0
DIMSTYLE
105
83
330
4
100
AcDbSymbolTableRecord
100
AcDbDimStyleTableRecord
  2
EZ_RADIUS
 70
0
 40
1.0
 41
0.25
 42
0.125
 43
3.75
 44
0.375
 45
0.0
 46
0.0
 47
0.0
 48
0.0
 49
2.5
140
0.25
141
0.0
142
0.0
143
0.03937007874
144
100.0
145
0.0
146
0.5
147
0.1
148
0.0
 69
0
 70
0
 71
0
 72
0
 73
0
 74
0
 75
0
 76
0
 77
1
 78
12
 79
3
170
0
171
3
172
0
173
0
174
0
175
0
176
0
177
0
178
0
179
2
271
2
272
2
273
2
274
3
275
0
276
0
277
2
278
46
279
1
280
0
281
0
282
0
283
0
284
8
285
0
286
0
288
1
289
3
290
0
340
4C
342
84
371
-2
372
-2
  0
DIMSTYLE
105
88
330
4
100
AcDbSymbolTableRecord
100
AcDbDimStyleTableRecord
  2
EZ_RADIUS_INSIDE
 70
0
 40
1.0
 41
0.25
 42
0.125
 43
3.75
 44
0.375
 45
0.0
 46
0.0
 47
0.0
 48
0.0
 49
2.5
140
0.25
141
0.0
142
0.0
143
0.03937007874
144
100.0
145
0.0
146
0.5
147
0.1
148
0.0
 69
0
 70
0
 71
0
 72
0
 73
0
 74
0
 75
0
 76
0
 77
0
 78
12
 79
3
170
0
171
3
172
0
173
0
174
1
175
0
176
0
177
0
178
0
179
2
271
2
272
2
273
2
274
3
275
0
276
0
277
2
278
46
279
0
280
0
281
0
282
0
283
0
284
8
285
0
286
0
288
1
289
0
290
0
340
4C
342
84
371
-2
372
-2
  0
DIMSTYLE
105
89
330
4
100
AcDbSymbolTableRecord
100
AcDbDimStyleTableRecord
  2
EZ_CURVED
 70
0
 40
1.0
 41
0.25
 42
0.125
 43
3.75
 44
0.375
 45
0.0
 46
0.0
 47
0.0
 48
0.0
 49
2.5
140
0.25
141
2.5
142
0.0
143
0.03937007874
144
100.0
145
0.0
146
0.5
147
0.1
148
0.0
 69
0
 70
0
 71
0
 72
0
 73
0
 74
0
 75
0
 76
0
 77
1
 78
12
 79
2
 90
2
170
0
171
3
172
1
173
0
174
0
175
0
176
0
177
0
178
0
179
2
271
2
272
2
273
2
274
3
275
0
276
0
277
2
278
46
279
2
280
0
281
0
282
0
283
0
284
8
285
0
286
0
288
1
289
3
290
0
340
4C
371
-2
372
-2
  0
DIMSTYLE
105
9A
330
4
100
AcDbSymbolTableRecord
100
AcDbDimStyleTableRecord
  2
ZION_M
 70
0
 40
1.0
 41
0.08
 42
0.05
 43
3.75
 44
0.06
 45
0.0
 46
0.0
 47
0.0
 48
0.0
 49
2.5
140
0.12
141
2.5
142
0.0
143
0.03937007874
144
1.0
145
0.0
146
1.0
147
0.03
148
0.0
 69
0
 70
0
 71
0
 72
0
 73
0
 74
0
 75
0
 76
0
 77
1
 78
8
 79
3
170
0
171
3
172
1
173
0
174
0
175
0
176
2
177
2
178
2
179
2
271
2
272
2
273
2
274
3
275
0
276
0
277
2
278
44
279
0
280
0
281
0
282
0
283
0
284
8
285
0
286
0
288
0
289
3
290
0
340
99
371
-2
372
-2
  0
ENDTAB
  0
TABLE
  2
BLOCK_RECORD
  5
9
330
0
100
AcDbSymbolTable
 70
7
  0
BLOCK_RECORD
  5
17
330
9
100
AcDbSymbolTableRecord
100
AcDbBlockTableRecord
  2
*Model_Space
340
1A
 70
0
280
1
281
0
  0
BLOCK_RECORD
  5
1B
330
9
100
AcDbSymbolTableRecord
100
AcDbBlockTableRecord
  2
*Paper_Space
340
1E
 70
0
280
1
281
0
  0
BLOCK_RECORD
  5
74
330
9
100
AcDbSymbolTableRecord
100
AcDbBlockTableRecord
  2
_ARCHTICK
340
0
 70
0
280
1
281
0
  0
BLOCK_RECORD
  5
78
330
9
100
AcDbSymbolTableRecord
100
AcDbBlockTableRecord
  2
_CLOSEDFILLED
340
0
 70
0
280
1
281
0
  0
BLOCK_RECORD
  5
84
330
9
100
AcDbSymbolTableRecord
100
AcDbBlockTableRecord
  2
_CLOSEDBLANK
340
0
 70
0
280
1
281
0
  0
BLOCK_RECORD
  5
48B
330
9
100
AcDbSymbolTableRecord
100
AcDbBlockTableRecord
  2
*D1
340
0
 70
0
280
1
281
0
  0
BLOCK_RECORD
  5
49A
330
9
100
AcDbSymbolTableRecord
100
AcDbBlockTableRecord
  2
*D2
340
0
 70
0
280
1
281
0
  0
ENDTAB
  0
ENDSEC
  0
SECTION
  2
BLOCKS
  0
BLOCK
  5
18
330
17
100
AcDbEntity
  8
0
100
AcDbBlockBegin
  2
*Model_Space
 70
0
 10
0.0
 20
0.0
 30
0.0
  3
*Model_Space
  1

  0
ENDBLK
  5
19
330
17
100
AcDbEntity
  8
0
100
AcDbBlockEnd
  0
BLOCK
  5
1C
330
1B
100
AcDbEntity
  8
0
100
AcDbBlockBegin
  2
*Paper_Space
 70
0
 10
0.0
 20
0.0
 30
0.0
  3
*Paper_Space
  1

  0
ENDBLK
  5
1D
330
1B
100
AcDbEntity
  8
0
100
AcDbBlockEnd
  0
BLOCK
  5
75
330
74
100
AcDbEntity
  8
0
100
AcDbBlockBegin
  2
_ARCHTICK
 70
0
 10
0.0
 20
0.0
 30
0.0
  3
_ARCHTICK
  1

  0
LWPOLYLINE
  5
77
330
74
100
AcDbEntity
  8
0
  6
BYBLOCK
 62
0
100
AcDbPolyline
 90
2
 70
0
 43
0.15
 10
-0.5
 20
-0.5
 10
0.5
 20
0.5
  0
ENDBLK
  5
76
330
74
100
AcDbEntity
  8
0
100
AcDbBlockEnd
  0
BLOCK
  5
79
330
78
100
AcDbEntity
  8
0
100
AcDbBlockBegin
  2
_CLOSEDFILLED
 70
0
 10
0.0
 20
0.0
 30
0.0
  3
_CLOSEDFILLED
  1

  0
SOLID
  5
7B
330
78
100
AcDbEntity
  8
0
  6
BYBLOCK
 62
0
100
AcDbTrace
 10
-1.0
 20
0.16439898372402537
 30
0.0
 11
0.0
 21
0.0
 31
0.0
 12
-1.0
 22
-0.16439898372402537
 32
0.0
 13
-1.0
 23
-0.16439898372402537
 33
0.0
  0
ENDBLK
  5
7A
330
78
100
AcDbEntity
  8
0
100
AcDbBlockEnd
  0
BLOCK
  5
85
330
84
100
AcDbEntity
  8
0
100
AcDbBlockBegin
  2
_CLOSEDBLANK
 70
0
 10
0.0
 20
0.0
 30
0.0
  3
_CLOSEDBLANK
  1

  0
LWPOLYLINE
  5
87
330
84
100
AcDbEntity
  8
0
  6
BYBLOCK
 62
0
100
AcDbPolyline
 90
3
 70
1
 10
-1.0
 20
0.16439898372402537
 10
0.0
 20
0.0
 10
-1.0
 20
-0.16439898372402537
  0
ENDBLK
  5
86
330
84
100
AcDbEntity
  8
0
100
AcDbBlockEnd
  0
BLOCK
  5
48C
330
48B
100
AcDbEntity
  8
0
100
AcDbBlockBegin
  2
*D1
 70
1
 10
0.0
 20
0.0
 30
0.0
  3
*D1
  1

  0
LINE
  5
48E
330
48B
100
AcDbEntity
  8
0
 62
2
100
AcDbLine
 10
-2.4
 20
-4.35
 30
0.0
 11
-2.4
 21
-4.859999999999999
 31
0.0
  0
LINE
  5
48F
330
48B
100
AcDbEntity
  8
0
 62
2
100
AcDbLine
 10
10.5
 20
-4.35
 30
0.0
 11
10.5
 21
-4.859999999999999
 31
0.0
  0
INSERT
  5
490
330
48B
100
AcDbEntity
  8
COTAS
 62
2
100
AcDbBlockReference
  2
_CLOSEDFILLED
 10
-2.4
 20
-4.8
 30
0.0
 41
0.08
 42
0.08
 50
180.0
  0
INSERT
  5
492
330
48B
100
AcDbEntity
  8
COTAS
 62
2
100
AcDbBlockReference
  2
_CLOSEDFILLED
 10
10.5
 20
-4.8
 30
0.0
 41
0.08
 42
0.08
  0
LINE
  5
494
330
48B
100
AcDbEntity
  8
0
 62
2
100
AcDbLine
 10
-2.32
 20
-4.8
 30
0.0
 11
10.42
 21
-4.8
 31
0.0
  0
MTEXT
  5
495
330
48B
100
AcDbEntity
  8
COTAS
 62
2
100
AcDbMText
 10
4.050000000000001
 20
-4.71
 30
0.0
 40
0.12
 71
5
  1
12,90
  7
ZION
  0
POINT
  5
496
330
48B
100
AcDbEntity
  8
Defpoints
100
AcDbPoint
 10
-2.4
 20
-4.8
 30
0.0
  0
POINT
  5
497
330
48B
100
AcDbEntity
  8
Defpoints
100
AcDbPoint
 10
-2.4
 20
-4.3
 30
0.0
  0
POINT
  5
498
330
48B
100
AcDbEntity
  8
Defpoints
100
AcDbPoint
 10
10.5
 20
-4.3
 30
0.0
  0
ENDBLK
  5
48D
330
48B
100
AcDbEntity
  8
0
100
AcDbBlockEnd
  0
BLOCK
  5
49B
330
49A
100
AcDbEntity
  8
0
100
AcDbBlockBegin
  2
*D2
 70
1
 10
0.0
 20
0.0
 30
0.0
  3
*D2
  1

  0
LINE
  5
49D
330
49A
100
AcDbEntity
  8
0
 62
2
100
AcDbLine
 10
11.15
 20
-3.7
 30
0.0
 11
11.76
 21
-3.7
 31
0.0
  0
LINE
  5
49E
330
49A
100
AcDbEntity
  8
0
 62
2
100
AcDbLine
 10
11.15
 20
3.7
 30
0.0
 11
11.76
 21
3.7
 31
0.0
  0
INSERT
  5
49F
330
49A
100
AcDbEntity
  8
COTAS
 62
2
100
AcDbBlockReference
  2
_CLOSEDFILLED
 10
11.7
 20
-3.7
 30
0.0
 41
0.08
 42
0.08
 50
270.0
  0
INSERT
  5
4A1
330
49A
100
AcDbEntity
  8
COTAS
 62
2
100
AcDbBlockReference
  2
_CLOSEDFILLED
 10
11.7
 20
3.7
 30
0.0
 41
0.08
 42
0.08
 50
90.0
  0
LINE
  5
4A3
330
49A
100
AcDbEntity
  8
0
 62
2
100
AcDbLine
 10
11.7
 20
-3.62
 30
0.0
 11
11.7
 21
3.62
 31
0.0
  0
MTEXT
  5
4A4
330
49A
100
AcDbEntity
  8
COTAS
 62
2
100
AcDbMText
 10
11.61
 20
0.0
 30
0.0
 40
0.12
 71
5
  1
7,40
  7
ZION
 50
90.0
  0
POINT
  5
4A5
330
49A
100
AcDbEntity
  8
Defpoints
100
AcDbPoint
 10
11.7
 20
-3.7
 30
0.0
  0
POINT
  5
4A6
330
49A
100
AcDbEntity
  8
Defpoints
100
AcDbPoint
 10
11.1
 20
-3.7
 30
0.0
  0
POINT
  5
4A7
330
49A
100
AcDbEntity
  8
Defpoints
100
AcDbPoint
 10
11.1
 20
3.7
 30
0.0
  0
ENDBLK
  5
49C
330
49A
100
AcDbEntity
  8
0
100
AcDbBlockEnd
  0
ENDSEC
  0
SECTION
  2
ENTITIES
  0
LWPOLYLINE
  5
9B
330
17
100
AcDbEntity
  8
COBERTURA
100
AcDbPolyline
 90
4
 70
1
 10
-2.4
 20
-3.7
 10
10.5
 20
-3.7
 10
10.5
 20
3.7
 10
-2.4
 20
3.7
  0
LWPOLYLINE
  5
9C
330
17
100
AcDbEntity
  8
COBERTURA_OCULTA
100
AcDbPolyline
 90
4
 70
1
 10
0.0
 20
-2.7
 10
9.5
 20
-2.7
 10
9.5
 20
2.7
 10
0.0
 20
2.7
  0
LWPOLYLINE
  5
9D
330
17
100
AcDbEntity
  8
COBERTURA
100
AcDbPolyline
 90
2
 70
0
 10
0.30900000000000016
 20
1.0912403583211183
 10
0.3084886679309589
 20
1.1100000000000003
  0
LWPOLYLINE
  5
9E
330
17
100
AcDbEntity
  8
COBERTURA
100
AcDbPolyline
 90
2
 70
0
 10
0.3084886679309589
 20
1.1100000000000003
 10
0.30560441400936883
 20
1.2333333333333334
  0
LWPOLYLINE
  5
9F
330
17
100
AcDbEntity
  8
COBERTURA
100
AcDbPolyline
 90
2
 70
0
 10
0.30560441400936883
 20
1.2333333333333334
 10
0.3034104873155058
 20
1.3566666666666665
  0
LWPOLYLINE
  5
A0
330
17
100
AcDbEntity
  8
COBERTURA
100
AcDbPolyline
 90
2
 70
0
 10
0.3034104873155058
 20
1.3566666666666665
 10
0.30204311113138044
 20
1.4799999999999995
  0
LWPOLYLINE
  5
A1
330
17
100
AcDbEntity
  8
COBERTURA
100
AcDbPolyline
 90
2
 70
0
 10
0.3020431111313805
 20
1.4799999999999995
 10
0.30159403699014714
 20
1.6033333333333335
  0
LWPOLYLINE
  5
A2
330
17
100
AcDbEntity
  8
COBERTURA
100
AcDbPolyline
 90
2
 70
0
 10
0.30159403699014714
 20
1.6033333333333335
 10
0.30209459854939036
 20
1.7266666666666666
  0
LWPOLYLINE
  5
A3
330
17
100
AcDbEntity
  8
COBERTURA
100
AcDbPolyline
 90
2
 70
0
 10
0.30209459854939036
 20
1.7266666666666666
 10
0.3035099656368168
 20
1.8499999999999996
  0
LWPOLYLINE
  5
A4
330
17
100
AcDbEntity
  8
COBERTURA
100
AcDbPolyline
 90
2
 70
0
 10
0.3035099656368168
 20
1.8499999999999996
 10
0.30574552470109445
 20
1.9733333333333336
  0
LWPOLYLINE
  5
A5
330
17
100
AcDbEntity
  8
COBERTURA
100
AcDbPolyline
 90
2
 70
0
 10
0.30574552470109445
 20
1.9733333333333336
 10
0.3086632500918933
 20
2.0966666666666667
  0
LWPOLYLINE
  5
A6
330
17
100
AcDbEntity
  8
COBERTURA
100
AcDbPolyline
 90
2
 70
0
 10
0.3086632500918933
 20
2.0966666666666667
 10
0.30900000000000016
 20
2.108945688283581
  0
LWPOLYLINE
  5
A7
330
17
100
AcDbEntity
  8
COBERTURA
100
AcDbPolyline
 90
2
 70
0
 10
0.43800000000000017
 20
-1.7398755876794114
 10
0.42602176835493566
 20
-1.7266666666666668
  0
LWPOLYLINE
  5
A8
330
17
100
AcDbEntity
  8
COBERTURA
100
AcDbPolyline
 90
2
 70
0
 10
0.42602176835493566
 20
-1.7266666666666668
 10
0.367349035790009
 20
-1.6033333333333335
  0
LWPOLYLINE
  5
A9
330
17
100
AcDbEntity
  8
COBERTURA
100
AcDbPolyline
 90
2
 70
0
 10
0.367349035790009
 20
-1.6033333333333335
 10
0.3512315488204337
 20
-1.48
  0
LWPOLYLINE
  5
AA
330
17
100
AcDbEntity
  8
COBERTURA
100
AcDbPolyline
 90
2
 70
0
 10
0.3512315488204337
 20
-1.48
 10
0.3501411095016848
 20
-1.356666666666667
  0
LWPOLYLINE
  5
AB
330
17
100
AcDbEntity
  8
COBERTURA
100
AcDbPolyline
 90
2
 70
0
 10
0.3501411095016848
 20
-1.356666666666667
 10
0.3489797558237699
 20
-1.2333333333333334
  0
LWPOLYLINE
  5
AC
330
17
100
AcDbEntity
  8
COBERTURA
100
AcDbPolyline
 90
2
 70
0
 10
0.3489797558237699
 20
-1.2333333333333334
 10
0.3477414432175392
 20
-1.1100000000000003
  0
LWPOLYLINE
  5
AD
330
17
100
AcDbEntity
  8
COBERTURA
100
AcDbPolyline
 90
2
 70
0
 10
0.3477414432175392
 20
-1.1100000000000003
 10
0.3464196482224918
 20
-0.9866666666666668
  0
LWPOLYLINE
  5
AE
330
17
100
AcDbEntity
  8
COBERTURA
100
AcDbPolyline
 90
2
 70
0
 10
0.3464196482224918
 20
-0.9866666666666668
 10
0.3450073886885633
 20
-0.8633333333333333
  0
LWPOLYLINE
  5
AF
330
17
100
AcDbEntity
  8
COBERTURA
100
AcDbPolyline
 90
2
 70
0
 10
0.3450073886885633
 20
-0.8633333333333333
 10
0.3434972794651219
 20
-0.7400000000000002
  0
LWPOLYLINE
  5
B0
330
17
100
AcDbEntity
  8
COBERTURA
100
AcDbPolyline
 90
2
 70
0
 10
0.3434972794651219
 20
-0.7400000000000002
 10
0.3418816416357067
 20
-0.6166666666666667
  0
LWPOLYLINE
  5
B1
330
17
100
AcDbEntity
  8
COBERTURA
100
AcDbPolyline
 90
2
 70
0
 10
0.3418816416357067
 20
-0.6166666666666667
 10
0.3401526907546559
 20
-0.4933333333333336
  0
LWPOLYLINE
  5
B2
330
17
100
AcDbEntity
  8
COBERTURA
100
AcDbPolyline
 90
2
 70
0
 10
0.3401526907546559
 20
-0.4933333333333336
 10
0.3383028393067554
 20
-0.3700000000000001
  0
LWPOLYLINE
  5
B3
330
17
100
AcDbEntity
  8
COBERTURA
100
AcDbPolyline
 90
2
 70
0
 10
0.3383028393067554
 20
-0.3700000000000001
 10
0.3363251609229838
 20
-0.2466666666666666
  0
LWPOLYLINE
  5
B4
330
17
100
AcDbEntity
  8
COBERTURA
100
AcDbPolyline
 90
2
 70
0
 10
0.33632516092298376
 20
-0.2466666666666666
 10
0.3342140782624354
 20
-0.12333333333333352
  0
LWPOLYLINE
  5
B5
330
17
100
AcDbEntity
  8
COBERTURA
100
AcDbPolyline
 90
2
 70
0
 10
0.3342140782624354
 20
-0.12333333333333352
 10
0.3319663509386014
 20
0.0
  0
LWPOLYLINE
  5
B6
330
17
100
AcDbEntity
  8
COBERTURA
100
AcDbPolyline
 90
2
 70
0
 10
0.3319663509386014
 20
0.0
 10
0.329582449517273
 20
0.12333333333333307
  0
LWPOLYLINE
  5
B7
330
17
100
AcDbEntity
  8
COBERTURA
100
AcDbPolyline
 90
2
 70
0
 10
0.329582449517273
 20
0.12333333333333307
 10
0.32706839639618335
 20
0.2466666666666666
  0
LWPOLYLINE
  5
B8
330
17
100
AcDbEntity
  8
COBERTURA
100
AcDbPolyline
 90
2
 70
0
 10
0.32706839639618335
 20
0.2466666666666666
 10
0.32443811645468923
 20
0.3700000000000001
  0
LWPOLYLINE
  5
B9
330
17
100
AcDbEntity
  8
COBERTURA
100
AcDbPolyline
 90
2
 70
0
 10
0.32443811645468923
 20
0.3700000000000001
 10
0.3217162426359541
 20
0.4933333333333332
  0
LWPOLYLINE
  5
BA
330
17
100
AcDbEntity
  8
COBERTURA
100
AcDbPolyline
 90
2
 70
0
 10
0.32171624263595405
 20
0.4933333333333332
 10
0.31894113193911433
 20
0.6166666666666663
  0
LWPOLYLINE
  5
BB
330
17
100
AcDbEntity
  8
COBERTURA
100
AcDbPolyline
 90
2
 70
0
 10
0.31894113193911433
 20
0.6166666666666663
 10
0.3161675469370215
 20
0.7400000000000002
  0
LWPOLYLINE
  5
BC
330
17
100
AcDbEntity
  8
COBERTURA
100
AcDbPolyline
 90
2
 70
0
 10
0.3161675469370215
 20
0.7400000000000002
 10
0.3134680841940142
 20
0.8633333333333333
  0
LWPOLYLINE
  5
BD
330
17
100
AcDbEntity
  8
COBERTURA
100
AcDbPolyline
 90
2
 70
0
 10
0.3134680841940142
 20
0.8633333333333333
 10
0.31093213903149475
 20
0.9866666666666664
  0
LWPOLYLINE
  5
BE
330
17
100
AcDbEntity
  8
COBERTURA
100
AcDbPolyline
 90
2
 70
0
 10
0.31093213903149475
 20
0.9866666666666664
 10
0.30900000000000016
 20
1.0912403583211183
  0
LWPOLYLINE
  5
BF
330
17
100
AcDbEntity
  8
COBERTURA
100
AcDbPolyline
 90
2
 70
0
 10
0.31106521835588624
 20
2.2199999999999998
 10
0.30900000000000016
 20
2.108945688283581
  0
LWPOLYLINE
  5
C0
330
17
100
AcDbEntity
  8
COBERTURA
100
AcDbPolyline
 90
2
 70
0
 10
0.31106521835588624
 20
2.2199999999999998
 10
0.3136130408836076
 20
2.3433333333333337
  0
LWPOLYLINE
  5
C1
330
17
100
AcDbEntity
  8
COBERTURA
100
AcDbPolyline
 90
2
 70
0
 10
0.3136130408836076
 20
2.3433333333333337
 10
0.3395609412680118
 20
2.466666666666667
  0
LWPOLYLINE
  5
C2
330
17
100
AcDbEntity
  8
COBERTURA
100
AcDbPolyline
 90
2
 70
0
 10
0.3395609412680118
 20
2.466666666666667
 10
0.43800000000000017
 20
2.4900162500722023
  0
LWPOLYLINE
  5
C3
330
17
100
AcDbEntity
  8
COBERTURA
100
AcDbPolyline
 90
2
 70
0
 10
0.5670000000000002
 20
-1.7464819646801968
 10
0.43800000000000017
 20
-1.7398755876794114
  0
LWPOLYLINE
  5
C4
330
17
100
AcDbEntity
  8
COBERTURA
100
AcDbPolyline
 90
2
 70
0
 10
0.5670000000000002
 20
2.4955862519564613
 10
0.43800000000000017
 20
2.4900162500722023
  0
LWPOLYLINE
  5
C5
330
17
100
AcDbEntity
  8
COBERTURA
100
AcDbPolyline
 90
2
 70
0
 10
0.6960000000000002
 20
-1.7624367196135255
 10
0.5670000000000002
 20
-1.7464819646801968
  0
LWPOLYLINE
  5
C6
330
17
100
AcDbEntity
  8
COBERTURA
100
AcDbPolyline
 90
2
 70
0
 10
0.6960000000000002
 20
2.5013890226288593
 10
0.5670000000000002
 20
2.4955862519564613
  0
LWPOLYLINE
  5
C7
330
17
100
AcDbEntity
  8
COBERTURA
100
AcDbPolyline
 90
2
 70
0
 10
0.8250000000000002
 20
-1.7983530636581895
 10
0.6960000000000002
 20
-1.7624367196135255
  0
LWPOLYLINE
  5
C8
330
17
100
AcDbEntity
  8
COBERTURA
100
AcDbPolyline
 90
2
 70
0
 10
0.8250000000000002
 20
2.506597591731883
 10
0.6960000000000002
 20
2.5013890226288593
  0
LWPOLYLINE
  5
C9
330
17
100
AcDbEntity
  8
COBERTURA
100
AcDbPolyline
 90
2
 70
0
 10
0.9540000000000002
 20
-1.884975829320145
 10
0.9171650385768075
 20
-1.85
  0
LWPOLYLINE
  5
CA
330
17
100
AcDbEntity
  8
COBERTURA
100
AcDbPolyline
 90
2
 70
0
 10
0.9171650385768075
 20
-1.85
 10
0.8250000000000002
 20
-1.7983530636581895
  0
LWPOLYLINE
  5
CB
330
17
100
AcDbEntity
  8
COBERTURA
100
AcDbPolyline
 90
2
 70
0
 10
0.9540000000000002
 20
2.511965096410856
 10
0.8250000000000002
 20
2.506597591731883
  0
LWPOLYLINE
  5
CC
330
17
100
AcDbEntity
  8
COBERTURA
100
AcDbPolyline
 90
2
 70
0
 10
1.0830000000000002
 20
-2.1306985366096085
 10
1.0480452854907225
 20
-2.0966666666666667
  0
LWPOLYLINE
  5
CD
330
17
100
AcDbEntity
  8
COBERTURA
100
AcDbPolyline
 90
2
 70
0
 10
1.0480452854907225
 20
-2.0966666666666667
 10
1.0108022743279736
 20
-1.9733333333333334
  0
LWPOLYLINE
  5
CE
330
17
100
AcDbEntity
  8
COBERTURA
100
AcDbPolyline
 90
2
 70
0
 10
1.0108022743279736
 20
-1.9733333333333334
 10
0.9540000000000002
 20
-1.884975829320145
  0
LWPOLYLINE
  5
CF
330
17
100
AcDbEntity
  8
COBERTURA
100
AcDbPolyline
 90
2
 70
0
 10
1.0830000000000002
 20
2.517250941447582
 10
0.9540000000000002
 20
2.511965096410856
  0
LWPOLYLINE
  5
D0
330
17
100
AcDbEntity
  8
COBERTURA
100
AcDbPolyline
 90
2
 70
0
 10
1.2120000000000002
 20
-2.179616224631237
 10
1.0830000000000002
 20
-2.1306985366096085
  0
LWPOLYLINE
  5
D1
330
17
100
AcDbEntity
  8
COBERTURA
100
AcDbPolyline
 90
2
 70
0
 10
1.2120000000000002
 20
2.5221013529772325
 10
1.0830000000000002
 20
2.517250941447582
  0
LWPOLYLINE
  5
D2
330
17
100
AcDbEntity
  8
COBERTURA
100
AcDbPolyline
 90
2
 70
0
 10
1.3410000000000002
 20
-2.182967972649397
 10
1.2120000000000002
 20
-2.179616224631237
  0
LWPOLYLINE
  5
D3
330
17
100
AcDbEntity
  8
COBERTURA
100
AcDbPolyline
 90
2
 70
0
 10
1.3410000000000002
 20
2.52607188014563
 10
1.2120000000000002
 20
2.5221013529772325
  0
LWPOLYLINE
  5
D4
330
17
100
AcDbEntity
  8
COBERTURA
100
AcDbPolyline
 90
2
 70
0
 10
1.4700000000000002
 20
-2.183963531230419
 10
1.3410000000000002
 20
-2.182967972649397
  0
LWPOLYLINE
  5
D5
330
17
100
AcDbEntity
  8
COBERTURA
100
AcDbPolyline
 90
2
 70
0
 10
1.4700000000000002
 20
2.528703406993469
 10
1.3410000000000002
 20
2.52607188014563
  0
LWPOLYLINE
  5
D6
330
17
100
AcDbEntity
  8
COBERTURA
100
AcDbPolyline
 90
2
 70
0
 10
1.5990000000000002
 20
-2.1849918517863287
 10
1.4700000000000002
 20
-2.183963531230419
  0
LWPOLYLINE
  5
D7
330
17
100
AcDbEntity
  8
COBERTURA
100
AcDbPolyline
 90
2
 70
0
 10
1.5990000000000002
 20
2.5296419610659457
 10
1.4700000000000002
 20
2.528703406993469
  0
LWPOLYLINE
  5
D8
330
17
100
AcDbEntity
  8
COBERTURA
100
AcDbPolyline
 90
2
 70
0
 10
1.7280000000000002
 20
-2.1860543738032723
 10
1.5990000000000002
 20
-2.1849918517863287
  0
LWPOLYLINE
  5
D9
330
17
100
AcDbEntity
  8
COBERTURA
100
AcDbPolyline
 90
2
 70
0
 10
1.7280000000000002
 20
2.5287536773763124
 10
1.5990000000000002
 20
2.5296419610659453
  0
LWPOLYLINE
  5
DA
330
17
100
AcDbEntity
  8
COBERTURA
100
AcDbPolyline
 90
2
 70
0
 10
1.8569999999999998
 20
-2.187152575730548
 10
1.7280000000000002
 20
-2.1860543738032723
  0
LWPOLYLINE
  5
DB
330
17
100
AcDbEntity
  8
COBERTURA
100
AcDbPolyline
 90
2
 70
0
 10
1.8569999999999998
 20
2.526173087921309
 10
1.7280000000000002
 20
2.5287536773763124
  0
LWPOLYLINE
  5
DC
330
17
100
AcDbEntity
  8
COBERTURA
100
AcDbPolyline
 90
2
 70
0
 10
1.9860000000000002
 20
-2.1882879596949087
 10
1.8569999999999998
 20
-2.187152575730548
  0
LWPOLYLINE
  5
DD
330
17
100
AcDbEntity
  8
COBERTURA
100
AcDbPolyline
 90
2
 70
0
 10
1.9860000000000002
 20
2.5222561538104777
 10
1.8569999999999998
 20
2.526173087921309
  0
LWPOLYLINE
  5
DE
330
17
100
AcDbEntity
  8
COBERTURA
100
AcDbPolyline
 90
2
 70
0
 10
2.1150000000000007
 20
-2.1894620320158213
 10
1.9860000000000002
 20
-2.1882879596949087
  0
LWPOLYLINE
  5
DF
330
17
100
AcDbEntity
  8
COBERTURA
100
AcDbPolyline
 90
2
 70
0
 10
2.1150000000000007
 20
2.517465631095838
 10
1.9860000000000002
 20
2.5222561538104777
  0
LWPOLYLINE
  5
E0
330
17
100
AcDbEntity
  8
COBERTURA
100
AcDbPolyline
 90
2
 70
0
 10
2.244
 20
-2.1906762790686005
 10
2.1150000000000007
 20
-2.1894620320158213
  0
LWPOLYLINE
  5
E1
330
17
100
AcDbEntity
  8
COBERTURA
100
AcDbPolyline
 90
2
 70
0
 10
2.244
 20
2.5122504915523227
 10
2.1150000000000007
 20
2.517465631095838
  0
LWPOLYLINE
  5
E2
330
17
100
AcDbEntity
  8
COBERTURA
100
AcDbPolyline
 90
2
 70
0
 10
2.3729999999999998
 20
-2.191932137988094
 10
2.244
 20
-2.1906762790686005
  0
LWPOLYLINE
  5
E3
330
17
100
AcDbEntity
  8
COBERTURA
100
AcDbPolyline
 90
2
 70
0
 10
2.3729999999999998
 20
2.5069687712308477
 10
2.244
 20
2.5122504915523227
  0
LWPOLYLINE
  5
E4
330
17
100
AcDbEntity
  8
COBERTURA
100
AcDbPolyline
 90
2
 70
0
 10
2.5020000000000002
 20
-2.193230961628586
 10
2.3729999999999998
 20
-2.191932137988094
  0
LWPOLYLINE
  5
E5
330
17
100
AcDbEntity
  8
COBERTURA
100
AcDbPolyline
 90
2
 70
0
 10
2.5020000000000002
 20
2.5018643065222514
 10
2.3729999999999998
 20
2.5069687712308477
  0
LWPOLYLINE
  5
E6
330
17
100
AcDbEntity
  8
COBERTURA
100
AcDbPolyline
 90
2
 70
0
 10
2.6310000000000007
 20
-2.194573977099869
 10
2.5020000000000002
 20
-2.193230961628586
  0
LWPOLYLINE
  5
E7
330
17
100
AcDbEntity
  8
COBERTURA
100
AcDbPolyline
 90
2
 70
0
 10
2.6310000000000007
 20
2.497079603271115
 10
2.5020000000000002
 20
2.5018643065222514
  0
LWPOLYLINE
  5
E8
330
17
100
AcDbEntity
  8
COBERTURA
100
AcDbPolyline
 90
2
 70
0
 10
2.7600000000000002
 20
-2.1959622370939984
 10
2.6310000000000007
 20
-2.194573977099869
  0
LWPOLYLINE
  5
E9
330
17
100
AcDbEntity
  8
COBERTURA
100
AcDbPolyline
 90
2
 70
0
 10
2.7600000000000002
 20
2.492682471106844
 10
2.6310000000000007
 20
2.497079603271115
  0
LWPOLYLINE
  5
EA
330
17
100
AcDbEntity
  8
COBERTURA
100
AcDbPolyline
 90
2
 70
0
 10
2.889
 20
-2.197396563116703
 10
2.7600000000000002
 20
-2.1959622370939984
  0
LWPOLYLINE
  5
EB
330
17
100
AcDbEntity
  8
COBERTURA
100
AcDbPolyline
 90
2
 70
0
 10
2.889
 20
2.488692179575307
 10
2.7600000000000002
 20
2.492682471106844
  0
LWPOLYLINE
  5
EC
330
17
100
AcDbEntity
  8
COBERTURA
100
AcDbPolyline
 90
2
 70
0
 10
3.0180000000000002
 20
-2.1988774796617983
 10
2.889
 20
-2.197396563116703
  0
LWPOLYLINE
  5
ED
330
17
100
AcDbEntity
  8
COBERTURA
100
AcDbPolyline
 90
2
 70
0
 10
3.0180000000000002
 20
2.485099609674216
 10
2.889
 20
2.488692179575307
  0
LWPOLYLINE
  5
EE
330
17
100
AcDbEntity
  8
COBERTURA
100
AcDbPolyline
 90
2
 70
0
 10
3.1470000000000007
 20
-2.200405138342954
 10
3.0180000000000002
 20
-2.1988774796617983
  0
LWPOLYLINE
  5
EF
330
17
100
AcDbEntity
  8
COBERTURA
100
AcDbPolyline
 90
2
 70
0
 10
3.1470000000000007
 20
2.4818808857229473
 10
3.0180000000000002
 20
2.485099609674216
  0
LWPOLYLINE
  5
F0
330
17
100
AcDbEntity
  8
COBERTURA
100
AcDbPolyline
 90
2
 70
0
 10
3.2760000000000002
 20
-2.201979231057972
 10
3.1470000000000007
 20
-2.200405138342954
  0
LWPOLYLINE
  5
F1
330
17
100
AcDbEntity
  8
COBERTURA
100
AcDbPolyline
 90
2
 70
0
 10
3.2760000000000002
 20
2.4790058389962026
 10
3.1470000000000007
 20
2.4818808857229473
  0
LWPOLYLINE
  5
F2
330
17
100
AcDbEntity
  8
COBERTURA
100
AcDbPolyline
 90
2
 70
0
 10
3.405
 20
-2.2035988914470015
 10
3.2760000000000002
 20
-2.201979231057972
  0
LWPOLYLINE
  5
F3
330
17
100
AcDbEntity
  8
COBERTURA
100
AcDbPolyline
 90
2
 70
0
 10
3.405
 20
2.476442910054876
 10
3.2760000000000002
 20
2.4790058389962026
  0
LWPOLYLINE
  5
F4
330
17
100
AcDbEntity
  8
COBERTURA
100
AcDbPolyline
 90
2
 70
0
 10
3.5340000000000003
 20
-2.2052625842660807
 10
3.405
 20
-2.2035988914470015
  0
LWPOLYLINE
  5
F5
330
17
100
AcDbEntity
  8
COBERTURA
100
AcDbPolyline
 90
2
 70
0
 10
3.5340000000000003
 20
2.474161785550415
 10
3.405
 20
2.476442910054876
  0
LWPOLYLINE
  5
F6
330
17
100
AcDbEntity
  8
COBERTURA
100
AcDbPolyline
 90
2
 70
0
 10
3.6630000000000007
 20
-2.2069679828857134
 10
3.5340000000000003
 20
-2.2052625842660807
  0
LWPOLYLINE
  5
F7
330
17
100
AcDbEntity
  8
COBERTURA
100
AcDbPolyline
 90
2
 70
0
 10
3.6630000000000007
 20
2.472134668224557
 10
3.5340000000000003
 20
2.474161785550415
  0
LWPOLYLINE
  5
F8
330
17
100
AcDbEntity
  8
COBERTURA
100
AcDbPolyline
 90
2
 70
0
 10
3.7920000000000003
 20
-2.208711835999322
 10
3.6630000000000007
 20
-2.2069679828857134
  0
LWPOLYLINE
  5
F9
330
17
100
AcDbEntity
  8
COBERTURA
100
AcDbPolyline
 90
2
 70
0
 10
3.7920000000000003
 20
2.4703367553409756
 10
3.6630000000000007
 20
2.472134668224557
  0
LWPOLYLINE
  5
FA
330
17
100
AcDbEntity
  8
COBERTURA
100
AcDbPolyline
 90
2
 70
0
 10
3.921
 20
-2.2104898258441676
 10
3.7920000000000003
 20
-2.208711835999322
  0
LWPOLYLINE
  5
FB
330
17
100
AcDbEntity
  8
COBERTURA
100
AcDbPolyline
 90
2
 70
0
 10
3.921
 20
2.468746275189902
 10
3.7920000000000003
 20
2.4703367553409756
  0
LWPOLYLINE
  5
FC
330
17
100
AcDbEntity
  8
COBERTURA
100
AcDbPolyline
 90
2
 70
0
 10
4.050000000000001
 20
-2.2122964218398153
 10
3.921
 20
-2.2104898258441676
  0
LWPOLYLINE
  5
FD
330
17
100
AcDbEntity
  8
COBERTURA
100
AcDbPolyline
 90
2
 70
0
 10
4.050000000000001
 20
2.467344285474746
 10
3.921
 20
2.468746275189902
  0
LWPOLYLINE
  5
FE
330
17
100
AcDbEntity
  8
COBERTURA
100
AcDbPolyline
 90
2
 70
0
 10
4.179
 20
-2.2141247355475
 10
4.050000000000001
 20
-2.2122964218398153
  0
LWPOLYLINE
  5
FF
330
17
100
AcDbEntity
  8
COBERTURA
100
AcDbPolyline
 90
2
 70
0
 10
4.179
 20
2.466331947462331
 10
4.121305934107533
 20
2.466666666666667
  0
LWPOLYLINE
  5
100
330
17
100
AcDbEntity
  8
COBERTURA
100
AcDbPolyline
 90
2
 70
0
 10
4.121305934107533
 20
2.466666666666667
 10
4.050000000000001
 20
2.467344285474746
  0
LWPOLYLINE
  5
101
330
17
100
AcDbEntity
  8
COBERTURA
100
AcDbPolyline
 90
2
 70
0
 10
4.308
 20
-2.2159663852039135
 10
4.179
 20
-2.2141247355475
  0
LWPOLYLINE
  5
102
330
17
100
AcDbEntity
  8
COBERTURA
100
AcDbPolyline
 90
2
 70
0
 10
4.308
 20
2.465683884727641
 10
4.179
 20
2.466331947462331
  0
LWPOLYLINE
  5
103
330
17
100
AcDbEntity
  8
COBERTURA
100
AcDbPolyline
 90
2
 70
0
 10
4.436999999999999
 20
-2.2178113806560864
 10
4.308
 20
-2.2159663852039135
  0
LWPOLYLINE
  5
104
330
17
100
AcDbEntity
  8
COBERTURA
100
AcDbPolyline
 90
2
 70
0
 10
4.436999999999999
 20
2.4651255599189548
 10
4.308
 20
2.465683884727641
  0
LWPOLYLINE
  5
105
330
17
100
AcDbEntity
  8
COBERTURA
100
AcDbPolyline
 90
2
 70
0
 10
4.566000000000001
 20
-2.219648042075769
 10
4.436999999999999
 20
-2.2178113806560864
  0
LWPOLYLINE
  5
106
330
17
100
AcDbEntity
  8
COBERTURA
100
AcDbPolyline
 90
2
 70
0
 10
4.566000000000001
 20
2.464649512249256
 10
4.436999999999999
 20
2.4651255599189548
  0
LWPOLYLINE
  5
107
330
17
100
AcDbEntity
  8
COBERTURA
100
AcDbPolyline
 90
2
 70
0
 10
4.695
 20
-2.2218782712550955
 10
4.590822648805474
 20
-2.22
  0
LWPOLYLINE
  5
108
330
17
100
AcDbEntity
  8
COBERTURA
100
AcDbPolyline
 90
2
 70
0
 10
4.590822648805474
 20
-2.22
 10
4.566000000000001
 20
-2.219648042075769
  0
LWPOLYLINE
  5
109
330
17
100
AcDbEntity
  8
COBERTURA
100
AcDbPolyline
 90
2
 70
0
 10
4.695
 20
2.46424883667975
 10
4.566000000000001
 20
2.464649512249256
  0
LWPOLYLINE
  5
10A
330
17
100
AcDbEntity
  8
COBERTURA
100
AcDbPolyline
 90
2
 70
0
 10
4.824
 20
-2.2241642345930224
 10
4.695
 20
-2.2218782712550955
  0
LWPOLYLINE
  5
10B
330
17
100
AcDbEntity
  8
COBERTURA
100
AcDbPolyline
 90
2
 70
0
 10
4.824
 20
2.4639168476795796
 10
4.695
 20
2.46424883667975
  0
LWPOLYLINE
  5
10C
330
17
100
AcDbEntity
  8
COBERTURA
100
AcDbPolyline
 90
2
 70
0
 10
4.952999999999999
 20
-2.226385226063513
 10
4.824
 20
-2.2241642345930224
  0
LWPOLYLINE
  5
10D
330
17
100
AcDbEntity
  8
COBERTURA
100
AcDbPolyline
 90
2
 70
0
 10
4.952999999999999
 20
2.4636467317800594
 10
4.824
 20
2.4639168476795796
  0
LWPOLYLINE
  5
10E
330
17
100
AcDbEntity
  8
COBERTURA
100
AcDbPolyline
 90
2
 70
0
 10
5.082000000000001
 20
-2.228518202899953
 10
4.952999999999999
 20
-2.226385226063513
  0
LWPOLYLINE
  5
10F
330
17
100
AcDbEntity
  8
COBERTURA
100
AcDbPolyline
 90
2
 70
0
 10
5.082000000000001
 20
2.463431199568944
 10
4.952999999999999
 20
2.4636467317800594
  0
LWPOLYLINE
  5
110
330
17
100
AcDbEntity
  8
COBERTURA
100
AcDbPolyline
 90
2
 70
0
 10
5.211
 20
-2.23053852562427
 10
5.082000000000001
 20
-2.228518202899953
  0
LWPOLYLINE
  5
111
330
17
100
AcDbEntity
  8
COBERTURA
100
AcDbPolyline
 90
2
 70
0
 10
5.211
 20
2.4632621597950566
 10
5.082000000000001
 20
2.463431199568944
  0
LWPOLYLINE
  5
112
330
17
100
AcDbEntity
  8
COBERTURA
100
AcDbPolyline
 90
2
 70
0
 10
5.34
 20
-2.232420455474135
 10
5.211
 20
-2.23053852562427
  0
LWPOLYLINE
  5
113
330
17
100
AcDbEntity
  8
COBERTURA
100
AcDbPolyline
 90
2
 70
0
 10
5.34
 20
2.4631304532957468
 10
5.211
 20
2.4632621597950566
  0
LWPOLYLINE
  5
114
330
17
100
AcDbEntity
  8
COBERTURA
100
AcDbPolyline
 90
2
 70
0
 10
5.468999999999999
 20
-2.2341378022651197
 10
5.34
 20
-2.232420455474135
  0
LWPOLYLINE
  5
115
330
17
100
AcDbEntity
  8
COBERTURA
100
AcDbPolyline
 90
2
 70
0
 10
5.468999999999999
 20
2.463025699326116
 10
5.34
 20
2.4631304532957468
  0
LWPOLYLINE
  5
116
330
17
100
AcDbEntity
  8
COBERTURA
100
AcDbPolyline
 90
2
 70
0
 10
5.598000000000001
 20
-2.2356647092125543
 10
5.468999999999999
 20
-2.2341378022651197
  0
LWPOLYLINE
  5
117
330
17
100
AcDbEntity
  8
COBERTURA
100
AcDbPolyline
 90
2
 70
0
 10
5.598000000000001
 20
2.4629363158838156
 10
5.468999999999999
 20
2.463025699326116
  0
LWPOLYLINE
  5
118
330
17
100
AcDbEntity
  8
COBERTURA
100
AcDbPolyline
 90
2
 70
0
 10
5.727
 20
-2.236976544610842
 10
5.598000000000001
 20
-2.2356647092125543
  0
LWPOLYLINE
  5
119
330
17
100
AcDbEntity
  8
COBERTURA
100
AcDbPolyline
 90
2
 70
0
 10
5.727
 20
2.462849771198164
 10
5.598000000000001
 20
2.4629363158838156
  0
LWPOLYLINE
  5
11A
330
17
100
AcDbEntity
  8
COBERTURA
100
AcDbPolyline
 90
2
 70
0
 10
5.856
 20
-2.2380508534058268
 10
5.727
 20
-2.236976544610842
  0
LWPOLYLINE
  5
11B
330
17
100
AcDbEntity
  8
COBERTURA
100
AcDbPolyline
 90
2
 70
0
 10
5.856
 20
2.4627530986482484
 10
5.727
 20
2.462849771198164
  0
LWPOLYLINE
  5
11C
330
17
100
AcDbEntity
  8
COBERTURA
100
AcDbPolyline
 90
2
 70
0
 10
5.984999999999999
 20
-2.238868307261747
 10
5.856
 20
-2.2380508534058268
  0
LWPOLYLINE
  5
11D
330
17
100
AcDbEntity
  8
COBERTURA
100
AcDbPolyline
 90
2
 70
0
 10
5.984999999999999
 20
2.4626336597973912
 10
5.856
 20
2.4627530986482484
  0
LWPOLYLINE
  5
11E
330
17
100
AcDbEntity
  8
COBERTURA
100
AcDbPolyline
 90
2
 70
0
 10
6.113999999999999
 20
-2.2394135825554824
 10
5.984999999999999
 20
-2.238868307261747
  0
LWPOLYLINE
  5
11F
330
17
100
AcDbEntity
  8
COBERTURA
100
AcDbPolyline
 90
2
 70
0
 10
6.113999999999999
 20
2.462480077045527
 10
5.984999999999999
 20
2.4626336597973912
  0
LWPOLYLINE
  5
120
330
17
100
AcDbEntity
  8
COBERTURA
100
AcDbPolyline
 90
2
 70
0
 10
6.243
 20
-2.239676094215924
 10
6.113999999999999
 20
-2.2394135825554824
  0
LWPOLYLINE
  5
121
330
17
100
AcDbEntity
  8
COBERTURA
100
AcDbPolyline
 90
2
 70
0
 10
6.243
 20
2.4622831962191243
 10
6.113999999999999
 20
2.462480077045527
  0
LWPOLYLINE
  5
122
330
17
100
AcDbEntity
  8
COBERTURA
100
AcDbPolyline
 90
2
 70
0
 10
6.372
 20
-2.2396505207788926
 10
6.243
 20
-2.239676094215924
  0
LWPOLYLINE
  5
123
330
17
100
AcDbEntity
  8
COBERTURA
100
AcDbPolyline
 90
2
 70
0
 10
6.372
 20
2.462036903740398
 10
6.243
 20
2.4622831962191243
  0
LWPOLYLINE
  5
124
330
17
100
AcDbEntity
  8
COBERTURA
100
AcDbPolyline
 90
2
 70
0
 10
6.5009999999999994
 20
-2.239337072238664
 10
6.372
 20
-2.2396505207788926
  0
LWPOLYLINE
  5
125
330
17
100
AcDbEntity
  8
COBERTURA
100
AcDbPolyline
 90
2
 70
0
 10
6.5009999999999994
 20
2.461738632095963
 10
6.372
 20
2.462036903740398
  0
LWPOLYLINE
  5
126
330
17
100
AcDbEntity
  8
COBERTURA
100
AcDbPolyline
 90
2
 70
0
 10
6.630000000000001
 20
-2.238741475401858
 10
6.5009999999999994
 20
-2.239337072238664
  0
LWPOLYLINE
  5
127
330
17
100
AcDbEntity
  8
COBERTURA
100
AcDbPolyline
 90
2
 70
0
 10
6.630000000000001
 20
2.4613894454381016
 10
6.5009999999999994
 20
2.461738632095963
  0
LWPOLYLINE
  5
128
330
17
100
AcDbEntity
  8
COBERTURA
100
AcDbPolyline
 90
2
 70
0
 10
6.759
 20
-2.2378746782865053
 10
6.630000000000001
 20
-2.238741475401858
  0
LWPOLYLINE
  5
129
330
17
100
AcDbEntity
  8
COBERTURA
100
AcDbPolyline
 90
2
 70
0
 10
6.759
 20
2.4609936889801682
 10
6.630000000000001
 20
2.4613894454381016
  0
LWPOLYLINE
  5
12A
330
17
100
AcDbEntity
  8
COBERTURA
100
AcDbPolyline
 90
2
 70
0
 10
6.888
 20
-2.2367523017101423
 10
6.759
 20
-2.2378746782865053
  0
LWPOLYLINE
  5
12B
330
17
100
AcDbEntity
  8
COBERTURA
100
AcDbPolyline
 90
2
 70
0
 10
6.888
 20
2.460558281703077
 10
6.759
 20
2.4609936889801682
  0
LWPOLYLINE
  5
12C
330
17
100
AcDbEntity
  8
COBERTURA
100
AcDbPolyline
 90
2
 70
0
 10
7.0169999999999995
 20
-2.2353938886765183
 10
6.888
 20
-2.2367523017101423
  0
LWPOLYLINE
  5
12D
330
17
100
AcDbEntity
  8
COBERTURA
100
AcDbPolyline
 90
2
 70
0
 10
7.0169999999999995
 20
2.4595234004388127
 10
6.888
 20
2.460558281703077
  0
LWPOLYLINE
  5
12E
330
17
100
AcDbEntity
  8
COBERTURA
100
AcDbPolyline
 90
2
 70
0
 10
7.145999999999999
 20
-2.233822017433667
 10
7.0169999999999995
 20
-2.2353938886765183
  0
LWPOLYLINE
  5
12F
330
17
100
AcDbEntity
  8
COBERTURA
100
AcDbPolyline
 90
2
 70
0
 10
7.145999999999999
 20
2.45780761108396
 10
7.0169999999999995
 20
2.4595234004388127
  0
LWPOLYLINE
  5
130
330
17
100
AcDbEntity
  8
COBERTURA
100
AcDbPolyline
 90
2
 70
0
 10
7.275
 20
-2.232061350478482
 10
7.145999999999999
 20
-2.233822017433667
  0
LWPOLYLINE
  5
131
330
17
100
AcDbEntity
  8
COBERTURA
100
AcDbPolyline
 90
2
 70
0
 10
7.275
 20
2.4556058124910596
 10
7.145999999999999
 20
2.45780761108396
  0
LWPOLYLINE
  5
132
330
17
100
AcDbEntity
  8
COBERTURA
100
AcDbPolyline
 90
2
 70
0
 10
7.404
 20
-2.2301376893070253
 10
7.275
 20
-2.232061350478482
  0
LWPOLYLINE
  5
133
330
17
100
AcDbEntity
  8
COBERTURA
100
AcDbPolyline
 90
2
 70
0
 10
7.404
 20
2.4527684769589353
 10
7.275
 20
2.4556058124910596
  0
LWPOLYLINE
  5
134
330
17
100
AcDbEntity
  8
COBERTURA
100
AcDbPolyline
 90
2
 70
0
 10
7.5329999999999995
 20
-2.2280770948206756
 10
7.404
 20
-2.2301376893070253
  0
LWPOLYLINE
  5
135
330
17
100
AcDbEntity
  8
COBERTURA
100
AcDbPolyline
 90
2
 70
0
 10
7.5329999999999995
 20
2.4491004879205143
 10
7.404
 20
2.4527684769589353
  0
LWPOLYLINE
  5
136
330
17
100
AcDbEntity
  8
COBERTURA
100
AcDbPolyline
 90
2
 70
0
 10
7.662000000000001
 20
-2.225905118467761
 10
7.5329999999999995
 20
-2.2280770948206756
  0
LWPOLYLINE
  5
137
330
17
100
AcDbEntity
  8
COBERTURA
100
AcDbPolyline
 90
2
 70
0
 10
7.662000000000001
 20
2.444356932969846
 10
7.5329999999999995
 20
2.4491004879205143
  0
LWPOLYLINE
  5
138
330
17
100
AcDbEntity
  8
COBERTURA
100
AcDbPolyline
 90
2
 70
0
 10
7.791
 20
-2.2236461722702296
 10
7.662000000000001
 20
-2.225905118467761
  0
LWPOLYLINE
  5
139
330
17
100
AcDbEntity
  8
COBERTURA
100
AcDbPolyline
 90
2
 70
0
 10
7.791
 20
2.4382508513149275
 10
7.662000000000001
 20
2.444356932969846
  0
LWPOLYLINE
  5
13A
330
17
100
AcDbEntity
  8
COBERTURA
100
AcDbPolyline
 90
2
 70
0
 10
7.92
 20
-2.2213230494598233
 10
7.791
 20
-2.2236461722702296
  0
LWPOLYLINE
  5
13B
330
17
100
AcDbEntity
  8
COBERTURA
100
AcDbPolyline
 90
2
 70
0
 10
7.92
 20
2.4134542801186347
 10
7.791
 20
2.4382508513149275
  0
LWPOLYLINE
  5
13C
330
17
100
AcDbEntity
  8
COBERTURA
100
AcDbPolyline
 90
2
 70
0
 10
7.99241002809489
 20
-2.22
 10
7.92
 20
-2.2213230494598233
  0
LWPOLYLINE
  5
13D
330
17
100
AcDbEntity
  8
COBERTURA
100
AcDbPolyline
 90
2
 70
0
 10
7.99241002809489
 20
-2.22
 10
8.049
 20
-2.2191866657496
  0
LWPOLYLINE
  5
13E
330
17
100
AcDbEntity
  8
COBERTURA
100
AcDbPolyline
 90
2
 70
0
 10
8.049
 20
2.390277681438037
 10
7.92
 20
2.4134542801186347
  0
LWPOLYLINE
  5
13F
330
17
100
AcDbEntity
  8
COBERTURA
100
AcDbPolyline
 90
2
 70
0
 10
8.177999999999999
 20
-2.217321207841812
 10
8.049
 20
-2.2191866657496
  0
LWPOLYLINE
  5
140
330
17
100
AcDbEntity
  8
COBERTURA
100
AcDbPolyline
 90
2
 70
0
 10
8.177999999999999
 20
2.3739194967520594
 10
8.049
 20
2.390277681438037
  0
LWPOLYLINE
  5
141
330
17
100
AcDbEntity
  8
COBERTURA
100
AcDbPolyline
 90
2
 70
0
 10
8.307
 20
-2.215447481283797
 10
8.177999999999999
 20
-2.217321207841812
  0
LWPOLYLINE
  5
142
330
17
100
AcDbEntity
  8
COBERTURA
100
AcDbPolyline
 90
2
 70
0
 10
8.307
 20
2.3624695917185243
 10
8.177999999999999
 20
2.3739194967520594
  0
LWPOLYLINE
  5
143
330
17
100
AcDbEntity
  8
COBERTURA
100
AcDbPolyline
 90
2
 70
0
 10
8.436
 20
-2.2135458719672942
 10
8.307
 20
-2.215447481283797
  0
LWPOLYLINE
  5
144
330
17
100
AcDbEntity
  8
COBERTURA
100
AcDbPolyline
 90
2
 70
0
 10
8.436
 20
2.3544176474345573
 10
8.307
 20
2.3624695917185243
  0
LWPOLYLINE
  5
145
330
17
100
AcDbEntity
  8
COBERTURA
100
AcDbPolyline
 90
2
 70
0
 10
8.565
 20
-2.211592290404409
 10
8.436
 20
-2.2135458719672942
  0
LWPOLYLINE
  5
146
330
17
100
AcDbEntity
  8
COBERTURA
100
AcDbPolyline
 90
2
 70
0
 10
8.565
 20
2.348623852596867
 10
8.436
 20
2.3544176474345573
  0
LWPOLYLINE
  5
147
330
17
100
AcDbEntity
  8
COBERTURA
100
AcDbPolyline
 90
2
 70
0
 10
8.694
 20
-2.208955213841415
 10
8.565
 20
-2.211592290404409
  0
LWPOLYLINE
  5
148
330
17
100
AcDbEntity
  8
COBERTURA
100
AcDbPolyline
 90
2
 70
0
 10
8.694
 20
2.3442697151656953
 10
8.565
 20
2.348623852596867
  0
LWPOLYLINE
  5
149
330
17
100
AcDbEntity
  8
COBERTURA
100
AcDbPolyline
 90
2
 70
0
 10
8.823
 20
-2.206352433339607
 10
8.694
 20
-2.208955213841415
  0
LWPOLYLINE
  5
14A
330
17
100
AcDbEntity
  8
COBERTURA
100
AcDbPolyline
 90
2
 70
0
 10
8.823
 20
2.341518830479577
 10
8.728734803802917
 20
2.3433333333333337
  0
LWPOLYLINE
  5
14B
330
17
100
AcDbEntity
  8
COBERTURA
100
AcDbPolyline
 90
2
 70
0
 10
8.728734803802917
 20
2.3433333333333337
 10
8.694
 20
2.3442697151656953
  0
LWPOLYLINE
  5
14C
330
17
100
AcDbEntity
  8
COBERTURA
100
AcDbPolyline
 90
2
 70
0
 10
8.952
 20
-2.1800089972378496
 10
8.823
 20
-2.206352433339607
  0
LWPOLYLINE
  5
14D
330
17
100
AcDbEntity
  8
COBERTURA
100
AcDbPolyline
 90
2
 70
0
 10
8.952
 20
2.3293175993468895
 10
8.823
 20
2.341518830479577
  0
LWPOLYLINE
  5
14E
330
17
100
AcDbEntity
  8
COBERTURA
100
AcDbPolyline
 90
2
 70
0
 10
8.99081283029314
 20
-2.0966666666666667
 10
8.952
 20
-2.1800089972378496
  0
LWPOLYLINE
  5
14F
330
17
100
AcDbEntity
  8
COBERTURA
100
AcDbPolyline
 90
2
 70
0
 10
8.99081283029314
 20
-2.0966666666666667
 10
8.992831282396617
 20
-1.9733333333333334
  0
LWPOLYLINE
  5
150
330
17
100
AcDbEntity
  8
COBERTURA
100
AcDbPolyline
 90
2
 70
0
 10
8.992831282396617
 20
-1.9733333333333334
 10
8.994874373570754
 20
-1.85
  0
LWPOLYLINE
  5
151
330
17
100
AcDbEntity
  8
COBERTURA
100
AcDbPolyline
 90
2
 70
0
 10
8.994874373570754
 20
-1.85
 10
8.996934950939504
 20
-1.7266666666666668
  0
LWPOLYLINE
  5
152
330
17
100
AcDbEntity
  8
COBERTURA
100
AcDbPolyline
 90
2
 70
0
 10
8.996934950939504
 20
-1.7266666666666668
 10
8.999004525703528
 20
-1.6033333333333335
  0
LWPOLYLINE
  5
153
330
17
100
AcDbEntity
  8
COBERTURA
100
AcDbPolyline
 90
2
 70
0
 10
8.999004525703528
 20
-1.6033333333333335
 10
9.001073178968818
 20
-1.48
  0
LWPOLYLINE
  5
154
330
17
100
AcDbEntity
  8
COBERTURA
100
AcDbPolyline
 90
2
 70
0
 10
9.001073178968818
 20
-1.48
 10
9.00312949314204
 20
-1.356666666666667
  0
LWPOLYLINE
  5
155
330
17
100
AcDbEntity
  8
COBERTURA
100
AcDbPolyline
 90
2
 70
0
 10
9.00312949314204
 20
-1.356666666666667
 10
9.005160519947935
 20
-1.2333333333333334
  0
LWPOLYLINE
  5
156
330
17
100
AcDbEntity
  8
COBERTURA
100
AcDbPolyline
 90
2
 70
0
 10
9.005160519947935
 20
-1.2333333333333334
 10
9.007151797200212
 20
-1.1100000000000003
  0
LWPOLYLINE
  5
157
330
17
100
AcDbEntity
  8
COBERTURA
100
AcDbPolyline
 90
2
 70
0
 10
9.007151797200212
 20
-1.1100000000000003
 10
9.00908742675444
 20
-0.9866666666666668
  0
LWPOLYLINE
  5
158
330
17
100
AcDbEntity
  8
COBERTURA
100
AcDbPolyline
 90
2
 70
0
 10
9.00908742675444
 20
-0.9866666666666668
 10
9.010950225230735
 20
-0.8633333333333333
  0
LWPOLYLINE
  5
159
330
17
100
AcDbEntity
  8
COBERTURA
100
AcDbPolyline
 90
2
 70
0
 10
9.010950225230735
 20
-0.8633333333333333
 10
9.012721956781418
 20
-0.7400000000000002
  0
LWPOLYLINE
  5
15A
330
17
100
AcDbEntity
  8
COBERTURA
100
AcDbPolyline
 90
2
 70
0
 10
9.012721956781418
 20
-0.7400000000000002
 10
9.014383653165208
 20
-0.6166666666666667
  0
LWPOLYLINE
  5
15B
330
17
100
AcDbEntity
  8
COBERTURA
100
AcDbPolyline
 90
2
 70
0
 10
9.014383653165208
 20
-0.6166666666666667
 10
9.015916020641841
 20
-0.4933333333333336
  0
LWPOLYLINE
  5
15C
330
17
100
AcDbEntity
  8
COBERTURA
100
AcDbPolyline
 90
2
 70
0
 10
9.015916020641841
 20
-0.4933333333333336
 10
9.017299925968237
 20
-0.3700000000000001
  0
LWPOLYLINE
  5
15D
330
17
100
AcDbEntity
  8
COBERTURA
100
AcDbPolyline
 90
2
 70
0
 10
9.017299925968237
 20
-0.3700000000000001
 10
9.01851694563712
 20
-0.2466666666666666
  0
LWPOLYLINE
  5
15E
330
17
100
AcDbEntity
  8
COBERTURA
100
AcDbPolyline
 90
2
 70
0
 10
9.01851694563712
 20
-0.2466666666666666
 10
9.019549954340247
 20
-0.12333333333333352
  0
LWPOLYLINE
  5
15F
330
17
100
AcDbEntity
  8
COBERTURA
100
AcDbPolyline
 90
2
 70
0
 10
9.019549954340247
 20
-0.12333333333333352
 10
9.020383721559702
 20
0.0
  0
LWPOLYLINE
  5
160
330
17
100
AcDbEntity
  8
COBERTURA
100
AcDbPolyline
 90
2
 70
0
 10
9.020383721559702
 20
0.0
 10
9.021005480324261
 20
0.12333333333333307
  0
LWPOLYLINE
  5
161
330
17
100
AcDbEntity
  8
COBERTURA
100
AcDbPolyline
 90
2
 70
0
 10
9.021005480324261
 20
0.12333333333333307
 10
9.021405430463599
 20
0.2466666666666666
  0
LWPOLYLINE
  5
162
330
17
100
AcDbEntity
  8
COBERTURA
100
AcDbPolyline
 90
2
 70
0
 10
9.021405430463599
 20
0.2466666666666666
 10
9.021577140718284
 20
0.3700000000000001
  0
LWPOLYLINE
  5
163
330
17
100
AcDbEntity
  8
COBERTURA
100
AcDbPolyline
 90
2
 70
0
 10
9.021577140718284
 20
0.3700000000000001
 10
9.021517819873317
 20
0.4933333333333332
  0
LWPOLYLINE
  5
164
330
17
100
AcDbEntity
  8
COBERTURA
100
AcDbPolyline
 90
2
 70
0
 10
9.021517819873317
 20
0.4933333333333332
 10
9.02122843619107
 20
0.6166666666666663
  0
LWPOLYLINE
  5
165
330
17
100
AcDbEntity
  8
COBERTURA
100
AcDbPolyline
 90
2
 70
0
 10
9.02122843619107
 20
0.6166666666666663
 10
9.020713675869594
 20
0.7400000000000002
  0
LWPOLYLINE
  5
166
330
17
100
AcDbEntity
  8
COBERTURA
100
AcDbPolyline
 90
2
 70
0
 10
9.020713675869594
 20
0.7400000000000002
 10
9.01998174376101
 20
0.8633333333333333
  0
LWPOLYLINE
  5
167
330
17
100
AcDbEntity
  8
COBERTURA
100
AcDbPolyline
 90
2
 70
0
 10
9.01998174376101
 20
0.8633333333333333
 10
9.01904402172351
 20
0.9866666666666664
  0
LWPOLYLINE
  5
168
330
17
100
AcDbEntity
  8
COBERTURA
100
AcDbPolyline
 90
2
 70
0
 10
9.01904402172351
 20
0.9866666666666664
 10
9.017914610371644
 20
1.1100000000000003
  0
LWPOLYLINE
  5
169
330
17
100
AcDbEntity
  8
COBERTURA
100
AcDbPolyline
 90
2
 70
0
 10
9.017914610371644
 20
1.1100000000000003
 10
9.016609787496288
 20
1.2333333333333334
  0
LWPOLYLINE
  5
16A
330
17
100
AcDbEntity
  8
COBERTURA
100
AcDbPolyline
 90
2
 70
0
 10
9.016609787496288
 20
1.2333333333333334
 10
9.015147420319106
 20
1.3566666666666665
  0
LWPOLYLINE
  5
16B
330
17
100
AcDbEntity
  8
COBERTURA
100
AcDbPolyline
 90
2
 70
0
 10
9.015147420319106
 20
1.3566666666666665
 10
9.013546368815117
 20
1.4799999999999995
  0
LWPOLYLINE
  5
16C
330
17
100
AcDbEntity
  8
COBERTURA
100
AcDbPolyline
 90
2
 70
0
 10
9.013546368815117
 20
1.4799999999999995
 10
9.011825913909508
 20
1.6033333333333335
  0
LWPOLYLINE
  5
16D
330
17
100
AcDbEntity
  8
COBERTURA
100
AcDbPolyline
 90
2
 70
0
 10
9.011825913909508
 20
1.6033333333333335
 10
9.010005238216914
 20
1.7266666666666666
  0
LWPOLYLINE
  5
16E
330
17
100
AcDbEntity
  8
COBERTURA
100
AcDbPolyline
 90
2
 70
0
 10
9.010005238216914
 20
1.7266666666666666
 10
9.008102979213554
 20
1.8499999999999996
  0
LWPOLYLINE
  5
16F
330
17
100
AcDbEntity
  8
COBERTURA
100
AcDbPolyline
 90
2
 70
0
 10
9.008102979213554
 20
1.8499999999999996
 10
9.00613686645585
 20
1.9733333333333336
  0
LWPOLYLINE
  5
170
330
17
100
AcDbEntity
  8
COBERTURA
100
AcDbPolyline
 90
2
 70
0
 10
9.00613686645585
 20
1.9733333333333336
 10
9.004123446691985
 20
2.0966666666666667
  0
LWPOLYLINE
  5
171
330
17
100
AcDbEntity
  8
COBERTURA
100
AcDbPolyline
 90
2
 70
0
 10
9.004123446691985
 20
2.0966666666666667
 10
9.00207789419157
 20
2.2199999999999998
  0
LWPOLYLINE
  5
172
330
17
100
AcDbEntity
  8
COBERTURA
100
AcDbPolyline
 90
2
 70
0
 10
9.00207789419157
 20
2.2199999999999998
 10
8.952
 20
2.3293175993468895
  0
LWPOLYLINE
  5
173
330
17
100
AcDbEntity
  8
COBERTURA
100
AcDbPolyline
 90
2
 70
0
 10
0.6960000000000002
 20
1.1725188445069012
 10
0.6910877749133696
 20
1.2333333333333334
  0
LWPOLYLINE
  5
174
330
17
100
AcDbEntity
  8
COBERTURA
100
AcDbPolyline
 90
2
 70
0
 10
0.6910877749133696
 20
1.2333333333333334
 10
0.6830230049860433
 20
1.3566666666666665
  0
LWPOLYLINE
  5
175
330
17
100
AcDbEntity
  8
COBERTURA
100
AcDbPolyline
 90
2
 70
0
 10
0.6830230049860433
 20
1.3566666666666665
 10
0.6778411362147135
 20
1.4799999999999995
  0
LWPOLYLINE
  5
176
330
17
100
AcDbEntity
  8
COBERTURA
100
AcDbPolyline
 90
2
 70
0
 10
0.6778411362147135
 20
1.4799999999999995
 10
0.6761129401729409
 20
1.6033333333333335
  0
LWPOLYLINE
  5
177
330
17
100
AcDbEntity
  8
COBERTURA
100
AcDbPolyline
 90
2
 70
0
 10
0.6761129401729409
 20
1.6033333333333335
 10
0.6780376662285061
 20
1.7266666666666666
  0
LWPOLYLINE
  5
178
330
17
100
AcDbEntity
  8
COBERTURA
100
AcDbPolyline
 90
2
 70
0
 10
0.6780376662285061
 20
1.7266666666666666
 10
0.6833939257712267
 20
1.8499999999999996
  0
LWPOLYLINE
  5
179
330
17
100
AcDbEntity
  8
COBERTURA
100
AcDbPolyline
 90
2
 70
0
 10
0.6833939257712267
 20
1.8499999999999996
 10
0.6915942619475314
 20
1.9733333333333336
  0
LWPOLYLINE
  5
17A
330
17
100
AcDbEntity
  8
COBERTURA
100
AcDbPolyline
 90
2
 70
0
 10
0.6915942619475314
 20
1.9733333333333336
 10
0.6960000000000002
 20
2.027509022601364
  0
LWPOLYLINE
  5
17B
330
17
100
AcDbEntity
  8
COBERTURA
100
AcDbPolyline
 90
2
 70
0
 10
0.8250000000000002
 20
-0.5491033567867832
 10
0.8013992422887787
 20
-0.4933333333333336
  0
LWPOLYLINE
  5
17C
330
17
100
AcDbEntity
  8
COBERTURA
100
AcDbPolyline
 90
2
 70
0
 10
0.8013992422887787
 20
-0.4933333333333336
 10
0.7939880266215613
 20
-0.3700000000000001
  0
LWPOLYLINE
  5
17D
330
17
100
AcDbEntity
  8
COBERTURA
100
AcDbPolyline
 90
2
 70
0
 10
0.7939880266215613
 20
-0.3700000000000001
 10
0.7894973465997044
 20
-0.2466666666666666
  0
LWPOLYLINE
  5
17E
330
17
100
AcDbEntity
  8
COBERTURA
100
AcDbPolyline
 90
2
 70
0
 10
0.7894973465997044
 20
-0.2466666666666666
 10
0.7845250398594155
 20
-0.12333333333333352
  0
LWPOLYLINE
  5
17F
330
17
100
AcDbEntity
  8
COBERTURA
100
AcDbPolyline
 90
2
 70
0
 10
0.7845250398594155
 20
-0.12333333333333352
 10
0.7790073284538142
 20
0.0
  0
LWPOLYLINE
  5
180
330
17
100
AcDbEntity
  8
COBERTURA
100
AcDbPolyline
 90
2
 70
0
 10
0.7790073284538142
 20
0.0
 10
0.7728756788733024
 20
0.12333333333333307
  0
LWPOLYLINE
  5
181
330
17
100
AcDbEntity
  8
COBERTURA
100
AcDbPolyline
 90
2
 70
0
 10
0.7728756788733024
 20
0.12333333333333307
 10
0.7660606253905388
 20
0.2466666666666666
  0
LWPOLYLINE
  5
182
330
17
100
AcDbEntity
  8
COBERTURA
100
AcDbPolyline
 90
2
 70
0
 10
0.7660606253905388
 20
0.2466666666666666
 10
0.758499511826057
 20
0.3700000000000001
  0
LWPOLYLINE
  5
183
330
17
100
AcDbEntity
  8
COBERTURA
100
AcDbPolyline
 90
2
 70
0
 10
0.758499511826057
 20
0.3700000000000001
 10
0.7501506346035316
 20
0.4933333333333332
  0
LWPOLYLINE
  5
184
330
17
100
AcDbEntity
  8
COBERTURA
100
AcDbPolyline
 90
2
 70
0
 10
0.7501506346035316
 20
0.4933333333333332
 10
0.7410169969301046
 20
0.6166666666666663
  0
LWPOLYLINE
  5
185
330
17
100
AcDbEntity
  8
COBERTURA
100
AcDbPolyline
 90
2
 70
0
 10
0.7410169969301046
 20
0.6166666666666663
 10
0.7311825591084514
 20
0.7400000000000002
  0
LWPOLYLINE
  5
186
330
17
100
AcDbEntity
  8
COBERTURA
100
AcDbPolyline
 90
2
 70
0
 10
0.7311825591084514
 20
0.7400000000000002
 10
0.7208602646035753
 20
0.8633333333333333
  0
LWPOLYLINE
  5
187
330
17
100
AcDbEntity
  8
COBERTURA
100
AcDbPolyline
 90
2
 70
0
 10
0.7208602646035752
 20
0.8633333333333333
 10
0.710440791377879
 20
0.9866666666666664
  0
LWPOLYLINE
  5
188
330
17
100
AcDbEntity
  8
COBERTURA
100
AcDbPolyline
 90
2
 70
0
 10
0.710440791377879
 20
0.9866666666666664
 10
0.700512822403821
 20
1.1100000000000003
  0
LWPOLYLINE
  5
189
330
17
100
AcDbEntity
  8
COBERTURA
100
AcDbPolyline
 90
2
 70
0
 10
0.700512822403821
 20
1.1100000000000003
 10
0.6960000000000002
 20
1.1725188445069012
  0
LWPOLYLINE
  5
18A
330
17
100
AcDbEntity
  8
COBERTURA
100
AcDbPolyline
 90
2
 70
0
 10
0.7010295663492189
 20
2.0966666666666667
 10
0.6960000000000002
 20
2.027509022601364
  0
LWPOLYLINE
  5
18B
330
17
100
AcDbEntity
  8
COBERTURA
100
AcDbPolyline
 90
2
 70
0
 10
0.7010295663492189
 20
2.0966666666666667
 10
0.7999913063199477
 20
2.2199999999999998
  0
LWPOLYLINE
  5
18C
330
17
100
AcDbEntity
  8
COBERTURA
100
AcDbPolyline
 90
2
 70
0
 10
0.7999913063199477
 20
2.2199999999999998
 10
0.8250000000000002
 20
2.2229456012754403
  0
LWPOLYLINE
  5
18D
330
17
100
AcDbEntity
  8
COBERTURA
100
AcDbPolyline
 90
2
 70
0
 10
0.9540000000000002
 20
-0.5543326282827673
 10
0.8250000000000002
 20
-0.5491033567867832
  0
LWPOLYLINE
  5
18E
330
17
100
AcDbEntity
  8
COBERTURA
100
AcDbPolyline
 90
2
 70
0
 10
0.9540000000000002
 20
2.2389765057086883
 10
0.8250000000000002
 20
2.2229456012754403
  0
LWPOLYLINE
  5
18F
330
17
100
AcDbEntity
  8
COBERTURA
100
AcDbPolyline
 90
2
 70
0
 10
1.0830000000000002
 20
-0.5605699748125916
 10
0.9540000000000002
 20
-0.5543326282827673
  0
LWPOLYLINE
  5
190
330
17
100
AcDbEntity
  8
COBERTURA
100
AcDbPolyline
 90
2
 70
0
 10
1.0830000000000002
 20
2.2559725429314095
 10
0.9540000000000002
 20
2.2389765057086883
  0
LWPOLYLINE
  5
191
330
17
100
AcDbEntity
  8
COBERTURA
100
AcDbPolyline
 90
2
 70
0
 10
1.2120000000000002
 20
-0.5685000644847558
 10
1.0830000000000002
 20
-0.5605699748125916
  0
LWPOLYLINE
  5
192
330
17
100
AcDbEntity
  8
COBERTURA
100
AcDbPolyline
 90
2
 70
0
 10
1.2120000000000002
 20
2.272524612048456
 10
1.0830000000000002
 20
2.2559725429314095
  0
LWPOLYLINE
  5
193
330
17
100
AcDbEntity
  8
COBERTURA
100
AcDbPolyline
 90
2
 70
0
 10
1.3410000000000002
 20
-0.5790774681198166
 10
1.2120000000000002
 20
-0.5685000644847558
  0
LWPOLYLINE
  5
194
330
17
100
AcDbEntity
  8
COBERTURA
100
AcDbPolyline
 90
2
 70
0
 10
1.3410000000000002
 20
2.2865894924883694
 10
1.2120000000000002
 20
2.272524612048456
  0
LWPOLYLINE
  5
195
330
17
100
AcDbEntity
  8
COBERTURA
100
AcDbPolyline
 90
2
 70
0
 10
1.4700000000000002
 20
-0.5936082060618846
 10
1.3410000000000002
 20
-0.5790774681198165
  0
LWPOLYLINE
  5
196
330
17
100
AcDbEntity
  8
COBERTURA
100
AcDbPolyline
 90
2
 70
0
 10
1.4700000000000002
 20
2.295824728204675
 10
1.3410000000000002
 20
2.2865894924883694
  0
LWPOLYLINE
  5
197
330
17
100
AcDbEntity
  8
COBERTURA
100
AcDbPolyline
 90
2
 70
0
 10
1.5990000000000002
 20
-0.613859921697158
 10
1.4700000000000002
 20
-0.5936082060618846
  0
LWPOLYLINE
  5
198
330
17
100
AcDbEntity
  8
COBERTURA
100
AcDbPolyline
 90
2
 70
0
 10
1.5990000000000002
 20
2.2991457148357015
 10
1.4700000000000002
 20
2.295824728204675
  0
LWPOLYLINE
  5
199
330
17
100
AcDbEntity
  8
COBERTURA
100
AcDbPolyline
 90
2
 70
0
 10
1.7280000000000002
 20
-0.6446862337762955
 10
1.6121663473067736
 20
-0.6166666666666667
  0
LWPOLYLINE
  5
19A
330
17
100
AcDbEntity
  8
COBERTURA
100
AcDbPolyline
 90
2
 70
0
 10
1.6121663473067736
 20
-0.6166666666666667
 10
1.5990000000000002
 20
-0.613859921697158
  0
LWPOLYLINE
  5
19B
330
17
100
AcDbEntity
  8
COBERTURA
100
AcDbPolyline
 90
2
 70
0
 10
1.7280000000000002
 20
2.295965974415074
 10
1.5990000000000002
 20
2.2991457148357015
  0
LWPOLYLINE
  5
19C
330
17
100
AcDbEntity
  8
COBERTURA
100
AcDbPolyline
 90
2
 70
0
 10
1.8569999999999998
 20
-0.6889245332297437
 10
1.7280000000000002
 20
-0.6446862337762955
  0
LWPOLYLINE
  5
19D
330
17
100
AcDbEntity
  8
COBERTURA
100
AcDbPolyline
 90
2
 70
0
 10
1.8569999999999998
 20
2.286870517605361
 10
1.7280000000000002
 20
2.295965974415074
  0
LWPOLYLINE
  5
19E
330
17
100
AcDbEntity
  8
COBERTURA
100
AcDbPolyline
 90
2
 70
0
 10
1.9860000000000002
 20
-0.7532594364114504
 10
1.9634733450776276
 20
-0.7400000000000002
  0
LWPOLYLINE
  5
19F
330
17
100
AcDbEntity
  8
COBERTURA
100
AcDbPolyline
 90
2
 70
0
 10
1.9634733450776276
 20
-0.7400000000000002
 10
1.8569999999999998
 20
-0.6889245332297437
  0
LWPOLYLINE
  5
1A0
330
17
100
AcDbEntity
  8
COBERTURA
100
AcDbPolyline
 90
2
 70
0
 10
1.9860000000000002
 20
2.2735174170791446
 10
1.8569999999999998
 20
2.286870517605361
  0
LWPOLYLINE
  5
1A1
330
17
100
AcDbEntity
  8
COBERTURA
100
AcDbPolyline
 90
2
 70
0
 10
2.1150000000000007
 20
-0.8556013982344288
 10
1.9860000000000002
 20
-0.7532594364114504
  0
LWPOLYLINE
  5
1A2
330
17
100
AcDbEntity
  8
COBERTURA
100
AcDbPolyline
 90
2
 70
0
 10
2.1150000000000007
 20
2.258109138414792
 10
1.9860000000000002
 20
2.2735174170791446
  0
LWPOLYLINE
  5
1A3
330
17
100
AcDbEntity
  8
COBERTURA
100
AcDbPolyline
 90
2
 70
0
 10
2.244
 20
-1.0395210373171913
 10
2.215381297502877
 20
-0.9866666666666668
  0
LWPOLYLINE
  5
1A4
330
17
100
AcDbEntity
  8
COBERTURA
100
AcDbPolyline
 90
2
 70
0
 10
2.215381297502877
 20
-0.9866666666666668
 10
2.1225929627950384
 20
-0.8633333333333333
  0
LWPOLYLINE
  5
1A5
330
17
100
AcDbEntity
  8
COBERTURA
100
AcDbPolyline
 90
2
 70
0
 10
2.1225929627950384
 20
-0.8633333333333333
 10
2.1150000000000007
 20
-0.8556013982344288
  0
LWPOLYLINE
  5
1A6
330
17
100
AcDbEntity
  8
COBERTURA
100
AcDbPolyline
 90
2
 70
0
 10
2.244
 20
2.2425781153336257
 10
2.1150000000000007
 20
2.258109138414792
  0
LWPOLYLINE
  5
1A7
330
17
100
AcDbEntity
  8
COBERTURA
100
AcDbPolyline
 90
2
 70
0
 10
2.3729999999999998
 20
-1.4855096624884945
 10
2.366128952028042
 20
-1.48
  0
LWPOLYLINE
  5
1A8
330
17
100
AcDbEntity
  8
COBERTURA
100
AcDbPolyline
 90
2
 70
0
 10
2.366128952028042
 20
-1.48
 10
2.3460380755006605
 20
-1.356666666666667
  0
LWPOLYLINE
  5
1A9
330
17
100
AcDbEntity
  8
COBERTURA
100
AcDbPolyline
 90
2
 70
0
 10
2.3460380755006605
 20
-1.356666666666667
 10
2.3172845585217123
 20
-1.2333333333333334
  0
LWPOLYLINE
  5
1AA
330
17
100
AcDbEntity
  8
COBERTURA
100
AcDbPolyline
 90
2
 70
0
 10
2.3172845585217123
 20
-1.2333333333333334
 10
2.2763350656938046
 20
-1.1100000000000003
  0
LWPOLYLINE
  5
1AB
330
17
100
AcDbEntity
  8
COBERTURA
100
AcDbPolyline
 90
2
 70
0
 10
2.2763350656938046
 20
-1.1100000000000003
 10
2.244
 20
-1.0395210373171913
  0
LWPOLYLINE
  5
1AC
330
17
100
AcDbEntity
  8
COBERTURA
100
AcDbPolyline
 90
2
 70
0
 10
2.3729999999999998
 20
2.2281290183928015
 10
2.244
 20
2.2425781153336257
  0
LWPOLYLINE
  5
1AD
330
17
100
AcDbEntity
  8
COBERTURA
100
AcDbPolyline
 90
2
 70
0
 10
2.5020000000000002
 20
-1.536776461330433
 10
2.3729999999999998
 20
-1.4855096624884945
  0
LWPOLYLINE
  5
1AE
330
17
100
AcDbEntity
  8
COBERTURA
100
AcDbPolyline
 90
2
 70
0
 10
2.5020000000000002
 20
2.215942993826335
 10
2.4559525161830527
 20
2.2199999999999998
  0
LWPOLYLINE
  5
1AF
330
17
100
AcDbEntity
  8
COBERTURA
100
AcDbPolyline
 90
2
 70
0
 10
2.4559525161830527
 20
2.2199999999999998
 10
2.3729999999999998
 20
2.2281290183928015
  0
LWPOLYLINE
  5
1B0
330
17
100
AcDbEntity
  8
COBERTURA
100
AcDbPolyline
 90
2
 70
0
 10
2.6310000000000007
 20
-1.5398438633281597
 10
2.5020000000000002
 20
-1.536776461330433
  0
LWPOLYLINE
  5
1B1
330
17
100
AcDbEntity
  8
COBERTURA
100
AcDbPolyline
 90
2
 70
0
 10
2.6310000000000007
 20
2.2064668048617575
 10
2.5020000000000002
 20
2.215942993826335
  0
LWPOLYLINE
  5
1B2
330
17
100
AcDbEntity
  8
COBERTURA
100
AcDbPolyline
 90
2
 70
0
 10
2.7600000000000002
 20
-1.543058660980939
 10
2.6310000000000007
 20
-1.5398438633281597
  0
LWPOLYLINE
  5
1B3
330
17
100
AcDbEntity
  8
COBERTURA
100
AcDbPolyline
 90
2
 70
0
 10
2.7600000000000002
 20
2.1984793032293557
 10
2.6310000000000007
 20
2.2064668048617575
  0
LWPOLYLINE
  5
1B4
330
17
100
AcDbEntity
  8
COBERTURA
100
AcDbPolyline
 90
2
 70
0
 10
2.889
 20
-1.546429526295655
 10
2.7600000000000002
 20
-1.543058660980939
  0
LWPOLYLINE
  5
1B5
330
17
100
AcDbEntity
  8
COBERTURA
100
AcDbPolyline
 90
2
 70
0
 10
2.889
 20
2.1917651488130527
 10
2.7600000000000002
 20
2.1984793032293557
  0
LWPOLYLINE
  5
1B6
330
17
100
AcDbEntity
  8
COBERTURA
100
AcDbPolyline
 90
2
 70
0
 10
3.0180000000000002
 20
-1.5499650459001153
 10
2.889
 20
-1.546429526295655
  0
LWPOLYLINE
  5
1B7
330
17
100
AcDbEntity
  8
COBERTURA
100
AcDbPolyline
 90
2
 70
0
 10
3.0180000000000002
 20
2.1861116773089853
 10
2.889
 20
2.1917651488130527
  0
LWPOLYLINE
  5
1B8
330
17
100
AcDbEntity
  8
COBERTURA
100
AcDbPolyline
 90
2
 70
0
 10
3.1470000000000007
 20
-1.5536735376801476
 10
3.0180000000000002
 20
-1.5499650459001153
  0
LWPOLYLINE
  5
1B9
330
17
100
AcDbEntity
  8
COBERTURA
100
AcDbPolyline
 90
2
 70
0
 10
3.1470000000000007
 20
2.1813347797052045
 10
3.0180000000000002
 20
2.1861116773089853
  0
LWPOLYLINE
  5
1BA
330
17
100
AcDbEntity
  8
COBERTURA
100
AcDbPolyline
 90
2
 70
0
 10
3.2760000000000002
 20
-1.5575628170594333
 10
3.1470000000000007
 20
-1.5536735376801476
  0
LWPOLYLINE
  5
1BB
330
17
100
AcDbEntity
  8
COBERTURA
100
AcDbPolyline
 90
2
 70
0
 10
3.2760000000000002
 20
2.1772834847241422
 10
3.1470000000000007
 20
2.1813347797052045
  0
LWPOLYLINE
  5
1BC
330
17
100
AcDbEntity
  8
COBERTURA
100
AcDbPolyline
 90
2
 70
0
 10
3.405
 20
-1.561639899227412
 10
3.2760000000000002
 20
-1.5575628170594333
  0
LWPOLYLINE
  5
1BD
330
17
100
AcDbEntity
  8
COBERTURA
100
AcDbPolyline
 90
2
 70
0
 10
3.405
 20
2.1738369278743077
 10
3.2760000000000002
 20
2.1772834847241422
  0
LWPOLYLINE
  5
1BE
330
17
100
AcDbEntity
  8
COBERTURA
100
AcDbPolyline
 90
2
 70
0
 10
3.5340000000000003
 20
-1.5659106215038954
 10
3.405
 20
-1.561639899227412
  0
LWPOLYLINE
  5
1BF
330
17
100
AcDbEntity
  8
COBERTURA
100
AcDbPolyline
 90
2
 70
0
 10
3.5340000000000003
 20
2.1708993304031217
 10
3.405
 20
2.1738369278743077
  0
LWPOLYLINE
  5
1C0
330
17
100
AcDbEntity
  8
COBERTURA
100
AcDbPolyline
 90
2
 70
0
 10
3.6630000000000007
 20
-1.5703791684424027
 10
3.5340000000000003
 20
-1.5659106215038954
  0
LWPOLYLINE
  5
1C1
330
17
100
AcDbEntity
  8
COBERTURA
100
AcDbPolyline
 90
2
 70
0
 10
3.6630000000000007
 20
2.168395073334004
 10
3.5340000000000003
 20
2.1708993304031217
  0
LWPOLYLINE
  5
1C2
330
17
100
AcDbEntity
  8
COBERTURA
100
AcDbPolyline
 90
2
 70
0
 10
3.7920000000000003
 20
-1.5750474817453821
 10
3.6630000000000007
 20
-1.5703791684424027
  0
LWPOLYLINE
  5
1C3
330
17
100
AcDbEntity
  8
COBERTURA
100
AcDbPolyline
 90
2
 70
0
 10
3.7920000000000003
 20
2.1662645032173553
 10
3.6630000000000007
 20
2.168395073334004
  0
LWPOLYLINE
  5
1C4
330
17
100
AcDbEntity
  8
COBERTURA
100
AcDbPolyline
 90
2
 70
0
 10
3.921
 20
-1.579914538406092
 10
3.7920000000000003
 20
-1.5750474817453821
  0
LWPOLYLINE
  5
1C5
330
17
100
AcDbEntity
  8
COBERTURA
100
AcDbPolyline
 90
2
 70
0
 10
3.921
 20
2.164460552276597
 10
3.7920000000000003
 20
2.1662645032173553
  0
LWPOLYLINE
  5
1C6
330
17
100
AcDbEntity
  8
COBERTURA
100
AcDbPolyline
 90
2
 70
0
 10
4.050000000000001
 20
-1.584975484881469
 10
3.921
 20
-1.579914538406092
  0
LWPOLYLINE
  5
1C7
330
17
100
AcDbEntity
  8
COBERTURA
100
AcDbPolyline
 90
2
 70
0
 10
4.050000000000001
 20
2.1629460668704907
 10
3.921
 20
2.164460552276597
  0
LWPOLYLINE
  5
1C8
330
17
100
AcDbEntity
  8
COBERTURA
100
AcDbPolyline
 90
2
 70
0
 10
4.179
 20
-1.590220624121336
 10
4.050000000000001
 20
-1.584975484881469
  0
LWPOLYLINE
  5
1C9
330
17
100
AcDbEntity
  8
COBERTURA
100
AcDbPolyline
 90
2
 70
0
 10
4.179
 20
2.1616916907453274
 10
4.050000000000001
 20
2.1629460668704907
  0
LWPOLYLINE
  5
1CA
330
17
100
AcDbEntity
  8
COBERTURA
100
AcDbPolyline
 90
2
 70
0
 10
4.308
 20
-1.5956342678623636
 10
4.179
 20
-1.590220624121336
  0
LWPOLYLINE
  5
1CB
330
17
100
AcDbEntity
  8
COBERTURA
100
AcDbPolyline
 90
2
 70
0
 10
4.308
 20
2.160674151574015
 10
4.179
 20
2.1616916907453274
  0
LWPOLYLINE
  5
1CC
330
17
100
AcDbEntity
  8
COBERTURA
100
AcDbPolyline
 90
2
 70
0
 10
4.436999999999999
 20
-1.6011934907528256
 10
4.308
 20
-1.5956342678623636
  0
LWPOLYLINE
  5
1CD
330
17
100
AcDbEntity
  8
COBERTURA
100
AcDbPolyline
 90
2
 70
0
 10
4.436999999999999
 20
2.159874814555888
 10
4.308
 20
2.160674151574015
  0
LWPOLYLINE
  5
1CE
330
17
100
AcDbEntity
  8
COBERTURA
100
AcDbPolyline
 90
2
 70
0
 10
4.566000000000001
 20
-1.6072188762845978
 10
4.485282098359937
 20
-1.6033333333333335
  0
LWPOLYLINE
  5
1CF
330
17
100
AcDbEntity
  8
COBERTURA
100
AcDbPolyline
 90
2
 70
0
 10
4.485282098359937
 20
-1.6033333333333335
 10
4.436999999999999
 20
-1.6011934907528256
  0
LWPOLYLINE
  5
1D0
330
17
100
AcDbEntity
  8
COBERTURA
100
AcDbPolyline
 90
2
 70
0
 10
4.566000000000001
 20
2.1592783824891675
 10
4.436999999999999
 20
2.159874814555888
  0
LWPOLYLINE
  5
1D1
330
17
100
AcDbEntity
  8
COBERTURA
100
AcDbPolyline
 90
2
 70
0
 10
4.695
 20
-1.6135442778670985
 10
4.566000000000001
 20
-1.6072188762845978
  0
LWPOLYLINE
  5
1D2
330
17
100
AcDbEntity
  8
COBERTURA
100
AcDbPolyline
 90
2
 70
0
 10
4.695
 20
2.1588716350027544
 10
4.566000000000001
 20
2.1592783824891675
  0
LWPOLYLINE
  5
1D3
330
17
100
AcDbEntity
  8
COBERTURA
100
AcDbPolyline
 90
2
 70
0
 10
4.824
 20
-1.619904609528793
 10
4.695
 20
-1.6135442778670985
  0
LWPOLYLINE
  5
1D4
330
17
100
AcDbEntity
  8
COBERTURA
100
AcDbPolyline
 90
2
 70
0
 10
4.824
 20
2.158642113053872
 10
4.695
 20
2.1588716350027544
  0
LWPOLYLINE
  5
1D5
330
17
100
AcDbEntity
  8
COBERTURA
100
AcDbPolyline
 90
2
 70
0
 10
4.952999999999999
 20
-1.626234950934891
 10
4.824
 20
-1.619904609528793
  0
LWPOLYLINE
  5
1D6
330
17
100
AcDbEntity
  8
COBERTURA
100
AcDbPolyline
 90
2
 70
0
 10
4.952999999999999
 20
2.158576674641165
 10
4.824
 20
2.158642113053872
  0
LWPOLYLINE
  5
1D7
330
17
100
AcDbEntity
  8
COBERTURA
100
AcDbPolyline
 90
2
 70
0
 10
5.082000000000001
 20
-1.6324582321350247
 10
4.952999999999999
 20
-1.626234950934891
  0
LWPOLYLINE
  5
1D8
330
17
100
AcDbEntity
  8
COBERTURA
100
AcDbPolyline
 90
2
 70
0
 10
5.082000000000001
 20
2.1586598836283812
 10
4.952999999999999
 20
2.158576674641165
  0
LWPOLYLINE
  5
1D9
330
17
100
AcDbEntity
  8
COBERTURA
100
AcDbPolyline
 90
2
 70
0
 10
5.211
 20
-1.6384858217138605
 10
5.082000000000001
 20
-1.6324582321350247
  0
LWPOLYLINE
  5
1DA
330
17
100
AcDbEntity
  8
COBERTURA
100
AcDbPolyline
 90
2
 70
0
 10
5.211
 20
2.156121787264306
 10
5.082000000000001
 20
2.1586598836283812
  0
LWPOLYLINE
  5
1DB
330
17
100
AcDbEntity
  8
COBERTURA
100
AcDbPolyline
 90
2
 70
0
 10
5.34
 20
-1.644219126177686
 10
5.211
 20
-1.6384858217138605
  0
LWPOLYLINE
  5
1DC
330
17
100
AcDbEntity
  8
COBERTURA
100
AcDbPolyline
 90
2
 70
0
 10
5.34
 20
2.147308168084129
 10
5.211
 20
2.156121787264306
  0
LWPOLYLINE
  5
1DD
330
17
100
AcDbEntity
  8
COBERTURA
100
AcDbPolyline
 90
2
 70
0
 10
5.468999999999999
 20
-1.6495523281779605
 10
5.34
 20
-1.644219126177686
  0
LWPOLYLINE
  5
1DE
330
17
100
AcDbEntity
  8
COBERTURA
100
AcDbPolyline
 90
2
 70
0
 10
5.468999999999999
 20
2.1366761730234396
 10
5.34
 20
2.147308168084129
  0
LWPOLYLINE
  5
1DF
330
17
100
AcDbEntity
  8
COBERTURA
100
AcDbPolyline
 90
2
 70
0
 10
5.598000000000001
 20
-1.6543762553691417
 10
5.468999999999999
 20
-1.6495523281779605
  0
LWPOLYLINE
  5
1E0
330
17
100
AcDbEntity
  8
COBERTURA
100
AcDbPolyline
 90
2
 70
0
 10
5.598000000000001
 20
2.123688113537889
 10
5.468999999999999
 20
2.1366761730234396
  0
LWPOLYLINE
  5
1E1
330
17
100
AcDbEntity
  8
COBERTURA
100
AcDbPolyline
 90
2
 70
0
 10
5.727
 20
-1.6585831966256184
 10
5.598000000000001
 20
-1.6543762553691417
  0
LWPOLYLINE
  5
1E2
330
17
100
AcDbEntity
  8
COBERTURA
100
AcDbPolyline
 90
2
 70
0
 10
5.727
 20
2.107567269570328
 10
5.598000000000001
 20
2.123688113537889
  0
LWPOLYLINE
  5
1E3
330
17
100
AcDbEntity
  8
COBERTURA
100
AcDbPolyline
 90
2
 70
0
 10
5.856
 20
-1.662072305858835
 10
5.727
 20
-1.6585831966256184
  0
LWPOLYLINE
  5
1E4
330
17
100
AcDbEntity
  8
COBERTURA
100
AcDbPolyline
 90
2
 70
0
 10
5.856
 20
2.0882509395261466
 10
5.801179419326518
 20
2.0966666666666667
  0
LWPOLYLINE
  5
1E5
330
17
100
AcDbEntity
  8
COBERTURA
100
AcDbPolyline
 90
2
 70
0
 10
5.801179419326518
 20
2.0966666666666667
 10
5.727
 20
2.107567269570328
  0
LWPOLYLINE
  5
1E6
330
17
100
AcDbEntity
  8
COBERTURA
100
AcDbPolyline
 90
2
 70
0
 10
5.984999999999999
 20
-1.664755105132975
 10
5.856
 20
-1.662072305858835
  0
LWPOLYLINE
  5
1E7
330
17
100
AcDbEntity
  8
COBERTURA
100
AcDbPolyline
 90
2
 70
0
 10
5.984999999999999
 20
2.071897050035795
 10
5.856
 20
2.0882509395261466
  0
LWPOLYLINE
  5
1E8
330
17
100
AcDbEntity
  8
COBERTURA
100
AcDbPolyline
 90
2
 70
0
 10
6.113999999999999
 20
-1.6665605583226881
 10
5.984999999999999
 20
-1.664755105132975
  0
LWPOLYLINE
  5
1E9
330
17
100
AcDbEntity
  8
COBERTURA
100
AcDbPolyline
 90
2
 70
0
 10
6.113999999999999
 20
2.0585173430769226
 10
5.984999999999999
 20
2.071897050035795
  0
LWPOLYLINE
  5
1EA
330
17
100
AcDbEntity
  8
COBERTURA
100
AcDbPolyline
 90
2
 70
0
 10
6.243
 20
-1.6674392431179543
 10
6.113999999999999
 20
-1.6665605583226881
  0
LWPOLYLINE
  5
1EB
330
17
100
AcDbEntity
  8
COBERTURA
100
AcDbPolyline
 90
2
 70
0
 10
6.243
 20
2.0469670738439953
 10
6.113999999999999
 20
2.0585173430769226
  0
LWPOLYLINE
  5
1EC
330
17
100
AcDbEntity
  8
COBERTURA
100
AcDbPolyline
 90
2
 70
0
 10
6.372
 20
-1.6673662732060595
 10
6.243
 20
-1.6674392431179543
  0
LWPOLYLINE
  5
1ED
330
17
100
AcDbEntity
  8
COBERTURA
100
AcDbPolyline
 90
2
 70
0
 10
6.372
 20
2.0363835717170433
 10
6.243
 20
2.0469670738439953
  0
LWPOLYLINE
  5
1EE
330
17
100
AcDbEntity
  8
COBERTURA
100
AcDbPolyline
 90
2
 70
0
 10
6.5009999999999994
 20
-1.6663427632207595
 10
6.372
 20
-1.6673662732060595
  0
LWPOLYLINE
  5
1EF
330
17
100
AcDbEntity
  8
COBERTURA
100
AcDbPolyline
 90
2
 70
0
 10
6.5009999999999994
 20
2.0261568782555206
 10
6.372
 20
2.0363835717170433
  0
LWPOLYLINE
  5
1F0
330
17
100
AcDbEntity
  8
COBERTURA
100
AcDbPolyline
 90
2
 70
0
 10
6.630000000000001
 20
-1.6643957477452742
 10
6.5009999999999994
 20
-1.6663427632207595
  0
LWPOLYLINE
  5
1F1
330
17
100
AcDbEntity
  8
COBERTURA
100
AcDbPolyline
 90
2
 70
0
 10
6.630000000000001
 20
2.0158980056315627
 10
6.5009999999999994
 20
2.0261568782555206
  0
LWPOLYLINE
  5
1F2
330
17
100
AcDbEntity
  8
COBERTURA
100
AcDbPolyline
 90
2
 70
0
 10
6.759
 20
-1.6615765593258043
 10
6.630000000000001
 20
-1.6643957477452742
  0
LWPOLYLINE
  5
1F3
330
17
100
AcDbEntity
  8
COBERTURA
100
AcDbPolyline
 90
2
 70
0
 10
6.759
 20
2.005403741378901
 10
6.630000000000001
 20
2.0158980056315627
  0
LWPOLYLINE
  5
1F4
330
17
100
AcDbEntity
  8
COBERTURA
100
AcDbPolyline
 90
2
 70
0
 10
6.888
 20
-1.657957765894565
 10
6.759
 20
-1.6615765593258043
  0
LWPOLYLINE
  5
1F5
330
17
100
AcDbEntity
  8
COBERTURA
100
AcDbPolyline
 90
2
 70
0
 10
6.888
 20
1.9946175383795428
 10
6.759
 20
2.005403741378901
  0
LWPOLYLINE
  5
1F6
330
17
100
AcDbEntity
  8
COBERTURA
100
AcDbPolyline
 90
2
 70
0
 10
7.0169999999999995
 20
-1.653628889955858
 10
6.888
 20
-1.657957765894565
  0
LWPOLYLINE
  5
1F7
330
17
100
AcDbEntity
  8
COBERTURA
100
AcDbPolyline
 90
2
 70
0
 10
7.0169999999999995
 20
1.983587824567348
 10
6.888
 20
1.9946175383795428
  0
LWPOLYLINE
  5
1F8
330
17
100
AcDbEntity
  8
COBERTURA
100
AcDbPolyline
 90
2
 70
0
 10
7.145999999999999
 20
-1.6486912730358545
 10
7.0169999999999995
 20
-1.653628889955858
  0
LWPOLYLINE
  5
1F9
330
17
100
AcDbEntity
  8
COBERTURA
100
AcDbPolyline
 90
2
 70
0
 10
7.145999999999999
 20
1.9725766318551556
 10
7.135627611522913
 20
1.9733333333333336
  0
LWPOLYLINE
  5
1FA
330
17
100
AcDbEntity
  8
COBERTURA
100
AcDbPolyline
 90
2
 70
0
 10
7.135627611522913
 20
1.9733333333333336
 10
7.0169999999999995
 20
1.983587824567348
  0
LWPOLYLINE
  5
1FB
330
17
100
AcDbEntity
  8
COBERTURA
100
AcDbPolyline
 90
2
 70
0
 10
7.275
 20
-1.6432525675481109
 10
7.145999999999999
 20
-1.6486912730358545
  0
LWPOLYLINE
  5
1FC
330
17
100
AcDbEntity
  8
COBERTURA
100
AcDbPolyline
 90
2
 70
0
 10
7.275
 20
1.9631643945758774
 10
7.145999999999999
 20
1.9725766318551556
  0
LWPOLYLINE
  5
1FD
330
17
100
AcDbEntity
  8
COBERTURA
100
AcDbPolyline
 90
2
 70
0
 10
7.404
 20
-1.6374213846040788
 10
7.275
 20
-1.6432525675481109
  0
LWPOLYLINE
  5
1FE
330
17
100
AcDbEntity
  8
COBERTURA
100
AcDbPolyline
 90
2
 70
0
 10
7.404
 20
1.9537210890884276
 10
7.275
 20
1.9631643945758774
  0
LWPOLYLINE
  5
1FF
330
17
100
AcDbEntity
  8
COBERTURA
100
AcDbPolyline
 90
2
 70
0
 10
7.5329999999999995
 20
-1.6308611535601811
 10
7.404
 20
-1.6374213846040788
  0
LWPOLYLINE
  5
200
330
17
100
AcDbEntity
  8
COBERTURA
100
AcDbPolyline
 90
2
 70
0
 10
7.5329999999999995
 20
1.9443958716324528
 10
7.404
 20
1.9537210890884276
  0
LWPOLYLINE
  5
201
330
17
100
AcDbEntity
  8
COBERTURA
100
AcDbPolyline
 90
2
 70
0
 10
7.662000000000001
 20
-1.6234031891943483
 10
7.5329999999999995
 20
-1.6308611535601811
  0
LWPOLYLINE
  5
202
330
17
100
AcDbEntity
  8
COBERTURA
100
AcDbPolyline
 90
2
 70
0
 10
7.662000000000001
 20
1.9353116360012748
 10
7.5329999999999995
 20
1.9443958716324528
  0
LWPOLYLINE
  5
203
330
17
100
AcDbEntity
  8
COBERTURA
100
AcDbPolyline
 90
2
 70
0
 10
7.791
 20
-1.6158268130345048
 10
7.662000000000001
 20
-1.6234031891943481
  0
LWPOLYLINE
  5
204
330
17
100
AcDbEntity
  8
COBERTURA
100
AcDbPolyline
 90
2
 70
0
 10
7.791
 20
1.9265598215739717
 10
7.662000000000001
 20
1.9353116360012748
  0
LWPOLYLINE
  5
205
330
17
100
AcDbEntity
  8
COBERTURA
100
AcDbPolyline
 90
2
 70
0
 10
7.92
 20
-1.608397724459758
 10
7.791
 20
-1.6158268130345048
  0
LWPOLYLINE
  5
206
330
17
100
AcDbEntity
  8
COBERTURA
100
AcDbPolyline
 90
2
 70
0
 10
7.92
 20
1.9182009869372014
 10
7.791
 20
1.9265598215739717
  0
LWPOLYLINE
  5
207
330
17
100
AcDbEntity
  8
COBERTURA
100
AcDbPolyline
 90
2
 70
0
 10
8.011346575401951
 20
-1.6033333333333335
 10
7.92
 20
-1.608397724459758
  0
LWPOLYLINE
  5
208
330
17
100
AcDbEntity
  8
COBERTURA
100
AcDbPolyline
 90
2
 70
0
 10
8.011346575401951
 20
-1.6033333333333335
 10
8.049
 20
-1.6014161513888463
  0
LWPOLYLINE
  5
209
330
17
100
AcDbEntity
  8
COBERTURA
100
AcDbPolyline
 90
2
 70
0
 10
8.049
 20
1.910268831673336
 10
7.92
 20
1.9182009869372014
  0
LWPOLYLINE
  5
20A
330
17
100
AcDbEntity
  8
COBERTURA
100
AcDbPolyline
 90
2
 70
0
 10
8.177999999999999
 20
-1.5951242308006737
 10
8.049
 20
-1.6014161513888463
  0
LWPOLYLINE
  5
20B
330
17
100
AcDbEntity
  8
COBERTURA
100
AcDbPolyline
 90
2
 70
0
 10
8.177999999999999
 20
1.9027757206004137
 10
8.049
 20
1.910268831673336
  0
LWPOLYLINE
  5
20C
330
17
100
AcDbEntity
  8
COBERTURA
100
AcDbPolyline
 90
2
 70
0
 10
8.307
 20
-1.5743611234913546
 10
8.177999999999999
 20
-1.5951242308006737
  0
LWPOLYLINE
  5
20D
330
17
100
AcDbEntity
  8
COBERTURA
100
AcDbPolyline
 90
2
 70
0
 10
8.307
 20
1.895718371045687
 10
8.177999999999999
 20
1.9027757206004137
  0
LWPOLYLINE
  5
20E
330
17
100
AcDbEntity
  8
COBERTURA
100
AcDbPolyline
 90
2
 70
0
 10
8.356847721826398
 20
-1.48
 10
8.307
 20
-1.5743611234913546
  0
LWPOLYLINE
  5
20F
330
17
100
AcDbEntity
  8
COBERTURA
100
AcDbPolyline
 90
2
 70
0
 10
8.356847721826398
 20
-1.48
 10
8.362684902984926
 20
-1.356666666666667
  0
LWPOLYLINE
  5
210
330
17
100
AcDbEntity
  8
COBERTURA
100
AcDbPolyline
 90
2
 70
0
 10
8.362684902984926
 20
-1.356666666666667
 10
8.368581718092342
 20
-1.2333333333333334
  0
LWPOLYLINE
  5
211
330
17
100
AcDbEntity
  8
COBERTURA
100
AcDbPolyline
 90
2
 70
0
 10
8.368581718092342
 20
-1.2333333333333334
 10
8.37449363263988
 20
-1.1100000000000003
  0
LWPOLYLINE
  5
212
330
17
100
AcDbEntity
  8
COBERTURA
100
AcDbPolyline
 90
2
 70
0
 10
8.37449363263988
 20
-1.1100000000000003
 10
8.38036726920684
 20
-0.9866666666666668
  0
LWPOLYLINE
  5
213
330
17
100
AcDbEntity
  8
COBERTURA
100
AcDbPolyline
 90
2
 70
0
 10
8.38036726920684
 20
-0.9866666666666668
 10
8.38614039349784
 20
-0.8633333333333333
  0
LWPOLYLINE
  5
214
330
17
100
AcDbEntity
  8
COBERTURA
100
AcDbPolyline
 90
2
 70
0
 10
8.38614039349784
 20
-0.8633333333333333
 10
8.391742457269586
 20
-0.7400000000000002
  0
LWPOLYLINE
  5
215
330
17
100
AcDbEntity
  8
COBERTURA
100
AcDbPolyline
 90
2
 70
0
 10
8.391742457269586
 20
-0.7400000000000002
 10
8.397095814559131
 20
-0.6166666666666667
  0
LWPOLYLINE
  5
216
330
17
100
AcDbEntity
  8
COBERTURA
100
AcDbPolyline
 90
2
 70
0
 10
8.397095814559131
 20
-0.6166666666666667
 10
8.40211767202399
 20
-0.4933333333333336
  0
LWPOLYLINE
  5
217
330
17
100
AcDbEntity
  8
COBERTURA
100
AcDbPolyline
 90
2
 70
0
 10
8.40211767202399
 20
-0.4933333333333336
 10
8.406722747309818
 20
-0.3700000000000001
  0
LWPOLYLINE
  5
218
330
17
100
AcDbEntity
  8
COBERTURA
100
AcDbPolyline
 90
2
 70
0
 10
8.406722747309818
 20
-0.3700000000000001
 10
8.410826502759457
 20
-0.2466666666666666
  0
LWPOLYLINE
  5
219
330
17
100
AcDbEntity
  8
COBERTURA
100
AcDbPolyline
 90
2
 70
0
 10
8.410826502759457
 20
-0.2466666666666666
 10
8.414348718992937
 20
-0.12333333333333352
  0
LWPOLYLINE
  5
21A
330
17
100
AcDbEntity
  8
COBERTURA
100
AcDbPolyline
 90
2
 70
0
 10
8.414348718992937
 20
-0.12333333333333352
 10
8.417217104055528
 20
0.0
  0
LWPOLYLINE
  5
21B
330
17
100
AcDbEntity
  8
COBERTURA
100
AcDbPolyline
 90
2
 70
0
 10
8.417217104055528
 20
0.0
 10
8.41937062378439
 20
0.12333333333333307
  0
LWPOLYLINE
  5
21C
330
17
100
AcDbEntity
  8
COBERTURA
100
AcDbPolyline
 90
2
 70
0
 10
8.41937062378439
 20
0.12333333333333307
 10
8.420762293281598
 20
0.2466666666666666
  0
LWPOLYLINE
  5
21D
330
17
100
AcDbEntity
  8
COBERTURA
100
AcDbPolyline
 90
2
 70
0
 10
8.420762293281598
 20
0.2466666666666666
 10
8.421361266686658
 20
0.3700000000000001
  0
LWPOLYLINE
  5
21E
330
17
100
AcDbEntity
  8
COBERTURA
100
AcDbPolyline
 90
2
 70
0
 10
8.421361266686658
 20
0.3700000000000001
 10
8.421154162069746
 20
0.4933333333333332
  0
LWPOLYLINE
  5
21F
330
17
100
AcDbEntity
  8
COBERTURA
100
AcDbPolyline
 90
2
 70
0
 10
8.421154162069746
 20
0.4933333333333332
 10
8.420145621222066
 20
0.6166666666666663
  0
LWPOLYLINE
  5
220
330
17
100
AcDbEntity
  8
COBERTURA
100
AcDbPolyline
 90
2
 70
0
 10
8.420145621222066
 20
0.6166666666666663
 10
8.4183581166321
 20
0.7400000000000002
  0
LWPOLYLINE
  5
221
330
17
100
AcDbEntity
  8
COBERTURA
100
AcDbPolyline
 90
2
 70
0
 10
8.4183581166321
 20
0.7400000000000002
 10
8.415831000471812
 20
0.8633333333333333
  0
LWPOLYLINE
  5
222
330
17
100
AcDbEntity
  8
COBERTURA
100
AcDbPolyline
 90
2
 70
0
 10
8.415831000471812
 20
0.8633333333333333
 10
8.412618783950547
 20
0.9866666666666664
  0
LWPOLYLINE
  5
223
330
17
100
AcDbEntity
  8
COBERTURA
100
AcDbPolyline
 90
2
 70
0
 10
8.412618783950547
 20
0.9866666666666664
 10
8.408788673360947
 20
1.1100000000000003
  0
LWPOLYLINE
  5
224
330
17
100
AcDbEntity
  8
COBERTURA
100
AcDbPolyline
 90
2
 70
0
 10
8.408788673360947
 20
1.1100000000000003
 10
8.404417474696059
 20
1.2333333333333334
  0
LWPOLYLINE
  5
225
330
17
100
AcDbEntity
  8
COBERTURA
100
AcDbPolyline
 90
2
 70
0
 10
8.404417474696059
 20
1.2333333333333334
 10
8.399588082739351
 20
1.3566666666666665
  0
LWPOLYLINE
  5
226
330
17
100
AcDbEntity
  8
COBERTURA
100
AcDbPolyline
 90
2
 70
0
 10
8.399588082739351
 20
1.3566666666666665
 10
8.394385849939034
 20
1.4799999999999995
  0
LWPOLYLINE
  5
227
330
17
100
AcDbEntity
  8
COBERTURA
100
AcDbPolyline
 90
2
 70
0
 10
8.394385849939034
 20
1.4799999999999995
 10
8.388895152538622
 20
1.6033333333333335
  0
LWPOLYLINE
  5
228
330
17
100
AcDbEntity
  8
COBERTURA
100
AcDbPolyline
 90
2
 70
0
 10
8.388895152538622
 20
1.6033333333333335
 10
8.383196428991825
 20
1.7266666666666666
  0
LWPOLYLINE
  5
229
330
17
100
AcDbEntity
  8
COBERTURA
100
AcDbPolyline
 90
2
 70
0
 10
8.383196428991825
 20
1.7266666666666666
 10
8.37240142864067
 20
1.8499999999999996
  0
LWPOLYLINE
  5
22A
330
17
100
AcDbEntity
  8
COBERTURA
100
AcDbPolyline
 90
2
 70
0
 10
8.37240142864067
 20
1.8499999999999996
 10
8.307
 20
1.895718371045687
  0
LWPOLYLINE
  5
22B
330
17
100
AcDbEntity
  8
COBERTURA
100
AcDbPolyline
 90
2
 70
0
 10
0.9540000000000002
 20
1.1551132282692806
 10
0.940875378138565
 20
1.2333333333333334
  0
LWPOLYLINE
  5
22C
330
17
100
AcDbEntity
  8
COBERTURA
100
AcDbPolyline
 90
2
 70
0
 10
0.940875378138565
 20
1.2333333333333334
 10
0.9230284427089275
 20
1.3566666666666665
  0
LWPOLYLINE
  5
22D
330
17
100
AcDbEntity
  8
COBERTURA
100
AcDbPolyline
 90
2
 70
0
 10
0.9230284427089275
 20
1.3566666666666665
 10
0.911153075270299
 20
1.4799999999999995
  0
LWPOLYLINE
  5
22E
330
17
100
AcDbEntity
  8
COBERTURA
100
AcDbPolyline
 90
2
 70
0
 10
0.911153075270299
 20
1.4799999999999995
 10
0.9071335442184966
 20
1.6033333333333335
  0
LWPOLYLINE
  5
22F
330
17
100
AcDbEntity
  8
COBERTURA
100
AcDbPolyline
 90
2
 70
0
 10
0.9071335442184966
 20
1.6033333333333335
 10
0.9116075179541043
 20
1.7266666666666666
  0
LWPOLYLINE
  5
230
330
17
100
AcDbEntity
  8
COBERTURA
100
AcDbPolyline
 90
2
 70
0
 10
0.9116075179541043
 20
1.7266666666666666
 10
0.92386551064604
 20
1.8499999999999996
  0
LWPOLYLINE
  5
231
330
17
100
AcDbEntity
  8
COBERTURA
100
AcDbPolyline
 90
2
 70
0
 10
0.92386551064604
 20
1.8499999999999996
 10
0.9419656386400325
 20
1.9733333333333336
  0
LWPOLYLINE
  5
232
330
17
100
AcDbEntity
  8
COBERTURA
100
AcDbPolyline
 90
2
 70
0
 10
0.9419656386400325
 20
1.9733333333333336
 10
0.9540000000000002
 20
1.992340313816679
  0
LWPOLYLINE
  5
233
330
17
100
AcDbEntity
  8
COBERTURA
100
AcDbPolyline
 90
2
 70
0
 10
1.0830000000000002
 20
0.2080876629530471
 10
1.0703831339160395
 20
0.2466666666666666
  0
LWPOLYLINE
  5
234
330
17
100
AcDbEntity
  8
COBERTURA
100
AcDbPolyline
 90
2
 70
0
 10
1.0703831339160395
 20
0.2466666666666666
 10
1.0608963231205844
 20
0.3700000000000001
  0
LWPOLYLINE
  5
235
330
17
100
AcDbEntity
  8
COBERTURA
100
AcDbPolyline
 90
2
 70
0
 10
1.0608963231205844
 20
0.3700000000000001
 10
1.0497467608984372
 20
0.4933333333333332
  0
LWPOLYLINE
  5
236
330
17
100
AcDbEntity
  8
COBERTURA
100
AcDbPolyline
 90
2
 70
0
 10
1.0497467608984372
 20
0.4933333333333332
 10
1.0366048204348355
 20
0.6166666666666663
  0
LWPOLYLINE
  5
237
330
17
100
AcDbEntity
  8
COBERTURA
100
AcDbPolyline
 90
2
 70
0
 10
1.0366048204348355
 20
0.6166666666666663
 10
1.021154732155886
 20
0.7400000000000002
  0
LWPOLYLINE
  5
238
330
17
100
AcDbEntity
  8
COBERTURA
100
AcDbPolyline
 90
2
 70
0
 10
1.021154732155886
 20
0.7400000000000002
 10
1.0032246934796185
 20
0.8633333333333333
  0
LWPOLYLINE
  5
239
330
17
100
AcDbEntity
  8
COBERTURA
100
AcDbPolyline
 90
2
 70
0
 10
1.0032246934796185
 20
0.8633333333333333
 10
0.9830596792707976
 20
0.9866666666666664
  0
LWPOLYLINE
  5
23A
330
17
100
AcDbEntity
  8
COBERTURA
100
AcDbPolyline
 90
2
 70
0
 10
0.9830596792707976
 20
0.9866666666666664
 10
0.9617537316787308
 20
1.1100000000000003
  0
LWPOLYLINE
  5
23B
330
17
100
AcDbEntity
  8
COBERTURA
100
AcDbPolyline
 90
2
 70
0
 10
0.9617537316787308
 20
1.1100000000000003
 10
0.9540000000000002
 20
1.1551132282692806
  0
LWPOLYLINE
  5
23C
330
17
100
AcDbEntity
  8
COBERTURA
100
AcDbPolyline
 90
2
 70
0
 10
1.0830000000000002
 20
2.0713791640245343
 10
0.9540000000000002
 20
1.992340313816679
  0
LWPOLYLINE
  5
23D
330
17
100
AcDbEntity
  8
COBERTURA
100
AcDbPolyline
 90
2
 70
0
 10
1.2120000000000002
 20
0.17873422328276148
 10
1.0830000000000002
 20
0.2080876629530471
  0
LWPOLYLINE
  5
23E
330
17
100
AcDbEntity
  8
COBERTURA
100
AcDbPolyline
 90
2
 70
0
 10
1.1877839043885812
 20
2.0966666666666667
 10
1.0830000000000002
 20
2.0713791640245343
  0
LWPOLYLINE
  5
23F
330
17
100
AcDbEntity
  8
COBERTURA
100
AcDbPolyline
 90
2
 70
0
 10
1.1877839043885812
 20
2.0966666666666667
 10
1.2120000000000002
 20
2.102052901578562
  0
LWPOLYLINE
  5
240
330
17
100
AcDbEntity
  8
COBERTURA
100
AcDbPolyline
 90
2
 70
0
 10
1.3410000000000002
 20
0.17123297971353643
 10
1.2120000000000002
 20
0.17873422328276148
  0
LWPOLYLINE
  5
241
330
17
100
AcDbEntity
  8
COBERTURA
100
AcDbPolyline
 90
2
 70
0
 10
1.3410000000000002
 20
2.1312339479005438
 10
1.2120000000000002
 20
2.102052901578562
  0
LWPOLYLINE
  5
242
330
17
100
AcDbEntity
  8
COBERTURA
100
AcDbPolyline
 90
2
 70
0
 10
1.4700000000000002
 20
0.16432553582430326
 10
1.3410000000000002
 20
0.17123297971353643
  0
LWPOLYLINE
  5
243
330
17
100
AcDbEntity
  8
COBERTURA
100
AcDbPolyline
 90
2
 70
0
 10
1.4700000000000002
 20
2.1519256650932803
 10
1.3410000000000002
 20
2.1312339479005438
  0
LWPOLYLINE
  5
244
330
17
100
AcDbEntity
  8
COBERTURA
100
AcDbPolyline
 90
2
 70
0
 10
1.5990000000000002
 20
0.15769552812151444
 10
1.4700000000000002
 20
0.16432553582430326
  0
LWPOLYLINE
  5
245
330
17
100
AcDbEntity
  8
COBERTURA
100
AcDbPolyline
 90
2
 70
0
 10
1.5990000000000002
 20
2.159630391806433
 10
1.4700000000000002
 20
2.1519256650932803
  0
LWPOLYLINE
  5
246
330
17
100
AcDbEntity
  8
COBERTURA
100
AcDbPolyline
 90
2
 70
0
 10
1.7280000000000002
 20
0.150768483592795
 10
1.5990000000000002
 20
0.15769552812151444
  0
LWPOLYLINE
  5
247
330
17
100
AcDbEntity
  8
COBERTURA
100
AcDbPolyline
 90
2
 70
0
 10
1.7280000000000002
 20
2.1528479136214296
 10
1.5990000000000002
 20
2.159630391806433
  0
LWPOLYLINE
  5
248
330
17
100
AcDbEntity
  8
COBERTURA
100
AcDbPolyline
 90
2
 70
0
 10
1.8569999999999998
 20
0.14266817967142012
 10
1.7280000000000002
 20
0.150768483592795
  0
LWPOLYLINE
  5
249
330
17
100
AcDbEntity
  8
COBERTURA
100
AcDbPolyline
 90
2
 70
0
 10
1.8569999999999998
 20
2.1333001670748297
 10
1.7280000000000002
 20
2.1528479136214296
  0
LWPOLYLINE
  5
24A
330
17
100
AcDbEntity
  8
COBERTURA
100
AcDbPolyline
 90
2
 70
0
 10
1.9860000000000002
 20
0.13218189442146586
 10
1.8569999999999998
 20
0.14266817967142012
  0
LWPOLYLINE
  5
24B
330
17
100
AcDbEntity
  8
COBERTURA
100
AcDbPolyline
 90
2
 70
0
 10
1.9860000000000002
 20
2.106021156388658
 10
1.8569999999999998
 20
2.1333001670748297
  0
LWPOLYLINE
  5
24C
330
17
100
AcDbEntity
  8
COBERTURA
100
AcDbPolyline
 90
2
 70
0
 10
2.1150000000000007
 20
0.11742525988674672
 10
2.0659651792261404
 20
0.12333333333333307
  0
LWPOLYLINE
  5
24D
330
17
100
AcDbEntity
  8
COBERTURA
100
AcDbPolyline
 90
2
 70
0
 10
2.0659651792261404
 20
0.12333333333333307
 10
1.9860000000000002
 20
0.13218189442146586
  0
LWPOLYLINE
  5
24E
330
17
100
AcDbEntity
  8
COBERTURA
100
AcDbPolyline
 90
2
 70
0
 10
2.1150000000000007
 20
2.077513559977847
 10
2.030456717672845
 20
2.0966666666666667
  0
LWPOLYLINE
  5
24F
330
17
100
AcDbEntity
  8
COBERTURA
100
AcDbPolyline
 90
2
 70
0
 10
2.030456717672845
 20
2.0966666666666667
 10
1.9860000000000002
 20
2.106021156388658
  0
LWPOLYLINE
  5
250
330
17
100
AcDbEntity
  8
COBERTURA
100
AcDbPolyline
 90
2
 70
0
 10
2.244
 20
0.09585928449568529
 10
2.1150000000000007
 20
0.11742525988674672
  0
LWPOLYLINE
  5
251
330
17
100
AcDbEntity
  8
COBERTURA
100
AcDbPolyline
 90
2
 70
0
 10
2.244
 20
2.0523033181386268
 10
2.1150000000000007
 20
2.077513559977847
  0
LWPOLYLINE
  5
252
330
17
100
AcDbEntity
  8
COBERTURA
100
AcDbPolyline
 90
2
 70
0
 10
2.3729999999999998
 20
0.06531007106490916
 10
2.244
 20
0.09585928449568529
  0
LWPOLYLINE
  5
253
330
17
100
AcDbEntity
  8
COBERTURA
100
AcDbPolyline
 90
2
 70
0
 10
2.3729999999999998
 20
2.0319383311992025
 10
2.244
 20
2.0523033181386268
  0
LWPOLYLINE
  5
254
330
17
100
AcDbEntity
  8
COBERTURA
100
AcDbPolyline
 90
2
 70
0
 10
2.5020000000000002
 20
0.02254546626999847
 10
2.3729999999999998
 20
0.06531007106490916
  0
LWPOLYLINE
  5
255
330
17
100
AcDbEntity
  8
COBERTURA
100
AcDbPolyline
 90
2
 70
0
 10
2.5020000000000002
 20
2.015990427606224
 10
2.3729999999999998
 20
2.0319383311992025
  0
LWPOLYLINE
  5
256
330
17
100
AcDbEntity
  8
COBERTURA
100
AcDbPolyline
 90
2
 70
0
 10
2.6310000000000007
 20
-0.03945602636090727
 10
2.5532891715851846
 20
0.0
  0
LWPOLYLINE
  5
257
330
17
100
AcDbEntity
  8
COBERTURA
100
AcDbPolyline
 90
2
 70
0
 10
2.5532891715851846
 20
0.0
 10
2.5020000000000002
 20
0.022545466269998482
  0
LWPOLYLINE
  5
258
330
17
100
AcDbEntity
  8
COBERTURA
100
AcDbPolyline
 90
2
 70
0
 10
2.6310000000000007
 20
2.0035224532634417
 10
2.5020000000000002
 20
2.0159904276062246
  0
LWPOLYLINE
  5
259
330
17
100
AcDbEntity
  8
COBERTURA
100
AcDbPolyline
 90
2
 70
0
 10
2.7600000000000002
 20
-0.1271498273009704
 10
2.7552682825577977
 20
-0.12333333333333352
  0
LWPOLYLINE
  5
25A
330
17
100
AcDbEntity
  8
COBERTURA
100
AcDbPolyline
 90
2
 70
0
 10
2.7552682825577977
 20
-0.12333333333333352
 10
2.6310000000000007
 20
-0.03945602636090726
  0
LWPOLYLINE
  5
25B
330
17
100
AcDbEntity
  8
COBERTURA
100
AcDbPolyline
 90
2
 70
0
 10
2.7600000000000002
 20
1.9936834352530073
 10
2.6310000000000007
 20
2.0035224532634412
  0
LWPOLYLINE
  5
25C
330
17
100
AcDbEntity
  8
COBERTURA
100
AcDbPolyline
 90
2
 70
0
 10
2.889
 20
-0.25966552161953194
 10
2.8785698565233173
 20
-0.2466666666666666
  0
LWPOLYLINE
  5
25D
330
17
100
AcDbEntity
  8
COBERTURA
100
AcDbPolyline
 90
2
 70
0
 10
2.8785698565233173
 20
-0.2466666666666666
 10
2.7600000000000002
 20
-0.12714982730097044
  0
LWPOLYLINE
  5
25E
330
17
100
AcDbEntity
  8
COBERTURA
100
AcDbPolyline
 90
2
 70
0
 10
2.889
 20
1.9858223302964193
 10
2.7600000000000002
 20
1.9936834352530073
  0
LWPOLYLINE
  5
25F
330
17
100
AcDbEntity
  8
COBERTURA
100
AcDbPolyline
 90
2
 70
0
 10
3.0180000000000002
 20
-0.47239107930228225
 10
2.963592924684975
 20
-0.3700000000000001
  0
LWPOLYLINE
  5
260
330
17
100
AcDbEntity
  8
COBERTURA
100
AcDbPolyline
 90
2
 70
0
 10
2.963592924684975
 20
-0.3700000000000001
 10
2.889
 20
-0.25966552161953194
  0
LWPOLYLINE
  5
261
330
17
100
AcDbEntity
  8
COBERTURA
100
AcDbPolyline
 90
2
 70
0
 10
3.0180000000000002
 20
1.9794656487105504
 10
2.889
 20
1.9858223302964193
  0
LWPOLYLINE
  5
262
330
17
100
AcDbEntity
  8
COBERTURA
100
AcDbPolyline
 90
2
 70
0
 10
3.1470000000000007
 20
-0.8946819590921377
 10
3.141049541189528
 20
-0.8633333333333333
  0
LWPOLYLINE
  5
263
330
17
100
AcDbEntity
  8
COBERTURA
100
AcDbPolyline
 90
2
 70
0
 10
3.141049541189528
 20
-0.8633333333333333
 10
3.1118181664967532
 20
-0.7400000000000002
  0
LWPOLYLINE
  5
264
330
17
100
AcDbEntity
  8
COBERTURA
100
AcDbPolyline
 90
2
 70
0
 10
3.1118181664967532
 20
-0.7400000000000002
 10
3.0747790589214006
 20
-0.6166666666666667
  0
LWPOLYLINE
  5
265
330
17
100
AcDbEntity
  8
COBERTURA
100
AcDbPolyline
 90
2
 70
0
 10
3.0747790589214006
 20
-0.6166666666666667
 10
3.0277798672524794
 20
-0.4933333333333336
  0
LWPOLYLINE
  5
266
330
17
100
AcDbEntity
  8
COBERTURA
100
AcDbPolyline
 90
2
 70
0
 10
3.0277798672524794
 20
-0.4933333333333336
 10
3.0180000000000002
 20
-0.47239107930228225
  0
LWPOLYLINE
  5
267
330
17
100
AcDbEntity
  8
COBERTURA
100
AcDbPolyline
 90
2
 70
0
 10
3.1470000000000007
 20
1.9742727544680487
 10
3.0180000000000002
 20
1.9794656487105504
  0
LWPOLYLINE
  5
268
330
17
100
AcDbEntity
  8
COBERTURA
100
AcDbPolyline
 90
2
 70
0
 10
3.2760000000000002
 20
-1.1372042244596388
 10
3.197404835054152
 20
-1.1100000000000003
  0
LWPOLYLINE
  5
269
330
17
100
AcDbEntity
  8
COBERTURA
100
AcDbPolyline
 90
2
 70
0
 10
3.197404835054152
 20
-1.1100000000000003
 10
3.163408686461628
 20
-0.9866666666666668
  0
LWPOLYLINE
  5
26A
330
17
100
AcDbEntity
  8
COBERTURA
100
AcDbPolyline
 90
2
 70
0
 10
3.163408686461628
 20
-0.9866666666666668
 10
3.1470000000000007
 20
-0.8946819590921377
  0
LWPOLYLINE
  5
26B
330
17
100
AcDbEntity
  8
COBERTURA
100
AcDbPolyline
 90
2
 70
0
 10
3.2760000000000002
 20
1.9703116450027638
 10
3.1753789872385596
 20
1.9733333333333336
  0
LWPOLYLINE
  5
26C
330
17
100
AcDbEntity
  8
COBERTURA
100
AcDbPolyline
 90
2
 70
0
 10
3.1753789872385596
 20
1.9733333333333336
 10
3.1470000000000007
 20
1.9742727544680487
  0
LWPOLYLINE
  5
26D
330
17
100
AcDbEntity
  8
COBERTURA
100
AcDbPolyline
 90
2
 70
0
 10
3.405
 20
-1.1426369038587023
 10
3.2760000000000002
 20
-1.1372042244596388
  0
LWPOLYLINE
  5
26E
330
17
100
AcDbEntity
  8
COBERTURA
100
AcDbPolyline
 90
2
 70
0
 10
3.405
 20
1.967080279707807
 10
3.2760000000000002
 20
1.9703116450027638
  0
LWPOLYLINE
  5
26F
330
17
100
AcDbEntity
  8
COBERTURA
100
AcDbPolyline
 90
2
 70
0
 10
3.5340000000000003
 20
-1.1484170798405495
 10
3.405
 20
-1.1426369038587023
  0
LWPOLYLINE
  5
270
330
17
100
AcDbEntity
  8
COBERTURA
100
AcDbPolyline
 90
2
 70
0
 10
3.5340000000000003
 20
1.963103098522521
 10
3.405
 20
1.967080279707807
  0
LWPOLYLINE
  5
271
330
17
100
AcDbEntity
  8
COBERTURA
100
AcDbPolyline
 90
2
 70
0
 10
3.6630000000000007
 20
-1.1545668959486894
 10
3.5340000000000003
 20
-1.1484170798405495
  0
LWPOLYLINE
  5
272
330
17
100
AcDbEntity
  8
COBERTURA
100
AcDbPolyline
 90
2
 70
0
 10
3.6630000000000007
 20
1.9584091068837042
 10
3.5340000000000003
 20
1.963103098522521
  0
LWPOLYLINE
  5
273
330
17
100
AcDbEntity
  8
COBERTURA
100
AcDbPolyline
 90
2
 70
0
 10
3.7920000000000003
 20
-1.1611074860690407
 10
3.6630000000000007
 20
-1.1545668959486894
  0
LWPOLYLINE
  5
274
330
17
100
AcDbEntity
  8
COBERTURA
100
AcDbPolyline
 90
2
 70
0
 10
3.7920000000000003
 20
1.9525247938152368
 10
3.6630000000000007
 20
1.9584091068837042
  0
LWPOLYLINE
  5
275
330
17
100
AcDbEntity
  8
COBERTURA
100
AcDbPolyline
 90
2
 70
0
 10
3.921
 20
-1.1680579130240294
 10
3.7920000000000003
 20
-1.1611074860690407
  0
LWPOLYLINE
  5
276
330
17
100
AcDbEntity
  8
COBERTURA
100
AcDbPolyline
 90
2
 70
0
 10
3.921
 20
1.9446158456947487
 10
3.7920000000000003
 20
1.9525247938152368
  0
LWPOLYLINE
  5
277
330
17
100
AcDbEntity
  8
COBERTURA
100
AcDbPolyline
 90
2
 70
0
 10
4.050000000000001
 20
-1.175433693705264
 10
3.921
 20
-1.1680579130240294
  0
LWPOLYLINE
  5
278
330
17
100
AcDbEntity
  8
COBERTURA
100
AcDbPolyline
 90
2
 70
0
 10
4.050000000000001
 20
1.9330039096023295
 10
3.921
 20
1.9446158456947487
  0
LWPOLYLINE
  5
279
330
17
100
AcDbEntity
  8
COBERTURA
100
AcDbPolyline
 90
2
 70
0
 10
4.179
 20
-1.1832448038410304
 10
4.050000000000001
 20
-1.175433693705264
  0
LWPOLYLINE
  5
27A
330
17
100
AcDbEntity
  8
COBERTURA
100
AcDbPolyline
 90
2
 70
0
 10
4.179
 20
1.9136604100724413
 10
4.050000000000001
 20
1.9330039096023295
  0
LWPOLYLINE
  5
27B
330
17
100
AcDbEntity
  8
COBERTURA
100
AcDbPolyline
 90
2
 70
0
 10
4.308
 20
-1.1914930539350954
 10
4.179
 20
-1.1832448038410304
  0
LWPOLYLINE
  5
27C
330
17
100
AcDbEntity
  8
COBERTURA
100
AcDbPolyline
 90
2
 70
0
 10
4.308
 20
1.8707312383185088
 10
4.179
 20
1.9136604100724413
  0
LWPOLYLINE
  5
27D
330
17
100
AcDbEntity
  8
COBERTURA
100
AcDbPolyline
 90
2
 70
0
 10
4.436999999999999
 20
-1.2001687476246456
 10
4.308
 20
-1.1914930539350954
  0
LWPOLYLINE
  5
27E
330
17
100
AcDbEntity
  8
COBERTURA
100
AcDbPolyline
 90
2
 70
0
 10
4.436999999999999
 20
1.8241789436426983
 10
4.350344709188429
 20
1.8499999999999996
  0
LWPOLYLINE
  5
27F
330
17
100
AcDbEntity
  8
COBERTURA
100
AcDbPolyline
 90
2
 70
0
 10
4.350344709188429
 20
1.8499999999999996
 10
4.308
 20
1.8707312383185088
  0
LWPOLYLINE
  5
280
330
17
100
AcDbEntity
  8
COBERTURA
100
AcDbPolyline
 90
2
 70
0
 10
4.566000000000001
 20
-1.2092465916326478
 10
4.436999999999999
 20
-1.2001687476246456
  0
LWPOLYLINE
  5
281
330
17
100
AcDbEntity
  8
COBERTURA
100
AcDbPolyline
 90
2
 70
0
 10
4.566000000000001
 20
1.7939964389428888
 10
4.436999999999999
 20
1.8241789436426983
  0
LWPOLYLINE
  5
282
330
17
100
AcDbEntity
  8
COBERTURA
100
AcDbPolyline
 90
2
 70
0
 10
4.695
 20
-1.2186809452337444
 10
4.566000000000001
 20
-1.2092465916326478
  0
LWPOLYLINE
  5
283
330
17
100
AcDbEntity
  8
COBERTURA
100
AcDbPolyline
 90
2
 70
0
 10
4.695
 20
1.7718414621003717
 10
4.566000000000001
 20
1.7939964389428888
  0
LWPOLYLINE
  5
284
330
17
100
AcDbEntity
  8
COBERTURA
100
AcDbPolyline
 90
2
 70
0
 10
4.824
 20
-1.22840070105208
 10
4.695
 20
-1.2186809452337444
  0
LWPOLYLINE
  5
285
330
17
100
AcDbEntity
  8
COBERTURA
100
AcDbPolyline
 90
2
 70
0
 10
4.824
 20
1.7565161529568194
 10
4.695
 20
1.7718414621003717
  0
LWPOLYLINE
  5
286
330
17
100
AcDbEntity
  8
COBERTURA
100
AcDbPolyline
 90
2
 70
0
 10
4.952999999999999
 20
-1.2386082961011076
 10
4.88769106180688
 20
-1.2333333333333334
  0
LWPOLYLINE
  5
287
330
17
100
AcDbEntity
  8
COBERTURA
100
AcDbPolyline
 90
2
 70
0
 10
4.88769106180688
 20
-1.2333333333333334
 10
4.824
 20
-1.22840070105208
  0
LWPOLYLINE
  5
288
330
17
100
AcDbEntity
  8
COBERTURA
100
AcDbPolyline
 90
2
 70
0
 10
4.952999999999999
 20
1.7469187292950281
 10
4.824
 20
1.7565161529568194
  0
LWPOLYLINE
  5
289
330
17
100
AcDbEntity
  8
COBERTURA
100
AcDbPolyline
 90
2
 70
0
 10
5.082000000000001
 20
-1.2491882763440443
 10
4.952999999999999
 20
-1.2386082961011076
  0
LWPOLYLINE
  5
28A
330
17
100
AcDbEntity
  8
COBERTURA
100
AcDbPolyline
 90
2
 70
0
 10
5.082000000000001
 20
1.7420334599563974
 10
4.952999999999999
 20
1.7469187292950281
  0
LWPOLYLINE
  5
28B
330
17
100
AcDbEntity
  8
COBERTURA
100
AcDbPolyline
 90
2
 70
0
 10
5.211
 20
-1.259677635462312
 10
5.082000000000001
 20
-1.2491882763440443
  0
LWPOLYLINE
  5
28C
330
17
100
AcDbEntity
  8
COBERTURA
100
AcDbPolyline
 90
2
 70
0
 10
5.211
 20
1.7409156483779094
 10
5.082000000000001
 20
1.7420334599563974
  0
LWPOLYLINE
  5
28D
330
17
100
AcDbEntity
  8
COBERTURA
100
AcDbPolyline
 90
2
 70
0
 10
5.34
 20
-1.269876637066308
 10
5.211
 20
-1.259677635462312
  0
LWPOLYLINE
  5
28E
330
17
100
AcDbEntity
  8
COBERTURA
100
AcDbPolyline
 90
2
 70
0
 10
5.34
 20
1.7426731350793347
 10
5.211
 20
1.7409156483779094
  0
LWPOLYLINE
  5
28F
330
17
100
AcDbEntity
  8
COBERTURA
100
AcDbPolyline
 90
2
 70
0
 10
5.468999999999999
 20
-1.279556236398758
 10
5.34
 20
-1.269876637066308
  0
LWPOLYLINE
  5
290
330
17
100
AcDbEntity
  8
COBERTURA
100
AcDbPolyline
 90
2
 70
0
 10
5.468999999999999
 20
1.746447838103075
 10
5.34
 20
1.7426731350793347
  0
LWPOLYLINE
  5
291
330
17
100
AcDbEntity
  8
COBERTURA
100
AcDbPolyline
 90
2
 70
0
 10
5.598000000000001
 20
-1.2884676445968437
 10
5.468999999999999
 20
-1.279556236398758
  0
LWPOLYLINE
  5
292
330
17
100
AcDbEntity
  8
COBERTURA
100
AcDbPolyline
 90
2
 70
0
 10
5.598000000000001
 20
1.7514029097077157
 10
5.468999999999999
 20
1.746447838103075
  0
LWPOLYLINE
  5
293
330
17
100
AcDbEntity
  8
COBERTURA
100
AcDbPolyline
 90
2
 70
0
 10
5.727
 20
-1.2963561996907076
 10
5.598000000000001
 20
-1.2884676445968437
  0
LWPOLYLINE
  5
294
330
17
100
AcDbEntity
  8
COBERTURA
100
AcDbPolyline
 90
2
 70
0
 10
5.727
 20
1.7567218060329026
 10
5.598000000000001
 20
1.7514029097077157
  0
LWPOLYLINE
  5
295
330
17
100
AcDbEntity
  8
COBERTURA
100
AcDbPolyline
 90
2
 70
0
 10
5.856
 20
-1.3029780277207932
 10
5.727
 20
-1.2963561996907076
  0
LWPOLYLINE
  5
296
330
17
100
AcDbEntity
  8
COBERTURA
100
AcDbPolyline
 90
2
 70
0
 10
5.856
 20
1.761623394242941
 10
5.727
 20
1.7567218060329026
  0
LWPOLYLINE
  5
297
330
17
100
AcDbEntity
  8
COBERTURA
100
AcDbPolyline
 90
2
 70
0
 10
5.984999999999999
 20
-1.308117062306055
 10
5.856
 20
-1.3029780277207932
  0
LWPOLYLINE
  5
298
330
17
100
AcDbEntity
  8
COBERTURA
100
AcDbPolyline
 90
2
 70
0
 10
5.984999999999999
 20
1.7653919137238976
 10
5.856
 20
1.761623394242941
  0
LWPOLYLINE
  5
299
330
17
100
AcDbEntity
  8
COBERTURA
100
AcDbPolyline
 90
2
 70
0
 10
6.113999999999999
 20
-1.3115998534119198
 10
5.984999999999999
 20
-1.3081170623060547
  0
LWPOLYLINE
  5
29A
330
17
100
AcDbEntity
  8
COBERTURA
100
AcDbPolyline
 90
2
 70
0
 10
6.113999999999999
 20
1.7674145922504974
 10
5.984999999999999
 20
1.7653919137238976
  0
LWPOLYLINE
  5
29B
330
17
100
AcDbEntity
  8
COBERTURA
100
AcDbPolyline
 90
2
 70
0
 10
6.243
 20
-1.3133064239954866
 10
6.113999999999999
 20
-1.3115998534119198
  0
LWPOLYLINE
  5
29C
330
17
100
AcDbEntity
  8
COBERTURA
100
AcDbPolyline
 90
2
 70
0
 10
6.243
 20
1.767217157390959
 10
6.113999999999999
 20
1.7674145922504974
  0
LWPOLYLINE
  5
29D
330
17
100
AcDbEntity
  8
COBERTURA
100
AcDbPolyline
 90
2
 70
0
 10
6.372
 20
-1.3131767940393437
 10
6.243
 20
-1.3133064239954866
  0
LWPOLYLINE
  5
29E
330
17
100
AcDbEntity
  8
COBERTURA
100
AcDbPolyline
 90
2
 70
0
 10
6.372
 20
1.7644903432240668
 10
6.243
 20
1.767217157390959
  0
LWPOLYLINE
  5
29F
330
17
100
AcDbEntity
  8
COBERTURA
100
AcDbPolyline
 90
2
 70
0
 10
6.5009999999999994
 20
-1.3112138205738495
 10
6.372
 20
-1.3131767940393437
  0
LWPOLYLINE
  5
2A0
330
17
100
AcDbEntity
  8
COBERTURA
100
AcDbPolyline
 90
2
 70
0
 10
6.5009999999999994
 20
1.7591054838422084
 10
6.372
 20
1.7644903432240668
  0
LWPOLYLINE
  5
2A1
330
17
100
AcDbEntity
  8
COBERTURA
100
AcDbPolyline
 90
2
 70
0
 10
6.630000000000001
 20
-1.3074830575751901
 10
6.5009999999999994
 20
-1.3112138205738495
  0
LWPOLYLINE
  5
2A2
330
17
100
AcDbEntity
  8
COBERTURA
100
AcDbPolyline
 90
2
 70
0
 10
6.630000000000001
 20
1.751118838987189
 10
6.5009999999999994
 20
1.7591054838422084
  0
LWPOLYLINE
  5
2A3
330
17
100
AcDbEntity
  8
COBERTURA
100
AcDbPolyline
 90
2
 70
0
 10
6.759
 20
-1.3021095833528664
 10
6.630000000000001
 20
-1.3074830575751901
  0
LWPOLYLINE
  5
2A4
330
17
100
AcDbEntity
  8
COBERTURA
100
AcDbPolyline
 90
2
 70
0
 10
6.759
 20
1.740761513241263
 10
6.630000000000001
 20
1.751118838987189
  0
LWPOLYLINE
  5
2A5
330
17
100
AcDbEntity
  8
COBERTURA
100
AcDbPolyline
 90
2
 70
0
 10
6.888
 20
-1.2948467624921967
 10
6.759
 20
-1.3021095833528664
  0
LWPOLYLINE
  5
2A6
330
17
100
AcDbEntity
  8
COBERTURA
100
AcDbPolyline
 90
2
 70
0
 10
6.888
 20
1.7284102006458926
 10
6.759
 20
1.740761513241263
  0
LWPOLYLINE
  5
2A7
330
17
100
AcDbEntity
  8
COBERTURA
100
AcDbPolyline
 90
2
 70
0
 10
7.0169999999999995
 20
-1.2860192429366637
 10
6.888
 20
-1.2948467624921967
  0
LWPOLYLINE
  5
2A8
330
17
100
AcDbEntity
  8
COBERTURA
100
AcDbPolyline
 90
2
 70
0
 10
7.0169999999999995
 20
1.7157309709970787
 10
6.904634846292284
 20
1.7266666666666666
  0
LWPOLYLINE
  5
2A9
330
17
100
AcDbEntity
  8
COBERTURA
100
AcDbPolyline
 90
2
 70
0
 10
6.904634846292284
 20
1.7266666666666666
 10
6.888
 20
1.7284102006458926
  0
LWPOLYLINE
  5
2AA
330
17
100
AcDbEntity
  8
COBERTURA
100
AcDbPolyline
 90
2
 70
0
 10
7.145999999999999
 20
-1.275689701525735
 10
7.0169999999999995
 20
-1.2860192429366637
  0
LWPOLYLINE
  5
2AB
330
17
100
AcDbEntity
  8
COBERTURA
100
AcDbPolyline
 90
2
 70
0
 10
7.145999999999999
 20
1.702149050673394
 10
7.0169999999999995
 20
1.7157309709970787
  0
LWPOLYLINE
  5
2AC
330
17
100
AcDbEntity
  8
COBERTURA
100
AcDbPolyline
 90
2
 70
0
 10
7.275
 20
-1.2647057734628082
 10
7.145999999999999
 20
-1.275689701525735
  0
LWPOLYLINE
  5
2AD
330
17
100
AcDbEntity
  8
COBERTURA
100
AcDbPolyline
 90
2
 70
0
 10
7.275
 20
1.687971276793066
 10
7.145999999999999
 20
1.702149050673394
  0
LWPOLYLINE
  5
2AE
330
17
100
AcDbEntity
  8
COBERTURA
100
AcDbPolyline
 90
2
 70
0
 10
7.404
 20
-1.2533616878976466
 10
7.275
 20
-1.2647057734628082
  0
LWPOLYLINE
  5
2AF
330
17
100
AcDbEntity
  8
COBERTURA
100
AcDbPolyline
 90
2
 70
0
 10
7.404
 20
1.6736423614172418
 10
7.275
 20
1.687971276793066
  0
LWPOLYLINE
  5
2B0
330
17
100
AcDbEntity
  8
COBERTURA
100
AcDbPolyline
 90
2
 70
0
 10
7.5329999999999995
 20
-1.2418660884851116
 10
7.404
 20
-1.2533616878976466
  0
LWPOLYLINE
  5
2B1
330
17
100
AcDbEntity
  8
COBERTURA
100
AcDbPolyline
 90
2
 70
0
 10
7.5329999999999995
 20
1.659523039997269
 10
7.404
 20
1.6736423614172418
  0
LWPOLYLINE
  5
2B2
330
17
100
AcDbEntity
  8
COBERTURA
100
AcDbPolyline
 90
2
 70
0
 10
7.629417615568483
 20
-1.2333333333333334
 10
7.5329999999999995
 20
-1.2418660884851116
  0
LWPOLYLINE
  5
2B3
330
17
100
AcDbEntity
  8
COBERTURA
100
AcDbPolyline
 90
2
 70
0
 10
7.629417615568483
 20
-1.2333333333333334
 10
7.662000000000001
 20
-1.230569255203069
  0
LWPOLYLINE
  5
2B4
330
17
100
AcDbEntity
  8
COBERTURA
100
AcDbPolyline
 90
2
 70
0
 10
7.662000000000001
 20
1.6458775516991218
 10
7.5329999999999995
 20
1.659523039997269
  0
LWPOLYLINE
  5
2B5
330
17
100
AcDbEntity
  8
COBERTURA
100
AcDbPolyline
 90
2
 70
0
 10
7.791
 20
-1.2199183338356026
 10
7.662000000000001
 20
-1.230569255203069
  0
LWPOLYLINE
  5
2B6
330
17
100
AcDbEntity
  8
COBERTURA
100
AcDbPolyline
 90
2
 70
0
 10
7.791
 20
1.6328794827305502
 10
7.662000000000001
 20
1.6458775516991218
  0
LWPOLYLINE
  5
2B7
330
17
100
AcDbEntity
  8
COBERTURA
100
AcDbPolyline
 90
2
 70
0
 10
7.92
 20
-1.190130605390176
 10
7.791
 20
-1.2199183338356026
  0
LWPOLYLINE
  5
2B8
330
17
100
AcDbEntity
  8
COBERTURA
100
AcDbPolyline
 90
2
 70
0
 10
7.92
 20
1.6206272601478018
 10
7.791
 20
1.6328794827305502
  0
LWPOLYLINE
  5
2B9
330
17
100
AcDbEntity
  8
COBERTURA
100
AcDbPolyline
 90
2
 70
0
 10
7.966195213190458
 20
-1.1100000000000003
 10
7.92
 20
-1.190130605390176
  0
LWPOLYLINE
  5
2BA
330
17
100
AcDbEntity
  8
COBERTURA
100
AcDbPolyline
 90
2
 70
0
 10
7.966195213190458
 20
-1.1100000000000003
 10
7.976125669205108
 20
-0.9866666666666668
  0
LWPOLYLINE
  5
2BB
330
17
100
AcDbEntity
  8
COBERTURA
100
AcDbPolyline
 90
2
 70
0
 10
7.976125669205108
 20
-0.9866666666666668
 10
7.986111984115583
 20
-0.8633333333333333
  0
LWPOLYLINE
  5
2BC
330
17
100
AcDbEntity
  8
COBERTURA
100
AcDbPolyline
 90
2
 70
0
 10
7.986111984115583
 20
-0.8633333333333333
 10
7.996018203948099
 20
-0.7400000000000002
  0
LWPOLYLINE
  5
2BD
330
17
100
AcDbEntity
  8
COBERTURA
100
AcDbPolyline
 90
2
 70
0
 10
7.996018203948099
 20
-0.7400000000000002
 10
8.005682299272328
 20
-0.6166666666666667
  0
LWPOLYLINE
  5
2BE
330
17
100
AcDbEntity
  8
COBERTURA
100
AcDbPolyline
 90
2
 70
0
 10
8.005682299272328
 20
-0.6166666666666667
 10
8.014919916688871
 20
-0.4933333333333336
  0
LWPOLYLINE
  5
2BF
330
17
100
AcDbEntity
  8
COBERTURA
100
AcDbPolyline
 90
2
 70
0
 10
8.014919916688871
 20
-0.4933333333333336
 10
8.023531415201367
 20
-0.3700000000000001
  0
LWPOLYLINE
  5
2C0
330
17
100
AcDbEntity
  8
COBERTURA
100
AcDbPolyline
 90
2
 70
0
 10
8.023531415201367
 20
-0.3700000000000001
 10
8.031311928173837
 20
-0.2466666666666666
  0
LWPOLYLINE
  5
2C1
330
17
100
AcDbEntity
  8
COBERTURA
100
AcDbPolyline
 90
2
 70
0
 10
8.031311928173837
 20
-0.2466666666666666
 10
8.038063372449042
 20
-0.12333333333333352
  0
LWPOLYLINE
  5
2C2
330
17
100
AcDbEntity
  8
COBERTURA
100
AcDbPolyline
 90
2
 70
0
 10
8.038063372449042
 20
-0.12333333333333352
 10
8.043606629911688
 20
0.0
  0
LWPOLYLINE
  5
2C3
330
17
100
AcDbEntity
  8
COBERTURA
100
AcDbPolyline
 90
2
 70
0
 10
8.043606629911688
 20
0.0
 10
8.047791941446324
 20
0.12333333333333307
  0
LWPOLYLINE
  5
2C4
330
17
100
AcDbEntity
  8
COBERTURA
100
AcDbPolyline
 90
2
 70
0
 10
8.047791941446324
 20
0.12333333333333307
 10
8.049
 20
0.17798743380521265
  0
LWPOLYLINE
  5
2C5
330
17
100
AcDbEntity
  8
COBERTURA
100
AcDbPolyline
 90
2
 70
0
 10
8.049
 20
0.627476992702912
 10
8.045821471460345
 20
0.7400000000000002
  0
LWPOLYLINE
  5
2C6
330
17
100
AcDbEntity
  8
COBERTURA
100
AcDbPolyline
 90
2
 70
0
 10
8.045821471460345
 20
0.7400000000000002
 10
8.04092275276214
 20
0.8633333333333333
  0
LWPOLYLINE
  5
2C7
330
17
100
AcDbEntity
  8
COBERTURA
100
AcDbPolyline
 90
2
 70
0
 10
8.04092275276214
 20
0.8633333333333333
 10
8.034738837143793
 20
0.9866666666666664
  0
LWPOLYLINE
  5
2C8
330
17
100
AcDbEntity
  8
COBERTURA
100
AcDbPolyline
 90
2
 70
0
 10
8.034738837143793
 20
0.9866666666666664
 10
8.027435690120049
 20
1.1100000000000003
  0
LWPOLYLINE
  5
2C9
330
17
100
AcDbEntity
  8
COBERTURA
100
AcDbPolyline
 90
2
 70
0
 10
8.027435690120049
 20
1.1100000000000003
 10
8.019203628040128
 20
1.2333333333333334
  0
LWPOLYLINE
  5
2CA
330
17
100
AcDbEntity
  8
COBERTURA
100
AcDbPolyline
 90
2
 70
0
 10
8.019203628040128
 20
1.2333333333333334
 10
8.010245778016083
 20
1.3566666666666665
  0
LWPOLYLINE
  5
2CB
330
17
100
AcDbEntity
  8
COBERTURA
100
AcDbPolyline
 90
2
 70
0
 10
8.010245778016083
 20
1.3566666666666665
 10
8.0007657355156
 20
1.4799999999999995
  0
LWPOLYLINE
  5
2CC
330
17
100
AcDbEntity
  8
COBERTURA
100
AcDbPolyline
 90
2
 70
0
 10
8.0007657355156
 20
1.4799999999999995
 10
7.955697745856979
 20
1.6033333333333335
  0
LWPOLYLINE
  5
2CD
330
17
100
AcDbEntity
  8
COBERTURA
100
AcDbPolyline
 90
2
 70
0
 10
7.955697745856979
 20
1.6033333333333335
 10
7.92
 20
1.6206272601478018
  0
LWPOLYLINE
  5
2CE
330
17
100
AcDbEntity
  8
COBERTURA
100
AcDbPolyline
 90
2
 70
0
 10
8.050645074364573
 20
0.2466666666666666
 10
8.049
 20
0.17798743380521265
  0
LWPOLYLINE
  5
2CF
330
17
100
AcDbEntity
  8
COBERTURA
100
AcDbPolyline
 90
2
 70
0
 10
8.050645074364573
 20
0.2466666666666666
 10
8.051925276403107
 20
0.3700000000000001
  0
LWPOLYLINE
  5
2D0
330
17
100
AcDbEntity
  8
COBERTURA
100
AcDbPolyline
 90
2
 70
0
 10
8.051925276403107
 20
0.3700000000000001
 10
8.051482177826694
 20
0.4933333333333332
  0
LWPOLYLINE
  5
2D1
330
17
100
AcDbEntity
  8
COBERTURA
100
AcDbPolyline
 90
2
 70
0
 10
8.051482177826694
 20
0.4933333333333332
 10
8.04933000210148
 20
0.6166666666666663
  0
LWPOLYLINE
  5
2D2
330
17
100
AcDbEntity
  8
COBERTURA
100
AcDbPolyline
 90
2
 70
0
 10
8.04933000210148
 20
0.6166666666666663
 10
8.049
 20
0.627476992702912
  0
LWPOLYLINE
  5
2D3
330
17
100
AcDbEntity
  8
COBERTURA
100
AcDbPolyline
 90
2
 70
0
 10
1.2120000000000002
 20
1.0934623429146275
 10
1.207371992744683
 20
1.1100000000000003
  0
LWPOLYLINE
  5
2D4
330
17
100
AcDbEntity
  8
COBERTURA
100
AcDbPolyline
 90
2
 70
0
 10
1.207371992744683
 20
1.1100000000000003
 10
1.1660645151249938
 20
1.2333333333333334
  0
LWPOLYLINE
  5
2D5
330
17
100
AcDbEntity
  8
COBERTURA
100
AcDbPolyline
 90
2
 70
0
 10
1.1660645151249938
 20
1.2333333333333334
 10
1.1270349030223827
 20
1.3566666666666665
  0
LWPOLYLINE
  5
2D6
330
17
100
AcDbEntity
  8
COBERTURA
100
AcDbPolyline
 90
2
 70
0
 10
1.1270349030223827
 20
1.3566666666666665
 10
1.1007442780965369
 20
1.4799999999999995
  0
LWPOLYLINE
  5
2D7
330
17
100
AcDbEntity
  8
COBERTURA
100
AcDbPolyline
 90
2
 70
0
 10
1.1007442780965369
 20
1.4799999999999995
 10
1.0922806897481034
 20
1.6033333333333335
  0
LWPOLYLINE
  5
2D8
330
17
100
AcDbEntity
  8
COBERTURA
100
AcDbPolyline
 90
2
 70
0
 10
1.0922806897481034
 20
1.6033333333333335
 10
1.1017213556364012
 20
1.7266666666666666
  0
LWPOLYLINE
  5
2D9
330
17
100
AcDbEntity
  8
COBERTURA
100
AcDbPolyline
 90
2
 70
0
 10
1.1017213556364012
 20
1.7266666666666666
 10
1.128908063549488
 20
1.8499999999999996
  0
LWPOLYLINE
  5
2DA
330
17
100
AcDbEntity
  8
COBERTURA
100
AcDbPolyline
 90
2
 70
0
 10
1.128908063549488
 20
1.8499999999999996
 10
1.2120000000000002
 20
1.9340857066589228
  0
LWPOLYLINE
  5
2DB
330
17
100
AcDbEntity
  8
COBERTURA
100
AcDbPolyline
 90
2
 70
0
 10
1.3410000000000002
 20
0.7648396348849913
 10
1.283477866508659
 20
0.8633333333333333
  0
LWPOLYLINE
  5
2DC
330
17
100
AcDbEntity
  8
COBERTURA
100
AcDbPolyline
 90
2
 70
0
 10
1.283477866508659
 20
0.8633333333333333
 10
1.2469134315399544
 20
0.9866666666666664
  0
LWPOLYLINE
  5
2DD
330
17
100
AcDbEntity
  8
COBERTURA
100
AcDbPolyline
 90
2
 70
0
 10
1.2469134315399544
 20
0.9866666666666664
 10
1.2120000000000002
 20
1.0934623429146275
  0
LWPOLYLINE
  5
2DE
330
17
100
AcDbEntity
  8
COBERTURA
100
AcDbPolyline
 90
2
 70
0
 10
1.2835818507693633
 20
1.9733333333333336
 10
1.2120000000000002
 20
1.9340857066589228
  0
LWPOLYLINE
  5
2DF
330
17
100
AcDbEntity
  8
COBERTURA
100
AcDbPolyline
 90
2
 70
0
 10
1.2835818507693633
 20
1.9733333333333336
 10
1.3410000000000002
 20
1.9942061369338162
  0
LWPOLYLINE
  5
2E0
330
17
100
AcDbEntity
  8
COBERTURA
100
AcDbPolyline
 90
2
 70
0
 10
1.4700000000000002
 20
0.7528728248038388
 10
1.3410000000000002
 20
0.7648396348849913
  0
LWPOLYLINE
  5
2E1
330
17
100
AcDbEntity
  8
COBERTURA
100
AcDbPolyline
 90
2
 70
0
 10
1.4700000000000002
 20
2.033737726317433
 10
1.3410000000000002
 20
1.9942061369338162
  0
LWPOLYLINE
  5
2E2
330
17
100
AcDbEntity
  8
COBERTURA
100
AcDbPolyline
 90
2
 70
0
 10
1.5990000000000002
 20
0.7468272795468021
 10
1.4700000000000002
 20
0.7528728248038388
  0
LWPOLYLINE
  5
2E3
330
17
100
AcDbEntity
  8
COBERTURA
100
AcDbPolyline
 90
2
 70
0
 10
1.5990000000000002
 20
2.048342049244175
 10
1.4700000000000002
 20
2.033737726317433
  0
LWPOLYLINE
  5
2E4
330
17
100
AcDbEntity
  8
COBERTURA
100
AcDbPolyline
 90
2
 70
0
 10
1.7280000000000002
 20
0.7466054418358937
 10
1.5990000000000002
 20
0.7468272795468021
  0
LWPOLYLINE
  5
2E5
330
17
100
AcDbEntity
  8
COBERTURA
100
AcDbPolyline
 90
2
 70
0
 10
1.7280000000000002
 20
2.0351804234292015
 10
1.5990000000000002
 20
2.048342049244175
  0
LWPOLYLINE
  5
2E6
330
17
100
AcDbEntity
  8
COBERTURA
100
AcDbPolyline
 90
2
 70
0
 10
1.8569999999999998
 20
0.7513359044819704
 10
1.7280000000000002
 20
0.7466054418358938
  0
LWPOLYLINE
  5
2E7
330
17
100
AcDbEntity
  8
COBERTURA
100
AcDbPolyline
 90
2
 70
0
 10
1.8569999999999998
 20
1.997693431943563
 10
1.7280000000000002
 20
2.0351804234292015
  0
LWPOLYLINE
  5
2E8
330
17
100
AcDbEntity
  8
COBERTURA
100
AcDbPolyline
 90
2
 70
0
 10
1.9860000000000002
 20
0.7593484394590233
 10
1.8569999999999998
 20
0.7513359044819703
  0
LWPOLYLINE
  5
2E9
330
17
100
AcDbEntity
  8
COBERTURA
100
AcDbPolyline
 90
2
 70
0
 10
1.9860000000000002
 20
1.94486160640599
 10
1.9282508714277147
 20
1.9733333333333336
  0
LWPOLYLINE
  5
2EA
330
17
100
AcDbEntity
  8
COBERTURA
100
AcDbPolyline
 90
2
 70
0
 10
1.9282508714277147
 20
1.9733333333333336
 10
1.8569999999999998
 20
1.997693431943563
  0
LWPOLYLINE
  5
2EB
330
17
100
AcDbEntity
  8
COBERTURA
100
AcDbPolyline
 90
2
 70
0
 10
2.1150000000000007
 20
0.7682416064751988
 10
1.9860000000000002
 20
0.7593484394590233
  0
LWPOLYLINE
  5
2EC
330
17
100
AcDbEntity
  8
COBERTURA
100
AcDbPolyline
 90
2
 70
0
 10
2.1150000000000007
 20
1.8947216036649304
 10
1.9860000000000002
 20
1.94486160640599
  0
LWPOLYLINE
  5
2ED
330
17
100
AcDbEntity
  8
COBERTURA
100
AcDbPolyline
 90
2
 70
0
 10
2.244
 20
0.7752847593770487
 10
2.1150000000000007
 20
0.7682416064751988
  0
LWPOLYLINE
  5
2EE
330
17
100
AcDbEntity
  8
COBERTURA
100
AcDbPolyline
 90
2
 70
0
 10
2.244
 20
1.8629864811297132
 10
2.1150000000000007
 20
1.8947216036649304
  0
LWPOLYLINE
  5
2EF
330
17
100
AcDbEntity
  8
COBERTURA
100
AcDbPolyline
 90
2
 70
0
 10
2.3729999999999998
 20
0.7779252731839666
 10
2.244
 20
0.7752847593770487
  0
LWPOLYLINE
  5
2F0
330
17
100
AcDbEntity
  8
COBERTURA
100
AcDbPolyline
 90
2
 70
0
 10
2.3729999999999998
 20
1.8424616639768367
 10
2.328953749763396
 20
1.8499999999999996
  0
LWPOLYLINE
  5
2F1
330
17
100
AcDbEntity
  8
COBERTURA
100
AcDbPolyline
 90
2
 70
0
 10
2.3289537497633956
 20
1.8499999999999996
 10
2.244
 20
1.8629864811297132
  0
LWPOLYLINE
  5
2F2
330
17
100
AcDbEntity
  8
COBERTURA
100
AcDbPolyline
 90
2
 70
0
 10
2.5020000000000002
 20
0.7740471394402632
 10
2.3729999999999998
 20
0.7779252731839666
  0
LWPOLYLINE
  5
2F3
330
17
100
AcDbEntity
  8
COBERTURA
100
AcDbPolyline
 90
2
 70
0
 10
2.5020000000000002
 20
1.8268453971450618
 10
2.3729999999999998
 20
1.8424616639768367
  0
LWPOLYLINE
  5
2F4
330
17
100
AcDbEntity
  8
COBERTURA
100
AcDbPolyline
 90
2
 70
0
 10
2.6310000000000007
 20
0.7619168906688549
 10
2.5020000000000002
 20
0.7740471394402632
  0
LWPOLYLINE
  5
2F5
330
17
100
AcDbEntity
  8
COBERTURA
100
AcDbPolyline
 90
2
 70
0
 10
2.6310000000000007
 20
1.8132207506532558
 10
2.5020000000000002
 20
1.8268453971450618
  0
LWPOLYLINE
  5
2F6
330
17
100
AcDbEntity
  8
COBERTURA
100
AcDbPolyline
 90
2
 70
0
 10
2.7600000000000002
 20
0.7399668524710825
 10
2.7598148564693346
 20
0.7400000000000002
  0
LWPOLYLINE
  5
2F7
330
17
100
AcDbEntity
  8
COBERTURA
100
AcDbPolyline
 90
2
 70
0
 10
2.7598148564693346
 20
0.7400000000000002
 10
2.6310000000000007
 20
0.7619168906688549
  0
LWPOLYLINE
  5
2F8
330
17
100
AcDbEntity
  8
COBERTURA
100
AcDbPolyline
 90
2
 70
0
 10
2.7600000000000002
 20
1.7981540935895048
 10
2.6310000000000007
 20
1.8132207506532558
  0
LWPOLYLINE
  5
2F9
330
17
100
AcDbEntity
  8
COBERTURA
100
AcDbPolyline
 90
2
 70
0
 10
2.889
 20
0.7057567170982517
 10
2.7600000000000002
 20
0.7399668524710825
  0
LWPOLYLINE
  5
2FA
330
17
100
AcDbEntity
  8
COBERTURA
100
AcDbPolyline
 90
2
 70
0
 10
2.889
 20
1.779210417771696
 10
2.7600000000000002
 20
1.7981540935895048
  0
LWPOLYLINE
  5
2FB
330
17
100
AcDbEntity
  8
COBERTURA
100
AcDbPolyline
 90
2
 70
0
 10
3.0180000000000002
 20
0.6572611987935404
 10
2.889
 20
0.7057567170982517
  0
LWPOLYLINE
  5
2FC
330
17
100
AcDbEntity
  8
COBERTURA
100
AcDbPolyline
 90
2
 70
0
 10
3.0180000000000002
 20
1.7536213963913216
 10
2.889
 20
1.779210417771696
  0
LWPOLYLINE
  5
2FD
330
17
100
AcDbEntity
  8
COBERTURA
100
AcDbPolyline
 90
2
 70
0
 10
3.1470000000000007
 20
0.5905543343608327
 10
3.099463352913854
 20
0.6166666666666663
  0
LWPOLYLINE
  5
2FE
330
17
100
AcDbEntity
  8
COBERTURA
100
AcDbPolyline
 90
2
 70
0
 10
3.099463352913854
 20
0.6166666666666663
 10
3.0180000000000002
 20
0.6572611987935404
  0
LWPOLYLINE
  5
2FF
330
17
100
AcDbEntity
  8
COBERTURA
100
AcDbPolyline
 90
2
 70
0
 10
3.1470000000000007
 20
1.7044687310525275
 10
3.1140222130920656
 20
1.7266666666666666
  0
LWPOLYLINE
  5
300
330
17
100
AcDbEntity
  8
COBERTURA
100
AcDbPolyline
 90
2
 70
0
 10
3.1140222130920656
 20
1.7266666666666666
 10
3.0180000000000002
 20
1.7536213963913216
  0
LWPOLYLINE
  5
301
330
17
100
AcDbEntity
  8
COBERTURA
100
AcDbPolyline
 90
2
 70
0
 10
3.2760000000000002
 20
0.4997770983141433
 10
3.1470000000000007
 20
0.5905543343608327
  0
LWPOLYLINE
  5
302
330
17
100
AcDbEntity
  8
COBERTURA
100
AcDbPolyline
 90
2
 70
0
 10
3.2760000000000002
 20
1.6276352291934975
 10
3.1470000000000007
 20
1.7044687310525275
  0
LWPOLYLINE
  5
303
330
17
100
AcDbEntity
  8
COBERTURA
100
AcDbPolyline
 90
2
 70
0
 10
3.405
 20
0.37387118002637726
 10
3.2835017490206457
 20
0.4933333333333332
  0
LWPOLYLINE
  5
304
330
17
100
AcDbEntity
  8
COBERTURA
100
AcDbPolyline
 90
2
 70
0
 10
3.2835017490206457
 20
0.4933333333333332
 10
3.2760000000000002
 20
0.4997770983141433
  0
LWPOLYLINE
  5
305
330
17
100
AcDbEntity
  8
COBERTURA
100
AcDbPolyline
 90
2
 70
0
 10
3.405
 20
1.5740478747849669
 10
3.3231197645177852
 20
1.6033333333333335
  0
LWPOLYLINE
  5
306
330
17
100
AcDbEntity
  8
COBERTURA
100
AcDbPolyline
 90
2
 70
0
 10
3.3231197645177852
 20
1.6033333333333335
 10
3.2760000000000002
 20
1.6276352291934975
  0
LWPOLYLINE
  5
307
330
17
100
AcDbEntity
  8
COBERTURA
100
AcDbPolyline
 90
2
 70
0
 10
3.5340000000000003
 20
0.1921110352043621
 10
3.4998658156602707
 20
0.2466666666666666
  0
LWPOLYLINE
  5
308
330
17
100
AcDbEntity
  8
COBERTURA
100
AcDbPolyline
 90
2
 70
0
 10
3.4998658156602707
 20
0.2466666666666666
 10
3.40829788272379
 20
0.3700000000000001
  0
LWPOLYLINE
  5
309
330
17
100
AcDbEntity
  8
COBERTURA
100
AcDbPolyline
 90
2
 70
0
 10
3.40829788272379
 20
0.3700000000000001
 10
3.405
 20
0.37387118002637726
  0
LWPOLYLINE
  5
30A
330
17
100
AcDbEntity
  8
COBERTURA
100
AcDbPolyline
 90
2
 70
0
 10
3.5340000000000003
 20
1.5347471453570876
 10
3.405
 20
1.5740478747849669
  0
LWPOLYLINE
  5
30B
330
17
100
AcDbEntity
  8
COBERTURA
100
AcDbPolyline
 90
2
 70
0
 10
3.6630000000000007
 20
-0.08609527585075993
 10
3.629250509027502
 20
0.0
  0
LWPOLYLINE
  5
30C
330
17
100
AcDbEntity
  8
COBERTURA
100
AcDbPolyline
 90
2
 70
0
 10
3.629250509027502
 20
0.0
 10
3.5717895263750252
 20
0.12333333333333307
  0
LWPOLYLINE
  5
30D
330
17
100
AcDbEntity
  8
COBERTURA
100
AcDbPolyline
 90
2
 70
0
 10
3.5717895263750252
 20
0.12333333333333307
 10
3.5340000000000003
 20
0.1921110352043621
  0
LWPOLYLINE
  5
30E
330
17
100
AcDbEntity
  8
COBERTURA
100
AcDbPolyline
 90
2
 70
0
 10
3.6630000000000007
 20
1.5024771732644016
 10
3.5340000000000003
 20
1.5347471453570876
  0
LWPOLYLINE
  5
30F
330
17
100
AcDbEntity
  8
COBERTURA
100
AcDbPolyline
 90
2
 70
0
 10
3.7920000000000003
 20
-0.585220039269693
 10
3.774287821523598
 20
-0.4933333333333336
  0
LWPOLYLINE
  5
310
330
17
100
AcDbEntity
  8
COBERTURA
100
AcDbPolyline
 90
2
 70
0
 10
3.774287821523598
 20
-0.4933333333333336
 10
3.746686926273918
 20
-0.3700000000000001
  0
LWPOLYLINE
  5
311
330
17
100
AcDbEntity
  8
COBERTURA
100
AcDbPolyline
 90
2
 70
0
 10
3.746686926273918
 20
-0.3700000000000001
 10
3.7143710100240575
 20
-0.2466666666666666
  0
LWPOLYLINE
  5
312
330
17
100
AcDbEntity
  8
COBERTURA
100
AcDbPolyline
 90
2
 70
0
 10
3.7143710100240575
 20
-0.2466666666666666
 10
3.676333803437701
 20
-0.12333333333333352
  0
LWPOLYLINE
  5
313
330
17
100
AcDbEntity
  8
COBERTURA
100
AcDbPolyline
 90
2
 70
0
 10
3.676333803437701
 20
-0.12333333333333352
 10
3.6630000000000007
 20
-0.08609527585075992
  0
LWPOLYLINE
  5
314
330
17
100
AcDbEntity
  8
COBERTURA
100
AcDbPolyline
 90
2
 70
0
 10
3.7920000000000003
 20
1.477144134390304
 10
3.7738833317288774
 20
1.4799999999999995
  0
LWPOLYLINE
  5
315
330
17
100
AcDbEntity
  8
COBERTURA
100
AcDbPolyline
 90
2
 70
0
 10
3.7738833317288774
 20
1.4799999999999995
 10
3.6630000000000007
 20
1.5024771732644016
  0
LWPOLYLINE
  5
316
330
17
100
AcDbEntity
  8
COBERTURA
100
AcDbPolyline
 90
2
 70
0
 10
3.921
 20
-0.8096495067029266
 10
3.81765919406346
 20
-0.7400000000000002
  0
LWPOLYLINE
  5
317
330
17
100
AcDbEntity
  8
COBERTURA
100
AcDbPolyline
 90
2
 70
0
 10
3.81765919406346
 20
-0.7400000000000002
 10
3.797792619352517
 20
-0.6166666666666667
  0
LWPOLYLINE
  5
318
330
17
100
AcDbEntity
  8
COBERTURA
100
AcDbPolyline
 90
2
 70
0
 10
3.797792619352517
 20
-0.6166666666666667
 10
3.7920000000000003
 20
-0.585220039269693
  0
LWPOLYLINE
  5
319
330
17
100
AcDbEntity
  8
COBERTURA
100
AcDbPolyline
 90
2
 70
0
 10
3.921
 20
1.4602383305234987
 10
3.7920000000000003
 20
1.477144134390304
  0
LWPOLYLINE
  5
31A
330
17
100
AcDbEntity
  8
COBERTURA
100
AcDbPolyline
 90
2
 70
0
 10
4.050000000000001
 20
-0.8307795729197798
 10
3.921
 20
-0.8096495067029266
  0
LWPOLYLINE
  5
31B
330
17
100
AcDbEntity
  8
COBERTURA
100
AcDbPolyline
 90
2
 70
0
 10
4.050000000000001
 20
1.4471848044741291
 10
3.921
 20
1.460238330523499
  0
LWPOLYLINE
  5
31C
330
17
100
AcDbEntity
  8
COBERTURA
100
AcDbPolyline
 90
2
 70
0
 10
4.179
 20
-0.8401581937447002
 10
4.050000000000001
 20
-0.8307795729197798
  0
LWPOLYLINE
  5
31D
330
17
100
AcDbEntity
  8
COBERTURA
100
AcDbPolyline
 90
2
 70
0
 10
4.179
 20
1.4376990750007832
 10
4.050000000000001
 20
1.4471848044741291
  0
LWPOLYLINE
  5
31E
330
17
100
AcDbEntity
  8
COBERTURA
100
AcDbPolyline
 90
2
 70
0
 10
4.308
 20
-0.8503177855333313
 10
4.179
 20
-0.8401581937447002
  0
LWPOLYLINE
  5
31F
330
17
100
AcDbEntity
  8
COBERTURA
100
AcDbPolyline
 90
2
 70
0
 10
4.308
 20
1.431544598422707
 10
4.179
 20
1.4376990750007832
  0
LWPOLYLINE
  5
320
330
17
100
AcDbEntity
  8
COBERTURA
100
AcDbPolyline
 90
2
 70
0
 10
4.436999999999999
 20
-0.8613024060901391
 10
4.308
 20
-0.8503177855333313
  0
LWPOLYLINE
  5
321
330
17
100
AcDbEntity
  8
COBERTURA
100
AcDbPolyline
 90
2
 70
0
 10
4.436999999999999
 20
1.4285291390433426
 10
4.308
 20
1.431544598422707
  0
LWPOLYLINE
  5
322
330
17
100
AcDbEntity
  8
COBERTURA
100
AcDbPolyline
 90
2
 70
0
 10
4.566000000000001
 20
-0.8734351307783434
 10
4.458954759655156
 20
-0.8633333333333333
  0
LWPOLYLINE
  5
323
330
17
100
AcDbEntity
  8
COBERTURA
100
AcDbPolyline
 90
2
 70
0
 10
4.458954759655156
 20
-0.8633333333333333
 10
4.436999999999999
 20
-0.8613024060901391
  0
LWPOLYLINE
  5
324
330
17
100
AcDbEntity
  8
COBERTURA
100
AcDbPolyline
 90
2
 70
0
 10
4.566000000000001
 20
1.4284988353192554
 10
4.436999999999999
 20
1.4285291390433426
  0
LWPOLYLINE
  5
325
330
17
100
AcDbEntity
  8
COBERTURA
100
AcDbPolyline
 90
2
 70
0
 10
4.695
 20
-0.8864764568889383
 10
4.566000000000001
 20
-0.8734351307783434
  0
LWPOLYLINE
  5
326
330
17
100
AcDbEntity
  8
COBERTURA
100
AcDbPolyline
 90
2
 70
0
 10
4.695
 20
1.431328273378758
 10
4.566000000000001
 20
1.4284988353192554
  0
LWPOLYLINE
  5
327
330
17
100
AcDbEntity
  8
COBERTURA
100
AcDbPolyline
 90
2
 70
0
 10
4.824
 20
-0.900326158931195
 10
4.695
 20
-0.8864764568889383
  0
LWPOLYLINE
  5
328
330
17
100
AcDbEntity
  8
COBERTURA
100
AcDbPolyline
 90
2
 70
0
 10
4.824
 20
1.4369042149956586
 10
4.695
 20
1.431328273378758
  0
LWPOLYLINE
  5
329
330
17
100
AcDbEntity
  8
COBERTURA
100
AcDbPolyline
 90
2
 70
0
 10
4.952999999999999
 20
-0.9148962420868996
 10
4.824
 20
-0.900326158931195
  0
LWPOLYLINE
  5
32A
330
17
100
AcDbEntity
  8
COBERTURA
100
AcDbPolyline
 90
2
 70
0
 10
4.952999999999999
 20
1.4450999280912449
 10
4.824
 20
1.4369042149956586
  0
LWPOLYLINE
  5
32B
330
17
100
AcDbEntity
  8
COBERTURA
100
AcDbPolyline
 90
2
 70
0
 10
5.082000000000001
 20
-0.9300295790951977
 10
4.952999999999999
 20
-0.9148962420868996
  0
LWPOLYLINE
  5
32C
330
17
100
AcDbEntity
  8
COBERTURA
100
AcDbPolyline
 90
2
 70
0
 10
5.082000000000001
 20
1.4557368558678694
 10
4.952999999999999
 20
1.4450999280912449
  0
LWPOLYLINE
  5
32D
330
17
100
AcDbEntity
  8
COBERTURA
100
AcDbPolyline
 90
2
 70
0
 10
5.211
 20
-0.945483809115556
 10
5.082000000000001
 20
-0.9300295790951977
  0
LWPOLYLINE
  5
32E
330
17
100
AcDbEntity
  8
COBERTURA
100
AcDbPolyline
 90
2
 70
0
 10
5.211
 20
1.4685318669499934
 10
5.082000000000001
 20
1.4557368558678694
  0
LWPOLYLINE
  5
32F
330
17
100
AcDbEntity
  8
COBERTURA
100
AcDbPolyline
 90
2
 70
0
 10
5.34
 20
-0.9609211978981005
 10
5.211
 20
-0.945483809115556
  0
LWPOLYLINE
  5
330
330
17
100
AcDbEntity
  8
COBERTURA
100
AcDbPolyline
 90
2
 70
0
 10
5.3119714408803445
 20
1.4799999999999995
 10
5.211
 20
1.4685318669499934
  0
LWPOLYLINE
  5
331
330
17
100
AcDbEntity
  8
COBERTURA
100
AcDbPolyline
 90
2
 70
0
 10
5.3119714408803445
 20
1.4799999999999995
 10
5.34
 20
1.4832344171000384
  0
LWPOLYLINE
  5
332
330
17
100
AcDbEntity
  8
COBERTURA
100
AcDbPolyline
 90
2
 70
0
 10
5.468999999999999
 20
-0.9759112964145507
 10
5.34
 20
-0.9609211978981005
  0
LWPOLYLINE
  5
333
330
17
100
AcDbEntity
  8
COBERTURA
100
AcDbPolyline
 90
2
 70
0
 10
5.468999999999999
 20
1.4997580793570193
 10
5.34
 20
1.4832344171000384
  0
LWPOLYLINE
  5
334
330
17
100
AcDbEntity
  8
COBERTURA
100
AcDbPolyline
 90
2
 70
0
 10
5.598000000000001
 20
-0.9901182860492086
 10
5.567090638235745
 20
-0.9866666666666668
  0
LWPOLYLINE
  5
335
330
17
100
AcDbEntity
  8
COBERTURA
100
AcDbPolyline
 90
2
 70
0
 10
5.567090638235745
 20
-0.9866666666666668
 10
5.468999999999999
 20
-0.9759112964145507
  0
LWPOLYLINE
  5
336
330
17
100
AcDbEntity
  8
COBERTURA
100
AcDbPolyline
 90
2
 70
0
 10
5.598000000000001
 20
1.5164727529928306
 10
5.468999999999999
 20
1.4997580793570193
  0
LWPOLYLINE
  5
337
330
17
100
AcDbEntity
  8
COBERTURA
100
AcDbPolyline
 90
2
 70
0
 10
5.727
 20
-1.0034032762568361
 10
5.598000000000001
 20
-0.9901182860492086
  0
LWPOLYLINE
  5
338
330
17
100
AcDbEntity
  8
COBERTURA
100
AcDbPolyline
 90
2
 70
0
 10
5.727
 20
1.532396373408436
 10
5.598000000000001
 20
1.5164727529928306
  0
LWPOLYLINE
  5
339
330
17
100
AcDbEntity
  8
COBERTURA
100
AcDbPolyline
 90
2
 70
0
 10
5.856
 20
-1.01474612275809
 10
5.727
 20
-1.0034032762568361
  0
LWPOLYLINE
  5
33A
330
17
100
AcDbEntity
  8
COBERTURA
100
AcDbPolyline
 90
2
 70
0
 10
5.856
 20
1.5464632372109544
 10
5.727
 20
1.532396373408436
  0
LWPOLYLINE
  5
33B
330
17
100
AcDbEntity
  8
COBERTURA
100
AcDbPolyline
 90
2
 70
0
 10
5.984999999999999
 20
-1.0236639630786084
 10
5.856
 20
-1.01474612275809
  0
LWPOLYLINE
  5
33C
330
17
100
AcDbEntity
  8
COBERTURA
100
AcDbPolyline
 90
2
 70
0
 10
5.984999999999999
 20
1.557659837044502
 10
5.856
 20
1.5464632372109544
  0
LWPOLYLINE
  5
33D
330
17
100
AcDbEntity
  8
COBERTURA
100
AcDbPolyline
 90
2
 70
0
 10
6.113999999999999
 20
-1.0297639611887517
 10
5.984999999999999
 20
-1.0236639630786084
  0
LWPOLYLINE
  5
33E
330
17
100
AcDbEntity
  8
COBERTURA
100
AcDbPolyline
 90
2
 70
0
 10
6.113999999999999
 20
1.5651580589213947
 10
5.984999999999999
 20
1.557659837044502
  0
LWPOLYLINE
  5
33F
330
17
100
AcDbEntity
  8
COBERTURA
100
AcDbPolyline
 90
2
 70
0
 10
6.243
 20
-1.03277409722084
 10
6.113999999999999
 20
-1.0297639611887517
  0
LWPOLYLINE
  5
340
330
17
100
AcDbEntity
  8
COBERTURA
100
AcDbPolyline
 90
2
 70
0
 10
6.243
 20
1.5683877069012004
 10
6.113999999999999
 20
1.5651580589213947
  0
LWPOLYLINE
  5
341
330
17
100
AcDbEntity
  8
COBERTURA
100
AcDbPolyline
 90
2
 70
0
 10
6.372
 20
-1.0324378596623973
 10
6.243
 20
-1.03277409722084
  0
LWPOLYLINE
  5
342
330
17
100
AcDbEntity
  8
COBERTURA
100
AcDbPolyline
 90
2
 70
0
 10
6.372
 20
1.5670372661077319
 10
6.243
 20
1.5683877069012004
  0
LWPOLYLINE
  5
343
330
17
100
AcDbEntity
  8
COBERTURA
100
AcDbPolyline
 90
2
 70
0
 10
6.5009999999999994
 20
-1.0282286942203154
 10
6.372
 20
-1.0324378596623973
  0
LWPOLYLINE
  5
344
330
17
100
AcDbEntity
  8
COBERTURA
100
AcDbPolyline
 90
2
 70
0
 10
6.5009999999999994
 20
1.5610331413236551
 10
6.372
 20
1.5670372661077319
  0
LWPOLYLINE
  5
345
330
17
100
AcDbEntity
  8
COBERTURA
100
AcDbPolyline
 90
2
 70
0
 10
6.630000000000001
 20
-1.0207666135308107
 10
6.5009999999999994
 20
-1.0282286942203154
  0
LWPOLYLINE
  5
346
330
17
100
AcDbEntity
  8
COBERTURA
100
AcDbPolyline
 90
2
 70
0
 10
6.630000000000001
 20
1.5505526503210283
 10
6.5009999999999994
 20
1.5610331413236551
  0
LWPOLYLINE
  5
347
330
17
100
AcDbEntity
  8
COBERTURA
100
AcDbPolyline
 90
2
 70
0
 10
6.759
 20
-1.0103402964485488
 10
6.630000000000001
 20
-1.0207666135308107
  0
LWPOLYLINE
  5
348
330
17
100
AcDbEntity
  8
COBERTURA
100
AcDbPolyline
 90
2
 70
0
 10
6.759
 20
1.536063428087816
 10
6.630000000000001
 20
1.5505526503210283
  0
LWPOLYLINE
  5
349
330
17
100
AcDbEntity
  8
COBERTURA
100
AcDbPolyline
 90
2
 70
0
 10
6.888
 20
-0.9975906008470832
 10
6.759
 20
-1.0103402964485488
  0
LWPOLYLINE
  5
34A
330
17
100
AcDbEntity
  8
COBERTURA
100
AcDbPolyline
 90
2
 70
0
 10
6.888
 20
1.5183248748847233
 10
6.759
 20
1.5360634280878158
  0
LWPOLYLINE
  5
34B
330
17
100
AcDbEntity
  8
COBERTURA
100
AcDbPolyline
 90
2
 70
0
 10
6.985157552024308
 20
-0.9866666666666668
 10
6.888
 20
-0.9975906008470832
  0
LWPOLYLINE
  5
34C
330
17
100
AcDbEntity
  8
COBERTURA
100
AcDbPolyline
 90
2
 70
0
 10
6.985157552024308
 20
-0.9866666666666668
 10
7.0169999999999995
 20
-0.9831708760329438
  0
LWPOLYLINE
  5
34D
330
17
100
AcDbEntity
  8
COBERTURA
100
AcDbPolyline
 90
2
 70
0
 10
7.0169999999999995
 20
1.4983035511449565
 10
6.888
 20
1.5183248748847233
  0
LWPOLYLINE
  5
34E
330
17
100
AcDbEntity
  8
COBERTURA
100
AcDbPolyline
 90
2
 70
0
 10
7.145999999999999
 20
-0.9679331674625448
 10
7.0169999999999995
 20
-0.9831708760329438
  0
LWPOLYLINE
  5
34F
330
17
100
AcDbEntity
  8
COBERTURA
100
AcDbPolyline
 90
2
 70
0
 10
7.145999999999999
 20
1.4771448659137065
 10
7.1286139590461435
 20
1.4799999999999995
  0
LWPOLYLINE
  5
350
330
17
100
AcDbEntity
  8
COBERTURA
100
AcDbPolyline
 90
2
 70
0
 10
7.1286139590461435
 20
1.4799999999999995
 10
7.0169999999999995
 20
1.4983035511449565
  0
LWPOLYLINE
  5
351
330
17
100
AcDbEntity
  8
COBERTURA
100
AcDbPolyline
 90
2
 70
0
 10
7.275
 20
-0.9518266323086059
 10
7.145999999999999
 20
-0.9679331674625448
  0
LWPOLYLINE
  5
352
330
17
100
AcDbEntity
  8
COBERTURA
100
AcDbPolyline
 90
2
 70
0
 10
7.275
 20
1.4563471867517412
 10
7.145999999999999
 20
1.4771448659137065
  0
LWPOLYLINE
  5
353
330
17
100
AcDbEntity
  8
COBERTURA
100
AcDbPolyline
 90
2
 70
0
 10
7.404
 20
-0.935355572879037
 10
7.275
 20
-0.9518266323086059
  0
LWPOLYLINE
  5
354
330
17
100
AcDbEntity
  8
COBERTURA
100
AcDbPolyline
 90
2
 70
0
 10
7.404
 20
1.4359090423810337
 10
7.275
 20
1.4563471867517412
  0
LWPOLYLINE
  5
355
330
17
100
AcDbEntity
  8
COBERTURA
100
AcDbPolyline
 90
2
 70
0
 10
7.5329999999999995
 20
-0.9189493878398296
 10
7.404
 20
-0.935355572879037
  0
LWPOLYLINE
  5
356
330
17
100
AcDbEntity
  8
COBERTURA
100
AcDbPolyline
 90
2
 70
0
 10
7.5329999999999995
 20
1.416417346915077
 10
7.404
 20
1.4359090423810337
  0
LWPOLYLINE
  5
357
330
17
100
AcDbEntity
  8
COBERTURA
100
AcDbPolyline
 90
2
 70
0
 10
7.641918774042754
 20
-0.8633333333333333
 10
7.5329999999999995
 20
-0.9189493878398296
  0
LWPOLYLINE
  5
358
330
17
100
AcDbEntity
  8
COBERTURA
100
AcDbPolyline
 90
2
 70
0
 10
7.641918774042754
 20
-0.8633333333333333
 10
7.662000000000001
 20
-0.7767079211944654
  0
LWPOLYLINE
  5
359
330
17
100
AcDbEntity
  8
COBERTURA
100
AcDbPolyline
 90
2
 70
0
 10
7.662000000000001
 20
1.382078673647958
 10
7.5329999999999995
 20
1.416417346915077
  0
LWPOLYLINE
  5
35A
330
17
100
AcDbEntity
  8
COBERTURA
100
AcDbPolyline
 90
2
 70
0
 10
7.666477291622033
 20
-0.7400000000000002
 10
7.662000000000001
 20
-0.7767079211944654
  0
LWPOLYLINE
  5
35B
330
17
100
AcDbEntity
  8
COBERTURA
100
AcDbPolyline
 90
2
 70
0
 10
7.666477291622033
 20
-0.7400000000000002
 10
7.681793923870691
 20
-0.6166666666666667
  0
LWPOLYLINE
  5
35C
330
17
100
AcDbEntity
  8
COBERTURA
100
AcDbPolyline
 90
2
 70
0
 10
7.681793923870691
 20
-0.6166666666666667
 10
7.696831886577941
 20
-0.4933333333333336
  0
LWPOLYLINE
  5
35D
330
17
100
AcDbEntity
  8
COBERTURA
100
AcDbPolyline
 90
2
 70
0
 10
7.696831886577941
 20
-0.4933333333333336
 10
7.711199392983942
 20
-0.3700000000000001
  0
LWPOLYLINE
  5
35E
330
17
100
AcDbEntity
  8
COBERTURA
100
AcDbPolyline
 90
2
 70
0
 10
7.711199392983942
 20
-0.3700000000000001
 10
7.724462944440333
 20
-0.2466666666666666
  0
LWPOLYLINE
  5
35F
330
17
100
AcDbEntity
  8
COBERTURA
100
AcDbPolyline
 90
2
 70
0
 10
7.724462944440333
 20
-0.2466666666666666
 10
7.736179038305746
 20
-0.12333333333333352
  0
LWPOLYLINE
  5
360
330
17
100
AcDbEntity
  8
COBERTURA
100
AcDbPolyline
 90
2
 70
0
 10
7.736179038305746
 20
-0.12333333333333352
 10
7.745931708151231
 20
0.0
  0
LWPOLYLINE
  5
361
330
17
100
AcDbEntity
  8
COBERTURA
100
AcDbPolyline
 90
2
 70
0
 10
7.745931708151231
 20
0.0
 10
7.753367418291228
 20
0.12333333333333307
  0
LWPOLYLINE
  5
362
330
17
100
AcDbEntity
  8
COBERTURA
100
AcDbPolyline
 90
2
 70
0
 10
7.753367418291228
 20
0.12333333333333307
 10
7.758219309074561
 20
0.2466666666666666
  0
LWPOLYLINE
  5
363
330
17
100
AcDbEntity
  8
COBERTURA
100
AcDbPolyline
 90
2
 70
0
 10
7.758219309074561
 20
0.2466666666666666
 10
7.760317786347273
 20
0.3700000000000001
  0
LWPOLYLINE
  5
364
330
17
100
AcDbEntity
  8
COBERTURA
100
AcDbPolyline
 90
2
 70
0
 10
7.760317786347273
 20
0.3700000000000001
 10
7.759591246915133
 20
0.4933333333333332
  0
LWPOLYLINE
  5
365
330
17
100
AcDbEntity
  8
COBERTURA
100
AcDbPolyline
 90
2
 70
0
 10
7.759591246915133
 20
0.4933333333333332
 10
7.756064373790958
 20
0.6166666666666663
  0
LWPOLYLINE
  5
366
330
17
100
AcDbEntity
  8
COBERTURA
100
AcDbPolyline
 90
2
 70
0
 10
7.756064373790958
 20
0.6166666666666663
 10
7.749858880761991
 20
0.7400000000000002
  0
LWPOLYLINE
  5
367
330
17
100
AcDbEntity
  8
COBERTURA
100
AcDbPolyline
 90
2
 70
0
 10
7.749858880761991
 20
0.7400000000000002
 10
7.741194886546693
 20
0.8633333333333333
  0
LWPOLYLINE
  5
368
330
17
100
AcDbEntity
  8
COBERTURA
100
AcDbPolyline
 90
2
 70
0
 10
7.741194886546693
 20
0.8633333333333333
 10
7.730385951684666
 20
0.9866666666666664
  0
LWPOLYLINE
  5
369
330
17
100
AcDbEntity
  8
COBERTURA
100
AcDbPolyline
 90
2
 70
0
 10
7.730385951684666
 20
0.9866666666666664
 10
7.717821533501277
 20
1.1100000000000003
  0
LWPOLYLINE
  5
36A
330
17
100
AcDbEntity
  8
COBERTURA
100
AcDbPolyline
 90
2
 70
0
 10
7.717821533501277
 20
1.1100000000000003
 10
7.703936488290678
 20
1.2333333333333334
  0
LWPOLYLINE
  5
36B
330
17
100
AcDbEntity
  8
COBERTURA
100
AcDbPolyline
 90
2
 70
0
 10
7.703936488290678
 20
1.2333333333333334
 10
7.689173676770414
 20
1.3566666666666665
  0
LWPOLYLINE
  5
36C
330
17
100
AcDbEntity
  8
COBERTURA
100
AcDbPolyline
 90
2
 70
0
 10
7.689173676770414
 20
1.3566666666666665
 10
7.662000000000001
 20
1.382078673647958
  0
LWPOLYLINE
  5
36D
330
17
100
AcDbEntity
  8
COBERTURA
100
AcDbPolyline
 90
2
 70
0
 10
1.3410000000000002
 20
1.4625620308263063
 10
1.3397269123369409
 20
1.4799999999999995
  0
LWPOLYLINE
  5
36E
330
17
100
AcDbEntity
  8
COBERTURA
100
AcDbPolyline
 90
2
 70
0
 10
1.3397269123369409
 20
1.4799999999999995
 10
1.3392447544198045
 20
1.6033333333333335
  0
LWPOLYLINE
  5
36F
330
17
100
AcDbEntity
  8
COBERTURA
100
AcDbPolyline
 90
2
 70
0
 10
1.3392447544198045
 20
1.6033333333333335
 10
1.3397698879708877
 20
1.7266666666666666
  0
LWPOLYLINE
  5
370
330
17
100
AcDbEntity
  8
COBERTURA
100
AcDbPolyline
 90
2
 70
0
 10
1.3397698879708875
 20
1.7266666666666666
 10
1.3410000000000002
 20
1.7329265082634642
  0
LWPOLYLINE
  5
371
330
17
100
AcDbEntity
  8
COBERTURA
100
AcDbPolyline
 90
2
 70
0
 10
1.4700000000000002
 20
1.3477784582304773
 10
1.4429009111369764
 20
1.3566666666666665
  0
LWPOLYLINE
  5
372
330
17
100
AcDbEntity
  8
COBERTURA
100
AcDbPolyline
 90
2
 70
0
 10
1.4429009111369764
 20
1.3566666666666665
 10
1.3410000000000002
 20
1.4625620308263063
  0
LWPOLYLINE
  5
373
330
17
100
AcDbEntity
  8
COBERTURA
100
AcDbPolyline
 90
2
 70
0
 10
1.4598083144377845
 20
1.8499999999999996
 10
1.3410000000000002
 20
1.7329265082634642
  0
LWPOLYLINE
  5
374
330
17
100
AcDbEntity
  8
COBERTURA
100
AcDbPolyline
 90
2
 70
0
 10
1.4598083144377845
 20
1.8499999999999996
 10
1.4700000000000002
 20
1.851496954804073
  0
LWPOLYLINE
  5
375
330
17
100
AcDbEntity
  8
COBERTURA
100
AcDbPolyline
 90
2
 70
0
 10
1.5990000000000002
 20
1.3265036100817125
 10
1.4700000000000002
 20
1.3477784582304773
  0
LWPOLYLINE
  5
376
330
17
100
AcDbEntity
  8
COBERTURA
100
AcDbPolyline
 90
2
 70
0
 10
1.5990000000000002
 20
1.854089804520137
 10
1.4700000000000002
 20
1.851496954804073
  0
LWPOLYLINE
  5
377
330
17
100
AcDbEntity
  8
COBERTURA
100
AcDbPolyline
 90
2
 70
0
 10
1.7280000000000002
 20
1.335732420466625
 10
1.5990000000000002
 20
1.3265036100817125
  0
LWPOLYLINE
  5
378
330
17
100
AcDbEntity
  8
COBERTURA
100
AcDbPolyline
 90
2
 70
0
 10
1.7280000000000002
 20
1.8535089478336346
 10
1.5990000000000002
 20
1.854089804520137
  0
LWPOLYLINE
  5
379
330
17
100
AcDbEntity
  8
COBERTURA
100
AcDbPolyline
 90
2
 70
0
 10
1.8569999999999998
 20
1.3464631929900965
 10
1.7280000000000002
 20
1.335732420466625
  0
LWPOLYLINE
  5
37A
330
17
100
AcDbEntity
  8
COBERTURA
100
AcDbPolyline
 90
2
 70
0
 10
1.8569999999999998
 20
1.7660886139750442
 10
1.75946252176615
 20
1.8499999999999996
  0
LWPOLYLINE
  5
37B
330
17
100
AcDbEntity
  8
COBERTURA
100
AcDbPolyline
 90
2
 70
0
 10
1.75946252176615
 20
1.8499999999999996
 10
1.7280000000000002
 20
1.8535089478336346
  0
LWPOLYLINE
  5
37C
330
17
100
AcDbEntity
  8
COBERTURA
100
AcDbPolyline
 90
2
 70
0
 10
1.873894346842309
 20
1.3566666666666665
 10
1.8569999999999998
 20
1.3464631929900965
  0
LWPOLYLINE
  5
37D
330
17
100
AcDbEntity
  8
COBERTURA
100
AcDbPolyline
 90
2
 70
0
 10
1.873894346842309
 20
1.3566666666666665
 10
1.9060801932554883
 20
1.4799999999999995
  0
LWPOLYLINE
  5
37E
330
17
100
AcDbEntity
  8
COBERTURA
100
AcDbPolyline
 90
2
 70
0
 10
1.9060801932554883
 20
1.4799999999999995
 10
1.9321567104079869
 20
1.6033333333333335
  0
LWPOLYLINE
  5
37F
330
17
100
AcDbEntity
  8
COBERTURA
100
AcDbPolyline
 90
2
 70
0
 10
1.9321567104079869
 20
1.6033333333333335
 10
1.874270646799251
 20
1.7266666666666666
  0
LWPOLYLINE
  5
380
330
17
100
AcDbEntity
  8
COBERTURA
100
AcDbPolyline
 90
2
 70
0
 10
1.874270646799251
 20
1.7266666666666666
 10
1.8569999999999998
 20
1.766088613975044
  0
LWPOLYLINE
  5
381
330
17
100
AcDbEntity
  8
COBERTURA
100
AcDbPolyline
 90
2
 70
0
 10
4.308
 20
-0.15163178107070097
 10
4.3021485666287
 20
-0.12333333333333352
  0
LWPOLYLINE
  5
382
330
17
100
AcDbEntity
  8
COBERTURA
100
AcDbPolyline
 90
2
 70
0
 10
4.3021485666287
 20
-0.12333333333333352
 10
4.274500627566705
 20
0.0
  0
LWPOLYLINE
  5
383
330
17
100
AcDbEntity
  8
COBERTURA
100
AcDbPolyline
 90
2
 70
0
 10
4.274500627566705
 20
0.0
 10
4.244106175810361
 20
0.12333333333333307
  0
LWPOLYLINE
  5
384
330
17
100
AcDbEntity
  8
COBERTURA
100
AcDbPolyline
 90
2
 70
0
 10
4.244106175810361
 20
0.12333333333333307
 10
4.229677254764986
 20
0.2466666666666666
  0
LWPOLYLINE
  5
385
330
17
100
AcDbEntity
  8
COBERTURA
100
AcDbPolyline
 90
2
 70
0
 10
4.229677254764986
 20
0.2466666666666666
 10
4.2276547823495925
 20
0.3700000000000001
  0
LWPOLYLINE
  5
386
330
17
100
AcDbEntity
  8
COBERTURA
100
AcDbPolyline
 90
2
 70
0
 10
4.2276547823495925
 20
0.3700000000000001
 10
4.227478223886626
 20
0.4933333333333332
  0
LWPOLYLINE
  5
387
330
17
100
AcDbEntity
  8
COBERTURA
100
AcDbPolyline
 90
2
 70
0
 10
4.227478223886626
 20
0.4933333333333332
 10
4.229147003249718
 20
0.6166666666666663
  0
LWPOLYLINE
  5
388
330
17
100
AcDbEntity
  8
COBERTURA
100
AcDbPolyline
 90
2
 70
0
 10
4.229147003249718
 20
0.6166666666666663
 10
4.23262941731974
 20
0.7400000000000002
  0
LWPOLYLINE
  5
389
330
17
100
AcDbEntity
  8
COBERTURA
100
AcDbPolyline
 90
2
 70
0
 10
4.23262941731974
 20
0.7400000000000002
 10
4.237863069610252
 20
0.8633333333333333
  0
LWPOLYLINE
  5
38A
330
17
100
AcDbEntity
  8
COBERTURA
100
AcDbPolyline
 90
2
 70
0
 10
4.237863069610252
 20
0.8633333333333333
 10
4.244755729475415
 20
0.9866666666666664
  0
LWPOLYLINE
  5
38B
330
17
100
AcDbEntity
  8
COBERTURA
100
AcDbPolyline
 90
2
 70
0
 10
4.244755729475415
 20
0.9866666666666664
 10
4.253187080594519
 20
1.1100000000000003
  0
LWPOLYLINE
  5
38C
330
17
100
AcDbEntity
  8
COBERTURA
100
AcDbPolyline
 90
2
 70
0
 10
4.253187080594519
 20
1.1100000000000003
 10
4.308
 20
1.1336683478516045
  0
LWPOLYLINE
  5
38D
330
17
100
AcDbEntity
  8
COBERTURA
100
AcDbPolyline
 90
2
 70
0
 10
4.436999999999999
 20
-0.536495551869206
 10
4.3714773831232545
 20
-0.4933333333333336
  0
LWPOLYLINE
  5
38E
330
17
100
AcDbEntity
  8
COBERTURA
100
AcDbPolyline
 90
2
 70
0
 10
4.3714773831232545
 20
-0.4933333333333336
 10
4.349914161666933
 20
-0.3700000000000001
  0
LWPOLYLINE
  5
38F
330
17
100
AcDbEntity
  8
COBERTURA
100
AcDbPolyline
 90
2
 70
0
 10
4.349914161666933
 20
-0.3700000000000001
 10
4.326948913003342
 20
-0.2466666666666666
  0
LWPOLYLINE
  5
390
330
17
100
AcDbEntity
  8
COBERTURA
100
AcDbPolyline
 90
2
 70
0
 10
4.326948913003342
 20
-0.2466666666666666
 10
4.308
 20
-0.151631781070701
  0
LWPOLYLINE
  5
391
330
17
100
AcDbEntity
  8
COBERTURA
100
AcDbPolyline
 90
2
 70
0
 10
4.436999999999999
 20
1.1516397303164714
 10
4.308
 20
1.1336683478516045
  0
LWPOLYLINE
  5
392
330
17
100
AcDbEntity
  8
COBERTURA
100
AcDbPolyline
 90
2
 70
0
 10
4.566000000000001
 20
-0.5641011348830293
 10
4.436999999999999
 20
-0.536495551869206
  0
LWPOLYLINE
  5
393
330
17
100
AcDbEntity
  8
COBERTURA
100
AcDbPolyline
 90
2
 70
0
 10
4.566000000000001
 20
1.15816763959165
 10
4.436999999999999
 20
1.1516397303164714
  0
LWPOLYLINE
  5
394
330
17
100
AcDbEntity
  8
COBERTURA
100
AcDbPolyline
 90
2
 70
0
 10
4.695
 20
-0.5793869568386213
 10
4.566000000000001
 20
-0.5641011348830293
  0
LWPOLYLINE
  5
395
330
17
100
AcDbEntity
  8
COBERTURA
100
AcDbPolyline
 90
2
 70
0
 10
4.695
 20
1.1672576442364042
 10
4.566000000000001
 20
1.15816763959165
  0
LWPOLYLINE
  5
396
330
17
100
AcDbEntity
  8
COBERTURA
100
AcDbPolyline
 90
2
 70
0
 10
4.824
 20
-0.5963265188680048
 10
4.695
 20
-0.5793869568386213
  0
LWPOLYLINE
  5
397
330
17
100
AcDbEntity
  8
COBERTURA
100
AcDbPolyline
 90
2
 70
0
 10
4.824
 20
1.1791279221977669
 10
4.695
 20
1.1672576442364042
  0
LWPOLYLINE
  5
398
330
17
100
AcDbEntity
  8
COBERTURA
100
AcDbPolyline
 90
2
 70
0
 10
4.952999999999999
 20
-0.6149838112616388
 10
4.824
 20
-0.5963265188680048
  0
LWPOLYLINE
  5
399
330
17
100
AcDbEntity
  8
COBERTURA
100
AcDbPolyline
 90
2
 70
0
 10
4.952999999999999
 20
1.1940202958053967
 10
4.824
 20
1.1791279221977669
  0
LWPOLYLINE
  5
39A
330
17
100
AcDbEntity
  8
COBERTURA
100
AcDbPolyline
 90
2
 70
0
 10
5.082000000000001
 20
-0.6353122350445353
 10
4.963524458443895
 20
-0.6166666666666667
  0
LWPOLYLINE
  5
39B
330
17
100
AcDbEntity
  8
COBERTURA
100
AcDbPolyline
 90
2
 70
0
 10
4.963524458443895
 20
-0.6166666666666667
 10
4.952999999999999
 20
-0.6149838112616388
  0
LWPOLYLINE
  5
39C
330
17
100
AcDbEntity
  8
COBERTURA
100
AcDbPolyline
 90
2
 70
0
 10
5.082000000000001
 20
1.212153981784266
 10
4.952999999999999
 20
1.1940202958053967
  0
LWPOLYLINE
  5
39D
330
17
100
AcDbEntity
  8
COBERTURA
100
AcDbPolyline
 90
2
 70
0
 10
5.211
 20
-0.6569926555154703
 10
5.082000000000001
 20
-0.6353122350445353
  0
LWPOLYLINE
  5
39E
330
17
100
AcDbEntity
  8
COBERTURA
100
AcDbPolyline
 90
2
 70
0
 10
5.209169463699302
 20
1.2333333333333334
 10
5.082000000000001
 20
1.212153981784266
  0
LWPOLYLINE
  5
39F
330
17
100
AcDbEntity
  8
COBERTURA
100
AcDbPolyline
 90
2
 70
0
 10
5.209169463699302
 20
1.2333333333333334
 10
5.211
 20
1.2336299992770505
  0
LWPOLYLINE
  5
3A0
330
17
100
AcDbEntity
  8
COBERTURA
100
AcDbPolyline
 90
2
 70
0
 10
5.34
 20
-0.6796066773438308
 10
5.211
 20
-0.6569926555154704
  0
LWPOLYLINE
  5
3A1
330
17
100
AcDbEntity
  8
COBERTURA
100
AcDbPolyline
 90
2
 70
0
 10
5.34
 20
1.2580349261786603
 10
5.211
 20
1.2336299992770505
  0
LWPOLYLINE
  5
3A2
330
17
100
AcDbEntity
  8
COBERTURA
100
AcDbPolyline
 90
2
 70
0
 10
5.468999999999999
 20
-0.702482083759574
 10
5.34
 20
-0.6796066773438308
  0
LWPOLYLINE
  5
3A3
330
17
100
AcDbEntity
  8
COBERTURA
100
AcDbPolyline
 90
2
 70
0
 10
5.468999999999999
 20
1.28454167508031
 10
5.34
 20
1.2580349261786603
  0
LWPOLYLINE
  5
3A4
330
17
100
AcDbEntity
  8
COBERTURA
100
AcDbPolyline
 90
2
 70
0
 10
5.598000000000001
 20
-0.7246829484596782
 10
5.468999999999999
 20
-0.702482083759574
  0
LWPOLYLINE
  5
3A5
330
17
100
AcDbEntity
  8
COBERTURA
100
AcDbPolyline
 90
2
 70
0
 10
5.598000000000001
 20
1.3119521348079488
 10
5.468999999999999
 20
1.28454167508031
  0
LWPOLYLINE
  5
3A6
330
17
100
AcDbEntity
  8
COBERTURA
100
AcDbPolyline
 90
2
 70
0
 10
5.727
 20
-0.7452374686708176
 10
5.69373625008196
 20
-0.7400000000000002
  0
LWPOLYLINE
  5
3A7
330
17
100
AcDbEntity
  8
COBERTURA
100
AcDbPolyline
 90
2
 70
0
 10
5.69373625008196
 20
-0.7400000000000002
 10
5.598000000000001
 20
-0.7246829484596782
  0
LWPOLYLINE
  5
3A8
330
17
100
AcDbEntity
  8
COBERTURA
100
AcDbPolyline
 90
2
 70
0
 10
5.727
 20
1.338466515282528
 10
5.598000000000001
 20
1.3119521348079488
  0
LWPOLYLINE
  5
3A9
330
17
100
AcDbEntity
  8
COBERTURA
100
AcDbPolyline
 90
2
 70
0
 10
5.856
 20
-0.7634476101049484
 10
5.727
 20
-0.7452374686708176
  0
LWPOLYLINE
  5
3AA
330
17
100
AcDbEntity
  8
COBERTURA
100
AcDbPolyline
 90
2
 70
0
 10
5.825295295187434
 20
1.3566666666666665
 10
5.727
 20
1.338466515282528
  0
LWPOLYLINE
  5
3AB
330
17
100
AcDbEntity
  8
COBERTURA
100
AcDbPolyline
 90
2
 70
0
 10
5.825295295187434
 20
1.3566666666666665
 10
5.856
 20
1.3621901563630787
  0
LWPOLYLINE
  5
3AC
330
17
100
AcDbEntity
  8
COBERTURA
100
AcDbPolyline
 90
2
 70
0
 10
5.984999999999999
 20
-0.777373773932748
 10
5.856
 20
-0.7634476101049484
  0
LWPOLYLINE
  5
3AD
330
17
100
AcDbEntity
  8
COBERTURA
100
AcDbPolyline
 90
2
 70
0
 10
5.984999999999999
 20
1.3820012303921596
 10
5.856
 20
1.3621901563630787
  0
LWPOLYLINE
  5
3AE
330
17
100
AcDbEntity
  8
COBERTURA
100
AcDbPolyline
 90
2
 70
0
 10
6.113999999999999
 20
-0.786805472412017
 10
5.984999999999999
 20
-0.777373773932748
  0
LWPOLYLINE
  5
3AF
330
17
100
AcDbEntity
  8
COBERTURA
100
AcDbPolyline
 90
2
 70
0
 10
6.113999999999999
 20
1.3956981876066576
 10
5.984999999999999
 20
1.3820012303921596
  0
LWPOLYLINE
  5
3B0
330
17
100
AcDbEntity
  8
COBERTURA
100
AcDbPolyline
 90
2
 70
0
 10
6.243
 20
-0.7909170660053069
 10
6.113999999999999
 20
-0.786805472412017
  0
LWPOLYLINE
  5
3B1
330
17
100
AcDbEntity
  8
COBERTURA
100
AcDbPolyline
 90
2
 70
0
 10
6.243
 20
1.4022536363425995
 10
6.113999999999999
 20
1.3956981876066576
  0
LWPOLYLINE
  5
3B2
330
17
100
AcDbEntity
  8
COBERTURA
100
AcDbPolyline
 90
2
 70
0
 10
6.372
 20
-0.7897233861417976
 10
6.243
 20
-0.7909170660053069
  0
LWPOLYLINE
  5
3B3
330
17
100
AcDbEntity
  8
COBERTURA
100
AcDbPolyline
 90
2
 70
0
 10
6.372
 20
1.4011724472945284
 10
6.243
 20
1.4022536363425995
  0
LWPOLYLINE
  5
3B4
330
17
100
AcDbEntity
  8
COBERTURA
100
AcDbPolyline
 90
2
 70
0
 10
6.5009999999999994
 20
-0.7832271460267349
 10
6.372
 20
-0.7897233861417976
  0
LWPOLYLINE
  5
3B5
330
17
100
AcDbEntity
  8
COBERTURA
100
AcDbPolyline
 90
2
 70
0
 10
6.5009999999999994
 20
1.3924221596980622
 10
6.372
 20
1.4011724472945284
  0
LWPOLYLINE
  5
3B6
330
17
100
AcDbEntity
  8
COBERTURA
100
AcDbPolyline
 90
2
 70
0
 10
6.630000000000001
 20
-0.7716755499727559
 10
6.5009999999999994
 20
-0.7832271460267349
  0
LWPOLYLINE
  5
3B7
330
17
100
AcDbEntity
  8
COBERTURA
100
AcDbPolyline
 90
2
 70
0
 10
6.630000000000001
 20
1.3764530815533738
 10
6.5009999999999994
 20
1.3924221596980622
  0
LWPOLYLINE
  5
3B8
330
17
100
AcDbEntity
  8
COBERTURA
100
AcDbPolyline
 90
2
 70
0
 10
6.759
 20
-0.7556198086789578
 10
6.630000000000001
 20
-0.7716755499727559
  0
LWPOLYLINE
  5
3B9
330
17
100
AcDbEntity
  8
COBERTURA
100
AcDbPolyline
 90
2
 70
0
 10
6.759
 20
1.3543891374632095
 10
6.745835534512403
 20
1.3566666666666665
  0
LWPOLYLINE
  5
3BA
330
17
100
AcDbEntity
  8
COBERTURA
100
AcDbPolyline
 90
2
 70
0
 10
6.745835534512403
 20
1.3566666666666665
 10
6.630000000000001
 20
1.3764530815533738
  0
LWPOLYLINE
  5
3BB
330
17
100
AcDbEntity
  8
COBERTURA
100
AcDbPolyline
 90
2
 70
0
 10
6.861955874002602
 20
-0.7400000000000002
 10
6.759
 20
-0.7556198086789578
  0
LWPOLYLINE
  5
3BC
330
17
100
AcDbEntity
  8
COBERTURA
100
AcDbPolyline
 90
2
 70
0
 10
6.861955874002602
 20
-0.7400000000000002
 10
6.888
 20
-0.7360127658529697
  0
LWPOLYLINE
  5
3BD
330
17
100
AcDbEntity
  8
COBERTURA
100
AcDbPolyline
 90
2
 70
0
 10
6.888
 20
1.328292603485892
 10
6.759
 20
1.3543891374632095
  0
LWPOLYLINE
  5
3BE
330
17
100
AcDbEntity
  8
COBERTURA
100
AcDbPolyline
 90
2
 70
0
 10
7.0169999999999995
 20
-0.7140900473801798
 10
6.888
 20
-0.7360127658529697
  0
LWPOLYLINE
  5
3BF
330
17
100
AcDbEntity
  8
COBERTURA
100
AcDbPolyline
 90
2
 70
0
 10
7.0169999999999995
 20
1.299012292439978
 10
6.888
 20
1.328292603485892
  0
LWPOLYLINE
  5
3C0
330
17
100
AcDbEntity
  8
COBERTURA
100
AcDbPolyline
 90
2
 70
0
 10
7.145999999999999
 20
-0.6904506844519571
 10
7.0169999999999995
 20
-0.7140900473801798
  0
LWPOLYLINE
  5
3C1
330
17
100
AcDbEntity
  8
COBERTURA
100
AcDbPolyline
 90
2
 70
0
 10
7.145999999999999
 20
1.268719467239619
 10
7.0169999999999995
 20
1.299012292439978
  0
LWPOLYLINE
  5
3C2
330
17
100
AcDbEntity
  8
COBERTURA
100
AcDbPolyline
 90
2
 70
0
 10
7.275
 20
-0.6662441436249124
 10
7.145999999999999
 20
-0.6904506844519571
  0
LWPOLYLINE
  5
3C3
330
17
100
AcDbEntity
  8
COBERTURA
100
AcDbPolyline
 90
2
 70
0
 10
7.275
 20
1.239174990318351
 10
7.145999999999999
 20
1.268719467239619
  0
LWPOLYLINE
  5
3C4
330
17
100
AcDbEntity
  8
COBERTURA
100
AcDbPolyline
 90
2
 70
0
 10
7.370275178246121
 20
-0.6166666666666667
 10
7.275
 20
-0.6662441436249124
  0
LWPOLYLINE
  5
3C5
330
17
100
AcDbEntity
  8
COBERTURA
100
AcDbPolyline
 90
2
 70
0
 10
7.370275178246121
 20
-0.6166666666666667
 10
7.404
 20
-0.5165307682420924
  0
LWPOLYLINE
  5
3C6
330
17
100
AcDbEntity
  8
COBERTURA
100
AcDbPolyline
 90
2
 70
0
 10
7.404
 20
1.181804044219922
 10
7.302963981178539
 20
1.2333333333333334
  0
LWPOLYLINE
  5
3C7
330
17
100
AcDbEntity
  8
COBERTURA
100
AcDbPolyline
 90
2
 70
0
 10
7.302963981178539
 20
1.2333333333333334
 10
7.275
 20
1.239174990318351
  0
LWPOLYLINE
  5
3C8
330
17
100
AcDbEntity
  8
COBERTURA
100
AcDbPolyline
 90
2
 70
0
 10
7.408110141343992
 20
-0.4933333333333336
 10
7.404
 20
-0.5165307682420924
  0
LWPOLYLINE
  5
3C9
330
17
100
AcDbEntity
  8
COBERTURA
100
AcDbPolyline
 90
2
 70
0
 10
7.408110141343992
 20
-0.4933333333333336
 10
7.43023880264843
 20
-0.3700000000000001
  0
LWPOLYLINE
  5
3CA
330
17
100
AcDbEntity
  8
COBERTURA
100
AcDbPolyline
 90
2
 70
0
 10
7.43023880264843
 20
-0.3700000000000001
 10
7.45126245334295
 20
-0.2466666666666666
  0
LWPOLYLINE
  5
3CB
330
17
100
AcDbEntity
  8
COBERTURA
100
AcDbPolyline
 90
2
 70
0
 10
7.45126245334295
 20
-0.2466666666666666
 10
7.4702493444472005
 20
-0.12333333333333352
  0
LWPOLYLINE
  5
3CC
330
17
100
AcDbEntity
  8
COBERTURA
100
AcDbPolyline
 90
2
 70
0
 10
7.4702493444472005
 20
-0.12333333333333352
 10
7.486289542193547
 20
0.0
  0
LWPOLYLINE
  5
3CD
330
17
100
AcDbEntity
  8
COBERTURA
100
AcDbPolyline
 90
2
 70
0
 10
7.486289542193547
 20
0.0
 10
7.498615570262148
 20
0.12333333333333307
  0
LWPOLYLINE
  5
3CE
330
17
100
AcDbEntity
  8
COBERTURA
100
AcDbPolyline
 90
2
 70
0
 10
7.498615570262148
 20
0.12333333333333307
 10
7.506680935701667
 20
0.2466666666666666
  0
LWPOLYLINE
  5
3CF
330
17
100
AcDbEntity
  8
COBERTURA
100
AcDbPolyline
 90
2
 70
0
 10
7.506680935701667
 20
0.2466666666666666
 10
7.5101702848610215
 20
0.3700000000000001
  0
LWPOLYLINE
  5
3D0
330
17
100
AcDbEntity
  8
COBERTURA
100
AcDbPolyline
 90
2
 70
0
 10
7.5101702848610215
 20
0.3700000000000001
 10
7.5089621037648095
 20
0.4933333333333332
  0
LWPOLYLINE
  5
3D1
330
17
100
AcDbEntity
  8
COBERTURA
100
AcDbPolyline
 90
2
 70
0
 10
7.5089621037648095
 20
0.4933333333333332
 10
7.503097346348605
 20
0.6166666666666663
  0
LWPOLYLINE
  5
3D2
330
17
100
AcDbEntity
  8
COBERTURA
100
AcDbPolyline
 90
2
 70
0
 10
7.503097346348605
 20
0.6166666666666663
 10
7.492791497942922
 20
0.7400000000000002
  0
LWPOLYLINE
  5
3D3
330
17
100
AcDbEntity
  8
COBERTURA
100
AcDbPolyline
 90
2
 70
0
 10
7.492791497942922
 20
0.7400000000000002
 10
7.478475928035983
 20
0.8633333333333333
  0
LWPOLYLINE
  5
3D4
330
17
100
AcDbEntity
  8
COBERTURA
100
AcDbPolyline
 90
2
 70
0
 10
7.478475928035983
 20
0.8633333333333333
 10
7.460816336380162
 20
0.9866666666666664
  0
LWPOLYLINE
  5
3D5
330
17
100
AcDbEntity
  8
COBERTURA
100
AcDbPolyline
 90
2
 70
0
 10
7.460816336380162
 20
0.9866666666666664
 10
7.440666896892878
 20
1.1100000000000003
  0
LWPOLYLINE
  5
3D6
330
17
100
AcDbEntity
  8
COBERTURA
100
AcDbPolyline
 90
2
 70
0
 10
7.440666896892878
 20
1.1100000000000003
 10
7.404
 20
1.181804044219922
  0
LWPOLYLINE
  5
3D7
330
17
100
AcDbEntity
  8
COBERTURA
100
AcDbPolyline
 90
2
 70
0
 10
4.824
 20
-0.002373849231720182
 10
4.823754662155252
 20
0.0
  0
LWPOLYLINE
  5
3D8
330
17
100
AcDbEntity
  8
COBERTURA
100
AcDbPolyline
 90
2
 70
0
 10
4.823754662155252
 20
0.0
 10
4.813858924196414
 20
0.12333333333333307
  0
LWPOLYLINE
  5
3D9
330
17
100
AcDbEntity
  8
COBERTURA
100
AcDbPolyline
 90
2
 70
0
 10
4.813858924196414
 20
0.12333333333333307
 10
4.807363153920454
 20
0.2466666666666666
  0
LWPOLYLINE
  5
3DA
330
17
100
AcDbEntity
  8
COBERTURA
100
AcDbPolyline
 90
2
 70
0
 10
4.807363153920454
 20
0.2466666666666666
 10
4.804474516181754
 20
0.3700000000000001
  0
LWPOLYLINE
  5
3DB
330
17
100
AcDbEntity
  8
COBERTURA
100
AcDbPolyline
 90
2
 70
0
 10
4.804474516181754
 20
0.3700000000000001
 10
4.805282384300271
 20
0.4933333333333332
  0
LWPOLYLINE
  5
3DC
330
17
100
AcDbEntity
  8
COBERTURA
100
AcDbPolyline
 90
2
 70
0
 10
4.805282384300271
 20
0.4933333333333332
 10
4.809758330422831
 20
0.6166666666666663
  0
LWPOLYLINE
  5
3DD
330
17
100
AcDbEntity
  8
COBERTURA
100
AcDbPolyline
 90
2
 70
0
 10
4.809758330422831
 20
0.6166666666666663
 10
4.817756437364509
 20
0.7400000000000002
  0
LWPOLYLINE
  5
3DE
330
17
100
AcDbEntity
  8
COBERTURA
100
AcDbPolyline
 90
2
 70
0
 10
4.817756437364509
 20
0.7400000000000002
 10
4.824
 20
0.8089198909689911
  0
LWPOLYLINE
  5
3DF
330
17
100
AcDbEntity
  8
COBERTURA
100
AcDbPolyline
 90
2
 70
0
 10
4.952999999999999
 20
-0.3105429342132971
 10
4.858135045194529
 20
-0.2466666666666666
  0
LWPOLYLINE
  5
3E0
330
17
100
AcDbEntity
  8
COBERTURA
100
AcDbPolyline
 90
2
 70
0
 10
4.858135045194529
 20
-0.2466666666666666
 10
4.836295691323921
 20
-0.12333333333333352
  0
LWPOLYLINE
  5
3E1
330
17
100
AcDbEntity
  8
COBERTURA
100
AcDbPolyline
 90
2
 70
0
 10
4.836295691323921
 20
-0.12333333333333352
 10
4.824
 20
-0.0023738492317201838
  0
LWPOLYLINE
  5
3E2
330
17
100
AcDbEntity
  8
COBERTURA
100
AcDbPolyline
 90
2
 70
0
 10
4.828830848456275
 20
0.8633333333333333
 10
4.824
 20
0.8089198909689911
  0
LWPOLYLINE
  5
3E3
330
17
100
AcDbEntity
  8
COBERTURA
100
AcDbPolyline
 90
2
 70
0
 10
4.828830848456275
 20
0.8633333333333333
 10
4.952999999999999
 20
0.9395374188454061
  0
LWPOLYLINE
  5
3E4
330
17
100
AcDbEntity
  8
COBERTURA
100
AcDbPolyline
 90
2
 70
0
 10
5.082000000000001
 20
-0.3413206560529841
 10
4.952999999999999
 20
-0.31054293421329715
  0
LWPOLYLINE
  5
3E5
330
17
100
AcDbEntity
  8
COBERTURA
100
AcDbPolyline
 90
2
 70
0
 10
5.082000000000001
 20
0.9714939180423636
 10
4.952999999999999
 20
0.9395374188454061
  0
LWPOLYLINE
  5
3E6
330
17
100
AcDbEntity
  8
COBERTURA
100
AcDbPolyline
 90
2
 70
0
 10
5.211
 20
-0.370210745784097
 10
5.2100001780096274
 20
-0.3700000000000001
  0
LWPOLYLINE
  5
3E7
330
17
100
AcDbEntity
  8
COBERTURA
100
AcDbPolyline
 90
2
 70
0
 10
5.2100001780096274
 20
-0.3700000000000001
 10
5.082000000000001
 20
-0.3413206560529841
  0
LWPOLYLINE
  5
3E8
330
17
100
AcDbEntity
  8
COBERTURA
100
AcDbPolyline
 90
2
 70
0
 10
5.152280184579848
 20
0.9866666666666664
 10
5.082000000000001
 20
0.9714939180423636
  0
LWPOLYLINE
  5
3E9
330
17
100
AcDbEntity
  8
COBERTURA
100
AcDbPolyline
 90
2
 70
0
 10
5.152280184579848
 20
0.9866666666666664
 10
5.211
 20
0.9987119483823825
  0
LWPOLYLINE
  5
3EA
330
17
100
AcDbEntity
  8
COBERTURA
100
AcDbPolyline
 90
2
 70
0
 10
5.34
 20
-0.3994159983739759
 10
5.211
 20
-0.370210745784097
  0
LWPOLYLINE
  5
3EB
330
17
100
AcDbEntity
  8
COBERTURA
100
AcDbPolyline
 90
2
 70
0
 10
5.34
 20
1.0310513258375635
 10
5.211
 20
0.9987119483823825
  0
LWPOLYLINE
  5
3EC
330
17
100
AcDbEntity
  8
COBERTURA
100
AcDbPolyline
 90
2
 70
0
 10
5.468999999999999
 20
-0.432356988200961
 10
5.34
 20
-0.3994159983739759
  0
LWPOLYLINE
  5
3ED
330
17
100
AcDbEntity
  8
COBERTURA
100
AcDbPolyline
 90
2
 70
0
 10
5.468999999999999
 20
1.0692730414886003
 10
5.34
 20
1.0310513258375635
  0
LWPOLYLINE
  5
3EE
330
17
100
AcDbEntity
  8
COBERTURA
100
AcDbPolyline
 90
2
 70
0
 10
5.598000000000001
 20
-0.4662712052678918
 10
5.468999999999999
 20
-0.432356988200961
  0
LWPOLYLINE
  5
3EF
330
17
100
AcDbEntity
  8
COBERTURA
100
AcDbPolyline
 90
2
 70
0
 10
5.590911545747865
 20
1.1100000000000003
 10
5.468999999999999
 20
1.0692730414886003
  0
LWPOLYLINE
  5
3F0
330
17
100
AcDbEntity
  8
COBERTURA
100
AcDbPolyline
 90
2
 70
0
 10
5.590911545747865
 20
1.1100000000000003
 10
5.598000000000001
 20
1.1121004430005765
  0
LWPOLYLINE
  5
3F1
330
17
100
AcDbEntity
  8
COBERTURA
100
AcDbPolyline
 90
2
 70
0
 10
5.727
 20
-0.49909621134321336
 10
5.702805780627496
 20
-0.4933333333333336
  0
LWPOLYLINE
  5
3F2
330
17
100
AcDbEntity
  8
COBERTURA
100
AcDbPolyline
 90
2
 70
0
 10
5.702805780627496
 20
-0.4933333333333336
 10
5.598000000000001
 20
-0.4662712052678918
  0
LWPOLYLINE
  5
3F3
330
17
100
AcDbEntity
  8
COBERTURA
100
AcDbPolyline
 90
2
 70
0
 10
5.727
 20
1.1534947605844603
 10
5.598000000000001
 20
1.1121004430005765
  0
LWPOLYLINE
  5
3F4
330
17
100
AcDbEntity
  8
COBERTURA
100
AcDbPolyline
 90
2
 70
0
 10
5.856
 20
-0.528118430932289
 10
5.727
 20
-0.49909621134321336
  0
LWPOLYLINE
  5
3F5
330
17
100
AcDbEntity
  8
COBERTURA
100
AcDbPolyline
 90
2
 70
0
 10
5.856
 20
1.1918320977316272
 10
5.727
 20
1.1534947605844603
  0
LWPOLYLINE
  5
3F6
330
17
100
AcDbEntity
  8
COBERTURA
100
AcDbPolyline
 90
2
 70
0
 10
5.984999999999999
 20
-0.5515929630717799
 10
5.856
 20
-0.528118430932289
  0
LWPOLYLINE
  5
3F7
330
17
100
AcDbEntity
  8
COBERTURA
100
AcDbPolyline
 90
2
 70
0
 10
5.984999999999999
 20
1.2228260031504161
 10
5.856
 20
1.1918320977316272
  0
LWPOLYLINE
  5
3F8
330
17
100
AcDbEntity
  8
COBERTURA
100
AcDbPolyline
 90
2
 70
0
 10
6.113999999999999
 20
-0.5677137633504168
 10
5.984999999999999
 20
-0.5515929630717799
  0
LWPOLYLINE
  5
3F9
330
17
100
AcDbEntity
  8
COBERTURA
100
AcDbPolyline
 90
2
 70
0
 10
6.0474201598228134
 20
1.2333333333333334
 10
5.984999999999999
 20
1.2228260031504161
  0
LWPOLYLINE
  5
3FA
330
17
100
AcDbEntity
  8
COBERTURA
100
AcDbPolyline
 90
2
 70
0
 10
6.0474201598228134
 20
1.2333333333333334
 10
6.113999999999999
 20
1.24426333366739
  0
LWPOLYLINE
  5
3FB
330
17
100
AcDbEntity
  8
COBERTURA
100
AcDbPolyline
 90
2
 70
0
 10
6.243
 20
-0.5754461098587098
 10
6.113999999999999
 20
-0.5677137633504168
  0
LWPOLYLINE
  5
3FC
330
17
100
AcDbEntity
  8
COBERTURA
100
AcDbPolyline
 90
2
 70
0
 10
6.243
 20
1.2550328250056748
 10
6.113999999999999
 20
1.24426333366739
  0
LWPOLYLINE
  5
3FD
330
17
100
AcDbEntity
  8
COBERTURA
100
AcDbPolyline
 90
2
 70
0
 10
6.372
 20
-0.5743715832465741
 10
6.243
 20
-0.5754461098587098
  0
LWPOLYLINE
  5
3FE
330
17
100
AcDbEntity
  8
COBERTURA
100
AcDbPolyline
 90
2
 70
0
 10
6.372
 20
1.2539284833247475
 10
6.243
 20
1.2550328250056748
  0
LWPOLYLINE
  5
3FF
330
17
100
AcDbEntity
  8
COBERTURA
100
AcDbPolyline
 90
2
 70
0
 10
6.5009999999999994
 20
-0.5644501361216849
 10
6.372
 20
-0.5743715832465741
  0
LWPOLYLINE
  5
400
330
17
100
AcDbEntity
  8
COBERTURA
100
AcDbPolyline
 90
2
 70
0
 10
6.5009999999999994
 20
1.2409451105880531
 10
6.372
 20
1.2539284833247475
  0
LWPOLYLINE
  5
401
330
17
100
AcDbEntity
  8
COBERTURA
100
AcDbPolyline
 90
2
 70
0
 10
6.630000000000001
 20
-0.5460516173602921
 10
6.5009999999999994
 20
-0.5644501361216849
  0
LWPOLYLINE
  5
402
330
17
100
AcDbEntity
  8
COBERTURA
100
AcDbPolyline
 90
2
 70
0
 10
6.630000000000001
 20
1.2174407891344814
 10
6.543632726144342
 20
1.2333333333333334
  0
LWPOLYLINE
  5
403
330
17
100
AcDbEntity
  8
COBERTURA
100
AcDbPolyline
 90
2
 70
0
 10
6.543632726144342
 20
1.2333333333333334
 10
6.5009999999999994
 20
1.2409451105880531
  0
LWPOLYLINE
  5
404
330
17
100
AcDbEntity
  8
COBERTURA
100
AcDbPolyline
 90
2
 70
0
 10
6.759
 20
-0.5202255016035773
 10
6.630000000000001
 20
-0.5460516173602921
  0
LWPOLYLINE
  5
405
330
17
100
AcDbEntity
  8
COBERTURA
100
AcDbPolyline
 90
2
 70
0
 10
6.759
 20
1.1840815093785646
 10
6.630000000000001
 20
1.2174407891344814
  0
LWPOLYLINE
  5
406
330
17
100
AcDbEntity
  8
COBERTURA
100
AcDbPolyline
 90
2
 70
0
 10
6.870416492017844
 20
-0.4933333333333336
 10
6.759
 20
-0.5202255016035773
  0
LWPOLYLINE
  5
407
330
17
100
AcDbEntity
  8
COBERTURA
100
AcDbPolyline
 90
2
 70
0
 10
6.870416492017844
 20
-0.4933333333333336
 10
6.888
 20
-0.48874866804835837
  0
LWPOLYLINE
  5
408
330
17
100
AcDbEntity
  8
COBERTURA
100
AcDbPolyline
 90
2
 70
0
 10
6.888
 20
1.1435674100329807
 10
6.759
 20
1.1840815093785646
  0
LWPOLYLINE
  5
409
330
17
100
AcDbEntity
  8
COBERTURA
100
AcDbPolyline
 90
2
 70
0
 10
7.0169999999999995
 20
-0.4532235784850397
 10
6.888
 20
-0.48874866804835837
  0
LWPOLYLINE
  5
40A
330
17
100
AcDbEntity
  8
COBERTURA
100
AcDbPolyline
 90
2
 70
0
 10
7.0169999999999995
 20
1.0995863114357687
 10
6.989680474972813
 20
1.1100000000000003
  0
LWPOLYLINE
  5
40B
330
17
100
AcDbEntity
  8
COBERTURA
100
AcDbPolyline
 90
2
 70
0
 10
6.989680474972813
 20
1.1100000000000003
 10
6.888
 20
1.1435674100329807
  0
LWPOLYLINE
  5
40C
330
17
100
AcDbEntity
  8
COBERTURA
100
AcDbPolyline
 90
2
 70
0
 10
7.145999999999999
 20
-0.38599755034134386
 10
7.0169999999999995
 20
-0.4532235784850397
  0
LWPOLYLINE
  5
40D
330
17
100
AcDbEntity
  8
COBERTURA
100
AcDbPolyline
 90
2
 70
0
 10
7.145999999999999
 20
1.0470261266699235
 10
7.0169999999999995
 20
1.0995863114357687
  0
LWPOLYLINE
  5
40E
330
17
100
AcDbEntity
  8
COBERTURA
100
AcDbPolyline
 90
2
 70
0
 10
7.157216142420078
 20
-0.3700000000000001
 10
7.145999999999999
 20
-0.3859975503413439
  0
LWPOLYLINE
  5
40F
330
17
100
AcDbEntity
  8
COBERTURA
100
AcDbPolyline
 90
2
 70
0
 10
7.157216142420078
 20
-0.3700000000000001
 10
7.190288867468711
 20
-0.2466666666666666
  0
LWPOLYLINE
  5
410
330
17
100
AcDbEntity
  8
COBERTURA
100
AcDbPolyline
 90
2
 70
0
 10
7.190288867468711
 20
-0.2466666666666666
 10
7.2212551023164195
 20
-0.12333333333333352
  0
LWPOLYLINE
  5
411
330
17
100
AcDbEntity
  8
COBERTURA
100
AcDbPolyline
 90
2
 70
0
 10
7.2212551023164195
 20
-0.12333333333333352
 10
7.247901949537422
 20
0.0
  0
LWPOLYLINE
  5
412
330
17
100
AcDbEntity
  8
COBERTURA
100
AcDbPolyline
 90
2
 70
0
 10
7.247901949537422
 20
0.0
 10
7.268385245719617
 20
0.12333333333333307
  0
LWPOLYLINE
  5
413
330
17
100
AcDbEntity
  8
COBERTURA
100
AcDbPolyline
 90
2
 70
0
 10
7.268385245719617
 20
0.12333333333333307
 10
7.275
 20
0.18353057547501914
  0
LWPOLYLINE
  5
414
330
17
100
AcDbEntity
  8
COBERTURA
100
AcDbPolyline
 90
2
 70
0
 10
7.275
 20
0.6225244908059357
 10
7.2587259887591715
 20
0.7400000000000002
  0
LWPOLYLINE
  5
415
330
17
100
AcDbEntity
  8
COBERTURA
100
AcDbPolyline
 90
2
 70
0
 10
7.2587259887591715
 20
0.7400000000000002
 10
7.2348911853228435
 20
0.8633333333333333
  0
LWPOLYLINE
  5
416
330
17
100
AcDbEntity
  8
COBERTURA
100
AcDbPolyline
 90
2
 70
0
 10
7.2348911853228435
 20
0.8633333333333333
 10
7.20576160360366
 20
0.9866666666666664
  0
LWPOLYLINE
  5
417
330
17
100
AcDbEntity
  8
COBERTURA
100
AcDbPolyline
 90
2
 70
0
 10
7.20576160360366
 20
0.9866666666666664
 10
7.145999999999999
 20
1.0470261266699235
  0
LWPOLYLINE
  5
418
330
17
100
AcDbEntity
  8
COBERTURA
100
AcDbPolyline
 90
2
 70
0
 10
7.281973475752103
 20
0.2466666666666666
 10
7.275
 20
0.18353057547501916
  0
LWPOLYLINE
  5
419
330
17
100
AcDbEntity
  8
COBERTURA
100
AcDbPolyline
 90
2
 70
0
 10
7.281973475752103
 20
0.2466666666666666
 10
7.288013869870591
 20
0.3700000000000001
  0
LWPOLYLINE
  5
41A
330
17
100
AcDbEntity
  8
COBERTURA
100
AcDbPolyline
 90
2
 70
0
 10
7.288013869870591
 20
0.3700000000000001
 10
7.285918517707779
 20
0.4933333333333332
  0
LWPOLYLINE
  5
41B
330
17
100
AcDbEntity
  8
COBERTURA
100
AcDbPolyline
 90
2
 70
0
 10
7.285918517707779
 20
0.4933333333333332
 10
7.2758034037180686
 20
0.6166666666666663
  0
LWPOLYLINE
  5
41C
330
17
100
AcDbEntity
  8
COBERTURA
100
AcDbPolyline
 90
2
 70
0
 10
7.2758034037180686
 20
0.6166666666666663
 10
7.275
 20
0.6225244908059357
  0
LWPOLYLINE
  5
41D
330
17
100
AcDbEntity
  8
COBERTURA
100
AcDbPolyline
 90
2
 70
0
 10
5.34
 20
-0.035070058094455125
 10
5.316055750783312
 20
0.0
  0
LWPOLYLINE
  5
41E
330
17
100
AcDbEntity
  8
COBERTURA
100
AcDbPolyline
 90
2
 70
0
 10
5.316055750783312
 20
0.0
 10
5.294344302768119
 20
0.12333333333333307
  0
LWPOLYLINE
  5
41F
330
17
100
AcDbEntity
  8
COBERTURA
100
AcDbPolyline
 90
2
 70
0
 10
5.294344302768119
 20
0.12333333333333307
 10
5.280069629547936
 20
0.2466666666666666
  0
LWPOLYLINE
  5
420
330
17
100
AcDbEntity
  8
COBERTURA
100
AcDbPolyline
 90
2
 70
0
 10
5.280069629547936
 20
0.2466666666666666
 10
5.273865964271553
 20
0.3700000000000001
  0
LWPOLYLINE
  5
421
330
17
100
AcDbEntity
  8
COBERTURA
100
AcDbPolyline
 90
2
 70
0
 10
5.273865964271553
 20
0.3700000000000001
 10
5.275956959973383
 20
0.4933333333333332
  0
LWPOLYLINE
  5
422
330
17
100
AcDbEntity
  8
COBERTURA
100
AcDbPolyline
 90
2
 70
0
 10
5.275956959973383
 20
0.4933333333333332
 10
5.286268945686483
 20
0.6166666666666663
  0
LWPOLYLINE
  5
423
330
17
100
AcDbEntity
  8
COBERTURA
100
AcDbPolyline
 90
2
 70
0
 10
5.286268945686483
 20
0.6166666666666663
 10
5.304388537086713
 20
0.7400000000000002
  0
LWPOLYLINE
  5
424
330
17
100
AcDbEntity
  8
COBERTURA
100
AcDbPolyline
 90
2
 70
0
 10
5.304388537086713
 20
0.7400000000000002
 10
5.34
 20
0.7633366674738568
  0
LWPOLYLINE
  5
425
330
17
100
AcDbEntity
  8
COBERTURA
100
AcDbPolyline
 90
2
 70
0
 10
5.468999999999999
 20
-0.1266732923850832
 10
5.459363833251204
 20
-0.12333333333333352
  0
LWPOLYLINE
  5
426
330
17
100
AcDbEntity
  8
COBERTURA
100
AcDbPolyline
 90
2
 70
0
 10
5.459363833251204
 20
-0.12333333333333352
 10
5.34
 20
-0.035070058094455125
  0
LWPOLYLINE
  5
427
330
17
100
AcDbEntity
  8
COBERTURA
100
AcDbPolyline
 90
2
 70
0
 10
5.468999999999999
 20
0.8189835427659174
 10
5.34
 20
0.7633366674738568
  0
LWPOLYLINE
  5
428
330
17
100
AcDbEntity
  8
COBERTURA
100
AcDbPolyline
 90
2
 70
0
 10
5.598000000000001
 20
-0.18118206849410734
 10
5.468999999999999
 20
-0.1266732923850832
  0
LWPOLYLINE
  5
429
330
17
100
AcDbEntity
  8
COBERTURA
100
AcDbPolyline
 90
2
 70
0
 10
5.551696029275956
 20
0.8633333333333333
 10
5.468999999999999
 20
0.8189835427659174
  0
LWPOLYLINE
  5
42A
330
17
100
AcDbEntity
  8
COBERTURA
100
AcDbPolyline
 90
2
 70
0
 10
5.551696029275956
 20
0.8633333333333333
 10
5.598000000000001
 20
0.8838376271987274
  0
LWPOLYLINE
  5
42B
330
17
100
AcDbEntity
  8
COBERTURA
100
AcDbPolyline
 90
2
 70
0
 10
5.727
 20
-0.24162227564769456
 10
5.598000000000001
 20
-0.18118206849410734
  0
LWPOLYLINE
  5
42C
330
17
100
AcDbEntity
  8
COBERTURA
100
AcDbPolyline
 90
2
 70
0
 10
5.727
 20
0.9532227027532743
 10
5.598000000000001
 20
0.8838376271987274
  0
LWPOLYLINE
  5
42D
330
17
100
AcDbEntity
  8
COBERTURA
100
AcDbPolyline
 90
2
 70
0
 10
5.856
 20
-0.29399753204840834
 10
5.737193772935808
 20
-0.2466666666666666
  0
LWPOLYLINE
  5
42E
330
17
100
AcDbEntity
  8
COBERTURA
100
AcDbPolyline
 90
2
 70
0
 10
5.737193772935808
 20
-0.2466666666666666
 10
5.727
 20
-0.24162227564769456
  0
LWPOLYLINE
  5
42F
330
17
100
AcDbEntity
  8
COBERTURA
100
AcDbPolyline
 90
2
 70
0
 10
5.783802261866077
 20
0.9866666666666664
 10
5.727
 20
0.9532227027532743
  0
LWPOLYLINE
  5
430
330
17
100
AcDbEntity
  8
COBERTURA
100
AcDbPolyline
 90
2
 70
0
 10
5.783802261866077
 20
0.9866666666666664
 10
5.856
 20
1.0190195507199797
  0
LWPOLYLINE
  5
431
330
17
100
AcDbEntity
  8
COBERTURA
100
AcDbPolyline
 90
2
 70
0
 10
5.984999999999999
 20
-0.3367959429151858
 10
5.856
 20
-0.29399753204840834
  0
LWPOLYLINE
  5
432
330
17
100
AcDbEntity
  8
COBERTURA
100
AcDbPolyline
 90
2
 70
0
 10
5.984999999999999
 20
1.0704768464558825
 10
5.856
 20
1.0190195507199797
  0
LWPOLYLINE
  5
433
330
17
100
AcDbEntity
  8
COBERTURA
100
AcDbPolyline
 90
2
 70
0
 10
6.113999999999999
 20
-0.3656102253338481
 10
5.984999999999999
 20
-0.3367959429151857
  0
LWPOLYLINE
  5
434
330
17
100
AcDbEntity
  8
COBERTURA
100
AcDbPolyline
 90
2
 70
0
 10
6.113999999999999
 20
1.1049687810521944
 10
5.984999999999999
 20
1.0704768464558825
  0
LWPOLYLINE
  5
435
330
17
100
AcDbEntity
  8
COBERTURA
100
AcDbPolyline
 90
2
 70
0
 10
6.243
 20
-0.3795876722982382
 10
6.154211836803672
 20
-0.3700000000000001
  0
LWPOLYLINE
  5
436
330
17
100
AcDbEntity
  8
COBERTURA
100
AcDbPolyline
 90
2
 70
0
 10
6.154211836803672
 20
-0.3700000000000001
 10
6.113999999999999
 20
-0.3656102253338481
  0
LWPOLYLINE
  5
437
330
17
100
AcDbEntity
  8
COBERTURA
100
AcDbPolyline
 90
2
 70
0
 10
6.152529481467002
 20
1.1100000000000003
 10
6.113999999999999
 20
1.1049687810521944
  0
LWPOLYLINE
  5
438
330
17
100
AcDbEntity
  8
COBERTURA
100
AcDbPolyline
 90
2
 70
0
 10
6.152529481467002
 20
1.1100000000000003
 10
6.243
 20
1.1216710226783568
  0
LWPOLYLINE
  5
439
330
17
100
AcDbEntity
  8
COBERTURA
100
AcDbPolyline
 90
2
 70
0
 10
6.372
 20
-0.37828377349280573
 10
6.243
 20
-0.37958767229823814
  0
LWPOLYLINE
  5
43A
330
17
100
AcDbEntity
  8
COBERTURA
100
AcDbPolyline
 90
2
 70
0
 10
6.372
 20
1.1203189850825324
 10
6.243
 20
1.1216710226783568
  0
LWPOLYLINE
  5
43B
330
17
100
AcDbEntity
  8
COBERTURA
100
AcDbPolyline
 90
2
 70
0
 10
6.437293531573519
 20
-0.3700000000000001
 10
6.372
 20
-0.37828377349280573
  0
LWPOLYLINE
  5
43C
330
17
100
AcDbEntity
  8
COBERTURA
100
AcDbPolyline
 90
2
 70
0
 10
6.437293531573519
 20
-0.3700000000000001
 10
6.5009999999999994
 20
-0.3617706254435011
  0
LWPOLYLINE
  5
43D
330
17
100
AcDbEntity
  8
COBERTURA
100
AcDbPolyline
 90
2
 70
0
 10
6.5009999999999994
 20
1.1010291840565223
 10
6.4417271853299
 20
1.1100000000000003
  0
LWPOLYLINE
  5
43E
330
17
100
AcDbEntity
  8
COBERTURA
100
AcDbPolyline
 90
2
 70
0
 10
6.4417271853299
 20
1.1100000000000003
 10
6.372
 20
1.1203189850825324
  0
LWPOLYLINE
  5
43F
330
17
100
AcDbEntity
  8
COBERTURA
100
AcDbPolyline
 90
2
 70
0
 10
6.630000000000001
 20
-0.33009921213823923
 10
6.5009999999999994
 20
-0.3617706254435011
  0
LWPOLYLINE
  5
440
330
17
100
AcDbEntity
  8
COBERTURA
100
AcDbPolyline
 90
2
 70
0
 10
6.630000000000001
 20
1.063523807332622
 10
6.5009999999999994
 20
1.1010291840565223
  0
LWPOLYLINE
  5
441
330
17
100
AcDbEntity
  8
COBERTURA
100
AcDbPolyline
 90
2
 70
0
 10
6.759
 20
-0.2845392240629656
 10
6.630000000000001
 20
-0.33009921213823923
  0
LWPOLYLINE
  5
442
330
17
100
AcDbEntity
  8
COBERTURA
100
AcDbPolyline
 90
2
 70
0
 10
6.759
 20
1.0093914399958313
 10
6.630000000000001
 20
1.063523807332622
  0
LWPOLYLINE
  5
443
330
17
100
AcDbEntity
  8
COBERTURA
100
AcDbPolyline
 90
2
 70
0
 10
6.851810648926121
 20
-0.2466666666666666
 10
6.759
 20
-0.2845392240629656
  0
LWPOLYLINE
  5
444
330
17
100
AcDbEntity
  8
COBERTURA
100
AcDbPolyline
 90
2
 70
0
 10
6.851810648926121
 20
-0.2466666666666666
 10
6.888
 20
-0.22493259749581512
  0
LWPOLYLINE
  5
445
330
17
100
AcDbEntity
  8
COBERTURA
100
AcDbPolyline
 90
2
 70
0
 10
6.888
 20
0.9399017985961264
 10
6.809085301683905
 20
0.9866666666666664
  0
LWPOLYLINE
  5
446
330
17
100
AcDbEntity
  8
COBERTURA
100
AcDbPolyline
 90
2
 70
0
 10
6.809085301683905
 20
0.9866666666666664
 10
6.759
 20
1.0093914399958313
  0
LWPOLYLINE
  5
447
330
17
100
AcDbEntity
  8
COBERTURA
100
AcDbPolyline
 90
2
 70
0
 10
6.96627010712565
 20
-0.12333333333333352
 10
6.888
 20
-0.22493259749581512
  0
LWPOLYLINE
  5
448
330
17
100
AcDbEntity
  8
COBERTURA
100
AcDbPolyline
 90
2
 70
0
 10
6.96627010712565
 20
-0.12333333333333352
 10
7.015650970753459
 20
0.0
  0
LWPOLYLINE
  5
449
330
17
100
AcDbEntity
  8
COBERTURA
100
AcDbPolyline
 90
2
 70
0
 10
7.015650970753459
 20
0.0
 10
7.0169999999999995
 20
0.003969364754638679
  0
LWPOLYLINE
  5
44A
330
17
100
AcDbEntity
  8
COBERTURA
100
AcDbPolyline
 90
2
 70
0
 10
7.0169999999999995
 20
0.7955031444212258
 10
6.987376299479403
 20
0.8633333333333333
  0
LWPOLYLINE
  5
44B
330
17
100
AcDbEntity
  8
COBERTURA
100
AcDbPolyline
 90
2
 70
0
 10
6.987376299479403
 20
0.8633333333333333
 10
6.888
 20
0.9399017985961264
  0
LWPOLYLINE
  5
44C
330
17
100
AcDbEntity
  8
COBERTURA
100
AcDbPolyline
 90
2
 70
0
 10
7.052251126427609
 20
0.12333333333333307
 10
7.0169999999999995
 20
0.003969364754638674
  0
LWPOLYLINE
  5
44D
330
17
100
AcDbEntity
  8
COBERTURA
100
AcDbPolyline
 90
2
 70
0
 10
7.052251126427609
 20
0.12333333333333307
 10
7.076430854436042
 20
0.2466666666666666
  0
LWPOLYLINE
  5
44E
330
17
100
AcDbEntity
  8
COBERTURA
100
AcDbPolyline
 90
2
 70
0
 10
7.076430854436042
 20
0.2466666666666666
 10
7.086850793084678
 20
0.3700000000000001
  0
LWPOLYLINE
  5
44F
330
17
100
AcDbEntity
  8
COBERTURA
100
AcDbPolyline
 90
2
 70
0
 10
7.086850793084678
 20
0.3700000000000001
 10
7.083248983320296
 20
0.4933333333333332
  0
LWPOLYLINE
  5
450
330
17
100
AcDbEntity
  8
COBERTURA
100
AcDbPolyline
 90
2
 70
0
 10
7.083248983320296
 20
0.4933333333333332
 10
7.065686611110856
 20
0.6166666666666663
  0
LWPOLYLINE
  5
451
330
17
100
AcDbEntity
  8
COBERTURA
100
AcDbPolyline
 90
2
 70
0
 10
7.065686611110856
 20
0.6166666666666663
 10
7.034875564842967
 20
0.7400000000000002
  0
LWPOLYLINE
  5
452
330
17
100
AcDbEntity
  8
COBERTURA
100
AcDbPolyline
 90
2
 70
0
 10
7.034875564842967
 20
0.7400000000000002
 10
7.0169999999999995
 20
0.7955031444212258
  0
LWPOLYLINE
  5
453
330
17
100
AcDbEntity
  8
COBERTURA
100
AcDbPolyline
 90
2
 70
0
 10
5.598000000000001
 20
0.3127275723073925
 10
5.591789123470926
 20
0.3700000000000001
  0
LWPOLYLINE
  5
454
330
17
100
AcDbEntity
  8
COBERTURA
100
AcDbPolyline
 90
2
 70
0
 10
5.591789123470926
 20
0.3700000000000001
 10
5.596478881760889
 20
0.4933333333333332
  0
LWPOLYLINE
  5
455
330
17
100
AcDbEntity
  8
COBERTURA
100
AcDbPolyline
 90
2
 70
0
 10
5.596478881760889
 20
0.4933333333333332
 10
5.598000000000001
 20
0.5019707858288149
  0
LWPOLYLINE
  5
456
330
17
100
AcDbEntity
  8
COBERTURA
100
AcDbPolyline
 90
2
 70
0
 10
5.727
 20
0.014376474591559748
 10
5.638210586508996
 20
0.12333333333333307
  0
LWPOLYLINE
  5
457
330
17
100
AcDbEntity
  8
COBERTURA
100
AcDbPolyline
 90
2
 70
0
 10
5.638210586508996
 20
0.12333333333333307
 10
5.605810167945627
 20
0.2466666666666666
  0
LWPOLYLINE
  5
458
330
17
100
AcDbEntity
  8
COBERTURA
100
AcDbPolyline
 90
2
 70
0
 10
5.605810167945627
 20
0.2466666666666666
 10
5.598000000000001
 20
0.3127275723073925
  0
LWPOLYLINE
  5
459
330
17
100
AcDbEntity
  8
COBERTURA
100
AcDbPolyline
 90
2
 70
0
 10
5.619745030569663
 20
0.6166666666666663
 10
5.598000000000001
 20
0.5019707858288149
  0
LWPOLYLINE
  5
45A
330
17
100
AcDbEntity
  8
COBERTURA
100
AcDbPolyline
 90
2
 70
0
 10
5.619745030569663
 20
0.6166666666666663
 10
5.715788908311353
 20
0.7400000000000002
  0
LWPOLYLINE
  5
45B
330
17
100
AcDbEntity
  8
COBERTURA
100
AcDbPolyline
 90
2
 70
0
 10
5.715788908311353
 20
0.7400000000000002
 10
5.727
 20
0.748216494232027
  0
LWPOLYLINE
  5
45C
330
17
100
AcDbEntity
  8
COBERTURA
100
AcDbPolyline
 90
2
 70
0
 10
5.856
 20
-0.09213809151073393
 10
5.737962019060456
 20
0.0
  0
LWPOLYLINE
  5
45D
330
17
100
AcDbEntity
  8
COBERTURA
100
AcDbPolyline
 90
2
 70
0
 10
5.737962019060456
 20
0.0
 10
5.727
 20
0.014376474591559746
  0
LWPOLYLINE
  5
45E
330
17
100
AcDbEntity
  8
COBERTURA
100
AcDbPolyline
 90
2
 70
0
 10
5.844836316799366
 20
0.8633333333333333
 10
5.727
 20
0.748216494232027
  0
LWPOLYLINE
  5
45F
330
17
100
AcDbEntity
  8
COBERTURA
100
AcDbPolyline
 90
2
 70
0
 10
5.844836316799366
 20
0.8633333333333333
 10
5.856
 20
0.8703844526369771
  0
LWPOLYLINE
  5
460
330
17
100
AcDbEntity
  8
COBERTURA
100
AcDbPolyline
 90
2
 70
0
 10
5.984999999999999
 20
-0.17144664488620234
 10
5.8945268171297425
 20
-0.12333333333333352
  0
LWPOLYLINE
  5
461
330
17
100
AcDbEntity
  8
COBERTURA
100
AcDbPolyline
 90
2
 70
0
 10
5.8945268171297425
 20
-0.12333333333333352
 10
5.856
 20
-0.09213809151073393
  0
LWPOLYLINE
  5
462
330
17
100
AcDbEntity
  8
COBERTURA
100
AcDbPolyline
 90
2
 70
0
 10
5.984999999999999
 20
0.932953554027552
 10
5.856
 20
0.8703844526369771
  0
LWPOLYLINE
  5
463
330
17
100
AcDbEntity
  8
COBERTURA
100
AcDbPolyline
 90
2
 70
0
 10
6.113999999999999
 20
-0.20449877280310427
 10
5.984999999999999
 20
-0.17144664488620234
  0
LWPOLYLINE
  5
464
330
17
100
AcDbEntity
  8
COBERTURA
100
AcDbPolyline
 90
2
 70
0
 10
6.061782258812611
 20
0.9866666666666664
 10
5.984999999999999
 20
0.932953554027552
  0
LWPOLYLINE
  5
465
330
17
100
AcDbEntity
  8
COBERTURA
100
AcDbPolyline
 90
2
 70
0
 10
6.061782258812611
 20
0.9866666666666664
 10
6.113999999999999
 20
1.0050502942307413
  0
LWPOLYLINE
  5
466
330
17
100
AcDbEntity
  8
COBERTURA
100
AcDbPolyline
 90
2
 70
0
 10
6.243
 20
-0.23704805712528337
 10
6.113999999999999
 20
-0.2044987728031043
  0
LWPOLYLINE
  5
467
330
17
100
AcDbEntity
  8
COBERTURA
100
AcDbPolyline
 90
2
 70
0
 10
6.243
 20
1.0213519247507006
 10
6.113999999999999
 20
1.0050502942307413
  0
LWPOLYLINE
  5
468
330
17
100
AcDbEntity
  8
COBERTURA
100
AcDbPolyline
 90
2
 70
0
 10
6.372
 20
-0.23331202442653082
 10
6.243
 20
-0.23704805712528337
  0
LWPOLYLINE
  5
469
330
17
100
AcDbEntity
  8
COBERTURA
100
AcDbPolyline
 90
2
 70
0
 10
6.372
 20
1.0208020441235972
 10
6.243
 20
1.0213519247507006
  0
LWPOLYLINE
  5
46A
330
17
100
AcDbEntity
  8
COBERTURA
100
AcDbPolyline
 90
2
 70
0
 10
6.5009999999999994
 20
-0.19908582073464262
 10
6.372
 20
-0.23331202442653082
  0
LWPOLYLINE
  5
46B
330
17
100
AcDbEntity
  8
COBERTURA
100
AcDbPolyline
 90
2
 70
0
 10
6.5009999999999994
 20
0.9997974859712322
 10
6.372
 20
1.0208020441235972
  0
LWPOLYLINE
  5
46C
330
17
100
AcDbEntity
  8
COBERTURA
100
AcDbPolyline
 90
2
 70
0
 10
6.630000000000001
 20
-0.16193728777101163
 10
6.5009999999999994
 20
-0.19908582073464262
  0
LWPOLYLINE
  5
46D
330
17
100
AcDbEntity
  8
COBERTURA
100
AcDbPolyline
 90
2
 70
0
 10
6.630000000000001
 20
0.9248815262759906
 10
6.536571290299895
 20
0.9866666666666664
  0
LWPOLYLINE
  5
46E
330
17
100
AcDbEntity
  8
COBERTURA
100
AcDbPolyline
 90
2
 70
0
 10
6.536571290299895
 20
0.9866666666666664
 10
6.5009999999999994
 20
0.9997974859712322
  0
LWPOLYLINE
  5
46F
330
17
100
AcDbEntity
  8
COBERTURA
100
AcDbPolyline
 90
2
 70
0
 10
6.700932659184687
 20
-0.12333333333333352
 10
6.630000000000001
 20
-0.16193728777101166
  0
LWPOLYLINE
  5
470
330
17
100
AcDbEntity
  8
COBERTURA
100
AcDbPolyline
 90
2
 70
0
 10
6.700932659184687
 20
-0.12333333333333352
 10
6.759
 20
-0.07596161558360667
  0
LWPOLYLINE
  5
471
330
17
100
AcDbEntity
  8
COBERTURA
100
AcDbPolyline
 90
2
 70
0
 10
6.759
 20
0.8501679474979076
 10
6.74527646539555
 20
0.8633333333333333
  0
LWPOLYLINE
  5
472
330
17
100
AcDbEntity
  8
COBERTURA
100
AcDbPolyline
 90
2
 70
0
 10
6.74527646539555
 20
0.8633333333333333
 10
6.630000000000001
 20
0.9248815262759906
  0
LWPOLYLINE
  5
473
330
17
100
AcDbEntity
  8
COBERTURA
100
AcDbPolyline
 90
2
 70
0
 10
6.821644033320908
 20
0.0
 10
6.759
 20
-0.07596161558360667
  0
LWPOLYLINE
  5
474
330
17
100
AcDbEntity
  8
COBERTURA
100
AcDbPolyline
 90
2
 70
0
 10
6.821644033320908
 20
0.0
 10
6.888
 20
0.11875593839019785
  0
LWPOLYLINE
  5
475
330
17
100
AcDbEntity
  8
COBERTURA
100
AcDbPolyline
 90
2
 70
0
 10
6.888
 20
0.6790862424613733
 10
6.848180352410387
 20
0.7400000000000002
  0
LWPOLYLINE
  5
476
330
17
100
AcDbEntity
  8
COBERTURA
100
AcDbPolyline
 90
2
 70
0
 10
6.848180352410387
 20
0.7400000000000002
 10
6.759
 20
0.8501679474979076
  0
LWPOLYLINE
  5
477
330
17
100
AcDbEntity
  8
COBERTURA
100
AcDbPolyline
 90
2
 70
0
 10
6.88993666969681
 20
0.12333333333333307
 10
6.888
 20
0.11875593839019785
  0
LWPOLYLINE
  5
478
330
17
100
AcDbEntity
  8
COBERTURA
100
AcDbPolyline
 90
2
 70
0
 10
6.88993666969681
 20
0.12333333333333307
 10
6.929142826680281
 20
0.2466666666666666
  0
LWPOLYLINE
  5
479
330
17
100
AcDbEntity
  8
COBERTURA
100
AcDbPolyline
 90
2
 70
0
 10
6.929142826680281
 20
0.2466666666666666
 10
6.9388862627749806
 20
0.3700000000000001
  0
LWPOLYLINE
  5
47A
330
17
100
AcDbEntity
  8
COBERTURA
100
AcDbPolyline
 90
2
 70
0
 10
6.9388862627749806
 20
0.3700000000000001
 10
6.937140141753983
 20
0.4933333333333332
  0
LWPOLYLINE
  5
47B
330
17
100
AcDbEntity
  8
COBERTURA
100
AcDbPolyline
 90
2
 70
0
 10
6.937140141753983
 20
0.4933333333333332
 10
6.911761978553048
 20
0.6166666666666663
  0
LWPOLYLINE
  5
47C
330
17
100
AcDbEntity
  8
COBERTURA
100
AcDbPolyline
 90
2
 70
0
 10
6.911761978553048
 20
0.6166666666666663
 10
6.888
 20
0.6790862424613733
  0
CIRCLE
  5
47D
330
17
100
AcDbEntity
  8
ESQUADRIAS
100
AcDbCircle
 10
6.3
 20
0.4
 30
0.0
 40
0.6
  0
TEXT
  5
47E
330
17
100
AcDbEntity
  8
TEXTO
100
AcDbText
 10
6.3
 20
1.25
 30
0.0
 40
0.12
  1
cume +5,80
  7
ZION
 72
1
 11
6.3
 21
1.25
 31
0.0
100
AcDbText
 73
2
  0
CIRCLE
  5
47F
330
17
100
AcDbEntity
  8
ESQUADRIAS
100
AcDbCircle
 10
1.6
 20
1.6
 30
0.0
 40
0.35
  0
TEXT
  5
480
330
17
100
AcDbEntity
  8
TEXTO
100
AcDbText
 10
1.6
 20
2.2
 30
0.0
 40
0.12
  1
cume +4,60
  7
ZION
 72
1
 11
1.6
 21
2.2
 31
0.0
100
AcDbText
 73
2
  0
CIRCLE
  5
481
330
17
100
AcDbEntity
  8
ESTRUTURA
100
AcDbCircle
 10
-2.4
 20
-3.7
 30
0.0
 40
0.05
  0
CIRCLE
  5
482
330
17
100
AcDbEntity
  8
ESTRUTURA
100
AcDbCircle
 10
-2.4
 20
3.7
 30
0.0
 40
0.05
  0
CIRCLE
  5
483
330
17
100
AcDbEntity
  8
ESTRUTURA
100
AcDbCircle
 10
10.5
 20
-3.7
 30
0.0
 40
0.05
  0
CIRCLE
  5
484
330
17
100
AcDbEntity
  8
ESTRUTURA
100
AcDbCircle
 10
10.5
 20
3.7
 30
0.0
 40
0.05
  0
CIRCLE
  5
485
330
17
100
AcDbEntity
  8
ESTRUTURA
100
AcDbCircle
 10
4.0
 20
-3.7
 30
0.0
 40
0.05
  0
CIRCLE
  5
486
330
17
100
AcDbEntity
  8
ESTRUTURA
100
AcDbCircle
 10
4.0
 20
3.7
 30
0.0
 40
0.05
  0
CIRCLE
  5
487
330
17
100
AcDbEntity
  8
ESTRUTURA
100
AcDbCircle
 10
10.5
 20
0.0
 30
0.0
 40
0.05
  0
LWPOLYLINE
  5
488
330
17
100
AcDbEntity
  8
ESTRUTURA
100
AcDbPolyline
 90
2
 70
0
 10
0.0
 20
-2.78
 10
9.5
 20
-2.78
  0
LWPOLYLINE
  5
489
330
17
100
AcDbEntity
  8
ESTRUTURA
100
AcDbPolyline
 90
2
 70
0
 10
0.0
 20
2.78
 10
9.5
 20
2.78
  0
DIMENSION
  5
48A
330
17
100
AcDbEntity
  8
COTAS
100
AcDbDimension
280
0
  2
*D1
  3
ZION_M
 10
-2.4
 20
-4.8
 30
0.0
 11
4.050000000000001
 21
-4.71
 31
0.0
 70
32
 71
5
  1
12,90
100
AcDbAlignedDimension
 13
-2.4
 23
-4.3
 33
0.0
 14
10.5
 24
-4.3
 34
0.0
 50
0.0
100
AcDbRotatedDimension
  0
DIMENSION
  5
499
330
17
100
AcDbEntity
  8
COTAS
100
AcDbDimension
280
0
  2
*D2
  3
ZION_M
 10
11.7
 20
-3.7
 30
0.0
 11
11.61
 21
0.0
 31
0.0
 70
32
 71
5
  1
7,40
100
AcDbAlignedDimension
 13
11.1
 23
-3.7
 33
0.0
 14
11.1
 24
3.7
 34
0.0
 50
90.0
100
AcDbRotatedDimension
  0
HATCH
  5
4A8
330
17
100
AcDbEntity
  8
TEXTO
 62
7
100
AcDbHatch
 10
0.0
 20
0.0
 30
0.0
210
0.0
220
0.0
230
1.0
  2
SOLID
 70
1
 71
0
 91
1
 92
3
 72
0
 73
1
 93
6
 10
-3.95
 20
6.15
 10
-3.25
 20
6.15
 10
-3.25
 20
6.0625
 10
-3.2962000000000002
 20
6.0625
 10
-3.4313000000000002
 20
5.9715
 10
-3.95
 20
5.9715
 97
0
 75
0
 76
1
 98
0
  0
LWPOLYLINE
  5
4A9
330
17
100
AcDbEntity
  8
TEXTO
100
AcDbPolyline
 90
6
 70
1
 10
-3.95
 20
6.15
 10
-3.25
 20
6.15
 10
-3.25
 20
6.0625
 10
-3.2962000000000002
 20
6.0625
 10
-3.4313000000000002
 20
5.9715
 10
-3.95
 20
5.9715
  0
HATCH
  5
4AA
330
17
100
AcDbEntity
  8
TEXTO
 62
7
100
AcDbHatch
 10
0.0
 20
0.0
 30
0.0
210
0.0
220
0.0
230
1.0
  2
SOLID
 70
1
 71
0
 91
1
 92
3
 72
0
 73
1
 93
6
 10
-3.4313000000000002
 20
5.9715
 10
-3.25
 20
5.9715
 10
-3.25
 20
5.7111
 10
-3.6042
 20
5.7111
 10
-3.7316000000000003
 20
5.625
 10
-3.95
 20
5.625
 97
0
 75
0
 76
1
 98
0
  0
LWPOLYLINE
  5
4AB
330
17
100
AcDbEntity
  8
TEXTO
100
AcDbPolyline
 90
6
 70
1
 10
-3.4313000000000002
 20
5.9715
 10
-3.25
 20
5.9715
 10
-3.25
 20
5.7111
 10
-3.6042
 20
5.7111
 10
-3.7316000000000003
 20
5.625
 10
-3.95
 20
5.625
  0
HATCH
  5
4AC
330
17
100
AcDbEntity
  8
TEXTO
 62
7
100
AcDbHatch
 10
0.0
 20
0.0
 30
0.0
210
0.0
220
0.0
230
1.0
  2
SOLID
 70
1
 71
0
 91
1
 92
3
 72
0
 73
1
 93
5
 10
-3.95
 20
5.5361
 10
-3.4285
 20
5.5361
 10
-3.25
 20
5.6677
 10
-3.25
 20
5.45
 10
-3.95
 20
5.45
 97
0
 75
0
 76
1
 98
0
  0
LWPOLYLINE
  5
4AD
330
17
100
AcDbEntity
  8
TEXTO
100
AcDbPolyline
 90
5
 70
1
 10
-3.95
 20
5.5361
 10
-3.4285
 20
5.5361
 10
-3.25
 20
5.6677
 10
-3.25
 20
5.45
 10
-3.95
 20
5.45
  0
HATCH
  5
4AE
330
17
100
AcDbEntity
  8
TEXTO
 62
7
100
AcDbHatch
 10
0.0
 20
0.0
 30
0.0
210
0.0
220
0.0
230
1.0
  2
SOLID
 70
1
 71
0
 91
1
 92
3
 72
0
 73
1
 93
10
 10
-5.503125
 20
5.75
 10
-5.25
 20
5.75
 10
-5.25
 20
5.703125
 10
-5.543749999999999
 20
5.496875
 10
-5.253125
 20
5.496875
 10
-5.253125
 20
5.453125
 10
-5.6
 20
5.453125
 10
-5.6
 20
5.5062500000000005
 10
-5.31875
 20
5.703125
 10
-5.503125
 20
5.703125
 97
0
 75
0
 76
1
 98
0
  0
LWPOLYLINE
  5
4AF
330
17
100
AcDbEntity
  8
TEXTO
100
AcDbPolyline
 90
10
 70
1
 10
-5.503125
 20
5.75
 10
-5.25
 20
5.75
 10
-5.25
 20
5.703125
 10
-5.543749999999999
 20
5.496875
 10
-5.253125
 20
5.496875
 10
-5.253125
 20
5.453125
 10
-5.6
 20
5.453125
 10
-5.6
 20
5.5062500000000005
 10
-5.31875
 20
5.703125
 10
-5.503125
 20
5.703125
  0
HATCH
  5
4B0
330
17
100
AcDbEntity
  8
TEXTO
 62
7
100
AcDbHatch
 10
0.0
 20
0.0
 30
0.0
210
0.0
220
0.0
230
1.0
  2
SOLID
 70
1
 71
0
 91
1
 92
3
 72
0
 73
1
 93
4
 10
-5.199999999999999
 20
5.75
 10
-5.153124999999999
 20
5.75
 10
-5.153124999999999
 20
5.453125
 10
-5.199999999999999
 20
5.453125
 97
0
 75
0
 76
1
 98
0
  0
LWPOLYLINE
  5
4B1
330
17
100
AcDbEntity
  8
TEXTO
100
AcDbPolyline
 90
4
 70
1
 10
-5.199999999999999
 20
5.75
 10
-5.153124999999999
 20
5.75
 10
-5.153124999999999
 20
5.453125
 10
-5.199999999999999
 20
5.453125
  0
HATCH
  5
4B2
330
17
100
AcDbEntity
  8
TEXTO
 62
7
100
AcDbHatch
 10
0.0
 20
0.0
 30
0.0
210
0.0
220
0.0
230
1.0
  2
SOLID
 70
1
 71
0
 91
1
 92
3
 72
0
 73
1
 93
4
 10
-4.771875
 20
5.75
 10
-4.7281249999999995
 20
5.75
 10
-4.7281249999999995
 20
5.453125
 10
-4.771875
 20
5.453125
 97
0
 75
0
 76
1
 98
0
  0
LWPOLYLINE
  5
4B3
330
17
100
AcDbEntity
  8
TEXTO
100
AcDbPolyline
 90
4
 70
1
 10
-4.771875
 20
5.75
 10
-4.7281249999999995
 20
5.75
 10
-4.7281249999999995
 20
5.453125
 10
-4.771875
 20
5.453125
  0
HATCH
  5
4B4
330
17
100
AcDbEntity
  8
TEXTO
 62
7
100
AcDbHatch
 10
0.0
 20
0.0
 30
0.0
210
0.0
220
0.0
230
1.0
  2
SOLID
 70
1
 71
0
 91
1
 92
3
 72
0
 73
1
 93
4
 10
-4.7593749999999995
 20
5.75
 10
-4.69375
 20
5.75
 10
-4.40625
 20
5.453125
 10
-4.4781249999999995
 20
5.453125
 97
0
 75
0
 76
1
 98
0
  0
LWPOLYLINE
  5
4B5
330
17
100
AcDbEntity
  8
TEXTO
100
AcDbPolyline
 90
4
 70
1
 10
-4.7593749999999995
 20
5.75
 10
-4.69375
 20
5.75
 10
-4.40625
 20
5.453125
 10
-4.4781249999999995
 20
5.453125
  0
HATCH
  5
4B6
330
17
100
AcDbEntity
  8
TEXTO
 62
7
100
AcDbHatch
 10
0.0
 20
0.0
 30
0.0
210
0.0
220
0.0
230
1.0
  2
SOLID
 70
1
 71
0
 91
1
 92
3
 72
0
 73
1
 93
4
 10
-4.44375
 20
5.665625
 10
-4.396875
 20
5.665625
 10
-4.396875
 20
5.453125
 10
-4.44375
 20
5.453125
 97
0
 75
0
 76
1
 98
0
  0
LWPOLYLINE
  5
4B7
330
17
100
AcDbEntity
  8
TEXTO
100
AcDbPolyline
 90
4
 70
1
 10
-4.44375
 20
5.665625
 10
-4.396875
 20
5.665625
 10
-4.396875
 20
5.453125
 10
-4.44375
 20
5.453125
  0
HATCH
  5
4B8
330
17
100
AcDbEntity
  8
TEXTO
 62
7
100
AcDbHatch
 10
0.0
 20
0.0
 30
0.0
210
0.0
220
0.0
230
1.0
  2
SOLID
 70
1
 71
0
 91
2
 92
1
 93
1
 72
2
 10
-4.9624999999999995
 20
5.6015625
 40
0.1484375
 50
0
 51
360
 73
1
 97
0
 92
1
 93
1
 72
2
 10
-4.9624999999999995
 20
5.6015625
 40
0.09999999999999999
 50
0
 51
360
 73
1
 97
0
 75
0
 76
1
 98
0
  0
CIRCLE
  5
4B9
330
17
100
AcDbEntity
  8
TEXTO
100
AcDbCircle
 10
-4.9624999999999995
 20
5.6015625
 30
0.0
 40
0.1484375
  0
CIRCLE
  5
4BA
330
17
100
AcDbEntity
  8
TEXTO
100
AcDbCircle
 10
-4.9624999999999995
 20
5.6015625
 30
0.0
 40
0.09999999999999999
  0
TEXT
  5
4BB
330
17
100
AcDbEntity
  8
TEXTO
100
AcDbText
 10
-4.5
 20
5.6
 30
0.0
 40
0.09
  1
HOTEL GROUP
  7
ZION
 11
-4.5
 21
5.6
 31
0.0
100
AcDbText
 73
2
  0
TEXT
  5
4BC
330
17
100
AcDbEntity
  8
TEXTO
100
AcDbText
 10
-4.5
 20
5.4799999999999995
 30
0.0
 40
0.09
  1
INTERNATIONAL
  7
ZION
 11
-4.5
 21
5.4799999999999995
 31
0.0
100
AcDbText
 73
2
  0
TEXT
  5
4BD
330
17
100
AcDbEntity
  8
TEXTO
100
AcDbText
 10
-3.0
 20
5.8
 30
0.0
 40
0.35
  1
ZION SAFARI · PLANTA DE COBERTURA · curvas de nível a cada 0,40 m · 1:50
  7
ZION
 11
-3.0
 21
5.8
 31
0.0
100
AcDbText
 73
2
  0
TEXT
  5
4BE
330
17
100
AcDbEntity
  8
TEXTO
100
AcDbText
 10
-3.0
 20
5.4799999999999995
 30
0.0
 40
0.13
  1
ZION GLAMPING COLLECTION · ZION HOTEL GROUP INTERNATIONAL
  7
ZION
 11
-3.0
 21
5.4799999999999995
 31
0.0
100
AcDbText
 73
2
  0
ENDSEC
  0
SECTION
  2
OBJECTS
  0
DICTIONARY
  5
A
330
0
100
AcDbDictionary
281
1
  3
ACAD_COLOR
350
B
  3
ACAD_GROUP
350
C
  3
ACAD_LAYOUT
350
D
  3
ACAD_MATERIAL
350
E
  3
ACAD_MLEADERSTYLE
350
F
  3
ACAD_MLINESTYLE
350
10
  3
ACAD_PLOTSETTINGS
350
11
  3
ACAD_PLOTSTYLENAME
350
12
  3
ACAD_SCALELIST
350
14
  3
ACAD_TABLESTYLE
350
15
  3
ACAD_VISUALSTYLE
350
16
  3
EZDXF_META
350
2D
  0
DICTIONARY
  5
B
330
A
100
AcDbDictionary
281
1
  0
DICTIONARY
  5
C
330
A
100
AcDbDictionary
281
1
  0
DICTIONARY
  5
D
330
A
100
AcDbDictionary
281
1
  3
Model
350
1A
  3
Layout1
350
1E
  0
DICTIONARY
  5
E
330
A
100
AcDbDictionary
281
1
  3
ByBlock
350
1F
  3
ByLayer
350
20
  3
Global
350
21
  0
DICTIONARY
  5
F
330
A
100
AcDbDictionary
281
1
  3
Standard
350
2C
  0
DICTIONARY
  5
10
330
A
100
AcDbDictionary
281
1
  3
Standard
350
22
  0
DICTIONARY
  5
11
330
A
100
AcDbDictionary
281
1
  0
ACDBDICTIONARYWDFLT
  5
12
330
A
100
AcDbDictionary
281
1
  3
Normal
350
13
100
AcDbDictionaryWithDefault
340
13
  0
ACDBPLACEHOLDER
  5
13
330
12
  0
DICTIONARY
  5
14
330
A
100
AcDbDictionary
281
1
  0
DICTIONARY
  5
15
330
A
100
AcDbDictionary
281
1
  0
DICTIONARY
  5
16
330
A
100
AcDbDictionary
281
1
  3
2dWireframe
350
5A
  3
Basic
350
5B
  3
Brighten
350
5C
  3
ColorChange
350
5D
  3
Conceptual
350
5E
  3
Dim
350
5F
  3
EdgeColorOff
350
60
  3
Facepattern
350
61
  3
Flat
350
62
  3
FlatWithEdges
350
63
  3
Gouraud
350
64
  3
GouraudWithEdges
350
65
  3
Hidden
350
66
  3
JitterOff
350
67
  3
Linepattern
350
68
  3
Modeling
350
69
  3
OverhangOff
350
6A
  3
Realistic
350
6B
  3
Shaded
350
6C
  3
Shaded with edges
350
6D
  3
Shades of Gray
350
6E
  3
Sketchy
350
6F
  3
Thicken
350
70
  3
Wireframe
350
71
  3
X-Ray
350
72
  0
LAYOUT
  5
1A
330
D
100
AcDbPlotSettings
  1

  4
A3
  6

 40
7.5
 41
20.0
 42
7.5
 43
20.0
 44
420.0
 45
297.0
 46
0.0
 47
0.0
 48
0.0
 49
0.0
140
0.0
141
0.0
142
1.0
143
1.0
 70
1024
 72
1
 73
0
 74
5
  7

 75
16
 76
0
 77
2
 78
300
147
1.0
148
0.0
149
0.0
100
AcDbLayout
  1
Model
 70
1
 71
0
 10
0.0
 20
0.0
 11
420.0
 21
297.0
 12
0.0
 22
0.0
 32
0.0
 14
1e+20
 24
1e+20
 34
1e+20
 15
-1e+20
 25
-1e+20
 35
-1e+20
146
0.0
 13
0.0
 23
0.0
 33
0.0
 16
1.0
 26
0.0
 36
0.0
 17
0.0
 27
1.0
 37
0.0
 76
1
330
17
  0
LAYOUT
  5
1E
330
D
100
AcDbPlotSettings
  1

  4
A3
  6

 40
7.5
 41
20.0
 42
7.5
 43
20.0
 44
420.0
 45
297.0
 46
0.0
 47
0.0
 48
0.0
 49
0.0
140
0.0
141
0.0
142
1.0
143
1.0
 70
0
 72
1
 73
0
 74
5
  7

 75
16
 76
0
 77
2
 78
300
147
1.0
148
0.0
149
0.0
100
AcDbLayout
  1
Layout1
 70
1
 71
1
 10
0.0
 20
0.0
 11
420.0
 21
297.0
 12
0.0
 22
0.0
 32
0.0
 14
1e+20
 24
1e+20
 34
1e+20
 15
-1e+20
 25
-1e+20
 35
-1e+20
146
0.0
 13
0.0
 23
0.0
 33
0.0
 16
1.0
 26
0.0
 36
0.0
 17
0.0
 27
1.0
 37
0.0
 76
1
330
1B
  0
MATERIAL
  5
1F
102
{ACAD_REACTORS
330
E
102
}
330
E
100
AcDbMaterial
  1
ByBlock
  2

 70
0
 40
1.0
 71
1
 41
1.0
 91
-1023410177
 42
1.0
 72
1
  3

 73
1
 74
1
 75
1
 44
0.5
 73
0
 45
1.0
 46
1.0
 77
1
  4

 78
1
 79
1
170
1
 48
1.0
171
1
  6

172
1
173
1
174
1
140
1.0
141
1.0
175
1
  7

176
1
177
1
178
1
143
1.0
179
1
  8

270
1
271
1
272
1
145
1.0
146
1.0
273
1
  9

274
1
275
1
276
1
 42
1.0
 72
1
  3

 73
1
 74
1
 75
1
 94
63
  0
MATERIAL
  5
20
102
{ACAD_REACTORS
330
E
102
}
330
E
100
AcDbMaterial
  1
ByLayer
  2

 70
0
 40
1.0
 71
1
 41
1.0
 91
-1023410177
 42
1.0
 72
1
  3

 73
1
 74
1
 75
1
 44
0.5
 73
0
 45
1.0
 46
1.0
 77
1
  4

 78
1
 79
1
170
1
 48
1.0
171
1
  6

172
1
173
1
174
1
140
1.0
141
1.0
175
1
  7

176
1
177
1
178
1
143
1.0
179
1
  8

270
1
271
1
272
1
145
1.0
146
1.0
273
1
  9

274
1
275
1
276
1
 42
1.0
 72
1
  3

 73
1
 74
1
 75
1
 94
63
  0
MATERIAL
  5
21
102
{ACAD_REACTORS
330
E
102
}
330
E
100
AcDbMaterial
  1
Global
  2

 70
0
 40
1.0
 71
1
 41
1.0
 91
-1023410177
 42
1.0
 72
1
  3

 73
1
 74
1
 75
1
 44
0.5
 73
0
 45
1.0
 46
1.0
 77
1
  4

 78
1
 79
1
170
1
 48
1.0
171
1
  6

172
1
173
1
174
1
140
1.0
141
1.0
175
1
  7

176
1
177
1
178
1
143
1.0
179
1
  8

270
1
271
1
272
1
145
1.0
146
1.0
273
1
  9

274
1
275
1
276
1
 42
1.0
 72
1
  3

 73
1
 74
1
 75
1
 94
63
  0
MLINESTYLE
  5
22
102
{ACAD_REACTORS
330
10
102
}
330
10
100
AcDbMlineStyle
  2
Standard
 70
0
  3

 62
256
 51
90.0
 52
90.0
 71
2
 49
0.5
 62
256
  6
BYLAYER
 49
-0.5
 62
256
  6
BYLAYER
  0
MLEADERSTYLE
  5
2C
102
{ACAD_REACTORS
330
F
102
}
330
F
100
AcDbMLeaderStyle
179
2
170
2
171
1
172
0
 90
2
 40
0.0
 41
0.0
173
1
 91
-1056964608
 92
-2
290
1
 42
2.0
291
1
 43
8.0
  3
Standard
 44
4.0
300

342
29
174
1
175
1
176
0
178
1
 93
-1056964608
 45
4.0
292
0
297
0
 46
4.0
 94
-1056964608
 47
1.0
 49
1.0
140
1.0
294
1
141
0.0
177
0
142
1.0
295
0
296
0
143
3.75
271
0
272
9
273
9
  0
DICTIONARY
  5
2D
330
A
100
AcDbDictionary
280
1
281
1
  3
CREATED_BY_EZDXF
350
2E
  3
WRITTEN_BY_EZDXF
350
4C1
  0
DICTIONARYVAR
  5
2E
330
2D
100
DictionaryVariables
280
0
  1
1.4.4 @ 2026-09-17T15:41:27.326079+00:00
  0
VISUALSTYLE
  5
5A
102
{ACAD_REACTORS
330
16
102
}
330
16
100
AcDbVisualStyle
  2
2dWireframe
 70
4
 90
0
 40
0.6
 62
7
290
0
291
0
  0
VISUALSTYLE
  5
5B
102
{ACAD_REACTORS
330
16
102
}
330
16
100
AcDbVisualStyle
  2
Basic
 70
7
 90
1
 40
0.6
 62
7
290
0
291
1
  0
VISUALSTYLE
  5
5C
102
{ACAD_REACTORS
330
16
102
}
330
16
100
AcDbVisualStyle
  2
Brighten
 70
12
 90
2
 40
0.6
 62
7
290
0
291
1
  0
VISUALSTYLE
  5
5D
102
{ACAD_REACTORS
330
16
102
}
330
16
100
AcDbVisualStyle
  2
ColorChange
 70
16
 90
2
 40
0.6
 62
8
290
0
291
1
  0
VISUALSTYLE
  5
5E
102
{ACAD_REACTORS
330
16
102
}
330
16
100
AcDbVisualStyle
  2
Conceptual
 70
9
 90
3
 40
0.6
 62
7
290
0
291
0
  0
VISUALSTYLE
  5
5F
102
{ACAD_REACTORS
330
16
102
}
330
16
100
AcDbVisualStyle
  2
Dim
 70
11
 90
2
 40
0.6
 62
7
290
0
291
1
  0
VISUALSTYLE
  5
60
102
{ACAD_REACTORS
330
16
102
}
330
16
100
AcDbVisualStyle
  2
EdgeColorOff
 70
22
 90
2
 40
0.6
 62
7
290
0
291
1
  0
VISUALSTYLE
  5
61
102
{ACAD_REACTORS
330
16
102
}
330
16
100
AcDbVisualStyle
  2
Facepattern
 70
15
 90
2
 40
0.6
 62
7
290
0
291
1
  0
VISUALSTYLE
  5
62
102
{ACAD_REACTORS
330
16
102
}
330
16
100
AcDbVisualStyle
  2
Flat
 70
0
 90
2
 40
0.6
 62
7
290
0
291
1
  0
VISUALSTYLE
  5
63
102
{ACAD_REACTORS
330
16
102
}
330
16
100
AcDbVisualStyle
  2
FlatWithEdges
 70
1
 90
2
 40
0.6
 62
7
290
0
291
1
  0
VISUALSTYLE
  5
64
102
{ACAD_REACTORS
330
16
102
}
330
16
100
AcDbVisualStyle
  2
Gouraud
 70
2
 90
2
 40
0.6
 62
7
290
0
291
1
  0
VISUALSTYLE
  5
65
102
{ACAD_REACTORS
330
16
102
}
330
16
100
AcDbVisualStyle
  2
GouraudWithEdges
 70
3
 90
2
 40
0.6
 62
7
290
0
291
1
  0
VISUALSTYLE
  5
66
102
{ACAD_REACTORS
330
16
102
}
330
16
100
AcDbVisualStyle
  2
Hidden
 70
6
 90
1
 40
0.6
 62
7
290
0
291
0
  0
VISUALSTYLE
  5
67
102
{ACAD_REACTORS
330
16
102
}
330
16
100
AcDbVisualStyle
  2
JitterOff
 70
20
 90
2
 40
0.6
 62
7
290
0
291
1
  0
VISUALSTYLE
  5
68
102
{ACAD_REACTORS
330
16
102
}
330
16
100
AcDbVisualStyle
  2
Linepattern
 70
14
 90
2
 40
0.6
 62
7
290
0
291
1
  0
VISUALSTYLE
  5
69
102
{ACAD_REACTORS
330
16
102
}
330
16
100
AcDbVisualStyle
  2
Modeling
 70
10
 90
2
 40
0.6
 62
7
290
0
291
0
  0
VISUALSTYLE
  5
6A
102
{ACAD_REACTORS
330
16
102
}
330
16
100
AcDbVisualStyle
  2
OverhangOff
 70
21
 90
2
 40
0.6
 62
7
290
0
291
1
  0
VISUALSTYLE
  5
6B
102
{ACAD_REACTORS
330
16
102
}
330
16
100
AcDbVisualStyle
  2
Realistic
 70
8
 90
2
 40
0.6
 62
7
290
0
291
0
  0
VISUALSTYLE
  5
6C
102
{ACAD_REACTORS
330
16
102
}
330
16
100
AcDbVisualStyle
  2
Shaded
 70
27
 90
2
 40
0.6
 62
7
290
0
291
0
  0
VISUALSTYLE
  5
6D
102
{ACAD_REACTORS
330
16
102
}
330
16
100
AcDbVisualStyle
  2
Shaded with edges
 70
26
 90
2
 40
0.6
 62
7
290
0
291
0
  0
VISUALSTYLE
  5
6E
102
{ACAD_REACTORS
330
16
102
}
330
16
100
AcDbVisualStyle
  2
Shades of Gray
 70
23
 90
2
 40
0.6
 62
7
290
0
291
0
  0
VISUALSTYLE
  5
6F
102
{ACAD_REACTORS
330
16
102
}
330
16
100
AcDbVisualStyle
  2
Sketchy
 70
24
 90
1
 40
0.6
 62
7
290
0
291
0
  0
VISUALSTYLE
  5
70
102
{ACAD_REACTORS
330
16
102
}
330
16
100
AcDbVisualStyle
  2
Thicken
 70
13
 90
2
 40
0.6
 62
7
290
0
291
1
  0
VISUALSTYLE
  5
71
102
{ACAD_REACTORS
330
16
102
}
330
16
100
AcDbVisualStyle
  2
Wireframe
 70
5
 90
0
 40
0.6
 62
7
290
0
291
0
  0
VISUALSTYLE
  5
72
102
{ACAD_REACTORS
330
16
102
}
330
16
100
AcDbVisualStyle
  2
X-Ray
 70
25
 90
2
 40
0.5
 62
7
290
0
291
0
  0
DICTIONARYVAR
  5
4C1
330
2D
100
DictionaryVariables
280
0
  1
1.4.4 @ 2026-09-17T15:41:27.619771+00:00
  0
ENDSEC
  0
EOF
