  0
SECTION
  2
HEADER
  9
$ACADVER
  1
AC1024
  9
$ACADMAINTVER
 70
6
  9
$DWGCODEPAGE
  3
ANSI_1252
  9
$LASTSAVEDBY
  1
ezdxf
  9
$INSBASE
 10
0.0
 20
0.0
 30
0.0
  9
$EXTMIN
 10
1e+20
 20
1e+20
 30
1e+20
  9
$EXTMAX
 10
-1e+20
 20
-1e+20
 30
-1e+20
  9
$LIMMIN
 10
0.0
 20
0.0
  9
$LIMMAX
 10
420.0
 20
297.0
  9
$ORTHOMODE
 70
0
  9
$REGENMODE
 70
1
  9
$FILLMODE
 70
1
  9
$QTEXTMODE
 70
0
  9
$MIRRTEXT
 70
1
  9
$LTSCALE
 40
1.0
  9
$ATTMODE
 70
1
  9
$TEXTSIZE
 40
2.5
  9
$TRACEWID
 40
1.0
  9
$TEXTSTYLE
  7
Standard
  9
$CLAYER
  8
0
  9
$CELTYPE
  6
ByLayer
  9
$CECOLOR
 62
256
  9
$CELTSCALE
 40
1.0
  9
$DISPSILH
 70
0
  9
$DIMSCALE
 40
1.0
  9
$DIMASZ
 40
2.5
  9
$DIMEXO
 40
0.625
  9
$DIMDLI
 40
3.75
  9
$DIMRND
 40
0.0
  9
$DIMDLE
 40
0.0
  9
$DIMEXE
 40
1.25
  9
$DIMTP
 40
0.0
  9
$DIMTM
 40
0.0
  9
$DIMTXT
 40
2.5
  9
$DIMCEN
 40
2.5
  9
$DIMTSZ
 40
0.0
  9
$DIMTOL
 70
0
  9
$DIMLIM
 70
0
  9
$DIMTIH
 70
0
  9
$DIMTOH
 70
0
  9
$DIMSE1
 70
0
  9
$DIMSE2
 70
0
  9
$DIMTAD
 70
1
  9
$DIMZIN
 70
8
  9
$DIMBLK
  1

  9
$DIMASO
 70
1
  9
$DIMSHO
 70
1
  9
$DIMPOST
  1

  9
$DIMAPOST
  1

  9
$DIMALT
 70
0
  9
$DIMALTD
 70
3
  9
$DIMALTF
 40
0.03937007874
  9
$DIMLFAC
 40
1.0
  9
$DIMTOFL
 70
1
  9
$DIMTVP
 40
0.0
  9
$DIMTIX
 70
0
  9
$DIMSOXD
 70
0
  9
$DIMSAH
 70
0
  9
$DIMBLK1
  1

  9
$DIMBLK2
  1

  9
$DIMSTYLE
  2
ISO-25
  9
$DIMCLRD
 70
0
  9
$DIMCLRE
 70
0
  9
$DIMCLRT
 70
0
  9
$DIMTFAC
 40
1.0
  9
$DIMGAP
 40
0.625
  9
$DIMJUST
 70
0
  9
$DIMSD1
 70
0
  9
$DIMSD2
 70
0
  9
$DIMTOLJ
 70
0
  9
$DIMTZIN
 70
8
  9
$DIMALTZ
 70
0
  9
$DIMALTTZ
 70
0
  9
$DIMUPT
 70
0
  9
$DIMDEC
 70
2
  9
$DIMTDEC
 70
2
  9
$DIMALTU
 70
2
  9
$DIMALTTD
 70
3
  9
$DIMTXSTY
  7
Standard
  9
$DIMAUNIT
 70
0
  9
$DIMADEC
 70
0
  9
$DIMALTRND
 40
0.0
  9
$DIMAZIN
 70
0
  9
$DIMDSEP
 70
44
  9
$DIMATFIT
 70
3
  9
$DIMFRAC
 70
0
  9
$DIMLDRBLK
  1

  9
$DIMLUNIT
 70
2
  9
$DIMLWD
 70
-2
  9
$DIMLWE
 70
-2
  9
$DIMTMOVE
 70
0
  9
$DIMFXL
 40
1.0
  9
$DIMFXLON
 70
0
  9
$DIMJOGANG
 40
0.785398163397
  9
$DIMTFILL
 70
0
  9
$DIMTFILLCLR
 70
0
  9
$DIMARCSYM
 70
0
  9
$DIMLTYPE
  6

  9
$DIMLTEX1
  6

  9
$DIMLTEX2
  6

  9
$DIMTXTDIRECTION
 70
0
  9
$LUNITS
 70
2
  9
$LUPREC
 70
4
  9
$SKETCHINC
 40
1.0
  9
$FILLETRAD
 40
10.0
  9
$AUNITS
 70
0
  9
$AUPREC
 70
2
  9
$MENU
  1
.
  9
$ELEVATION
 40
0.0
  9
$PELEVATION
 40
0.0
  9
$THICKNESS
 40
0.0
  9
$LIMCHECK
 70
0
  9
$CHAMFERA
 40
0.0
  9
$CHAMFERB
 40
0.0
  9
$CHAMFERC
 40
0.0
  9
$CHAMFERD
 40
0.0
  9
$SKPOLY
 70
0
  9
$TDCREATE
 40
2461302.1327662035
  9
$TDUCREATE
 40
2458532.153996898
  9
$TDUPDATE
 40
2461302.1327662035
  9
$TDUUPDATE
 40
2458532.1544311
  9
$TDINDWG
 40
0.0
  9
$TDUSRTIMER
 40
0.0
  9
$USRTIMER
 70
1
  9
$ANGBASE
 50
0.0
  9
$ANGDIR
 70
0
  9
$PDMODE
 70
0
  9
$PDSIZE
 40
0.0
  9
$PLINEWID
 40
0.0
  9
$SPLFRAME
 70
0
  9
$SPLINETYPE
 70
6
  9
$SPLINESEGS
 70
8
  9
$HANDSEED
  5
DC
  9
$SURFTAB1
 70
6
  9
$SURFTAB2
 70
6
  9
$SURFTYPE
 70
6
  9
$SURFU
 70
6
  9
$SURFV
 70
6
  9
$UCSBASE
  2

  9
$UCSNAME
  2

  9
$UCSORG
 10
0.0
 20
0.0
 30
0.0
  9
$UCSXDIR
 10
1.0
 20
0.0
 30
0.0
  9
$UCSYDIR
 10
0.0
 20
1.0
 30
0.0
  9
$UCSORTHOREF
  2

  9
$UCSORTHOVIEW
 70
0
  9
$UCSORGTOP
 10
0.0
 20
0.0
 30
0.0
  9
$UCSORGBOTTOM
 10
0.0
 20
0.0
 30
0.0
  9
$UCSORGLEFT
 10
0.0
 20
0.0
 30
0.0
  9
$UCSORGRIGHT
 10
0.0
 20
0.0
 30
0.0
  9
$UCSORGFRONT
 10
0.0
 20
0.0
 30
0.0
  9
$UCSORGBACK
 10
0.0
 20
0.0
 30
0.0
  9
$PUCSBASE
  2

  9
$PUCSNAME
  2

  9
$PUCSORG
 10
0.0
 20
0.0
 30
0.0
  9
$PUCSXDIR
 10
1.0
 20
0.0
 30
0.0
  9
$PUCSYDIR
 10
0.0
 20
1.0
 30
0.0
  9
$PUCSORTHOREF
  2

  9
$PUCSORTHOVIEW
 70
0
  9
$PUCSORGTOP
 10
0.0
 20
0.0
 30
0.0
  9
$PUCSORGBOTTOM
 10
0.0
 20
0.0
 30
0.0
  9
$PUCSORGLEFT
 10
0.0
 20
0.0
 30
0.0
  9
$PUCSORGRIGHT
 10
0.0
 20
0.0
 30
0.0
  9
$PUCSORGFRONT
 10
0.0
 20
0.0
 30
0.0
  9
$PUCSORGBACK
 10
0.0
 20
0.0
 30
0.0
  9
$USERI1
 70
0
  9
$USERI2
 70
0
  9
$USERI3
 70
0
  9
$USERI4
 70
0
  9
$USERI5
 70
0
  9
$USERR1
 40
0.0
  9
$USERR2
 40
0.0
  9
$USERR3
 40
0.0
  9
$USERR4
 40
0.0
  9
$USERR5
 40
0.0
  9
$WORLDVIEW
 70
1
  9
$SHADEDGE
 70
3
  9
$SHADEDIF
 70
70
  9
$TILEMODE
 70
1
  9
$MAXACTVP
 70
64
  9
$PINSBASE
 10
0.0
 20
0.0
 30
0.0
  9
$PLIMCHECK
 70
0
  9
$PEXTMIN
 10
1e+20
 20
1e+20
 30
1e+20
  9
$PEXTMAX
 10
-1e+20
 20
-1e+20
 30
-1e+20
  9
$PLIMMIN
 10
0.0
 20
0.0
  9
$PLIMMAX
 10
420.0
 20
297.0
  9
$UNITMODE
 70
0
  9
$VISRETAIN
 70
1
  9
$PLINEGEN
 70
0
  9
$PSLTSCALE
 70
1
  9
$TREEDEPTH
 70
3020
  9
$CMLSTYLE
  2
Standard
  9
$CMLJUST
 70
0
  9
$CMLSCALE
 40
20.0
  9
$PROXYGRAPHICS
 70
1
  9
$MEASUREMENT
 70
1
  9
$CELWEIGHT
370
-1
  9
$ENDCAPS
280
0
  9
$JOINSTYLE
280
0
  9
$LWDISPLAY
290
0
  9
$INSUNITS
 70
6
  9
$HYPERLINKBASE
  1

  9
$STYLESHEET
  1

  9
$XEDIT
290
1
  9
$CEPSNTYPE
380
0
  9
$PSTYLEMODE
290
1
  9
$FINGERPRINTGUID
  2
{AA113B53-5405-4D86-B64E-1B8F8EE4FF26}
  9
$VERSIONGUID
  2
{7A3D5CCE-B7CC-41A5-BF22-6BF38E513AB1}
  9
$EXTNAMES
290
1
  9
$PSVPSCALE
 40
0.0
  9
$OLESTARTUP
290
0
  9
$SORTENTS
280
127
  9
$INDEXCTL
280
0
  9
$HIDETEXT
280
1
  9
$XCLIPFRAME
280
1
  9
$HALOGAP
280
0
  9
$OBSCOLOR
 70
257
  9
$OBSLTYPE
280
0
  9
$INTERSECTIONDISPLAY
280
0
  9
$INTERSECTIONCOLOR
 70
257
  9
$DIMASSOC
280
2
  9
$PROJECTNAME
  1

  9
$CAMERADISPLAY
290
0
  9
$LENSLENGTH
 40
50.0
  9
$CAMERAHEIGHT
 40
0.0
  9
$STEPSPERSEC
 40
24.0
  9
$STEPSIZE
 40
100.0
  9
$3DDWFPREC
 40
2.0
  9
$PSOLWIDTH
 40
0.005
  9
$PSOLHEIGHT
 40
0.08
  9
$LOFTANG1
 40
1.570796326795
  9
$LOFTANG2
 40
1.570796326795
  9
$LOFTMAG1
 40
0.0
  9
$LOFTMAG2
 40
0.0
  9
$LOFTPARAM
 70
7
  9
$LOFTNORMALS
280
1
  9
$LATITUDE
 40
37.795
  9
$LONGITUDE
 40
-122.394
  9
$NORTHDIRECTION
 40
0.0
  9
$TIMEZONE
 70
-8000
  9
$LIGHTGLYPHDISPLAY
280
1
  9
$TILEMODELIGHTSYNCH
280
1
  9
$CMATERIAL
347
20
  9
$SOLIDHIST
280
0
  9
$SHOWHIST
280
1
  9
$DWFFRAME
280
2
  9
$DGNFRAME
280
2
  9
$REALWORLDSCALE
290
1
  9
$INTERFERECOLOR
 62
256
  9
$CSHADOW
280
0
  9
$SHADOWPLANELOCATION
 40
0.0
  0
ENDSEC
  0
SECTION
  2
CLASSES
  0
CLASS
  1
ACDBDICTIONARYWDFLT
  2
AcDbDictionaryWithDefault
  3
ObjectDBX Classes
 90
0
 91
0
280
0
281
0
  0
CLASS
  1
SUN
  2
AcDbSun
  3
SCENEOE
 90
1153
 91
0
280
0
281
0
  0
CLASS
  1
VISUALSTYLE
  2
AcDbVisualStyle
  3
ObjectDBX Classes
 90
4095
 91
0
280
0
281
0
  0
CLASS
  1
MATERIAL
  2
AcDbMaterial
  3
ObjectDBX Classes
 90
1153
 91
0
280
0
281
0
  0
CLASS
  1
SCALE
  2
AcDbScale
  3
ObjectDBX Classes
 90
1153
 91
0
280
0
281
0
  0
CLASS
  1
TABLESTYLE
  2
AcDbTableStyle
  3
ObjectDBX Classes
 90
4095
 91
0
280
0
281
0
  0
CLASS
  1
MLEADERSTYLE
  2
AcDbMLeaderStyle
  3
ACDB_MLEADERSTYLE_CLASS
 90
4095
 91
0
280
0
281
0
  0
CLASS
  1
DICTIONARYVAR
  2
AcDbDictionaryVar
  3
ObjectDBX Classes
 90
0
 91
0
280
0
281
0
  0
CLASS
  1
CELLSTYLEMAP
  2
AcDbCellStyleMap
  3
ObjectDBX Classes
 90
1152
 91
0
280
0
281
0
  0
CLASS
  1
MENTALRAYRENDERSETTINGS
  2
AcDbMentalRayRenderSettings
  3
SCENEOE
 90
1024
 91
0
280
0
281
0
  0
CLASS
  1
ACDBDETAILVIEWSTYLE
  2
AcDbDetailViewStyle
  3
ObjectDBX Classes
 90
1025
 91
0
280
0
281
0
  0
CLASS
  1
ACDBSECTIONVIEWSTYLE
  2
AcDbSectionViewStyle
  3
ObjectDBX Classes
 90
1025
 91
0
280
0
281
0
  0
CLASS
  1
RASTERVARIABLES
  2
AcDbRasterVariables
  3
ISM
 90
0
 91
0
280
0
281
0
  0
CLASS
  1
LAYOUT
  2
AcDbLayout
  3
ObjectDBX Classes
 90
0
 91
0
280
0
281
0
  0
CLASS
  1
ACDBPLACEHOLDER
  2
AcDbPlaceHolder
  3
ObjectDBX Classes
 90
0
 91
0
280
0
281
0
  0
ENDSEC
  0
SECTION
  2
TABLES
  0
TABLE
  2
VPORT
  5
8
330
0
100
AcDbSymbolTable
 70
1
  0
VPORT
  5
23
330
8
100
AcDbSymbolTableRecord
100
AcDbViewportTableRecord
  2
*Active
 70
0
 10
0.0
 20
0.0
 11
1.0
 21
1.0
 12
0.0
 22
0.0
 13
0.0
 23
0.0
 14
0.5
 24
0.5
 15
0.5
 25
0.5
 16
0.0
 26
0.0
 36
1.0
 17
0.0
 27
0.0
 37
0.0
 40
1000.0
 41
1.34
 42
50.0
 43
0.0
 44
0.0
 50
0.0
 51
0.0
 71
0
 72
1000
 73
1
 74
3
 75
0
 76
0
 77
0
 78
0
281
0
 65
0
146
0.0
  0
ENDTAB
  0
TABLE
  2
LTYPE
  5
2
330
0
100
AcDbSymbolTable
 70
3
  0
LTYPE
  5
24
330
2
100
AcDbSymbolTableRecord
100
AcDbLinetypeTableRecord
  2
ByBlock
 70
0
  3

 72
65
 73
0
 40
0.0
  0
LTYPE
  5
25
330
2
100
AcDbSymbolTableRecord
100
AcDbLinetypeTableRecord
  2
ByLayer
 70
0
  3

 72
65
 73
0
 40
0.0
  0
LTYPE
  5
26
330
2
100
AcDbSymbolTableRecord
100
AcDbLinetypeTableRecord
  2
Continuous
 70
0
  3

 72
65
 73
0
 40
0.0
  0
ENDTAB
  0
TABLE
  2
LAYER
  5
1
330
0
100
AcDbSymbolTable
 70
10
  0
LAYER
  5
27
330
1
100
AcDbSymbolTableRecord
100
AcDbLayerTableRecord
  2
0
 70
0
 62
7
  6
Continuous
370
-3
390
13
347
21
  0
LAYER
  5
28
330
1
100
AcDbSymbolTableRecord
100
AcDbLayerTableRecord
  2
Defpoints
 70
0
 62
7
  6
Continuous
290
0
370
-3
390
13
347
21
  0
LAYER
  5
2F
330
1
100
AcDbSymbolTableRecord
100
AcDbLayerTableRecord
  2
CONTORNO
 70
0
 62
7
  6
Continuous
370
-3
390
13
347
21
  0
LAYER
  5
30
330
1
100
AcDbSymbolTableRecord
100
AcDbLayerTableRecord
  2
KEDER
 70
0
 62
5
  6
Continuous
370
-3
390
13
347
21
  0
LAYER
  5
31
330
1
100
AcDbSymbolTableRecord
100
AcDbLayerTableRecord
  2
BOLSA
 70
0
 62
30
  6
Continuous
370
-3
390
13
347
21
  0
LAYER
  5
32
330
1
100
AcDbSymbolTableRecord
100
AcDbLayerTableRecord
  2
CLAMP
 70
0
 62
1
  6
Continuous
370
-3
390
13
347
21
  0
LAYER
  5
33
330
1
100
AcDbSymbolTableRecord
100
AcDbLayerTableRecord
  2
RECORTE
 70
0
 62
3
  6
Continuous
370
-3
390
13
347
21
  0
LAYER
  5
34
330
1
100
AcDbSymbolTableRecord
100
AcDbLayerTableRecord
  2
LINHA
 70
0
 62
8
  6
Continuous
370
-3
390
13
347
21
  0
LAYER
  5
35
330
1
100
AcDbSymbolTableRecord
100
AcDbLayerTableRecord
  2
TEXTO
 70
0
 62
2
  6
Continuous
370
-3
390
13
347
21
  0
LAYER
  5
36
330
1
100
AcDbSymbolTableRecord
100
AcDbLayerTableRecord
  2
MALHA
 70
0
 62
253
  6
Continuous
370
-3
390
13
347
21
  0
ENDTAB
  0
TABLE
  2
STYLE
  5
5
330
0
100
AcDbSymbolTable
 70
1
  0
STYLE
  5
29
330
5
100
AcDbSymbolTableRecord
100
AcDbTextStyleTableRecord
  2
Standard
 70
0
 40
0.0
 41
1.0
 50
0.0
 71
0
 42
2.5
  3
txt
  4

  0
ENDTAB
  0
TABLE
  2
VIEW
  5
7
330
0
100
AcDbSymbolTable
 70
0
  0
ENDTAB
  0
TABLE
  2
UCS
  5
6
330
0
100
AcDbSymbolTable
 70
0
  0
ENDTAB
  0
TABLE
  2
APPID
  5
3
330
0
100
AcDbSymbolTable
 70
3
  0
APPID
  5
2A
330
3
100
AcDbSymbolTableRecord
100
AcDbRegAppTableRecord
  2
ACAD
 70
0
  0
APPID
  5
D9
330
3
100
AcDbSymbolTableRecord
100
AcDbRegAppTableRecord
  2
HATCHBACKGROUNDCOLOR
 70
0
  0
APPID
  5
DA
330
3
100
AcDbSymbolTableRecord
100
AcDbRegAppTableRecord
  2
EZDXF
 70
0
  0
ENDTAB
  0
TABLE
  2
DIMSTYLE
  5
4
330
0
100
AcDbSymbolTable
 70
1
100
AcDbDimStyleTable
  0
DIMSTYLE
105
2B
330
4
100
AcDbSymbolTableRecord
100
AcDbDimStyleTableRecord
  2
Standard
 70
0
 40
1.0
 41
2.5
 42
0.625
 43
3.75
 44
1.25
 45
0.0
 46
0.0
 47
0.0
 48
0.0
 49
2.5
140
2.5
141
2.5
142
0.0
143
0.03937007874
144
1.0
145
0.0
146
1.0
147
0.625
148
0.0
 69
0
 70
0
 71
0
 72
0
 73
0
 74
0
 75
0
 76
0
 77
1
 78
8
 79
3
170
0
171
3
172
1
173
0
174
0
175
0
176
0
177
0
178
0
179
2
271
2
272
2
273
2
274
3
275
0
276
0
277
2
278
44
279
0
280
0
281
0
282
0
283
0
284
8
285
0
286
0
288
0
289
3
290
0
371
-2
372
-2
  0
ENDTAB
  0
TABLE
  2
BLOCK_RECORD
  5
9
330
0
100
AcDbSymbolTable
 70
2
  0
BLOCK_RECORD
  5
17
330
9
100
AcDbSymbolTableRecord
100
AcDbBlockTableRecord
  2
*Model_Space
340
1A
 70
0
280
1
281
0
  0
BLOCK_RECORD
  5
1B
330
9
100
AcDbSymbolTableRecord
100
AcDbBlockTableRecord
  2
*Paper_Space
340
1E
 70
0
280
1
281
0
  0
ENDTAB
  0
ENDSEC
  0
SECTION
  2
BLOCKS
  0
BLOCK
  5
18
330
17
100
AcDbEntity
  8
0
100
AcDbBlockBegin
  2
*Model_Space
 70
0
 10
0.0
 20
0.0
 30
0.0
  3
*Model_Space
  1

  0
ENDBLK
  5
19
330
17
100
AcDbEntity
  8
0
100
AcDbBlockEnd
  0
BLOCK
  5
1C
330
1B
100
AcDbEntity
  8
0
100
AcDbBlockBegin
  2
*Paper_Space
 70
0
 10
0.0
 20
0.0
 30
0.0
  3
*Paper_Space
  1

  0
ENDBLK
  5
1D
330
1B
100
AcDbEntity
  8
0
100
AcDbBlockEnd
  0
ENDSEC
  0
SECTION
  2
ENTITIES
  0
LWPOLYLINE
  5
37
330
17
100
AcDbEntity
  8
CONTORNO
100
AcDbPolyline
 90
130
 70
1
 10
0.0
 20
0.3705186764862238
 10
0.039901950669143996
 20
0.5557146490930249
 10
0.07696405772409327
 20
0.7423900481004297
 10
0.1111527226469129
 20
0.9302082362901292
 10
0.142448486867144
 20
1.1188273749055708
 10
0.1708465363547354
 20
1.3079031516514548
 10
0.19635717759951143
 20
1.4970915047156128
 10
0.21900628310726192
 20
1.686051355971395
 10
0.23883570117665667
 20
1.8744473653916123
 10
0.2559036211255268
 20
2.061952717128991
 10
0.2702848811451005
 20
2.2482519455853063
 10
0.28207120146264364
 20
2.4330438069293074
 10
0.2913713204406876
 20
2.616044197707451
 10
0.29831100568117197
 20
2.796989117160842
 10
0.30303290630516555
 20
2.975637663345391
 10
0.30569620667018965
 20
3.151775044904707
 10
0.3064760363833292
 20
3.3252155801988974
 10
0.305562587293414
 20
3.4958056434244855
 10
0.30315988612794054
 20
3.6634265035731652
 10
0.2994841726689159
 20
3.8279969870804633
 10
0.29476183899038444
 20
3.989475879699532
 10
0.2892268963724389
 20
4.147863968806275
 10
0.2831179538246349
 20
4.303205615696171
 10
0.2766747159137829
 20
4.455589740446414
 10
0.2701340372360205
 20
4.605150101633768
 10
0.2637256048932881
 20
4.752064761431504
 10
0.2576673562392986
 20
4.896554644585324
 10
0.2521607736196345
 20
5.038881127790875
 10
0.24738622701406698
 20
5.179342633200126
 10
0.24349855556735434
 20
5.318270244072122
 10
0.24062308672118138
 20
5.456022408774114
 10
0.23885228491718258
 20
5.59297884752858
 10
0.2382432000349981
 20
5.729533820364438
 10
0.2388158499492965
 20
5.866088950852717
 10
0.24055262450840997
 20
6.003045825340512
 10
0.24339874378408277
 20
6.140798599563897
 10
0.24726374632291837
 20
6.27972684293886
 10
0.252023928278964
 20
6.420188835893778
 10
0.25752560634119814
 20
6.562515508771023
 10
0.2635890401064853
 20
6.707005174427541
 10
0.2700128256200467
 20
6.853919163714646
 10
0.2765785624096757
 20
7.003478426939854
 10
0.2830556011601584
 20
7.15586111873816
 10
0.28920569648840644
 20
7.31120114180038
 10
0.29478741625287896
 20
7.469587589342903
 10
0.29956019195160044
 20
7.631064998936264
 10
0.3032879303459892
 20
7.7956343122292395
 10
0.30574214111213327
 20
7.963254426115937
 10
0.306704566363025
 20
8.133844220060904
 10
0.30596932348971984
 20
8.307284950096943
 10
0.3033445920528566
 20
8.483422910617357
 10
0.298653888363527
 20
8.662072278649417
 10
0.2917369785004231
 20
8.843018070159408
 10
0.2824504827921266
 20
9.026019152766638
 10
0.2706682233959872
 20
9.210811273077898
 10
0.2562813626686733
 20
9.397110069106166
 10
0.2391983745595314
 20
9.584614048634073
 10
0.2193448850823181
 20
9.77300752288945
 10
0.19666341163393053
 20
9.96196349164704
 10
0.17111302492656222
 20
10.151146481080424
 10
0.14266895180255634
 20
10.340215339623748
 10
0.11132213229005039
 20
10.528826000023976
 10
0.07707873990761716
 20
10.716634217901174
 10
0.03995967033698511
 20
10.903298298666963
 10
4.440892098500626e-16
 20
11.088481825697693
 10
1.246475388834243
 20
11.45938970029026
 10
1.2997616054941887
 20
11.275660410604306
 10
1.349679598805401
 20
11.090509522507517
 10
1.3961928223123516
 20
10.904157345298758
 10
1.4392843357243552
 20
10.716830395339464
 10
1.4789571870042657
 20
10.52875872671103
 10
1.5152346291171634
 20
10.340173275821906
 10
1.5481601692479323
 20
10.151303235836643
 10
1.5777974445946292
 20
9.962373476608638
 10
1.6042299156107431
 20
9.773602026647268
 10
1.6275603649927595
 20
9.58519763532805
 10
1.6479101890042864
 20
9.397357435816819
 10
1.6654184671344687
 20
9.210264731743743
 10
1.6802407968606126
 20
9.024086933206352
 10
1.6925478826647158
 20
8.838973669843401
 10
1.7025238726296807
 20
8.655055110123422
 10
1.7103644419978115
 20
8.472440516263308
 10
1.7162746309337806
 20
8.291217063017669
 10
1.7204664531069516
 20
8.11144894575076
 10
1.7231563020630143
 20
7.933176798672514
 10
1.7245621929296298
 20
7.756417438042309
 10
1.7249008868589897
 20
7.58116393788416
 10
1.7243849537525822
 20
7.407386037862712
 10
1.723219834326923
 20
7.235030875098686
 10
1.7216009647987198
 20
7.064024024517094
 10
1.7197110261123238
 20
6.894270826370835
 10
1.7177173748752306
 20
6.725657975205119
 10
1.7157697056222243
 20
6.558055341799982
 10
1.7139979846427402
 20
6.391317998370425
 10
1.7125106854894432
 20
6.225288417147832
 10
1.711393346517274
 20
6.059798812956637
 10
1.7107074622543623
 20
5.894673601100297
 10
1.7104897136309418
 20
5.729731942446874
 10
1.7107515372747193
 20
5.56479034786811
 10
1.7114790310616
 20
5.399665314088814
 10
1.712633191453625
 20
5.234175962602
 10
1.714150477244073
 20
5.068146652708984
 10
1.7159436934665262
 20
4.901409539069716
 10
1.71790318773669
 20
4.7338070434974195
 10
1.7198983486312818
 20
4.565194210188411
 10
1.7217793915281467
 20
4.395440913234445
 10
1.7233794115828502
 20
4.224433885249601
 10
1.7245166764719797
 20
4.052078536440051
 10
1.7249971237794985
 20
3.8783005346871846
 10
1.7246170202683442
 20
3.7030471194491916
 10
1.7231657337057282
 20
3.5262881257124055
 10
1.7204285632855485
 20
3.348016698923406
 10
1.7161895726894578
 20
3.1682496877184945
 10
1.7102343707877996
 20
2.9870277080641388
 10
1.7023527888527852
 20
2.8044148796951744
 10
1.6923414095250187
 20
2.620498242956657
 10
1.6800059109541556
 20
2.4353868707806656
 10
1.6651631986950002
 20
2.249210696097835
 10
1.6476433072431194
 20
2.062119079171866
 10
1.627291061804324
 20
1.8742791420037586
 10
1.6039674984517596
 20
1.6858738981030896
 10
1.577551046879549
 20
1.4971002057334488
 10
1.5479384843557975
 20
1.3081665714787043
 10
1.5150456722147556
 20
1.1192908289748256
 10
1.4788080874275342
 20
0.9306977152561695
 10
1.439181161640381
 20
0.7426163647133237
 10
1.3961404387841445
 20
0.5552777384634185
 10
1.3496815601524177
 20
0.36891200527264595
 10
1.2998200829162097
 20
0.18374588929277413
 10
1.2465911345662415
 20
0.0
  0
LWPOLYLINE
  5
38
330
17
100
AcDbEntity
  8
KEDER
100
AcDbPolyline
 90
65
 70
0
 10
0.0
 20
0.3705186764862238
 10
0.039901950669143996
 20
0.5557146490930249
 10
0.07696405772409327
 20
0.7423900481004297
 10
0.1111527226469129
 20
0.9302082362901292
 10
0.142448486867144
 20
1.1188273749055708
 10
0.1708465363547354
 20
1.3079031516514548
 10
0.19635717759951143
 20
1.4970915047156128
 10
0.21900628310726192
 20
1.686051355971395
 10
0.23883570117665667
 20
1.8744473653916123
 10
0.2559036211255268
 20
2.061952717128991
 10
0.2702848811451005
 20
2.2482519455853063
 10
0.28207120146264364
 20
2.4330438069293074
 10
0.2913713204406876
 20
2.616044197707451
 10
0.29831100568117197
 20
2.796989117160842
 10
0.30303290630516555
 20
2.975637663345391
 10
0.30569620667018965
 20
3.151775044904707
 10
0.3064760363833292
 20
3.3252155801988974
 10
0.305562587293414
 20
3.4958056434244855
 10
0.30315988612794054
 20
3.6634265035731652
 10
0.2994841726689159
 20
3.8279969870804633
 10
0.29476183899038444
 20
3.989475879699532
 10
0.2892268963724389
 20
4.147863968806275
 10
0.2831179538246349
 20
4.303205615696171
 10
0.2766747159137829
 20
4.455589740446414
 10
0.2701340372360205
 20
4.605150101633768
 10
0.2637256048932881
 20
4.752064761431504
 10
0.2576673562392986
 20
4.896554644585324
 10
0.2521607736196345
 20
5.038881127790875
 10
0.24738622701406698
 20
5.179342633200126
 10
0.24349855556735434
 20
5.318270244072122
 10
0.24062308672118138
 20
5.456022408774114
 10
0.23885228491718258
 20
5.59297884752858
 10
0.2382432000349981
 20
5.729533820364438
 10
0.2388158499492965
 20
5.866088950852717
 10
0.24055262450840997
 20
6.003045825340512
 10
0.24339874378408277
 20
6.140798599563897
 10
0.24726374632291837
 20
6.27972684293886
 10
0.252023928278964
 20
6.420188835893778
 10
0.25752560634119814
 20
6.562515508771023
 10
0.2635890401064853
 20
6.707005174427541
 10
0.2700128256200467
 20
6.853919163714646
 10
0.2765785624096757
 20
7.003478426939854
 10
0.2830556011601584
 20
7.15586111873816
 10
0.28920569648840644
 20
7.31120114180038
 10
0.29478741625287896
 20
7.469587589342903
 10
0.29956019195160044
 20
7.631064998936264
 10
0.3032879303459892
 20
7.7956343122292395
 10
0.30574214111213327
 20
7.963254426115937
 10
0.306704566363025
 20
8.133844220060904
 10
0.30596932348971984
 20
8.307284950096943
 10
0.3033445920528566
 20
8.483422910617357
 10
0.298653888363527
 20
8.662072278649417
 10
0.2917369785004231
 20
8.843018070159408
 10
0.2824504827921266
 20
9.026019152766638
 10
0.2706682233959872
 20
9.210811273077898
 10
0.2562813626686733
 20
9.397110069106166
 10
0.2391983745595314
 20
9.584614048634073
 10
0.2193448850823181
 20
9.77300752288945
 10
0.19666341163393053
 20
9.96196349164704
 10
0.17111302492656222
 20
10.151146481080424
 10
0.14266895180255634
 20
10.340215339623748
 10
0.11132213229005039
 20
10.528826000023976
 10
0.07707873990761716
 20
10.716634217901174
 10
0.03995967033698511
 20
10.903298298666963
 10
4.440892098500626e-16
 20
11.088481825697693
  0
LWPOLYLINE
  5
39
330
17
100
AcDbEntity
  8
KEDER
100
AcDbPolyline
 90
65
 70
0
 10
1.2465911345662415
 20
0.0
 10
1.2998200829162097
 20
0.18374588929277413
 10
1.3496815601524177
 20
0.36891200527264595
 10
1.3961404387841445
 20
0.5552777384634185
 10
1.439181161640381
 20
0.7426163647133237
 10
1.4788080874275342
 20
0.9306977152561695
 10
1.5150456722147556
 20
1.1192908289748256
 10
1.5479384843557975
 20
1.3081665714787043
 10
1.577551046879549
 20
1.4971002057334488
 10
1.6039674984517596
 20
1.6858738981030896
 10
1.627291061804324
 20
1.8742791420037586
 10
1.6476433072431194
 20
2.062119079171866
 10
1.6651631986950002
 20
2.249210696097835
 10
1.6800059109541556
 20
2.4353868707806656
 10
1.6923414095250187
 20
2.620498242956657
 10
1.7023527888527852
 20
2.8044148796951744
 10
1.7102343707877996
 20
2.9870277080641388
 10
1.7161895726894578
 20
3.1682496877184945
 10
1.7204285632855485
 20
3.348016698923406
 10
1.7231657337057282
 20
3.5262881257124055
 10
1.7246170202683442
 20
3.7030471194491916
 10
1.7249971237794985
 20
3.8783005346871846
 10
1.7245166764719797
 20
4.052078536440051
 10
1.7233794115828502
 20
4.224433885249601
 10
1.7217793915281467
 20
4.395440913234445
 10
1.7198983486312818
 20
4.565194210188411
 10
1.71790318773669
 20
4.7338070434974195
 10
1.7159436934665262
 20
4.901409539069716
 10
1.714150477244073
 20
5.068146652708984
 10
1.712633191453625
 20
5.234175962602
 10
1.7114790310616
 20
5.399665314088814
 10
1.7107515372747193
 20
5.56479034786811
 10
1.7104897136309418
 20
5.729731942446874
 10
1.7107074622543623
 20
5.894673601100297
 10
1.711393346517274
 20
6.059798812956637
 10
1.7125106854894432
 20
6.225288417147832
 10
1.7139979846427402
 20
6.391317998370425
 10
1.7157697056222243
 20
6.558055341799982
 10
1.7177173748752306
 20
6.725657975205119
 10
1.7197110261123238
 20
6.894270826370835
 10
1.7216009647987198
 20
7.064024024517094
 10
1.723219834326923
 20
7.235030875098686
 10
1.7243849537525822
 20
7.407386037862712
 10
1.7249008868589897
 20
7.58116393788416
 10
1.7245621929296298
 20
7.756417438042309
 10
1.7231563020630143
 20
7.933176798672514
 10
1.7204664531069516
 20
8.11144894575076
 10
1.7162746309337806
 20
8.291217063017669
 10
1.7103644419978115
 20
8.472440516263308
 10
1.7025238726296807
 20
8.655055110123422
 10
1.6925478826647158
 20
8.838973669843401
 10
1.6802407968606126
 20
9.024086933206352
 10
1.6654184671344687
 20
9.210264731743743
 10
1.6479101890042864
 20
9.397357435816819
 10
1.6275603649927595
 20
9.58519763532805
 10
1.6042299156107431
 20
9.773602026647268
 10
1.5777974445946292
 20
9.962373476608638
 10
1.5481601692479323
 20
10.151303235836643
 10
1.5152346291171634
 20
10.340173275821906
 10
1.4789571870042657
 20
10.52875872671103
 10
1.4392843357243552
 20
10.716830395339464
 10
1.3961928223123516
 20
10.904157345298758
 10
1.349679598805401
 20
11.090509522507517
 10
1.2997616054941887
 20
11.275660410604306
 10
1.246475388834243
 20
11.45938970029026
  0
LWPOLYLINE
  5
3A
330
17
100
AcDbEntity
  8
KEDER
100
AcDbPolyline
 90
2
 70
0
 10
0.0
 20
0.3705186764862238
 10
1.2465911345662415
 20
0.0
  0
LWPOLYLINE
  5
3B
330
17
100
AcDbEntity
  8
KEDER
100
AcDbPolyline
 90
2
 70
0
 10
4.440892098500626e-16
 20
11.088481825697693
 10
1.246475388834243
 20
11.45938970029026
  0
TEXT
  5
3C
330
17
100
AcDbEntity
  8
TEXTO
100
AcDbText
 10
0.0
 20
-0.35
 30
0.0
 40
0.12
  1
P1 · x1 · 15.64 m2
 11
0.0
 21
-0.35
 31
0.0
100
AcDbText
  0
TEXT
  5
3D
330
17
100
AcDbEntity
  8
TEXTO
100
AcDbText
 10
0.0
 20
-0.55
 30
0.0
 40
0.06
  1
ZION CASULO SENSORIAL · LONA EXTERNA · PVDF tipo II 1050 g/m² (poliéster de alta tenacidade, PVC + 
 11
0.0
 21
-0.55
 31
0.0
100
AcDbText
  0
LWPOLYLINE
  5
3E
330
17
100
AcDbEntity
  8
CONTORNO
100
AcDbPolyline
 90
224
 70
1
 10
2.515423617823126
 20
0.05188844608907296
 10
2.507159275900831
 20
0.3581343709682534
 10
2.4977139588415187
 20
0.665206779059936
 10
2.487149928492494
 20
0.9725690029626268
 10
2.4756606082338704
 20
1.27952642781176
 10
2.4634816241743676
 20
1.5855554276808361
 10
2.4507212911617327
 20
1.8898070299012513
 10
2.4376594939202976
 20
2.191983519847441
 10
2.4244646988810628
 20
2.4914345823059185
 10
2.4113585228389196
 20
2.787695694856369
 10
2.3985131270911793
 20
3.0807104444399225
 10
2.386201933069892
 20
3.3696582510569106
 10
2.3745394882832076
 20
3.654992138567478
 10
2.3637557790753267
 20
3.936400504399338
 10
2.354038191782427
 20
4.214003291298591
 10
2.345443929191225
 20
4.4882984377183845
 10
2.338321592239871
 20
4.759142999347064
 10
2.3325782383012093
 20
5.027494139031655
 10
2.3284198595373096
 20
5.293687604249591
 10
2.3259226845016086
 20
5.558426384626342
 10
2.3249971237794984
 20
5.82244205310019
 10
2.325922179976815
 20
6.086457723322581
 10
2.3284189005544293
 20
6.351196507918321
 10
2.3325769220221075
 20
6.617389978648553
 10
2.3383200531762327
 20
6.885741122988788
 10
2.345442309750208
 20
7.156585686658793
 10
2.3540366639845702
 20
7.430880830148516
 10
2.3637544799548778
 20
7.708483608974854
 10
2.3745385433689927
 20
7.989891961204194
 10
2.386201430753146
 20
8.275225830605004
 10
2.398513112783635
 20
8.5641736164256
 10
2.41135899871134
 20
8.857188344521932
 10
2.4244656238861304
 20
9.153449437204078
 10
2.437660785879719
 20
9.452900483488
 10
2.450722832228486
 20
9.755076962645711
 10
2.463483284199126
 20
10.059328559855192
 10
2.475662219182996
 20
10.365357561644084
 10
2.4871513433345704
 20
10.672314993773472
 10
2.497715025452472
 20
10.979677229598831
 10
2.5071598603360616
 20
11.286749652456528
 10
2.5154236178231275
 20
11.592995593068036
 10
2.5904274373013783
 20
11.59623880404447
 10
2.6654312567796286
 20
11.599482015020904
 10
2.7404350762578793
 20
11.60272522599734
 10
2.81543889573613
 20
11.605968436973773
 10
2.8904427152143803
 20
11.609211647950207
 10
2.965446534692631
 20
11.612454858926641
 10
3.040450354170882
 20
11.615698069903075
 10
3.115454173649132
 20
11.618941280879511
 10
3.190457993127383
 20
11.622184491855945
 10
3.2654618126056336
 20
11.62542770283238
 10
3.340465632083884
 20
11.628670913808813
 10
3.4154694515621347
 20
11.631914124785247
 10
3.4904732710403854
 20
11.635157335761681
 10
3.5654770905186357
 20
11.638400546738117
 10
3.6404809099968864
 20
11.64164375771455
 10
3.715484729475137
 20
11.644886968690985
 10
3.721213171797417
 20
11.50041707678236
 10
3.7267349555393277
 20
11.3557254774525
 10
3.73205032173069
 20
11.21084930395433
 10
3.737159529222585
 20
11.065825725144135
 10
3.741968764274657
 20
10.920692017014238
 10
3.746569992006674
 20
10.775557687841497
 10
3.7509696086801676
 20
10.630462777230905
 10
3.7551690222080696
 20
10.485445448025967
 10
3.759085023506721
 20
10.340640701955353
 10
3.7627987785535124
 20
10.196066599810864
 10
3.7663224137743194
 20
10.051751577581546
 10
3.7696584505434387
 20
9.907731175467193
 10
3.772736328085184
 20
9.76421501418022
 10
3.775624905242608
 20
9.621148984689034
 10
3.7783410373621806
 20
9.478536556277021
 10
3.780888218278569
 20
9.336407137359803
 10
3.783209644456509
 20
9.195015879257127
 10
3.7853613057300923
 20
9.05425945864151
 10
3.787363290842907
 20
8.91410628842372
 10
3.7892198261912187
 20
8.774576424375741
 10
3.790887938999031
 20
8.635938288037512
 10
3.7924111086682997
 20
8.498062207167266
 10
3.7938108137914295
 20
8.360876745478254
 10
3.7950916778997668
 20
8.22438994234478
 10
3.796223567141584
 20
8.088851280591358
 10
3.797238566939197
 20
7.954124130986528
 10
3.798157569305679
 20
7.820099459153865
 10
3.7989851718013568
 20
7.686771574923391
 10
3.799702080330305
 20
7.554342516298049
 10
3.800330585836286
 20
7.422682000984622
 10
3.8008891741088386
 20
7.291653825539509
 10
3.801381930418273
 20
7.161238309323299
 10
3.8017975752342887
 20
7.031569101753863
 10
3.802150336145748
 20
6.90252807395486
 10
3.802454985155138
 20
6.7739704308773865
 10
3.8027145997770506
 20
6.645864171899659
 10
3.8029226030663077
 20
6.518264588871607
 10
3.803086649987243
 20
6.391064158989898
 10
3.8032173764580355
 20
6.2641343682493575
 10
3.8033164343143393
 20
6.137434683914497
 10
3.730229742434175
 20
6.137170492062762
 10
3.6571430505540112
 20
6.136906300211027
 10
3.584056358673847
 20
6.136642108359292
 10
3.5109696667936827
 20
6.136377916507557
 10
3.437882974913519
 20
6.136113724655823
 10
3.364796283033355
 20
6.135849532804088
 10
3.2917095911531904
 20
6.135585340952353
 10
3.2186228992730266
 20
6.135321149100618
 10
3.1455362073928628
 20
6.135056957248883
 10
3.072449515512698
 20
6.134792765397148
 10
2.9993628236325343
 20
6.134528573545413
 10
2.9262761317523704
 20
6.134264381693678
 10
2.853189439872206
 20
6.134000189841944
 10
2.780102747992042
 20
6.133735997990209
 10
2.7070160561118777
 20
6.133471806138474
 10
2.633929364231714
 20
6.133207614286739
 10
2.633857414407096
 20
6.117660389074239
 10
2.6337854645824788
 20
6.102113163861742
 10
2.633713514757861
 20
6.086565938649242
 10
2.633641564933243
 20
6.071018713436745
 10
2.633569615108626
 20
6.055471488224245
 10
2.633497665284008
 20
6.039924263011747
 10
2.6334257154593903
 20
6.024377037799247
 10
2.6333537656347725
 20
6.008829812586749
 10
2.633281815810155
 20
5.9932825873742495
 10
2.633241432080055
 20
5.977746440863535
 10
2.6332173967699717
 20
5.962216032131685
 10
2.6331933614598886
 20
5.946685623399834
 10
2.6331693261498055
 20
5.931155214667985
 10
2.6331452908397224
 20
5.915624805936136
 10
2.6331212555296393
 20
5.900094397204287
 10
2.6330972202195566
 20
5.884563988472436
 10
2.6330731849094735
 20
5.869033579740588
 10
2.6330491495993904
 20
5.853503171008738
 10
2.6330251142893073
 20
5.837972762276888
 10
2.633001078979224
 20
5.822442353545038
 10
2.6330251444322355
 20
5.806911944859867
 10
2.6330492098852467
 20
5.791381536174696
 10
2.633073275338258
 20
5.775851127489525
 10
2.6330973407912692
 20
5.760320718804353
 10
2.6331214062442805
 20
5.744790310119182
 10
2.6331454716972917
 20
5.72925990143401
 10
2.633169537150303
 20
5.713729492748839
 10
2.6331936026033143
 20
5.698199084063668
 10
2.633217668056325
 20
5.682668675378497
 10
2.6332417335093363
 20
5.667138266693326
 10
2.633282146972398
 20
5.651602120259061
 10
2.6333541257383994
 20
5.636054895180499
 10
2.6334261045044003
 20
5.620507670101937
 10
2.6334980832704016
 20
5.604960445023376
 10
2.6335700620364024
 20
5.589413219944814
 10
2.6336420408024037
 20
5.573865994866251
 10
2.633714019568405
 20
5.55831876978769
 10
2.633785998334406
 20
5.542771544709129
 10
2.633857977100407
 20
5.527224319630567
 10
2.633929955866408
 20
5.511677094552005
 10
2.707016648261866
 20
5.511413045290579
 10
2.7801033406573232
 20
5.511148996029154
 10
2.853190033052781
 20
5.510884946767728
 10
2.926276725448239
 20
5.5106208975063025
 10
2.9993634178436963
 20
5.510356848244877
 10
3.0724501102391537
 20
5.510092798983451
 10
3.1455368026346116
 20
5.509828749722026
 10
3.2186234950300694
 20
5.509564700460601
 10
3.2917101874255272
 20
5.509300651199175
 10
3.364796879820985
 20
5.5090366019377495
 10
3.4378835722164425
 20
5.508772552676324
 10
3.5109702646119
 20
5.508508503414898
 10
3.5840569570073577
 20
5.508244454153473
 10
3.6571436494028156
 20
5.507980404892048
 10
3.7302303417982734
 20
5.507716355630622
 10
3.803317034193731
 20
5.5074523063691965
 10
3.8032181961627005
 20
5.38075262186358
 10
3.8030876725596885
 20
5.253822830916886
 10
3.8029238088767827
 20
5.126622400801149
 10
3.8027159605656253
 20
4.99902281752056
 10
3.802456466683198
 20
4.870916558300588
 10
3.802151909308148
 20
4.742358915011821
 10
3.8017992099019073
 20
4.613317887049036
 10
3.801383589327411
 20
4.483648679401899
 10
3.8008908166681303
 20
4.353233163250971
 10
3.8003321814229114
 20
4.222204988014321
 10
3.7997035991781147
 20
4.090544473072918
 10
3.798986580737682
 20
3.958115415042632
 10
3.798158835119232
 20
3.824787531703956
 10
3.797239667696263
 20
3.690762861010511
 10
3.79622448317207
 20
3.55603571280186
 10
3.795092390161201
 20
3.4204970527502763
 10
3.7938113069082733
 20
3.284010251675113
 10
3.792411375832431
 20
3.146824792293856
 10
3.790887976241186
 20
3.008948713963583
 10
3.789219633027381
 20
2.8703105803978217
 10
3.7873628742251566
 20
2.730780719322266
 10
3.7853606754017894
 20
2.590627552151372
 10
3.783208812730331
 20
2.449871134607414
 10
3.7808872019686524
 20
2.308479879535436
 10
3.7783398639087853
 20
2.166350463431577
 10
3.775623597817709
 20
2.0237380375569023
 10
3.772734911515088
 20
1.8806720102554086
 10
3.769656953417827
 20
1.7371558506960703
 10
3.766320877050227
 20
1.5931354494953134
 10
3.762797232569617
 20
1.4488204274722136
 10
3.7590834989962545
 20
1.304246324757629
 10
3.755167551787614
 20
1.1594415772242515
 10
3.750968236823838
 20
1.0144242451622458
 10
3.7465687486698473
 20
0.8693293306338983
 10
3.741967678549611
 20
0.7241949964457449
 10
3.737158629946096
 20
0.5790612821377015
 10
3.7320496465334614
 20
0.4340376954320041
 10
3.7267345272016543
 20
0.28916151286025255
 10
3.721213011339569
 20
0.14446990329342593
 10
3.7154848561463876
 20
0.0
 10
3.640481028751184
 20
0.0032430278805670593
 10
3.56547720135598
 20
0.0064860557611341185
 10
3.490473373960776
 20
0.009729083641701178
 10
3.4154695465655722
 20
0.012972111522268237
 10
3.3404657191703686
 20
0.016215139402835303
 10
3.2654618917751645
 20
0.019458167283402363
 10
3.1904580643799605
 20
0.022701195163969422
 10
3.115454236984757
 20
0.02594422304453648
 10
3.0404504095895533
 20
0.02918725092510354
 10
2.965446582194349
 20
0.0324302788056706
 10
2.890442754799145
 20
0.035673306686237666
 10
2.8154389274039415
 20
0.038916334566804725
 10
2.740435100008738
 20
0.042159362447371784
 10
2.665431272613534
 20
0.045402390327938844
 10
2.59042744521833
 20
0.0486454182085059
  0
LWPOLYLINE
  5
3F
330
17
100
AcDbEntity
  8
KEDER
100
AcDbPolyline
 90
65
 70
0
 10
2.515423617823126
 20
0.05188844608907296
 10
2.5104529918035983
 20
0.2431243361604976
 10
2.504963465298986
 20
0.4348077275067573
 10
2.4989950715978986
 20
0.6267842682300461
 10
2.492589507816
 20
0.8188968223794952
 10
2.4857900336616177
 20
1.0109870481084098
 10
2.4786413544007884
 20
1.2028969787481107
 10
2.4711894889834927
 20
1.3944706014072334
 10
2.4634816241743676
 20
1.5855554276808361
 10
2.4555659554109344
 20
1.7760040507595087
 10
2.447491514995598
 20
1.965675682662413
 10
2.4393079881196096
 20
2.1544376644744014
 10
2.4310655171230486
 20
2.3421669413396
 10
2.422814494320566
 20
2.528751492547498
 10
2.4146053436747352
 20
2.7140917053442477
 10
2.406488291585196
 20
2.898101679124551
 10
2.3985131270911793
 20
3.0807104444399225
 10
2.3907289518673203
 20
3.261863078855262
 10
2.383183920538273
 20
3.4415216991913424
 10
2.3759249720566364
 20
3.619666307244002
 10
2.3689975531894922
 20
3.796295463861383
 10
2.362445335546785
 20
3.971426764533827
 10
2.3563099280593165
 20
4.145097088705222
 10
2.3506305873670925
 20
4.317362595188647
 10
2.345443929191225
 20
4.4882984377183845
 10
2.3407836444033125
 20
4.657998178127192
 10
2.3366802241309097
 20
4.826572880160312
 10
2.3331606987896745
 20
4.994149874647111
 10
2.330248396347349
 20
5.160871196569832
 10
2.3279627253347996
 20
5.326891706169531
 10
2.326318988064797
 20
5.4923769190120195
 10
2.3253282291568262
 20
5.657500583047826
 10
2.3249971237794984
 20
5.82244205310019
 10
2.325327909028326
 20
5.987383523794873
 10
2.3263183606091413
 20
6.152507189674386
 10
2.3279618155819226
 20
6.3179924053206475
 10
2.3302472404444567
 20
6.484012918309008
 10
2.3331593424165202
 20
6.65073424373344
 10
2.3366787205317747
 20
6.818311241312278
 10
2.3407820521429197
 20
6.986885945503555
 10
2.345442309750208
 20
7.156585686658793
 10
2.3506290026926306
 20
7.327521528133615
 10
2.3563084381791968
 20
7.499787031491784
 10
2.3624439963422335
 20
7.673457350340061
 10
2.3689964144054554
 20
7.848588643514024
 10
2.375924075609877
 20
8.025217790626737
 10
2.3831832991650814
 20
8.203362387470623
 10
2.390728628135242
 20
8.383020995306575
 10
2.398513112783635
 20
8.5641736164256
 10
2.4064885874546373
 20
8.746782368194191
 10
2.4146059395491424
 20
8.930792328740424
 10
2.422815369539488
 20
9.116132529164142
 10
2.4310666412727007
 20
9.302717069363819
 10
2.439309322031473
 20
9.490446337019046
 10
2.447493011969072
 20
9.679208311761641
 10
2.4555675626176074
 20
9.86887993897182
 10
2.463483284199126
 20
10.059328559855192
 10
2.4711911414557806
 20
10.250413386433442
 10
2.4786429376678063
 20
10.441987011784512
 10
2.4857914864540933
 20
10.633896947284367
 10
2.49259077085648
 20
10.825987179729895
 10
2.49899608910147
 20
11.018099742066065
 10
2.5049641863171934
 20
11.210076292006613
 10
2.5104533713643646
 20
11.401759693131401
 10
2.5154236178231275
 20
11.592995593068036
  0
LWPOLYLINE
  5
40
330
17
100
AcDbEntity
  8
KEDER
100
AcDbPolyline
 90
65
 70
0
 10
3.7154848561463876
 20
0.0
 10
3.723091054755237
 20
0.19183606944851606
 10
3.7302890211143382
 20
0.3841101370762427
 10
3.7370796916979403
 20
0.576678981167102
 10
3.7434654437532418
 20
0.7693964999209603
 10
3.749450112945294
 20
0.962115214102755
 10
3.7550389949615113
 20
1.1546877749496953
 10
3.7602388317686817
 20
1.3469684712817729
 10
3.765057783114327
 20
1.5388147297574046
 10
3.7695053837581334
 20
1.73008860196248
 10
3.773592486814516
 20
1.9206582315156435
 10
3.777331193490275
 20
2.110399293612507
 10
3.780734769417821
 20
2.299196398414645
 10
3.7838175477208233
 20
2.4869444484172156
 10
3.7865948189121545
 20
2.6735499384103405
 10
3.78908270772107
 20
2.8589321849047247
 10
3.7912980369857223
 20
3.0430244699595335
 10
3.7932581788368775
 20
3.225775082293239
 10
3.794980893547552
 20
3.40714823647003
 10
3.796484156639064
 20
3.587124848967683
 10
3.797785975122487
 20
3.765703148222163
 10
3.79890419411826
 20
3.942899094528154
 10
3.7998562955331496
 20
4.118746585210704
 10
3.800659190972992
 20
4.293297421055058
 10
3.801329011613184
 20
4.466621011877096
 10
3.8018808983077528
 20
4.638803802593079
 10
3.802328795752927
 20
4.809948406389265
 10
3.8026852549840733
 20
4.98017243866186
 10
3.802961248821855
 20
5.14960705418936
 10
3.803166005040068
 20
5.318395200201535
 10
3.8033068619565156
 20
5.486689609094344
 10
3.80338915081676
 20
5.654650565784048
 10
3.8034161087381824
 20
5.822443495235462
 10
3.803388825125298
 20
5.990236424634233
 10
3.8033062234022035
 20
6.158197381170366
 10
3.803165078705327
 20
6.326491789822065
 10
3.802960070927756
 20
6.495279935528886
 10
3.8026838713004714
 20
6.664714550721051
 10
3.802327259624641
 20
6.834938582674348
 10
3.801879268404699
 20
7.0060831862250925
 10
3.801327349520742
 20
7.178265976837899
 10
3.800657558738738
 20
7.351589567775323
 10
3.799854753278574
 20
7.526140404033541
 10
3.798902797810948
 20
7.701987895506242
 10
3.797784774587414
 20
7.8791838430475725
 10
3.7964831938691175
 20
8.057762144035177
 10
3.7949802013547513
 20
8.237738758792636
 10
3.793257779868254
 20
8.419111915754288
 10
3.791297943112263
 20
8.60186253136012
 10
3.789082919794932
 20
8.785954820096382
 10
3.786595326876551
 20
8.971337070561475
 10
3.7838183310484568
 20
9.157942564652664
 10
3.7807357978471554
 20
9.345690618679583
 10
3.777332428023943
 20
9.534487727197194
 10
3.773593880940375
 20
9.724228792438636
 10
3.7695068848505873
 20
9.91479842428586
 10
3.765059333971254
 20
10.106072297648078
 10
3.7602403722374738
 20
10.297918555862772
 10
3.7550404636062433
 20
10.490199250252502
 10
3.7494514487059427
 20
10.682771807242807
 10
3.7434665875471875
 20
10.875490515463191
 10
3.737080587913965
 20
11.068208026013323
 10
3.730289618950172
 20
11.26077685958199
 10
3.723091309351755
 20
11.453050914359913
 10
3.715484729475137
 20
11.644886968690985
  0
LWPOLYLINE
  5
41
330
17
100
AcDbEntity
  8
KEDER
100
AcDbPolyline
 90
2
 70
0
 10
2.515423617823126
 20
0.05188844608907296
 10
3.7154848561463876
 20
0.0
  0
LWPOLYLINE
  5
42
330
17
100
AcDbEntity
  8
KEDER
100
AcDbPolyline
 90
2
 70
0
 10
2.5154236178231275
 20
11.592995593068036
 10
3.715484729475137
 20
11.644886968690985
  0
LWPOLYLINE
  5
43
330
17
100
AcDbEntity
  8
CLAMP
100
AcDbPolyline
 90
42
 70
0
 10
2.633929955866408
 20
5.511677094552005
 10
2.633857977100407
 20
5.527224319630567
 10
2.633785998334406
 20
5.542771544709129
 10
2.633714019568405
 20
5.55831876978769
 10
2.6336420408024037
 20
5.573865994866251
 10
2.6335700620364024
 20
5.589413219944814
 10
2.6334980832704016
 20
5.604960445023376
 10
2.6334261045044003
 20
5.620507670101937
 10
2.6333541257383994
 20
5.636054895180499
 10
2.633282146972398
 20
5.651602120259061
 10
2.6332417335093363
 20
5.667138266693326
 10
2.633217668056325
 20
5.682668675378497
 10
2.6331936026033143
 20
5.698199084063668
 10
2.633169537150303
 20
5.713729492748839
 10
2.6331454716972917
 20
5.72925990143401
 10
2.6331214062442805
 20
5.744790310119182
 10
2.6330973407912692
 20
5.760320718804353
 10
2.633073275338258
 20
5.775851127489525
 10
2.6330492098852467
 20
5.791381536174696
 10
2.6330251444322355
 20
5.806911944859867
 10
2.633001078979224
 20
5.822442353545038
 10
2.6330251142893073
 20
5.837972762276888
 10
2.6330491495993904
 20
5.853503171008738
 10
2.6330731849094735
 20
5.869033579740588
 10
2.6330972202195566
 20
5.884563988472436
 10
2.6331212555296393
 20
5.900094397204287
 10
2.6331452908397224
 20
5.915624805936136
 10
2.6331693261498055
 20
5.931155214667985
 10
2.6331933614598886
 20
5.946685623399834
 10
2.6332173967699717
 20
5.962216032131685
 10
2.633241432080055
 20
5.977746440863535
 10
2.633281815810155
 20
5.9932825873742495
 10
2.6333537656347725
 20
6.008829812586749
 10
2.6334257154593903
 20
6.024377037799247
 10
2.633497665284008
 20
6.039924263011747
 10
2.633569615108626
 20
6.055471488224245
 10
2.633641564933243
 20
6.071018713436745
 10
2.633713514757861
 20
6.086565938649242
 10
2.6337854645824788
 20
6.102113163861742
 10
2.633857414407096
 20
6.117660389074239
 10
2.633929364231714
 20
6.133207614286739
 10
3.8033164343143393
 20
6.137434683914497
  0
LWPOLYLINE
  5
44
330
17
100
AcDbEntity
  8
CLAMP
100
AcDbPolyline
 90
2
 70
0
 10
2.633929955866408
 20
5.511677094552005
 10
3.803317034193731
 20
5.5074523063691965
  0
LWPOLYLINE
  5
45
330
17
100
AcDbEntity
  8
RECORTE
100
AcDbPolyline
 90
48
 70
1
 10
3.6235719266521786
 20
1.517191494606089
 10
3.608837306792882
 20
1.5701535975378291
 10
3.582817294080117
 20
1.6195226395279605
 10
3.551233235964588
 20
1.664978057356841
 10
3.5160022534512936
 20
1.7068911845737862
 10
3.4778680386296674
 20
1.7457704936757161
 10
3.436943138379001
 20
1.7820217211583491
 10
3.393064434285578
 20
1.8161412393536025
 10
3.345766431361165
 20
1.8483194834952736
 10
3.294415153695844
 20
1.8784635859827985
 10
3.2383101243067314
 20
1.906003733160899
 10
3.1769102211907874
 20
1.929428899789459
 10
3.110530280836983
 20
1.9441649910343912
 10
3.044414655318209
 20
1.9339346732535014
 10
2.983462111558718
 20
1.9146986675988216
 10
2.927894204882152
 20
1.8910176114049966
 10
2.877137725108419
 20
1.8644404785796735
 10
2.830479747471365
 20
1.8355845034615386
 10
2.7872838954795642
 20
1.8045857431830896
 10
2.747088327006377
 20
1.7712862880615499
 10
2.7096505716103505
 20
1.7351986175034093
 10
2.675157310108957
 20
1.695912444195482
 10
2.644377289464779
 20
1.652869257245352
 10
2.6192356166411566
 20
1.605561393642557
 10
2.6053695163646733
 20
1.553888047021912
 10
2.6226600450696633
 20
1.5010061545685112
 10
2.650730851074749
 20
1.4516196858822394
 10
2.6838552007237277
 20
1.4061268919693772
 10
2.7201055997226837
 20
1.3641034575105206
 10
2.758767840484615
 20
1.3250328786850762
 10
2.7997428277785255
 20
1.2884664211074957
 10
2.843254767250376
 20
1.2540252281603739
 10
2.8897594452845343
 20
1.2215166522261125
 10
2.939866465884603
 20
1.1910330642565996
 10
2.9942097314103098
 20
1.1631141162932572
 10
3.0533487670106947
 20
1.1393160673568303
 10
3.1170613567726395
 20
1.124272058966635
 10
3.180671493597327
 20
1.1344822050588155
 10
3.2396355277296327
 20
1.1538211732530133
 10
3.2937486152342226
 20
1.1776765468420833
 10
3.3435196968984773
 20
1.204453160119479
 10
3.3896628917852167
 20
1.2335587514100423
 10
3.43278915973472
 20
1.2648545916867342
 10
3.4733522240130217
 20
1.2984996882265711
 10
3.5115719339542135
 20
1.3348577101140486
 10
3.547278287294878
 20
1.3743928315983485
 10
3.579732870781254
 20
1.417678842040805
 10
3.607072016437197
 20
1.465275372224904
  0
TEXT
  5
46
330
17
100
AcDbEntity
  8
TEXTO
100
AcDbText
 10
3.1141712172201834
 20
1.5349419249158907
 30
0.0
 40
0.05
  1
Olho estar (dir,) · 0,94 x 0,83 m
 11
3.1141712172201834
 21
1.5349419249158907
 31
0.0
100
AcDbText
  0
TEXT
  5
47
330
17
100
AcDbEntity
  8
TEXTO
100
AcDbText
 10
2.3249971237794984
 20
-0.35
 30
0.0
 40
0.12
  1
P2 · x1 · 15.15 m2
 11
2.3249971237794984
 21
-0.35
 31
0.0
100
AcDbText
  0
TEXT
  5
48
330
17
100
AcDbEntity
  8
TEXTO
100
AcDbText
 10
2.3249971237794984
 20
-0.55
 30
0.0
 40
0.06
  1
ZION CASULO SENSORIAL · LONA EXTERNA · PVDF tipo II 1050 g/m² (poliéster de alta tenacidade, PVC + 
 11
2.3249971237794984
 21
-0.55
 31
0.0
100
AcDbText
  0
LWPOLYLINE
  5
49
330
17
100
AcDbEntity
  8
CONTORNO
100
AcDbPolyline
 90
112
 70
1
 10
4.493426105730567
 20
0.0
 10
4.4924501351496655
 20
0.04663982879046947
 10
4.491474164568763
 20
0.09327965758093894
 10
4.490498193987861
 20
0.13991948637140839
 10
4.489522223406959
 20
0.18655931516187788
 10
4.488542769702083
 20
0.2332897800470768
 10
4.487562861299974
 20
0.2800320768342872
 10
4.486582952897865
 20
0.32677437362149764
 10
4.485603044495755
 20
0.3735166704087081
 10
4.484621347746294
 20
0.420311225193036
 10
4.483639113980973
 20
0.4671214723277295
 10
4.482656880215653
 20
0.5139317194624231
 10
4.481674646450332
 20
0.5607419665971167
 10
4.480692049493515
 20
0.6075736106272684
 10
4.47970926004308
 20
0.6544165951372398
 10
4.478726470592645
 20
0.7012595796472112
 10
4.4777436811422096
 20
0.7481025641571827
 10
4.476761625185159
 20
0.7949440376356655
 10
4.475780198793628
 20
0.8417842141790393
 10
4.474798772402097
 20
0.8886243907224128
 10
4.4738173460105655
 20
0.9354645672657865
 10
4.4728373658564555
 20
0.982288547103828
 10
4.47185936126658
 20
1.0290904021985365
 10
4.470881356676703
 20
1.075892257293245
 10
4.469903352086826
 20
1.1226941123879537
 10
4.4689270709900075
 20
1.1694734081534623
 10
4.467954677011411
 20
1.2162018242364414
 10
4.466982283032814
 20
1.2629302403194207
 10
4.4660098890542175
 20
1.3096586564023998
 10
4.465039013217488
 20
1.3563664059177154
 10
4.464074537969805
 20
1.4029870237824902
 10
4.463110062722122
 20
1.449607641647265
 10
4.462145587474439
 20
1.4962282595120397
 10
4.461181900200035
 20
1.5428381236507043
 10
4.460227759562655
 20
1.5893177017472473
 10
4.459273618925276
 20
1.63579727984379
 10
4.458319478287896
 20
1.6822768579403329
 10
4.457365337650516
 20
1.7287564360368757
 10
4.456423539085039
 20
1.7750699831176155
 10
4.4554822443778805
 20
1.8213767520731627
 10
4.454540949670722
 20
1.8676835210287097
 10
4.530826270050336
 20
1.8680114612743812
 10
4.607111590429949
 20
1.8683394015200527
 10
4.683396910809563
 20
1.8686673417657242
 10
4.759682231189177
 20
1.868995282011396
 10
4.835967551568791
 20
1.8693232222570675
 10
4.912252871948405
 20
1.869651162502739
 10
4.9885381923280185
 20
1.8699791027484105
 10
5.0648235127076315
 20
1.870307042994082
 10
5.141108833087245
 20
1.8706349832397535
 10
5.217394153466859
 20
1.870962923485425
 10
5.293679473846473
 20
1.8712908637310965
 10
5.369964794226087
 20
1.871618803976768
 10
5.4462501146057
 20
1.8719467442224398
 10
5.522535434985314
 20
1.8722746844681113
 10
5.598820755364928
 20
1.8726026247137828
 10
5.675106075744542
 20
1.8729305649594543
 10
5.6755499775281955
 20
1.8267735061414374
 10
5.675993879311848
 20
1.7806164473234207
 10
5.676437962750221
 20
1.734452812147794
 10
5.676886495843414
 20
1.6881280882782965
 10
5.677335028936607
 20
1.6418033644087986
 10
5.677783562029801
 20
1.5954786405393009
 10
5.678232095122994
 20
1.5491539166698032
 10
5.678684047854674
 20
1.5027028698676559
 10
5.679136282841115
 20
1.4562413964519054
 10
5.679588517827556
 20
1.4097799230361552
 10
5.680040752813996
 20
1.3633184496204047
 10
5.68049532368226
 20
1.3167725915758166
 10
5.680950448593281
 20
1.2702067185236987
 10
5.6814055735043
 20
1.2236408454715808
 10
5.681860698415321
 20
1.177074972419463
 10
5.682317349477365
 20
1.1304599356666203
 10
5.682774677213117
 20
1.0838231004265588
 10
5.683232004948868
 20
1.0371862651864971
 10
5.6836893326846205
 20
0.9905494299464356
 10
5.684147611398418
 20
0.9438913547762806
 10
5.68460658628803
 20
0.8972177306398019
 10
5.685065561177642
 20
0.8505441065033233
 10
5.685524536067254
 20
0.8038704823668449
 10
5.685984078417934
 20
0.7571958261149021
 10
5.686444281905424
 20
0.7105199673672024
 10
5.6869044853929145
 20
0.6638441086195025
 10
5.687364688880406
 20
0.6171682498718025
 10
5.68782522213044
 20
0.5705035954117328
 10
5.688286377567083
 20
0.523860080883563
 10
5.688747533003727
 20
0.47721656635539317
 10
5.68920868844037
 20
0.4305730518272234
 10
5.689670033496057
 20
0.3839449157336241
 10
5.690132010013006
 20
0.3373679922481253
 10
5.690593986529954
 20
0.29079106876262634
 10
5.691055963046904
 20
0.2442141452771274
 10
5.691518036432215
 20
0.19764878611596803
 10
5.691980851859677
 20
0.1511720133203235
 10
5.692443667287138
 20
0.10469524052467931
 10
5.6929064827146
 20
0.05821846772903477
 10
5.693369298142062
 20
0.011741694933390235
 10
5.618372848616343
 20
0.011007839000053346
 10
5.543376399090625
 20
0.010273983066716456
 10
5.468379949564906
 20
0.009540127133379567
 10
5.393383500039188
 20
0.008806271200042676
 10
5.318387050513469
 20
0.008072415266705787
 10
5.243390600987751
 20
0.007338559333368897
 10
5.168394151462033
 20
0.0066047034000320075
 10
5.093397701936315
 20
0.005870847466695118
 10
5.018401252410596
 20
0.005136991533358228
 10
4.943404802884878
 20
0.004403135600021338
 10
4.868408353359159
 20
0.0036692796666844486
 10
4.793411903833441
 20
0.002935423733347559
 10
4.718415454307722
 20
0.002201567800010669
 10
4.643419004782004
 20
0.0014677118666737794
 10
4.568422555256285
 20
0.0007338559333368897
  0
LWPOLYLINE
  5
4A
330
17
100
AcDbEntity
  8
KEDER
100
AcDbPolyline
 90
41
 70
0
 10
4.493426105730567
 20
0.0
 10
4.4924501351496655
 20
0.04663982879046947
 10
4.491474164568763
 20
0.09327965758093894
 10
4.490498193987861
 20
0.13991948637140839
 10
4.489522223406959
 20
0.18655931516187788
 10
4.488542769702083
 20
0.2332897800470768
 10
4.487562861299974
 20
0.2800320768342872
 10
4.486582952897865
 20
0.32677437362149764
 10
4.485603044495755
 20
0.3735166704087081
 10
4.484621347746294
 20
0.420311225193036
 10
4.483639113980973
 20
0.4671214723277295
 10
4.482656880215653
 20
0.5139317194624231
 10
4.481674646450332
 20
0.5607419665971167
 10
4.480692049493515
 20
0.6075736106272684
 10
4.47970926004308
 20
0.6544165951372398
 10
4.478726470592645
 20
0.7012595796472112
 10
4.4777436811422096
 20
0.7481025641571827
 10
4.476761625185159
 20
0.7949440376356655
 10
4.475780198793628
 20
0.8417842141790393
 10
4.474798772402097
 20
0.8886243907224128
 10
4.4738173460105655
 20
0.9354645672657865
 10
4.4728373658564555
 20
0.982288547103828
 10
4.47185936126658
 20
1.0290904021985365
 10
4.470881356676703
 20
1.075892257293245
 10
4.469903352086826
 20
1.1226941123879537
 10
4.4689270709900075
 20
1.1694734081534623
 10
4.467954677011411
 20
1.2162018242364414
 10
4.466982283032814
 20
1.2629302403194207
 10
4.4660098890542175
 20
1.3096586564023998
 10
4.465039013217488
 20
1.3563664059177154
 10
4.464074537969805
 20
1.4029870237824902
 10
4.463110062722122
 20
1.449607641647265
 10
4.462145587474439
 20
1.4962282595120397
 10
4.461181900200035
 20
1.5428381236507043
 10
4.460227759562655
 20
1.5893177017472473
 10
4.459273618925276
 20
1.63579727984379
 10
4.458319478287896
 20
1.6822768579403329
 10
4.457365337650516
 20
1.7287564360368757
 10
4.456423539085039
 20
1.7750699831176155
 10
4.4554822443778805
 20
1.8213767520731627
 10
4.454540949670722
 20
1.8676835210287097
  0
LWPOLYLINE
  5
4B
330
17
100
AcDbEntity
  8
KEDER
100
AcDbPolyline
 90
41
 70
0
 10
5.693369298142062
 20
0.011741694933390235
 10
5.6929064827146
 20
0.05821846772903473
 10
5.692443667287138
 20
0.10469524052467923
 10
5.691980851859677
 20
0.15117201332032368
 10
5.691518036432216
 20
0.1976487861159682
 10
5.691055963046904
 20
0.24421414527712748
 10
5.690593986529954
 20
0.2907910687626264
 10
5.690132010013006
 20
0.33736799224812525
 10
5.689670033496057
 20
0.3839449157336242
 10
5.68920868844037
 20
0.4305730518272235
 10
5.688747533003727
 20
0.47721656635539317
 10
5.688286377567083
 20
0.523860080883563
 10
5.68782522213044
 20
0.5705035954117327
 10
5.687364688880406
 20
0.6171682498718025
 10
5.6869044853929145
 20
0.6638441086195024
 10
5.686444281905424
 20
0.7105199673672022
 10
5.685984078417934
 20
0.7571958261149022
 10
5.685524536067254
 20
0.8038704823668449
 10
5.685065561177642
 20
0.8505441065033236
 10
5.68460658628803
 20
0.8972177306398019
 10
5.684147611398418
 20
0.9438913547762806
 10
5.6836893326846205
 20
0.9905494299464356
 10
5.683232004948868
 20
1.0371862651864974
 10
5.682774677213117
 20
1.0838231004265588
 10
5.682317349477365
 20
1.1304599356666205
 10
5.681860698415321
 20
1.177074972419463
 10
5.6814055735043
 20
1.2236408454715808
 10
5.680950448593281
 20
1.2702067185236987
 10
5.68049532368226
 20
1.3167725915758164
 10
5.680040752813996
 20
1.3633184496204047
 10
5.679588517827556
 20
1.4097799230361552
 10
5.679136282841115
 20
1.4562413964519056
 10
5.678684047854674
 20
1.502702869867656
 10
5.678232095122994
 20
1.5491539166698032
 10
5.677783562029801
 20
1.5954786405393009
 10
5.677335028936607
 20
1.6418033644087986
 10
5.676886495843414
 20
1.6881280882782965
 10
5.676437962750221
 20
1.7344528121477942
 10
5.675993879311848
 20
1.7806164473234207
 10
5.6755499775281955
 20
1.8267735061414374
 10
5.675106075744542
 20
1.8729305649594543
  0
LWPOLYLINE
  5
4C
330
17
100
AcDbEntity
  8
KEDER
100
AcDbPolyline
 90
2
 70
0
 10
4.493426105730567
 20
0.0
 10
5.693369298142062
 20
0.011741694933390235
  0
LWPOLYLINE
  5
4D
330
17
100
AcDbEntity
  8
LINHA
100
AcDbPolyline
 90
2
 70
0
 10
4.454540949670722
 20
1.8676835210287097
 10
5.675106075744542
 20
1.8729305649594543
  0
TEXT
  5
4E
330
17
100
AcDbEntity
  8
TEXTO
100
AcDbText
 10
4.403317034193731
 20
-0.35
 30
0.0
 40
0.12
  1
T3D · x2 · 2.26 m2
 11
4.403317034193731
 21
-0.35
 31
0.0
100
AcDbText
  0
TEXT
  5
4F
330
17
100
AcDbEntity
  8
TEXTO
100
AcDbText
 10
4.403317034193731
 20
-0.55
 30
0.0
 40
0.06
  1
ZION CASULO SENSORIAL · LONA EXTERNA · PVC cristal 0,7 mm (ou ETFE 250 µm em 2 folhas) soldado por 
 11
4.403317034193731
 21
-0.55
 31
0.0
100
AcDbText
  0
LWPOLYLINE
  5
50
330
17
100
AcDbEntity
  8
CONTORNO
100
AcDbPolyline
 90
112
 70
1
 10
6.2933692981420615
 20
1.8676835210287097
 10
6.2914078770092345
 20
1.964701081893704
 10
6.28946428388955
 20
2.061484519143345
 10
6.28753929156546
 20
2.1580310536718694
 10
6.285633698645857
 20
2.254330514268121
 10
6.2837512258497314
 20
2.3503458333153966
 10
6.281889335261733
 20
2.446108201269897
 10
6.280055581380988
 20
2.5415383322055938
 10
6.278243176655001
 20
2.636716373247956
 10
6.2764644117558985
 20
2.7315143025159805
 10
6.274707324313902
 20
2.826067288291531
 10
6.272989849390321
 20
2.9201936562732853
 10
6.271293923581305
 20
3.0140879452032165
 10
6.269644029090149
 20
3.1075116831952636
 10
6.26801508581489
 20
3.200721249298516
 10
6.266439008574348
 20
3.29342014706717
 10
6.264882807571659
 20
3.3859270469805387
 10
6.263386686138926
 20
3.4778882380382314
 10
6.261908887041245
 20
3.569683005459714
 10
6.260498715740947
 20
3.660903356029413
 10
6.259104838053978
 20
3.751985311938416
 10
6.257786419898043
 20
3.8424716986719596
 10
6.256481802117543
 20
3.9328491650596393
 10
6.255260700941714
 20
4.022618626121847
 10
6.254050459090039
 20
4.1123090307264505
 10
6.252931951329871
 20
4.201388775039065
 10
6.251820937274052
 20
4.290418634869146
 10
6.250809963910773
 20
4.37884589532488
 10
6.249803109211455
 20
4.467248594503644
 10
6.248903843228179
 20
4.5550723862042535
 10
6.248009396755812
 20
4.642873385706682
 10
6.247221919153754
 20
4.730168513194802
 10
6.246443961995165
 20
4.81742489682015
 10
6.245771664311393
 20
4.904251294572898
 10
6.245113800361329
 20
4.9910285771314555
 10
6.244559616900218
 20
5.077453055110678
 10
6.244024933593129
 20
5.163824299106046
 10
6.243591310608232
 20
5.2499196558672026
 10
6.24318234409958
 20
5.335964417684808
 10
6.242871213318285
 20
5.42180842116802
 10
6.242589919035918
 20
5.5076115430647015
 10
6.320499070214057
 20
5.507605769763489
 10
6.398408221392194
 20
5.507599996462276
 10
6.476317372570332
 20
5.507594223161064
 10
6.55422652374847
 20
5.507588449859852
 10
6.632135674926608
 20
5.507582676558639
 10
6.710044826104745
 20
5.507576903257426
 10
6.787953977282884
 20
5.507571129956214
 10
6.865863128461021
 20
5.507565356655002
 10
6.943772279639159
 20
5.507559583353789
 10
7.021681430817297
 20
5.507553810052577
 10
7.099590581995435
 20
5.5075480367513645
 10
7.177499733173573
 20
5.507542263450151
 10
7.25540888435171
 20
5.507536490148939
 10
7.333318035529848
 20
5.507530716847727
 10
7.411227186707986
 20
5.507524943546514
 10
7.489136337886124
 20
5.507519170245302
 10
7.489279353109449
 20
5.421696228718574
 10
7.489437515334669
 20
5.335833646243858
 10
7.4896451815647485
 20
5.249776386373106
 10
7.489865323751749
 20
5.163670064071681
 10
7.490136365076856
 20
5.077296189660667
 10
7.490417227675151
 20
4.99087068957468
 10
7.490749998140906
 20
4.904103010010524
 10
7.491089994887554
 20
4.817287694410716
 10
7.491482504523452
 20
4.730055294556668
 10
7.491879745831492
 20
4.642785313339742
 10
7.492329691325036
 20
4.555024576157588
 10
7.4927820114196795
 20
4.4672417278348675
 10
7.493286810569756
 20
4.378897193863632
 10
7.4937935979530765
 20
4.290528826194823
 10
7.49434862671446
 20
4.201575702980002
 10
7.494907222816464
 20
4.112574165512532
 10
7.49550948847569
 20
4.022979965554462
 10
7.496116850080482
 20
3.933309028375078
 10
7.4967634034494415
 20
3.843047922591718
 10
7.4974163312651925
 20
3.752681077653335
 10
7.498104114130198
 20
3.661736058078506
 10
7.498799293746364
 20
3.5706566693216466
 10
7.49952517410267
 20
3.479019571747623
 10
7.500259216661528
 20
3.387220873750347
 10
7.501020023364682
 20
3.2948922823794025
 10
7.501789505439774
 20
3.2023772408354687
 10
7.50258206192751
 20
3.109366286463833
 10
7.50338356420432
 20
3.0161473348567682
 10
7.5042047210187235
 20
2.92247139846631
 10
7.5050348654669685
 20
2.8285700655773387
 10
7.505881531374136
 20
2.734254399054333
 10
7.506737016683171
 20
2.6397008415966225
 10
7.507606188244731
 20
2.544778116767386
 10
7.508483823361963
 20
2.4496105706546905
 10
7.509372612859355
 20
2.3541203670475594
 10
7.5102693485260374
 20
2.258384529740702
 10
7.51117501017452
 20
2.1623727705583713
 10
7.512087968394436
 20
2.066121125720732
 10
7.513007922810234
 20
1.9696394705215103
 10
7.513934424215881
 20
1.8729305649594543
 10
7.437649103836267
 20
1.8726026247137828
 10
7.361363783456653
 20
1.8722746844681113
 10
7.285078463077039
 20
1.8719467442224398
 10
7.208793142697425
 20
1.871618803976768
 10
7.132507822317812
 20
1.8712908637310965
 10
7.0562225019381986
 20
1.870962923485425
 10
6.979937181558585
 20
1.8706349832397535
 10
6.903651861178971
 20
1.870307042994082
 10
6.827366540799357
 20
1.8699791027484105
 10
6.751081220419744
 20
1.869651162502739
 10
6.67479590004013
 20
1.8693232222570675
 10
6.598510579660516
 20
1.868995282011396
 10
6.522225259280902
 20
1.8686673417657242
 10
6.445939938901288
 20
1.8683394015200527
 10
6.369654618521675
 20
1.8680114612743812
  0
LWPOLYLINE
  5
51
330
17
100
AcDbEntity
  8
KEDER
100
AcDbPolyline
 90
41
 70
0
 10
6.2933692981420615
 20
1.8676835210287097
 10
6.2914078770092345
 20
1.964701081893704
 10
6.28946428388955
 20
2.061484519143345
 10
6.28753929156546
 20
2.1580310536718694
 10
6.285633698645857
 20
2.254330514268121
 10
6.2837512258497314
 20
2.3503458333153966
 10
6.281889335261733
 20
2.446108201269897
 10
6.280055581380988
 20
2.5415383322055938
 10
6.278243176655001
 20
2.636716373247956
 10
6.2764644117558985
 20
2.7315143025159805
 10
6.274707324313902
 20
2.826067288291531
 10
6.272989849390321
 20
2.9201936562732853
 10
6.271293923581305
 20
3.0140879452032165
 10
6.269644029090149
 20
3.1075116831952636
 10
6.26801508581489
 20
3.200721249298516
 10
6.266439008574348
 20
3.29342014706717
 10
6.264882807571659
 20
3.3859270469805387
 10
6.263386686138926
 20
3.4778882380382314
 10
6.261908887041245
 20
3.569683005459714
 10
6.260498715740947
 20
3.660903356029413
 10
6.259104838053978
 20
3.751985311938416
 10
6.257786419898043
 20
3.8424716986719596
 10
6.256481802117543
 20
3.9328491650596393
 10
6.255260700941714
 20
4.022618626121847
 10
6.254050459090039
 20
4.1123090307264505
 10
6.252931951329871
 20
4.201388775039065
 10
6.251820937274052
 20
4.290418634869146
 10
6.250809963910773
 20
4.37884589532488
 10
6.249803109211455
 20
4.467248594503644
 10
6.248903843228179
 20
4.5550723862042535
 10
6.248009396755812
 20
4.642873385706682
 10
6.247221919153754
 20
4.730168513194802
 10
6.246443961995165
 20
4.81742489682015
 10
6.245771664311393
 20
4.904251294572898
 10
6.245113800361329
 20
4.9910285771314555
 10
6.244559616900218
 20
5.077453055110678
 10
6.244024933593129
 20
5.163824299106046
 10
6.243591310608232
 20
5.2499196558672026
 10
6.24318234409958
 20
5.335964417684808
 10
6.242871213318285
 20
5.42180842116802
 10
6.242589919035918
 20
5.5076115430647015
  0
LWPOLYLINE
  5
52
330
17
100
AcDbEntity
  8
KEDER
100
AcDbPolyline
 90
41
 70
0
 10
7.513934424215881
 20
1.8729305649594543
 10
7.513007922810234
 20
1.96963947052151
 10
7.512087968394436
 20
2.066121125720732
 10
7.51117501017452
 20
2.1623727705583717
 10
7.5102693485260374
 20
2.258384529740702
 10
7.509372612859355
 20
2.3541203670475594
 10
7.508483823361963
 20
2.4496105706546905
 10
7.507606188244731
 20
2.544778116767386
 10
7.506737016683171
 20
2.639700841596623
 10
7.505881531374136
 20
2.734254399054333
 10
7.5050348654669685
 20
2.8285700655773387
 10
7.5042047210187235
 20
2.92247139846631
 10
7.50338356420432
 20
3.016147334856768
 10
7.50258206192751
 20
3.1093662864638336
 10
7.501789505439774
 20
3.2023772408354687
 10
7.501020023364682
 20
3.2948922823794025
 10
7.500259216661528
 20
3.387220873750347
 10
7.49952517410267
 20
3.4790195717476227
 10
7.498799293746364
 20
3.5706566693216466
 10
7.498104114130198
 20
3.661736058078506
 10
7.4974163312651925
 20
3.752681077653335
 10
7.4967634034494415
 20
3.843047922591718
 10
7.496116850080482
 20
3.933309028375078
 10
7.49550948847569
 20
4.022979965554461
 10
7.494907222816464
 20
4.112574165512532
 10
7.49434862671446
 20
4.201575702980002
 10
7.4937935979530765
 20
4.290528826194823
 10
7.493286810569756
 20
4.378897193863633
 10
7.4927820114196795
 20
4.4672417278348675
 10
7.492329691325036
 20
4.555024576157588
 10
7.491879745831492
 20
4.642785313339742
 10
7.491482504523452
 20
4.730055294556668
 10
7.491089994887554
 20
4.817287694410717
 10
7.490749998140906
 20
4.904103010010524
 10
7.490417227675151
 20
4.99087068957468
 10
7.490136365076856
 20
5.077296189660667
 10
7.489865323751749
 20
5.163670064071681
 10
7.4896451815647485
 20
5.249776386373106
 10
7.489437515334669
 20
5.335833646243858
 10
7.489279353109449
 20
5.421696228718573
 10
7.489136337886124
 20
5.507519170245302
  0
LWPOLYLINE
  5
53
330
17
100
AcDbEntity
  8
CLAMP
100
AcDbPolyline
 90
2
 70
0
 10
6.242589919035918
 20
5.5076115430647015
 10
7.489136337886124
 20
5.507519170245302
  0
LWPOLYLINE
  5
54
330
17
100
AcDbEntity
  8
LINHA
100
AcDbPolyline
 90
2
 70
0
 10
6.2933692981420615
 20
1.8676835210287097
 10
7.513934424215881
 20
1.8729305649594543
  0
TEXT
  5
55
330
17
100
AcDbEntity
  8
TEXTO
100
AcDbText
 10
6.24214538266507
 20
-0.35
 30
0.0
 40
0.12
  1
P3D · x2 · 4.50 m2
 11
6.24214538266507
 21
-0.35
 31
0.0
100
AcDbText
  0
TEXT
  5
56
330
17
100
AcDbEntity
  8
TEXTO
100
AcDbText
 10
6.24214538266507
 20
-0.55
 30
0.0
 40
0.06
  1
ZION CASULO SENSORIAL · LONA EXTERNA · PVDF tipo II 1050 g/m² (poliéster de alta tenacidade, PVC + 
 11
6.24214538266507
 21
-0.55
 31
0.0
100
AcDbText
  0
LWPOLYLINE
  5
57
330
17
100
AcDbEntity
  8
CONTORNO
100
AcDbPolyline
 90
112
 70
1
 10
8.527421113100317
 20
0.0
 10
8.52254719254045
 20
0.047014593250044805
 10
8.517673271980584
 20
0.09402918650008961
 10
8.512799351420718
 20
0.1410437797501344
 10
8.50792543086085
 20
0.18805837300017922
 10
8.503092829638668
 20
0.23517479781527845
 10
8.498262261841617
 20
0.2822962340094305
 10
8.493431694044565
 20
0.3294176702035826
 10
8.488601126247513
 20
0.3765391063977347
 10
8.48381077623955
 20
0.4237263176144746
 10
8.479024589549054
 20
0.4709203378156631
 10
8.474238402858559
 20
0.5181143580168517
 10
8.469452216168063
 20
0.5653083782180401
 10
8.464705945411293
 20
0.6125348229390092
 10
8.45996621108215
 20
0.6597665773322621
 10
8.455226476753008
 20
0.7069983317255151
 10
8.450486742423866
 20
0.7542300861187681
 10
8.445787251971304
 20
0.8014639925446306
 10
8.441097055679869
 20
0.8486983959737523
 10
8.436406859388434
 20
0.8959327994028738
 10
8.431716663097001
 20
0.9431672028319956
 10
8.427067499794534
 20
0.9903768699275493
 10
8.422430907820814
 20
1.0375789585212896
 10
8.417794315847095
 20
1.0847810471150299
 10
8.413157723873375
 20
1.1319831357087704
 10
8.408563249219071
 20
1.1791372224727736
 10
8.403985269524853
 20
1.2262725096484726
 10
8.399407289830636
 20
1.2734077968241715
 10
8.394829310136418
 20
1.3205430839998704
 10
8.390294665321356
 20
1.3676108971000083
 10
8.38578120365612
 20
1.4146457272201594
 10
8.381267741990882
 20
1.4616805573403107
 10
8.376754280325645
 20
1.5087153874604622
 10
8.372285347497117
 20
1.555667165952766
 10
8.36784315857736
 20
1.6025690638435894
 10
8.3634009696576
 20
1.6494709617344125
 10
8.358958780737842
 20
1.6963728596252357
 10
8.354562140472986
 20
1.7431800554018888
 10
8.350198774203152
 20
1.7899180698232973
 10
8.34583540793332
 20
1.8366560842447062
 10
8.341472041663486
 20
1.883394098666115
 10
8.416476303513411
 20
1.8871628622547556
 10
8.491480565363336
 20
1.8909316258433961
 10
8.566484827213259
 20
1.8947003894320367
 10
8.641489089063183
 20
1.8984691530206774
 10
8.716493350913108
 20
1.902237916609318
 10
8.791497612763033
 20
1.9060066801979585
 10
8.866501874612958
 20
1.909775443786599
 10
8.94150613646288
 20
1.9135442073752396
 10
9.016510398312805
 20
1.91731297096388
 10
9.09151466016273
 20
1.9210817345525206
 10
9.166518922012655
 20
1.9248504981411612
 10
9.24152318386258
 20
1.9286192617298017
 10
9.316527445712502
 20
1.9323880253184424
 10
9.391531707562427
 20
1.936156788907083
 10
9.466535969412352
 20
1.9399255524957235
 10
9.541540231262276
 20
1.943694316084364
 10
9.545773354183243
 20
1.8983232539658117
 10
9.550006477104212
 20
1.8529521918472596
 10
9.55423960002518
 20
1.8075811297287074
 10
9.558504495723271
 20
1.762157077880186
 10
9.562812885064353
 20
1.716660488576454
 10
9.567121274405437
 20
1.6711638992727222
 10
9.571429663746521
 20
1.6256673099689902
 10
9.575763636722101
 20
1.5801328269923525
 10
9.580140206667814
 20
1.5345352507264096
 10
9.584516776613526
 20
1.4889376744604665
 10
9.58889334655924
 20
1.4433400981945237
 10
9.593290264688001
 20
1.3977178311314273
 10
9.597728809584302
 20
1.352045053510659
 10
9.602167354480601
 20
1.3063722758898906
 10
9.606605899376902
 20
1.260699498269122
 10
9.611060402841284
 20
1.215013084981174
 10
9.615555654031395
 20
1.1692918551342828
 10
9.620050905221504
 20
1.1235706252873918
 10
9.624546156411613
 20
1.077849395440501
 10
9.629053702091305
 20
1.0321232340686568
 10
9.63360137715314
 20
0.9863809761319182
 10
9.638149052214974
 20
0.9406387181951796
 10
9.642696727276808
 20
0.8948964602584412
 10
9.647253627292375
 20
0.8491554739747738
 10
9.651850471515315
 20
0.8034199939706448
 10
9.656447315738257
 20
0.7576845139665159
 10
9.661044159961197
 20
0.711949033962387
 10
9.66564761425236
 20
0.6662184324732036
 10
9.67029143417748
 20
0.6205176225598245
 10
9.6749352541026
 20
0.5748168126464455
 10
9.679579074027721
 20
0.5291160027330662
 10
9.684227196837954
 20
0.48342104195202834
 10
9.688916885665515
 20
0.43778258398940095
 10
9.693606574493074
 20
0.3921441260267735
 10
9.698296263320636
 20
0.3465056680641461
 10
9.702988103445984
 20
0.30087140935359014
 10
9.707723658089478
 20
0.25532247973228783
 10
9.71245921273297
 20
0.20977355011098583
 10
9.717194767376464
 20
0.16422462048968353
 10
9.721930322019956
 20
0.11867569086838121
 10
9.647273496462478
 20
0.11125846018910739
 10
9.572616670905001
 20
0.10384122950983356
 10
9.497959845347523
 20
0.09642399883055974
 10
9.423303019790048
 20
0.08900676815128591
 10
9.34864619423257
 20
0.08158953747201209
 10
9.273989368675092
 20
0.07417230679273826
 10
9.199332543117615
 20
0.06675507611346443
 10
9.124675717560137
 20
0.05933784543419061
 10
9.05001889200266
 20
0.05192061475491678
 10
8.975362066445182
 20
0.04450338407564296
 10
8.900705240887705
 20
0.03708615339636913
 10
8.826048415330227
 20
0.029668922717095304
 10
8.75139158977275
 20
0.02225169203782148
 10
8.676734764215272
 20
0.014834461358547652
 10
8.602077938657795
 20
0.007417230679273826
  0
LWPOLYLINE
  5
58
330
17
100
AcDbEntity
  8
KEDER
100
AcDbPolyline
 90
41
 70
0
 10
8.527421113100317
 20
0.0
 10
8.52254719254045
 20
0.047014593250044805
 10
8.517673271980584
 20
0.09402918650008961
 10
8.512799351420718
 20
0.1410437797501344
 10
8.50792543086085
 20
0.18805837300017922
 10
8.503092829638668
 20
0.23517479781527845
 10
8.498262261841617
 20
0.2822962340094305
 10
8.493431694044565
 20
0.3294176702035826
 10
8.488601126247513
 20
0.3765391063977347
 10
8.48381077623955
 20
0.4237263176144746
 10
8.479024589549054
 20
0.4709203378156631
 10
8.474238402858559
 20
0.5181143580168517
 10
8.469452216168063
 20
0.5653083782180401
 10
8.464705945411293
 20
0.6125348229390092
 10
8.45996621108215
 20
0.6597665773322621
 10
8.455226476753008
 20
0.7069983317255151
 10
8.450486742423866
 20
0.7542300861187681
 10
8.445787251971304
 20
0.8014639925446306
 10
8.441097055679869
 20
0.8486983959737523
 10
8.436406859388434
 20
0.8959327994028738
 10
8.431716663097001
 20
0.9431672028319956
 10
8.427067499794534
 20
0.9903768699275493
 10
8.422430907820814
 20
1.0375789585212896
 10
8.417794315847095
 20
1.0847810471150299
 10
8.413157723873375
 20
1.1319831357087704
 10
8.408563249219071
 20
1.1791372224727736
 10
8.403985269524853
 20
1.2262725096484726
 10
8.399407289830636
 20
1.2734077968241715
 10
8.394829310136418
 20
1.3205430839998704
 10
8.390294665321356
 20
1.3676108971000083
 10
8.38578120365612
 20
1.4146457272201594
 10
8.381267741990882
 20
1.4616805573403107
 10
8.376754280325645
 20
1.5087153874604622
 10
8.372285347497117
 20
1.555667165952766
 10
8.36784315857736
 20
1.6025690638435894
 10
8.3634009696576
 20
1.6494709617344125
 10
8.358958780737842
 20
1.6963728596252357
 10
8.354562140472986
 20
1.7431800554018888
 10
8.350198774203152
 20
1.7899180698232973
 10
8.34583540793332
 20
1.8366560842447062
 10
8.341472041663486
 20
1.883394098666115
  0
LWPOLYLINE
  5
59
330
17
100
AcDbEntity
  8
KEDER
100
AcDbPolyline
 90
41
 70
0
 10
9.721930322019956
 20
0.11867569086838121
 10
9.717194767376464
 20
0.16422462048968348
 10
9.71245921273297
 20
0.20977355011098575
 10
9.707723658089478
 20
0.255322479732288
 10
9.702988103445984
 20
0.3008714093535903
 10
9.698296263320636
 20
0.34650566806414623
 10
9.693606574493074
 20
0.3921441260267736
 10
9.688916885665515
 20
0.43778258398940095
 10
9.684227196837954
 20
0.48342104195202834
 10
9.679579074027721
 20
0.5291160027330662
 10
9.6749352541026
 20
0.5748168126464454
 10
9.67029143417748
 20
0.6205176225598246
 10
9.66564761425236
 20
0.6662184324732036
 10
9.661044159961197
 20
0.7119490339623871
 10
9.656447315738257
 20
0.7576845139665159
 10
9.651850471515315
 20
0.8034199939706448
 10
9.647253627292375
 20
0.8491554739747738
 10
9.642696727276808
 20
0.8948964602584412
 10
9.638149052214974
 20
0.9406387181951799
 10
9.63360137715314
 20
0.9863809761319182
 10
9.629053702091305
 20
1.0321232340686568
 10
9.624546156411613
 20
1.077849395440501
 10
9.620050905221504
 20
1.123570625287392
 10
9.615555654031395
 20
1.1692918551342828
 10
9.611060402841284
 20
1.215013084981174
 10
9.606605899376902
 20
1.260699498269122
 10
9.602167354480601
 20
1.3063722758898906
 10
9.597728809584302
 20
1.352045053510659
 10
9.593290264688001
 20
1.3977178311314273
 10
9.588893346559239
 20
1.443340098194524
 10
9.584516776613526
 20
1.4889376744604665
 10
9.580140206667814
 20
1.5345352507264096
 10
9.575763636722101
 20
1.5801328269923525
 10
9.571429663746521
 20
1.6256673099689902
 10
9.567121274405437
 20
1.6711638992727222
 10
9.562812885064353
 20
1.716660488576454
 10
9.558504495723271
 20
1.762157077880186
 10
9.554239600025179
 20
1.8075811297287077
 10
9.550006477104212
 20
1.8529521918472596
 10
9.545773354183243
 20
1.8983232539658117
 10
9.541540231262276
 20
1.943694316084364
  0
LWPOLYLINE
  5
5A
330
17
100
AcDbEntity
  8
KEDER
100
AcDbPolyline
 90
2
 70
0
 10
8.527421113100317
 20
0.0
 10
9.721930322019956
 20
0.11867569086838121
  0
LWPOLYLINE
  5
5B
330
17
100
AcDbEntity
  8
LINHA
100
AcDbPolyline
 90
2
 70
0
 10
8.341472041663486
 20
1.883394098666115
 10
9.541540231262276
 20
1.943694316084364
  0
TEXT
  5
5C
330
17
100
AcDbEntity
  8
TEXTO
100
AcDbText
 10
8.113489887845033
 20
-0.35
 30
0.0
 40
0.12
  1
T4D · x2 · 2.24 m2
 11
8.113489887845033
 21
-0.35
 31
0.0
100
AcDbText
  0
TEXT
  5
5D
330
17
100
AcDbEntity
  8
TEXTO
100
AcDbText
 10
8.113489887845033
 20
-0.55
 30
0.0
 40
0.06
  1
ZION CASULO SENSORIAL · LONA EXTERNA · PVC cristal 0,7 mm (ou ETFE 250 µm em 2 folhas) soldado por 
 11
8.113489887845033
 21
-0.55
 31
0.0
100
AcDbText
  0
LWPOLYLINE
  5
5E
330
17
100
AcDbEntity
  8
CONTORNO
100
AcDbPolyline
 90
112
 70
1
 10
10.321930322019957
 20
1.883394098666115
 10
10.313131477578475
 20
1.9788111558069388
 10
10.304373490842137
 20
2.0741376994308083
 10
10.295771921423128
 20
2.169106228590821
 10
10.287210685627432
 20
2.263982440475661
 10
10.278826631509498
 20
2.358448872606852
 10
10.270481728959421
 20
2.452824756324487
 10
10.262336624569414
 20
2.546741513879729
 10
10.254228718624823
 20
2.640572791270969
 10
10.246345013842008
 20
2.7338989186802087
 10
10.238495683411303
 20
2.827147596877274
 10
10.230896651330093
 20
2.9198493405669
 10
10.223328213211412
 20
3.0124842324620174
 10
10.21603774414772
 20
3.104535561289301
 10
10.20877306305989
 20
3.1965327513193436
 10
10.201815444834638
 20
3.287915807445099
 10
10.194877731208022
 20
3.37925905384339
 10
10.188277416088924
 20
3.469964523323714
 10
10.181690011998704
 20
3.5606455873724134
 10
10.175471371133092
 20
3.650672979202448
 10
10.169261959609672
 20
3.740684559550423
 10
10.163444591884067
 20
3.8300496936696047
 10
10.15764196893627
 20
3.9193924060602203
 10
10.152243428233488
 20
4.008120648532515
 10
10.14687096773196
 20
4.096812666844097
 10
10.14191278303473
 20
4.184929275741942
 10
10.13699295910545
 20
4.272997754864242
 10
10.132495588789324
 20
4.3605361977368835
 10
10.12804970104752
 20
4.448017060524395
 10
10.124032283458169
 20
4.535018705864512
 10
10.120080184380734
 20
4.621956287842354
 10
10.116560294199974
 20
4.708469966177681
 10
10.113120123743693
 20
4.794916514101157
 10
10.110113539049724
 20
4.880997947983096
 10
10.10720147219112
 20
4.96701297207645
 10
10.104721957471536
 20
5.052724077909374
 10
10.102351970713402
 20
5.138373561985742
 10
10.100411081230481
 20
5.223781630742388
 10
10.098594744226608
 20
5.309137109248669
 10
10.097201657019081
 20
5.394313877440016
 10
10.09594795526246
 20
5.479451393509108
 10
10.171344808867818
 20
5.479530731214093
 10
10.246741662473177
 20
5.4796100689190785
 10
10.322138516078535
 20
5.479689406624064
 10
10.397535369683892
 20
5.47976874432905
 10
10.47293222328925
 20
5.479848082034035
 10
10.548329076894609
 20
5.47992741973902
 10
10.623725930499967
 20
5.480006757444006
 10
10.699122784105324
 20
5.480086095148991
 10
10.774519637710682
 20
5.480165432853976
 10
10.84991649131604
 20
5.480244770558961
 10
10.925313344921399
 20
5.480324108263947
 10
11.000710198526756
 20
5.480403445968932
 10
11.076107052132114
 20
5.480482783673918
 10
11.151503905737473
 20
5.480562121378903
 10
11.226900759342831
 20
5.4806414590838886
 10
11.302297612948188
 20
5.480720796788874
 10
11.303517415375246
 20
5.3959630559509195
 10
11.304872840680975
 20
5.311175311142324
 10
11.306640132106892
 20
5.226250896406526
 10
11.3085286260632
 20
5.141286262919554
 10
11.310834725504224
 20
5.056136885101634
 10
11.313247419603552
 20
4.970940350913524
 10
11.316081128651293
 20
4.88551105366345
 10
11.31900683451974
 20
4.800030894889909
 10
11.322354594543214
 20
4.714270840652711
 10
11.325779954072667
 20
4.628459324418404
 10
11.329626033272309
 20
4.542322501344897
 10
11.333535694649465
 20
4.456136515566001
 10
11.337862400779642
 20
4.369582354709231
 10
11.342239216672123
 20
4.282983955996679
 10
11.347027130951055
 20
4.19597785103798
 10
11.351852374890136
 20
4.108934724441369
 10
11.357080602500933
 20
4.0214484490901246
 10
11.362334199431281
 20
3.933934275878113
 10
11.367980632067892
 20
3.845946296833928
 10
11.373641399101215
 20
3.7579410288298676
 10
11.379682985202841
 20
3.6694367146693994
 10
11.385733531389633
 20
3.580920187134616
 10
11.392141897408678
 20
3.49189848421509
 10
11.398562774494078
 20
3.4028579017933613
 10
11.405310598034022
 20
3.313323949251718
 10
11.412077678512317
 20
3.22375917589687
 10
11.419141830573018
 20
3.1337189381881467
 10
11.426230885097432
 20
3.0436367611609305
 10
11.433588363725466
 20
2.9531025194664347
 10
11.440975324584022
 20
2.8625164736376627
 10
11.448603488380336
 20
2.771506602706339
 10
11.456264704195029
 20
2.6804367175367267
 10
11.464141496463265
 20
2.588975399187357
 10
11.472053976184116
 20
2.497447875782655
 10
11.480158138307031
 20
2.4055647555755795
 10
11.488299782935089
 20
2.3136115812445484
 10
11.496611055843974
 20
2.2213413747256654
 10
11.504960876632733
 20
2.128999882321976
 10
11.513460189469633
 20
2.036381937024913
 10
11.521998511618747
 20
1.943694316084364
 10
11.446994249768823
 20
1.9399255524957235
 10
11.371989987918898
 20
1.936156788907083
 10
11.296985726068973
 20
1.9323880253184424
 10
11.221981464219049
 20
1.9286192617298017
 10
11.146977202369126
 20
1.9248504981411612
 10
11.071972940519201
 20
1.9210817345525206
 10
10.996968678669276
 20
1.91731297096388
 10
10.921964416819351
 20
1.9135442073752396
 10
10.846960154969429
 20
1.909775443786599
 10
10.771955893119504
 20
1.9060066801979585
 10
10.69695163126958
 20
1.902237916609318
 10
10.621947369419654
 20
1.8984691530206774
 10
10.54694310756973
 20
1.8947003894320367
 10
10.471938845719807
 20
1.8909316258433961
 10
10.396934583869882
 20
1.8871628622547556
  0
LWPOLYLINE
  5
5F
330
17
100
AcDbEntity
  8
KEDER
100
AcDbPolyline
 90
41
 70
0
 10
10.321930322019957
 20
1.883394098666115
 10
10.313131477578475
 20
1.9788111558069388
 10
10.304373490842137
 20
2.0741376994308083
 10
10.295771921423128
 20
2.169106228590821
 10
10.287210685627432
 20
2.263982440475661
 10
10.278826631509498
 20
2.358448872606852
 10
10.270481728959421
 20
2.452824756324487
 10
10.262336624569414
 20
2.546741513879729
 10
10.254228718624823
 20
2.640572791270969
 10
10.246345013842008
 20
2.7338989186802087
 10
10.238495683411303
 20
2.827147596877274
 10
10.230896651330093
 20
2.9198493405669
 10
10.223328213211412
 20
3.0124842324620174
 10
10.21603774414772
 20
3.104535561289301
 10
10.20877306305989
 20
3.1965327513193436
 10
10.201815444834638
 20
3.287915807445099
 10
10.194877731208022
 20
3.37925905384339
 10
10.188277416088924
 20
3.469964523323714
 10
10.181690011998704
 20
3.5606455873724134
 10
10.175471371133092
 20
3.650672979202448
 10
10.169261959609672
 20
3.740684559550423
 10
10.163444591884067
 20
3.8300496936696047
 10
10.15764196893627
 20
3.9193924060602203
 10
10.152243428233488
 20
4.008120648532515
 10
10.14687096773196
 20
4.096812666844097
 10
10.14191278303473
 20
4.184929275741942
 10
10.13699295910545
 20
4.272997754864242
 10
10.132495588789324
 20
4.3605361977368835
 10
10.12804970104752
 20
4.448017060524395
 10
10.124032283458169
 20
4.535018705864512
 10
10.120080184380734
 20
4.621956287842354
 10
10.116560294199974
 20
4.708469966177681
 10
10.113120123743693
 20
4.794916514101157
 10
10.110113539049724
 20
4.880997947983096
 10
10.10720147219112
 20
4.96701297207645
 10
10.104721957471536
 20
5.052724077909374
 10
10.102351970713402
 20
5.138373561985742
 10
10.100411081230481
 20
5.223781630742388
 10
10.098594744226608
 20
5.309137109248669
 10
10.097201657019081
 20
5.394313877440016
 10
10.09594795526246
 20
5.479451393509108
  0
LWPOLYLINE
  5
60
330
17
100
AcDbEntity
  8
KEDER
100
AcDbPolyline
 90
41
 70
0
 10
11.521998511618747
 20
1.943694316084364
 10
11.513460189469633
 20
2.036381937024913
 10
11.504960876632733
 20
2.128999882321976
 10
11.496611055843974
 20
2.221341374725666
 10
11.488299782935089
 20
2.313611581244549
 10
11.480158138307031
 20
2.4055647555755795
 10
11.472053976184116
 20
2.4974478757826555
 10
11.464141496463265
 20
2.5889753991873574
 10
11.456264704195029
 20
2.6804367175367276
 10
11.448603488380336
 20
2.7715066027063395
 10
11.440975324584022
 20
2.862516473637663
 10
11.433588363725466
 20
2.9531025194664347
 10
11.426230885097432
 20
3.0436367611609305
 10
11.419141830573018
 20
3.1337189381881467
 10
11.412077678512317
 20
3.2237591758968707
 10
11.405310598034022
 20
3.313323949251719
 10
11.398562774494078
 20
3.4028579017933613
 10
11.392141897408678
 20
3.49189848421509
 10
11.385733531389633
 20
3.580920187134616
 10
11.379682985202841
 20
3.6694367146694
 10
11.373641399101215
 20
3.7579410288298676
 10
11.367980632067892
 20
3.845946296833928
 10
11.362334199431281
 20
3.933934275878114
 10
11.357080602500933
 20
4.0214484490901246
 10
11.351852374890136
 20
4.10893472444137
 10
11.347027130951055
 20
4.19597785103798
 10
11.342239216672123
 20
4.282983955996679
 10
11.337862400779642
 20
4.369582354709232
 10
11.333535694649465
 20
4.456136515566002
 10
11.329626033272309
 20
4.542322501344897
 10
11.325779954072667
 20
4.628459324418404
 10
11.322354594543214
 20
4.714270840652712
 10
11.31900683451974
 20
4.800030894889909
 10
11.316081128651293
 20
4.885511053663451
 10
11.313247419603552
 20
4.970940350913524
 10
11.310834725504224
 20
5.056136885101635
 10
11.3085286260632
 20
5.141286262919555
 10
11.306640132106892
 20
5.226250896406526
 10
11.304872840680975
 20
5.311175311142324
 10
11.303517415375246
 20
5.3959630559509195
 10
11.302297612948188
 20
5.480720796788874
  0
LWPOLYLINE
  5
61
330
17
100
AcDbEntity
  8
CLAMP
100
AcDbPolyline
 90
2
 70
0
 10
10.09594795526246
 20
5.479451393509108
 10
11.302297612948188
 20
5.480720796788874
  0
LWPOLYLINE
  5
62
330
17
100
AcDbEntity
  8
LINHA
100
AcDbPolyline
 90
2
 70
0
 10
10.321930322019957
 20
1.883394098666115
 10
11.521998511618747
 20
1.943694316084364
  0
TEXT
  5
63
330
17
100
AcDbEntity
  8
TEXTO
100
AcDbText
 10
10.093948168201504
 20
-0.35
 30
0.0
 40
0.12
  1
P4D · x2 · 4.30 m2
 11
10.093948168201504
 21
-0.35
 31
0.0
100
AcDbText
  0
TEXT
  5
64
330
17
100
AcDbEntity
  8
TEXTO
100
AcDbText
 10
10.093948168201504
 20
-0.55
 30
0.0
 40
0.06
  1
ZION CASULO SENSORIAL · LONA EXTERNA · PVDF tipo II 1050 g/m² (poliéster de alta tenacidade, PVC + 
 11
10.093948168201504
 21
-0.55
 31
0.0
100
AcDbText
  0
LWPOLYLINE
  5
65
330
17
100
AcDbEntity
  8
CONTORNO
100
AcDbPolyline
 90
112
 70
1
 10
13.009796004041581
 20
0.0
 10
12.97561322450046
 20
0.1353999173047718
 10
12.941778505744022
 20
0.2710653107770383
 10
12.908294453665205
 20
0.4069666336445361
 10
12.875163769896576
 20
0.543074328777303
 10
12.84256045105108
 20
0.6794009326596008
 10
12.810341017019791
 20
0.8158225351905344
 10
12.778503232787042
 20
0.9523057007060436
 10
12.747055010319983
 20
1.0888212219650322
 10
12.716188522953605
 20
1.225307779128946
 10
12.685773586175193
 20
1.3617160534340385
 10
12.655799941679348
 20
1.4980207902112816
 10
12.626280029655145
 20
1.6341957142663628
 10
12.597430378158718
 20
1.7701258817323975
 10
12.569129579865313
 20
1.9058177210499696
 10
12.54135373840046
 20
2.0412646855483905
 10
12.514118890505593
 20
2.176445809304698
 10
12.487667693082182
 20
2.3112156236524966
 10
12.46188809197881
 20
2.445616305911737
 10
12.436735083971403
 20
2.5796672841487167
 10
12.412227123027174
 20
2.7133548546000688
 10
12.388630506754954
 20
2.846526409798501
 10
12.36584726386346
 20
2.979241652078572
 10
12.343802714982838
 20
3.111548578224276
 10
12.322516292563709
 20
3.2434420462820017
 10
12.30227149367611
 20
3.37478337113455
 10
12.28299202135537
 20
3.505635770020217
 10
12.264564834160966
 20
3.6360728589586957
 10
12.247008664935196
 20
3.766098496305979
 10
12.23061441504659
 20
3.8956043013266632
 10
12.21533634551573
 20
4.024648830289071
 10
12.201015494948713
 20
4.153322737486259
 10
12.187668079057296
 20
4.281638324216819
 10
12.175580284409488
 20
4.409527473156397
 10
12.16474537290247
 20
4.5370422793646705
 10
12.15495346139584
 20
4.66427708478565
 10
12.146216495374544
 20
4.791251073384909
 10
12.13880300576774
 20
4.917939120957777
 10
12.132751560632892
 20
5.04439077360158
 10
12.127800278238302
 20
5.170687750849313
 10
12.12395542651575
 20
5.29685370458034
 10
12.200678936209412
 20
5.297286263401171
 10
12.277402445903075
 20
5.297718822222001
 10
12.354125955596738
 20
5.298151381042832
 10
12.4308494652904
 20
5.298583939863661
 10
12.507572974984063
 20
5.299016498684492
 10
12.584296484677726
 20
5.299449057505322
 10
12.661019994371388
 20
5.299881616326153
 10
12.737743504065051
 20
5.300314175146983
 10
12.814467013758714
 20
5.300746733967814
 10
12.891190523452376
 20
5.301179292788644
 10
12.96791403314604
 20
5.301611851609475
 10
13.044637542839702
 20
5.302044410430305
 10
13.121361052533365
 20
5.302476969251135
 10
13.198084562227027
 20
5.302909528071965
 10
13.27480807192069
 20
5.303342086892796
 10
13.351531581614353
 20
5.303774645713626
 10
13.35515317726766
 20
5.180504605565769
 10
13.359816843381159
 20
5.057181752895181
 10
13.365516612587724
 20
4.933796507732082
 10
13.372498966488966
 20
4.810315792284595
 10
13.380727288848702
 20
4.686719360906122
 10
13.38994851369395
 20
4.563017189449084
 10
13.4001511836435
 20
4.439201358932902
 10
13.411532360552208
 20
4.315233300483748
 10
13.424097584809363
 20
4.191091377956527
 10
13.437577219539032
 20
4.066803070741457
 10
13.4519555686072
 20
3.9423631673540984
 10
13.467381045825828
 20
3.8177342854309515
 10
13.483895083625164
 20
3.692892041128061
 10
13.501224100985006
 20
3.5678807618818293
 10
13.519349857715227
 20
3.4426988183778118
 10
13.538376880204083
 20
3.317315942272698
 10
13.55837441481723
 20
3.191706448901755
 10
13.579077044523807
 20
3.0659277195858334
 10
13.600465921402119
 20
2.939982290296704
 10
13.62260930223044
 20
2.813851299522769
 10
13.645596257763579
 20
2.6875125021803443
 10
13.669179337642955
 20
2.561029224706001
 10
13.69334104060903
 20
2.4344083454894068
 10
13.718122378649944
 20
2.3076443608431227
 10
13.743626301748902
 20
2.1807264364687082
 10
13.769629285777395
 20
2.0537137373951184
 10
13.796116941260996
 20
1.926617187985269
 10
13.823111948563307
 20
1.7994438868221418
 10
13.85072894333047
 20
1.672204951038395
 10
13.878769367227884
 20
1.5449431449751627
 10
13.907223354147657
 20
1.4176726769315742
 10
13.936102691222722
 20
1.2904098684769663
 10
13.965536459584346
 20
1.163199698119945
 10
13.995346681693333
 20
1.0360554847176653
 10
14.02552895689819
 20
0.9089935791315444
 10
14.05608909143602
 20
0.7820340518458466
 10
14.087178820713277
 20
0.6552674493030929
 10
14.118631035469171
 20
0.5286653782836278
 10
14.150447195190088
 20
0.4022449556416392
 10
14.182628863681957
 20
0.2760233026764451
 10
14.109326809954434
 20
0.25877184625916727
 10
14.036024756226912
 20
0.24152038984188945
 10
13.962722702499388
 20
0.22426893342461163
 10
13.889420648771864
 20
0.2070174770073338
 10
13.81611859504434
 20
0.189766020590056
 10
13.742816541316817
 20
0.1725145641727782
 10
13.669514487589293
 20
0.15526310775550037
 10
13.59621243386177
 20
0.13801165133822255
 10
13.522910380134245
 20
0.12076019492094472
 10
13.449608326406722
 20
0.1035087385036669
 10
13.376306272679198
 20
0.0862572820863891
 10
13.303004218951674
 20
0.06900582566911127
 10
13.22970216522415
 20
0.05175436925183345
 10
13.156400111496627
 20
0.03450291283455564
 10
13.083098057769105
 20
0.01725145641727782
  0
LWPOLYLINE
  5
66
330
17
100
AcDbEntity
  8
KEDER
100
AcDbPolyline
 90
41
 70
0
 10
13.009796004041581
 20
0.0
 10
12.97561322450046
 20
0.1353999173047718
 10
12.941778505744022
 20
0.2710653107770383
 10
12.908294453665205
 20
0.4069666336445361
 10
12.875163769896576
 20
0.543074328777303
 10
12.84256045105108
 20
0.6794009326596008
 10
12.810341017019791
 20
0.8158225351905344
 10
12.778503232787042
 20
0.9523057007060436
 10
12.747055010319983
 20
1.0888212219650322
 10
12.716188522953605
 20
1.225307779128946
 10
12.685773586175193
 20
1.3617160534340385
 10
12.655799941679348
 20
1.4980207902112816
 10
12.626280029655145
 20
1.6341957142663628
 10
12.597430378158718
 20
1.7701258817323975
 10
12.569129579865313
 20
1.9058177210499696
 10
12.54135373840046
 20
2.0412646855483905
 10
12.514118890505593
 20
2.176445809304698
 10
12.487667693082182
 20
2.3112156236524966
 10
12.46188809197881
 20
2.445616305911737
 10
12.436735083971403
 20
2.5796672841487167
 10
12.412227123027174
 20
2.7133548546000688
 10
12.388630506754954
 20
2.846526409798501
 10
12.36584726386346
 20
2.979241652078572
 10
12.343802714982838
 20
3.111548578224276
 10
12.322516292563709
 20
3.2434420462820017
 10
12.30227149367611
 20
3.37478337113455
 10
12.28299202135537
 20
3.505635770020217
 10
12.264564834160966
 20
3.6360728589586957
 10
12.247008664935196
 20
3.766098496305979
 10
12.23061441504659
 20
3.8956043013266632
 10
12.21533634551573
 20
4.024648830289071
 10
12.201015494948713
 20
4.153322737486259
 10
12.187668079057296
 20
4.281638324216819
 10
12.175580284409488
 20
4.409527473156397
 10
12.16474537290247
 20
4.5370422793646705
 10
12.15495346139584
 20
4.66427708478565
 10
12.146216495374544
 20
4.791251073384909
 10
12.13880300576774
 20
4.917939120957777
 10
12.132751560632892
 20
5.04439077360158
 10
12.127800278238302
 20
5.170687750849313
 10
12.12395542651575
 20
5.29685370458034
  0
LWPOLYLINE
  5
67
330
17
100
AcDbEntity
  8
KEDER
100
AcDbPolyline
 90
41
 70
0
 10
14.182628863681957
 20
0.2760233026764451
 10
14.150447195190088
 20
0.4022449556416392
 10
14.118631035469173
 20
0.5286653782836274
 10
14.087178820713277
 20
0.655267449303093
 10
14.05608909143602
 20
0.782034051845847
 10
14.02552895689819
 20
0.9089935791315447
 10
13.995346681693333
 20
1.036055484717665
 10
13.965536459584346
 20
1.1631996981199448
 10
13.936102691222722
 20
1.290409868476967
 10
13.907223354147657
 20
1.4176726769315742
 10
13.878769367227884
 20
1.5449431449751627
 10
13.850728943330468
 20
1.6722049510383952
 10
13.823111948563307
 20
1.7994438868221412
 10
13.796116941260994
 20
1.9266171879852694
 10
13.769629285777395
 20
2.0537137373951184
 10
13.743626301748902
 20
2.180726436468708
 10
13.718122378649944
 20
2.3076443608431227
 10
13.69334104060903
 20
2.4344083454894063
 10
13.669179337642955
 20
2.5610292247060014
 10
13.645596257763579
 20
2.6875125021803443
 10
13.62260930223044
 20
2.813851299522769
 10
13.600465921402119
 20
2.939982290296704
 10
13.579077044523807
 20
3.065927719585834
 10
13.55837441481723
 20
3.191706448901755
 10
13.538376880204083
 20
3.317315942272698
 10
13.519349857715227
 20
3.4426988183778118
 10
13.501224100985006
 20
3.5678807618818293
 10
13.483895083625164
 20
3.692892041128062
 10
13.467381045825828
 20
3.817734285430951
 10
13.4519555686072
 20
3.9423631673540993
 10
13.437577219539032
 20
4.066803070741457
 10
13.424097584809363
 20
4.191091377956527
 10
13.411532360552208
 20
4.315233300483749
 10
13.4001511836435
 20
4.439201358932901
 10
13.38994851369395
 20
4.563017189449083
 10
13.380727288848702
 20
4.686719360906122
 10
13.372498966488966
 20
4.810315792284595
 10
13.365516612587724
 20
4.933796507732082
 10
13.359816843381159
 20
5.05718175289518
 10
13.35515317726766
 20
5.180504605565769
 10
13.351531581614353
 20
5.303774645713626
  0
LWPOLYLINE
  5
68
330
17
100
AcDbEntity
  8
CLAMP
100
AcDbPolyline
 90
2
 70
0
 10
12.12395542651575
 20
5.29685370458034
 10
13.351531581614353
 20
5.303774645713626
  0
LWPOLYLINE
  5
69
330
17
100
AcDbEntity
  8
KEDER
100
AcDbPolyline
 90
2
 70
0
 10
13.009796004041581
 20
0.0
 10
14.182628863681957
 20
0.2760233026764451
  0
TEXT
  5
6A
330
17
100
AcDbEntity
  8
TEXTO
100
AcDbText
 10
12.119998724557789
 20
-0.35
 30
0.0
 40
0.12
  1
P5D · x2 · 6.35 m2
 11
12.119998724557789
 21
-0.35
 31
0.0
100
AcDbText
  0
TEXT
  5
6B
330
17
100
AcDbEntity
  8
TEXTO
100
AcDbText
 10
12.119998724557789
 20
-0.55
 30
0.0
 40
0.06
  1
ZION CASULO SENSORIAL · LONA EXTERNA · PVDF tipo II 1050 g/m² (poliéster de alta tenacidade, PVC + 
 11
12.119998724557789
 21
-0.55
 31
0.0
100
AcDbText
  0
LWPOLYLINE
  5
6C
330
17
100
AcDbEntity
  8
CONTORNO
100
AcDbPolyline
 90
224
 70
1
 10
16.231766247237253
 20
0.0
 10
16.172772204926275
 20
0.11627688598943385
 10
16.11458372192653
 20
0.2330727849148561
 10
16.0572043059549
 20
0.3503663528491701
 10
16.00063758934472
 20
0.4681362868816403
 10
15.945263777292203
 20
0.5865406609827085
 10
15.890755081836199
 20
0.7053573656110036
 10
15.837093265359218
 20
0.8245526148381941
 10
15.784287789160652
 20
0.9441073560201886
 10
15.732723333858772
 20
1.0641244903659368
 10
15.682120422823173
 20
1.1844542889168526
 10
15.632435043012894
 20
1.305058723741937
 10
15.583682021363437
 20
1.4259217330514902
 10
15.536256914761758
 20
1.5471057083384738
 10
15.489926235994629
 20
1.668515189424703
 10
15.444612600557456
 20
1.790114121206665
 10
15.400335254497731
 20
1.9118898685993462
 10
15.357501548816712
 20
2.0338775244232976
 10
15.315927836844718
 20
2.156019943980443
 10
15.27549292127566
 20
2.278286824767167
 10
15.236219074868817
 20
2.400668984036823
 10
15.198520946436817
 20
2.523184886695191
 10
15.162273691097408
 20
2.645802684562706
 10
15.127300131362468
 20
2.7684991674751736
 10
15.093623758222861
 20
2.8912681952065595
 10
15.061657131436634
 20
3.0141191243112884
 10
15.031346453772185
 20
3.1370355907852567
 10
15.002446227520215
 20
3.2600009030173474
 10
14.974979026202067
 20
3.383011220029372
 10
14.949342144846451
 20
3.5060712374234226
 10
14.92556598185536
 20
3.6291732341749348
 10
14.9033261514162
 20
3.752305483517838
 10
14.88264204381806
 20
3.8754655826278483
 10
14.863880459687003
 20
3.9986556657580956
 10
14.847167382720341
 20
4.12187218679092
 10
14.832092841207979
 20
4.245106846276311
 10
14.818670941918704
 20
4.3683579426722865
 10
14.80722290956508
 20
4.491625836464654
 10
14.797977402309023
 20
4.614908337601785
 10
14.79043785942918
 20
4.738199707342069
 10
14.784611494139373
 20
4.861498483842669
 10
14.794597100801171
 20
4.861643698875929
 10
14.80458270746297
 20
4.861788913909188
 10
14.81456831412477
 20
4.861934128942447
 10
14.824553920786569
 20
4.862079343975706
 10
14.834539527448367
 20
4.862224559008966
 10
14.844525134110167
 20
4.862369774042225
 10
14.854510740771966
 20
4.862514989075485
 10
14.864496347433766
 20
4.862660204108743
 10
14.874481954095565
 20
4.862805419142003
 10
14.884467560757363
 20
4.862950634175262
 10
14.894453167419163
 20
4.863095849208522
 10
14.904438774080962
 20
4.863241064241781
 10
14.914424380742762
 20
4.86338627927504
 10
14.92440998740456
 20
4.863531494308299
 10
14.934395594066359
 20
4.863676709341559
 10
14.94438120072816
 20
4.863821924374818
 10
14.943920308808677
 20
4.878659914991764
 10
14.943459416889192
 20
4.893497905608711
 10
14.94299852496971
 20
4.9083358962256565
 10
14.942537633050227
 20
4.923173886842602
 10
14.942076741130744
 20
4.938011877459549
 10
14.941615849211262
 20
4.952849868076495
 10
14.94115495729178
 20
4.967687858693441
 10
14.940694065372295
 20
4.982525849310387
 10
14.940233173452812
 20
4.997363839927334
 10
14.940058280411014
 20
5.012203001775399
 10
14.939904344604157
 20
5.027042249448157
 10
14.939750408797298
 20
5.041881497120915
 10
14.939596472990441
 20
5.056720744793673
 10
14.939442537183584
 20
5.071559992466431
 10
14.939288601376727
 20
5.086399240139189
 10
14.939134665569869
 20
5.101238487811947
 10
14.938980729763012
 20
5.116077735484706
 10
14.938826793956155
 20
5.130916983157464
 10
14.938672858149298
 20
5.145756230830221
 10
14.938518922342439
 20
5.160595478502979
 10
14.938672393479113
 20
5.175434730988749
 10
14.938825864615787
 20
5.190273983474519
 10
14.938979335752462
 20
5.205113235960289
 10
14.939132806889136
 20
5.21995248844606
 10
14.93928627802581
 20
5.23479174093183
 10
14.939439749162483
 20
5.2496309934175995
 10
14.939593220299157
 20
5.26447024590337
 10
14.93974669143583
 20
5.279309498389139
 10
14.939900162572505
 20
5.29414875087491
 10
14.940053633709178
 20
5.30898800336068
 10
14.94022806285382
 20
5.323827170654107
 10
14.940688501425461
 20
5.338665175345957
 10
14.941148939997102
 20
5.353503180037808
 10
14.941609378568744
 20
5.368341184729657
 10
14.942069817140386
 20
5.383179189421507
 10
14.942530255712027
 20
5.398017194113358
 10
14.942990694283669
 20
5.4128551988052065
 10
14.943451132855309
 20
5.427693203497056
 10
14.94391157142695
 20
5.442531208188905
 10
14.944372009998592
 20
5.457369212880755
 10
14.934386398780488
 20
5.457514114264281
 10
14.924400787562384
 20
5.457659015647807
 10
14.914415176344278
 20
5.457803917031333
 10
14.904429565126174
 20
5.4579488184148595
 10
14.89444395390807
 20
5.458093719798385
 10
14.884458342689964
 20
5.458238621181911
 10
14.87447273147186
 20
5.458383522565438
 10
14.864487120253754
 20
5.458528423948963
 10
14.85450150903565
 20
5.45867332533249
 10
14.844515897817546
 20
5.458818226716016
 10
14.83453028659944
 20
5.458963128099541
 10
14.824544675381336
 20
5.459108029483068
 10
14.814559064163232
 20
5.459252930866594
 10
14.804573452945126
 20
5.4593978322501195
 10
14.794587841727022
 20
5.459542733633646
 10
14.784602230508916
 20
5.459687635017172
 10
14.790424966194989
 20
5.5829865823298945
 10
14.79796103237336
 20
5.70627816335473
 10
14.807203238408626
 20
5.829560911359296
 10
14.81864823521581
 20
5.952829087028686
 10
14.832067361918657
 20
6.076080484249803
 10
14.847139353416798
 20
6.19931545400802
 10
14.863850098862105
 20
6.322532290537762
 10
14.882609609643119
 20
6.445722689416901
 10
14.90329184607765
 20
6.568883102067919
 10
14.925529932943732
 20
6.692015665535174
 10
14.94930444954165
 20
6.815117980082496
 10
14.974939744067804
 20
6.93817832804732
 10
15.002405328654083
 20
7.0611890061371705
 10
15.031303858208979
 20
7.184154717753778
 10
15.061612723020948
 20
7.30707163189006
 10
15.093577339314386
 20
7.4299230841207855
 10
15.127251421095044
 20
7.552692740989043
 10
15.162222442732281
 20
7.675389948824612
 10
15.198466903637792
 20
7.798008573731875
 10
15.236161931677525
 20
7.920525430337623
 10
15.275432363740116
 20
8.042908685791899
 10
15.31586367560757
 20
8.165176759267325
 10
15.357433638425812
 20
8.28732045518676
 10
15.40026350183942
 20
8.40930946008377
 10
15.444537078192704
 20
8.531086577984096
 10
15.48984714735394
 20
8.652686837605064
 10
15.536174565309976
 20
8.774097561396966
 10
15.583596887295403
 20
8.89528262640106
 10
15.632348045741228
 20
9.016146386460171
 10
15.682032457184944
 20
9.13675121607332
 10
15.732635430698771
 20
9.257080983856147
 10
15.784201213774535
 20
9.377097547725175
 10
15.837010075111763
 20
9.496650792505068
 10
15.890676970058749
 20
9.61584374770407
 10
15.945192561653155
 20
9.73465728050416
 10
16.000575283819124
 20
9.853057487231098
 10
16.057154036620343
 20
9.970821638403642
 10
16.114547807093093
 20
10.088108172492303
 10
16.17275302603635
 20
10.204895720837056
 10
16.231766247237257
 20
10.321162874268635
 10
16.30171698899939
 20
10.289489322437097
 10
16.371667730761526
 20
10.25781577060556
 10
16.44161847252366
 20
10.226142218774022
 10
16.511569214285796
 20
10.194468666942484
 10
16.58151995604793
 20
10.162795115110947
 10
16.651470697810066
 20
10.13112156327941
 10
16.7214214395722
 20
10.09944801144787
 10
16.791372181334335
 20
10.067774459616334
 10
16.86132292309647
 20
10.036100907784796
 10
16.931273664858605
 20
10.004427355953258
 10
17.00122440662074
 20
9.97275380412172
 10
17.07117514838287
 20
9.941080252290183
 10
17.141125890145005
 20
9.909406700458645
 10
17.21107663190714
 20
9.877733148627106
 10
17.281027373669275
 20
9.84605959679557
 10
17.35097811543141
 20
9.814386044964031
 10
17.23946394328376
 20
9.598584754300058
 10
17.13186799878435
 20
9.380903207396369
 10
17.028447886725957
 20
9.161264086739143
 10
16.929181913559763
 20
8.939723778240687
 10
16.83378245861043
 20
8.716450665717494
 10
16.743003648230133
 20
8.491160798483692
 10
16.656337655899144
 20
8.264132664031669
 10
16.574325565206763
 20
8.03520676208309
 10
16.497242823733785
 20
7.804369810161653
 10
16.424967028662664
 20
7.5717675293526305
 10
16.358667172296336
 20
7.337126051086941
 10
16.297821413443046
 20
7.100780262602389
 10
16.243209277758908
 20
6.8626599991336565
 10
16.195192049442085
 20
6.622884013555335
 10
16.15353931209739
 20
6.381707184900745
 10
16.11963962690749
 20
6.139103707477662
 10
16.092627095585343
 20
5.8954886997121685
 10
16.07326476107468
 20
5.651009499864411
 10
16.06171148775928
 20
5.4059537522485535
 10
16.05744624667155
 20
5.160613051282101
 10
16.061719094877326
 20
4.915272481763427
 10
16.073279492111233
 20
4.670217066986037
 10
16.09264805198277
 20
4.425738357095698
 10
16.11966567435392
 20
4.182123908978011
 10
16.15356940768798
 20
3.93952099434023
 10
16.195225253923063
 20
3.698344701015381
 10
16.24324522355143
 20
3.458569263902453
 10
16.297860235172145
 20
3.2204496613131215
 10
16.35870960082879
 20
2.9841048051341983
 10
16.425014101396815
 20
2.7494646422369198
 10
16.49729589775551
 20
2.516864229054165
 10
16.5743855270317
 20
2.2860295797674337
 10
16.6564047505259
 20
2.0571062326856686
 10
16.74307679613213
 20
1.8300804035133362
 10
16.83385921908932
 20
1.6047919851196997
 10
16.929257198172174
 20
1.3815182298863469
 10
17.028515276836075
 20
1.1599743597059917
 10
17.13191861909977
 20
0.9403273216624759
 10
17.23948704662661
 20
0.7226321379062987
 10
17.350962682927562
 20
0.5068109104634443
 10
17.28101290569692
 20
0.47513522855947904
 10
17.211063128466275
 20
0.44345954665551374
 10
17.14111335123563
 20
0.4117838647515485
 10
17.071163574004988
 20
0.3801081828475832
 10
17.001213796774344
 20
0.34843250094361794
 10
16.931264019543697
 20
0.3167568190396527
 10
16.861314242313053
 20
0.2850811371356874
 10
16.79136446508241
 20
0.25340545523172214
 10
16.721414687851766
 20
0.22172977332775687
 10
16.651464910621122
 20
0.1900540914237916
 10
16.581515133390475
 20
0.15837840951982635
 10
16.51156535615983
 20
0.12670272761586107
 10
16.441615578929188
 20
0.0950270457118958
 10
16.371665801698544
 20
0.06335136380793054
 10
16.3017160244679
 20
0.03167568190396527
  0
LWPOLYLINE
  5
6D
330
17
100
AcDbEntity
  8
KEDER
100
AcDbPolyline
 90
65
 70
0
 10
16.231766247237253
 20
0.0
 10
16.15355194481273
 20
0.1541598976693118
 10
16.076921757755382
 20
0.3093404233125017
 10
16.001889034319
 20
0.4654603548226217
 10
15.928474433240401
 20
0.62244087627104
 10
15.856705888026003
 20
0.7802059383063161
 10
15.786618496621347
 20
0.9386825953242165
 10
15.718254340795621
 20
1.0978013143358856
 10
15.651662238964816
 20
1.2574962500369609
 10
15.586897435425325
 20
1.4177054803926246
 10
15.524021228185516
 20
1.578371197146506
 10
15.463100536873066
 20
1.7394398460702538
 10
15.404207411657755
 20
1.9008622125181545
 10
15.347418483846399
 20
2.0625934489433244
 10
15.292814358842922
 20
2.224593042453467
 10
15.240478952563457
 20
2.386824722194635
 10
15.1904987731671
 20
2.5492563082829793
 10
15.142962151090213
 20
2.7118595060618302
 10
15.097958421806975
 20
2.874609651525178
 10
15.055577067402233
 20
3.037485415682517
 10
15.01590682483104
 20
3.200468477301443
 10
14.979034770532758
 20
3.3635431747177247
 10
14.945045392741015
 20
3.5266961481330474
 10
14.914019664265286
 20
3.689915983947537
 10
14.886034129614583
 20
3.853192872160581
 10
14.861160021014692
 20
4.016518286731442
 10
14.839462418095515
 20
4.1798846970816586
 10
14.820999465786027
 20
4.343285316748128
 10
14.805821664272578
 20
4.5067138926963155
 10
14.793971243797053
 20
4.670164536135148
 10
14.78548163565532
 20
4.833631593003952
 10
14.780377049070356
 20
4.997109549787817
 10
14.778672161723996
 20
5.160592968105963
 10
14.780371929694883
 20
5.324076439731369
 10
14.785471520416625
 20
5.487554552434267
 10
14.793956370078062
 20
5.651021856363746
 10
14.805802364668633
 20
5.8144728206257374
 10
14.820976141654556
 20
5.977901770286486
 10
14.839435507086732
 20
6.1413027952012955
 10
14.861129960826544
 20
6.304669623780677
 10
14.886001320578904
 20
6.4679954569714235
 10
14.913984433602087
 20
6.6312727602310995
 10
14.9450079633895
 20
6.794493013969071
 10
14.978995237362708
 20
6.957646425655131
 10
15.015865140747438
 20
7.120721609389467
 10
15.055533041383008
 20
7.283705241020078
 10
15.09791173027637
 20
7.446581698737873
 10
15.142912363261313
 20
7.609332700359045
 10
15.190445390132497
 20
7.771936949143792
 10
15.24042145902873
 20
7.934369799975593
 10
15.29275228554379
 20
8.096602957062325
 10
15.347351477926201
 20
8.258604213094602
 10
15.404135311659353
 20
8.420337238120858
 10
15.46302344855867
 20
8.581761424412113
 10
15.523939597165258
 20
8.74283179144171
 10
15.586812112560787
 20
8.90349895294256
 10
15.651574534713674
 20
9.063709145956468
 10
15.718166065062091
 20
9.223404319962043
 10
15.786531981250457
 20
9.382522282635664
 10
15.856623989798162
 20
9.540996897609883
 10
15.928400516054275
 20
9.698758328763986
 10
16.001826930161457
 20
9.8557333251077
 10
16.076875707012633
 20
10.011845540177971
 10
16.1535265174401
 20
10.167015880024715
 10
16.231766247237257
 20
10.321162874268635
  0
LWPOLYLINE
  5
6E
330
17
100
AcDbEntity
  8
KEDER
100
AcDbPolyline
 90
65
 70
0
 10
17.350962682927562
 20
0.5068109104634443
 10
17.280673986068297
 20
0.6414002477131121
 10
17.212029086998818
 20
0.7767867313684227
 10
17.14500335241111
 20
0.9129451897279361
 10
17.079579685854434
 20
1.0498558494006331
 10
17.015749174581487
 20
1.1875039872823319
 10
16.953511575487592
 20
1.32587949153758
 10
16.892875632199047
 20
1.4649763374094977
 10
16.83385921908932
 20
1.6047919851196997
 10
16.7764893116127
 20
1.745326708739865
 10
16.72080178581175
 20
1.8865828666956501
 10
16.66684105315765
 20
2.0285641264377885
 10
16.614659539998904
 20
2.171274657677186
 10
16.564317023789904
 20
2.314718310289996
 10
16.515879840894947
 20
2.4588977943960435
 10
16.469419983046354
 20
2.603813881041348
 10
16.425014101396815
 20
2.7494646422369198
 10
16.382742438465932
 20
2.895844748726697
 10
16.342687709070695
 20
3.0429448427391987
 10
16.304933951508723
 20
3.1907510011451867
 10
16.26956536982584
 20
3.3392443019848583
 10
16.236665186982826
 20
3.4884005043818522
 10
16.206314527216826
 20
3.6381898486023907
 10
16.178591343982415
 20
3.7885769796348665
 10
16.15356940768798
 20
3.93952099434023
 10
16.131317365157816
 20
4.090975609113547
 10
16.11189788048466
 20
4.242889442220987
 10
16.09536686481002
 20
4.395206402608232
 10
16.081772800673782
 20
4.547866175045561
 10
16.071156164970596
 20
4.700804789971157
 10
16.063548953269095
 20
4.853955265277242
 10
16.058974307289674
 20
5.007248306492705
 10
16.05744624667155
 20
5.160613051282101
 10
16.058969505742343
 20
5.313977843836888
 10
16.06353947577057
 20
5.467271024522996
 10
16.071142253058483
 20
5.620421720028638
 10
16.081754793139467
 20
5.773360619207503
 10
16.095345171196808
 20
5.926020719838335
 10
16.111872948537687
 20
6.078338031648304
 10
16.131289644462186
 20
6.230252221221699
 10
16.15353931209739
 20
6.381707184900745
 10
16.178559215674394
 20
6.532651536554896
 10
16.20628060528721
 20
6.683038998222293
 10
16.236629583392343
 20
6.832828683174978
 10
16.26952805522516
 20
6.981985262968369
 10
16.304894752997516
 20
7.130479012510895
 10
16.342646321308337
 20
7.278285730094562
 10
16.38269844877834
 20
7.42538653257551
 10
16.424967028662664
 20
7.5717675293526305
 10
16.469369329252544
 20
7.7174193822905455
 10
16.515825153387944
 20
7.862336762075724
 10
16.564257965477065
 20
8.006517714482849
 10
16.614595964125552
 20
8.149962952484056
 10
16.666773078842542
 20
8.292675091918573
 10
16.720729870291873
 20
8.434657849473938
 10
16.77641431513752
 20
8.575915221998326
 10
16.83378245861043
 20
8.716450665717494
 10
16.892798920406868
 20
8.856266292876946
 10
16.953437242328363
 20
8.995362101816514
 10
17.015680069116144
 20
9.13373525467621
 10
17.079519157165215
 20
9.27137941499087
 10
17.144955209189135
 20
9.408284155497745
 10
17.211997536422967
 20
9.544434444659883
 10
17.280663553574946
 20
9.67981021876032
 10
17.35097811543141
 20
9.814386044964031
  0
LWPOLYLINE
  5
6F
330
17
100
AcDbEntity
  8
KEDER
100
AcDbPolyline
 90
2
 70
0
 10
16.231766247237253
 20
0.0
 10
17.350962682927562
 20
0.5068109104634443
  0
LWPOLYLINE
  5
70
330
17
100
AcDbEntity
  8
KEDER
100
AcDbPolyline
 90
2
 70
0
 10
16.231766247237257
 20
10.321162874268635
 10
17.35097811543141
 20
9.814386044964031
  0
LWPOLYLINE
  5
71
330
17
100
AcDbEntity
  8
CLAMP
100
AcDbPolyline
 90
42
 70
0
 10
14.94438120072816
 20
4.863821924374818
 10
14.943920308808677
 20
4.878659914991764
 10
14.943459416889192
 20
4.893497905608711
 10
14.94299852496971
 20
4.9083358962256565
 10
14.942537633050227
 20
4.923173886842602
 10
14.942076741130744
 20
4.938011877459549
 10
14.941615849211262
 20
4.952849868076495
 10
14.94115495729178
 20
4.967687858693441
 10
14.940694065372295
 20
4.982525849310387
 10
14.940233173452812
 20
4.997363839927334
 10
14.940058280411014
 20
5.012203001775399
 10
14.939904344604157
 20
5.027042249448157
 10
14.939750408797298
 20
5.041881497120915
 10
14.939596472990441
 20
5.056720744793673
 10
14.939442537183584
 20
5.071559992466431
 10
14.939288601376727
 20
5.086399240139189
 10
14.939134665569869
 20
5.101238487811947
 10
14.938980729763012
 20
5.116077735484706
 10
14.938826793956155
 20
5.130916983157464
 10
14.938672858149298
 20
5.145756230830221
 10
14.938518922342439
 20
5.160595478502979
 10
14.938672393479113
 20
5.175434730988749
 10
14.938825864615787
 20
5.190273983474519
 10
14.938979335752462
 20
5.205113235960289
 10
14.939132806889136
 20
5.21995248844606
 10
14.93928627802581
 20
5.23479174093183
 10
14.939439749162483
 20
5.2496309934175995
 10
14.939593220299157
 20
5.26447024590337
 10
14.93974669143583
 20
5.279309498389139
 10
14.939900162572505
 20
5.29414875087491
 10
14.940053633709178
 20
5.30898800336068
 10
14.94022806285382
 20
5.323827170654107
 10
14.940688501425461
 20
5.338665175345957
 10
14.941148939997102
 20
5.353503180037808
 10
14.941609378568744
 20
5.368341184729657
 10
14.942069817140386
 20
5.383179189421507
 10
14.942530255712027
 20
5.398017194113358
 10
14.942990694283669
 20
5.4128551988052065
 10
14.943451132855309
 20
5.427693203497056
 10
14.94391157142695
 20
5.442531208188905
 10
14.944372009998592
 20
5.457369212880755
 10
14.784602230508916
 20
5.459687635017172
  0
LWPOLYLINE
  5
72
330
17
100
AcDbEntity
  8
CLAMP
100
AcDbPolyline
 90
2
 70
0
 10
14.94438120072816
 20
4.863821924374818
 10
14.784611494139373
 20
4.861498483842669
  0
TEXT
  5
73
330
17
100
AcDbEntity
  8
TEXTO
100
AcDbText
 10
14.778672161723996
 20
-0.35
 30
0.0
 40
0.12
  1
P6 · x1 · 12.72 m2
 11
14.778672161723996
 21
-0.35
 31
0.0
100
AcDbText
  0
TEXT
  5
74
330
17
100
AcDbEntity
  8
TEXTO
100
AcDbText
 10
14.778672161723996
 20
-0.55
 30
0.0
 40
0.06
  1
ZION CASULO SENSORIAL · LONA EXTERNA · PVDF tipo II 1050 g/m² (poliéster de alta tenacidade, PVC + 
 11
14.778672161723996
 21
-0.55
 31
0.0
100
AcDbText
  0
LWPOLYLINE
  5
75
330
17
100
AcDbEntity
  8
CONTORNO
100
AcDbPolyline
 90
130
 70
1
 10
20.020850745778827
 20
0.0
 10
19.906028494592437
 20
0.09935110084929961
 10
19.793737512687528
 20
0.20149001364770527
 10
19.68402288051353
 20
0.30634359902648994
 10
19.57693181285604
 20
0.4138437762622083
 10
19.472514426812694
 20
0.5239271697579571
 10
19.370824399840537
 20
0.6365346177055419
 10
19.271919506848526
 20
0.7516105591192321
 10
19.175862028437358
 20
0.8691023171376111
 10
19.08271902504443
 20
0.9889592975176328
 10
18.99256247394067
 20
1.111132121759917
 10
18.905469267843007
 20
1.23557171448732
 10
18.82152107550634
 20
1.3622283647097744
 10
18.74080406621841
 20
1.4910507805572135
 10
18.6634085017996
 20
1.6219851569912869
 10
18.589428201616183
 20
1.7549742758870548
 10
18.518959888286414
 20
1.8899566576203
 10
18.45210242415152
 20
2.0268657827813064
 10
18.388955951083965
 20
2.165629401732892
 10
18.329620948650483
 20
2.3061689483345624
 10
18.274197227853275
 20
2.4483990722096145
 10
18.222782879465814
 20
2.592227301443273
 10
18.17547319722321
 20
2.737553844636022
 10
18.132359596737825
 20
2.884271537918103
 10
18.093528550968273
 20
3.032265939014019
 10
18.059060562410014
 20
3.1814155668970474
 10
18.029029190982524
 20
3.3315922821512762
 10
18.003500154974276
 20
3.482661799994337
 10
17.982530520498727
 20
3.6344843251028305
 10
17.966167992833377
 20
3.78691529497908
 10
17.95445032086526
 20
3.9398062166193104
 10
17.947404823728775
 20
4.093005579676154
 10
17.94504804664649
 20
4.246359828118622
 10
17.94738555099134
 20
4.39971437153683
 10
17.954411841674972
 20
4.5529146166742045
 10
17.96611043310647
 20
4.705806999463113
 10
17.98245405311961
 20
4.858239997773452
 10
18.003404982391025
 20
5.010065105259077
 10
18.028915524923725
 20
5.161137747125605
 10
18.058928603119853
 20
5.31131811938363
 10
18.093378468800523
 20
5.460471934244269
 10
18.132191519262165
 20
5.608471055813139
 10
18.175287205131415
 20
5.755194012191094
 10
18.222579014470696
 20
5.900526372523084
 10
18.27397551540133
 20
6.0443609804472
 10
18.32938143758338
 20
6.186598038739603
 10
18.388698771367856
 20
6.327145043636488
 10
18.45182786246198
 20
6.465916571202637
 10
18.518668479645054
 20
6.602833922029646
 10
18.58912083352293
 20
6.737824634284188
 10
18.663086525535196
 20
6.870821878485142
 10
18.74046940838438
 20
7.001763750191005
 10
18.821176341621314
 20
7.1305924788995005
 10
18.90511782911697
 20
7.257253572843868
 10
18.992208528361246
 20
7.381694920038742
 10
19.082367624729155
 20
7.503865865980826
 10
19.175519066847723
 20
7.623716287999702
 10
19.27159166184404
 20
7.741195685562147
 10
19.370519031498386
 20
7.856252305029607
 10
19.472239432195757
 20
7.9688323165806505
 10
19.576695443172333
 20
8.078879060296794
 10
19.683833529052787
 20
8.18633237774956
 10
19.79360348424931
 20
8.291128044721123
 10
19.905957768601912
 20
8.393197319786754
 10
20.02085074577883
 20
8.4924666222065
 10
20.9361358600202
 20
7.661182424748811
 10
20.84073222330914
 20
7.588475008251265
 10
20.74787914343656
 20
7.513376117317581
 10
20.65756528277414
 20
7.435926405623309
 10
20.56977587934969
 20
7.356155482867926
 10
20.484495190612623
 20
7.274082269908899
 10
20.401708897275267
 20
7.189715796197316
 10
20.321406373036158
 20
7.103056426740785
 10
20.24358273079447
 20
7.014097483425562
 10
20.168240566616706
 20
6.922827204513876
 10
20.09539133844461
 20
6.829230968297171
 10
20.025056336039057
 20
6.733293693747854
 10
19.957267220272737
 20
6.635002323609967
 10
19.892066131787114
 20
6.534348294140692
 10
19.829505389453153
 20
6.431329900459094
 10
19.769646816526087
 20
6.32595447639211
 10
19.71256074579382
 20
6.218240321598103
 10
19.65832476382579
 20
6.108218325100889
 10
19.607022258588156
 20
5.995933251631964
 10
19.558740834602123
 20
5.881444673935845
 10
19.513570656217418
 20
5.764827549297673
 10
19.47160277337374
 20
5.646172451212227
 10
19.432927476403282
 20
5.5255854769128625
 10
19.397632717896304
 20
5.403187858341631
 10
19.365802631173086
 20
5.279115308263739
 10
19.33751616705592
 20
5.153517134993031
 10
19.312845863792962
 20
5.026555159083494
 10
19.29185675935194
 20
4.898402463866623
 10
19.274605450928366
 20
4.769242009360889
 10
19.261139303343963
 20
4.639265136272083
 10
19.2514958059202
 20
4.508669983889299
 10
19.2457020762336
 20
4.377659842928457
 10
19.24377450871397
 20
4.246441461978444
 10
19.245718566155155
 20
4.115223324297897
 10
19.251528712701052
 20
3.9842139103789864
 10
19.261188487589415
 20
3.853619960987942
 10
19.274670719734786
 20
3.723644755332837
 10
19.29193788396511
 20
3.5944864195976
 10
19.31294260025042
 20
3.466336282296237
 10
19.33762827742447
 20
3.339377294696308
 10
19.36592990254112
 20
3.2137825368560735
 10
19.397774975957326
 20
3.0897138324912934
 10
19.4330845903224
 20
2.967320498753853
 10
19.471774648718025
 20
2.8467382598139004
 10
19.513757213107603
 20
2.728088355560579
 10
19.558941968949775
 20
2.611476878365303
 10
19.607237785339855
 20
2.4969943712115246
 10
19.65855434253024
 20
2.3847157190745074
 10
19.712803790480574
 20
2.274700361735847
 10
19.769902393726202
 20
2.166992849824952
 10
19.82977211004279
 20
2.0616237565464566
 10
19.892342043995544
 20
1.958610945288529
 10
19.957549712446948
 20
1.857961178456987
 10
20.02534205838788
 20
1.7596720361685947
 10
20.09567615282612
 20
1.6637340959629985
 10
20.168519532386703
 20
1.5701333078605684
 10
20.243850132800695
 20
1.478853484477337
 10
20.32165579513042
 20
1.3898788150654422
 10
20.401933341436727
 20
1.3031963066060366
 10
20.48468723822856
 20
1.2187980553395978
 10
20.569927887736878
 20
1.1366832586931581
 10
20.657669607007005
 20
1.0568598901198607
 10
20.747928371305232
 20
0.9793459769388488
 10
20.840719410010717
 20
0.90417044237307
 10
20.93605474912535
 20
0.8313734958207485
  0
LWPOLYLINE
  5
76
330
17
100
AcDbEntity
  8
KEDER
100
AcDbPolyline
 90
65
 70
0
 10
20.020850745778827
 20
0.0
 10
19.906028494592437
 20
0.09935110084929961
 10
19.793737512687528
 20
0.20149001364770527
 10
19.68402288051353
 20
0.30634359902648994
 10
19.57693181285604
 20
0.4138437762622083
 10
19.472514426812694
 20
0.5239271697579571
 10
19.370824399840537
 20
0.6365346177055419
 10
19.271919506848526
 20
0.7516105591192321
 10
19.175862028437358
 20
0.8691023171376111
 10
19.08271902504443
 20
0.9889592975176328
 10
18.99256247394067
 20
1.111132121759917
 10
18.905469267843007
 20
1.23557171448732
 10
18.82152107550634
 20
1.3622283647097744
 10
18.74080406621841
 20
1.4910507805572135
 10
18.6634085017996
 20
1.6219851569912869
 10
18.589428201616183
 20
1.7549742758870548
 10
18.518959888286414
 20
1.8899566576203
 10
18.45210242415152
 20
2.0268657827813064
 10
18.388955951083965
 20
2.165629401732892
 10
18.329620948650483
 20
2.3061689483345624
 10
18.274197227853275
 20
2.4483990722096145
 10
18.222782879465814
 20
2.592227301443273
 10
18.17547319722321
 20
2.737553844636022
 10
18.132359596737825
 20
2.884271537918103
 10
18.093528550968273
 20
3.032265939014019
 10
18.059060562410014
 20
3.1814155668970474
 10
18.029029190982524
 20
3.3315922821512762
 10
18.003500154974276
 20
3.482661799994337
 10
17.982530520498727
 20
3.6344843251028305
 10
17.966167992833377
 20
3.78691529497908
 10
17.95445032086526
 20
3.9398062166193104
 10
17.947404823728775
 20
4.093005579676154
 10
17.94504804664649
 20
4.246359828118622
 10
17.94738555099134
 20
4.39971437153683
 10
17.954411841674972
 20
4.5529146166742045
 10
17.96611043310647
 20
4.705806999463113
 10
17.98245405311961
 20
4.858239997773452
 10
18.003404982391025
 20
5.010065105259077
 10
18.028915524923725
 20
5.161137747125605
 10
18.058928603119853
 20
5.31131811938363
 10
18.093378468800523
 20
5.460471934244269
 10
18.132191519262165
 20
5.608471055813139
 10
18.175287205131415
 20
5.755194012191094
 10
18.222579014470696
 20
5.900526372523084
 10
18.27397551540133
 20
6.0443609804472
 10
18.32938143758338
 20
6.186598038739603
 10
18.388698771367856
 20
6.327145043636488
 10
18.45182786246198
 20
6.465916571202637
 10
18.518668479645054
 20
6.602833922029646
 10
18.58912083352293
 20
6.737824634284188
 10
18.663086525535196
 20
6.870821878485142
 10
18.74046940838438
 20
7.001763750191005
 10
18.821176341621314
 20
7.1305924788995005
 10
18.90511782911697
 20
7.257253572843868
 10
18.992208528361246
 20
7.381694920038742
 10
19.082367624729155
 20
7.503865865980826
 10
19.175519066847723
 20
7.623716287999702
 10
19.27159166184404
 20
7.741195685562147
 10
19.370519031498386
 20
7.856252305029607
 10
19.472239432195757
 20
7.9688323165806505
 10
19.576695443172333
 20
8.078879060296794
 10
19.683833529052787
 20
8.18633237774956
 10
19.79360348424931
 20
8.291128044721123
 10
19.905957768601912
 20
8.393197319786754
 10
20.02085074577883
 20
8.4924666222065
  0
LWPOLYLINE
  5
77
330
17
100
AcDbEntity
  8
KEDER
100
AcDbPolyline
 90
65
 70
0
 10
20.93605474912535
 20
0.8313734958207485
 10
20.840719410010717
 20
0.90417044237307
 10
20.747928371305232
 20
0.9793459769388488
 10
20.657669607007005
 20
1.0568598901198607
 10
20.569927887736878
 20
1.1366832586931581
 10
20.48468723822856
 20
1.2187980553395978
 10
20.401933341436727
 20
1.3031963066060366
 10
20.32165579513042
 20
1.3898788150654422
 10
20.243850132800695
 20
1.478853484477337
 10
20.168519532386703
 20
1.5701333078605684
 10
20.09567615282612
 20
1.6637340959629985
 10
20.02534205838788
 20
1.7596720361685947
 10
19.957549712446948
 20
1.857961178456987
 10
19.892342043995544
 20
1.958610945288529
 10
19.82977211004279
 20
2.0616237565464566
 10
19.769902393726202
 20
2.166992849824952
 10
19.712803790480574
 20
2.274700361735847
 10
19.65855434253024
 20
2.3847157190745074
 10
19.607237785339855
 20
2.4969943712115246
 10
19.558941968949775
 20
2.611476878365303
 10
19.513757213107603
 20
2.728088355560579
 10
19.471774648718025
 20
2.8467382598139004
 10
19.4330845903224
 20
2.967320498753853
 10
19.397774975957326
 20
3.0897138324912934
 10
19.36592990254112
 20
3.2137825368560735
 10
19.33762827742447
 20
3.339377294696308
 10
19.31294260025042
 20
3.466336282296237
 10
19.29193788396511
 20
3.5944864195976
 10
19.274670719734786
 20
3.723644755332837
 10
19.261188487589415
 20
3.853619960987942
 10
19.251528712701052
 20
3.9842139103789864
 10
19.245718566155155
 20
4.115223324297897
 10
19.24377450871397
 20
4.246441461978444
 10
19.2457020762336
 20
4.377659842928457
 10
19.2514958059202
 20
4.508669983889299
 10
19.261139303343963
 20
4.639265136272083
 10
19.274605450928366
 20
4.769242009360889
 10
19.29185675935194
 20
4.898402463866623
 10
19.312845863792962
 20
5.026555159083494
 10
19.33751616705592
 20
5.153517134993031
 10
19.365802631173086
 20
5.279115308263739
 10
19.397632717896304
 20
5.403187858341631
 10
19.432927476403282
 20
5.5255854769128625
 10
19.47160277337374
 20
5.646172451212227
 10
19.513570656217418
 20
5.764827549297673
 10
19.558740834602123
 20
5.881444673935845
 10
19.607022258588156
 20
5.995933251631964
 10
19.65832476382579
 20
6.108218325100889
 10
19.71256074579382
 20
6.218240321598103
 10
19.769646816526087
 20
6.32595447639211
 10
19.829505389453153
 20
6.431329900459094
 10
19.892066131787114
 20
6.534348294140692
 10
19.957267220272737
 20
6.635002323609967
 10
20.025056336039057
 20
6.733293693747854
 10
20.09539133844461
 20
6.829230968297171
 10
20.168240566616706
 20
6.922827204513876
 10
20.24358273079447
 20
7.014097483425562
 10
20.321406373036158
 20
7.103056426740785
 10
20.401708897275267
 20
7.189715796197316
 10
20.484495190612623
 20
7.274082269908899
 10
20.56977587934969
 20
7.356155482867926
 10
20.65756528277414
 20
7.435926405623309
 10
20.74787914343656
 20
7.513376117317581
 10
20.84073222330914
 20
7.588475008251265
 10
20.9361358600202
 20
7.661182424748811
  0
LWPOLYLINE
  5
78
330
17
100
AcDbEntity
  8
KEDER
100
AcDbPolyline
 90
2
 70
0
 10
20.020850745778827
 20
0.0
 10
20.93605474912535
 20
0.8313734958207485
  0
LWPOLYLINE
  5
79
330
17
100
AcDbEntity
  8
KEDER
100
AcDbPolyline
 90
2
 70
0
 10
20.02085074577883
 20
8.4924666222065
 10
20.9361358600202
 20
7.661182424748811
  0
LWPOLYLINE
  5
7A
330
17
100
AcDbEntity
  8
RECORTE
100
AcDbPolyline
 90
48
 70
1
 10
19.67224596252735
 20
1.9991536117801483
 10
19.64455421327169
 20
2.0200553631101763
 10
19.60870139925824
 20
2.0358497410093754
 10
19.56940057498867
 20
2.04821829579589
 10
19.528119543988566
 20
2.057979905150553
 10
19.485322857947516
 20
2.0656369037061717
 10
19.441413629993
 20
2.071802632939666
 10
19.395700359162934
 20
2.0762875370265346
 10
19.34770139454376
 20
2.0790169777986325
 10
19.296920051977594
 20
2.0797540199348314
 10
19.24293861230662
 20
2.077984227273465
 10
19.185735506259828
 20
2.072711348673534
 10
19.126857162696353
 20
2.061448487498232
 10
19.075213305651353
 20
2.036422365354719
 10
19.03036753942745
 20
2.0076402449556476
 10
18.991222959184572
 20
1.9776440442781413
 10
18.95687162879157
 20
1.9471237822956826
 10
18.92655198585654
 20
1.9162191679819514
 10
18.899701035321815
 20
1.8848194192979573
 10
18.876033102060305
 20
1.8527234813174291
 10
18.855945595201252
 20
1.8199402954688435
 10
18.839247647424155
 20
1.7859246986640493
 10
18.82673977029009
 20
1.7505807529586617
 10
18.820155883478865
 20
1.7142534401580307
 10
18.824235827223376
 20
1.6789375041809722
 10
18.85499406955988
 20
1.6538762031004943
 10
18.893495157898176
 20
1.6347638060182685
 10
18.934906187322202
 20
1.619960565035821
 10
18.97778526188466
 20
1.6086139624948175
 10
19.021807936825695
 20
1.6002367224059864
 10
19.067318013599692
 20
1.594701803658654
 10
19.114186128195847
 20
1.5915798040812295
 10
19.162848245123538
 20
1.5909323815424916
 10
19.21377306881998
 20
1.5930375552952536
 10
19.267322282827003
 20
1.5984519889100208
 10
19.323433871090458
 20
1.608164009358176
 10
19.3804223748217
 20
1.624425345607435
 10
19.42913529941254
 20
1.6537003491657538
 10
19.47111124122643
 20
1.6856412187339593
 10
19.507688469166602
 20
1.717744754887741
 10
19.539818888357665
 20
1.7494048544475351
 10
19.568257506993895
 20
1.7805596628010625
 10
19.593548883009195
 20
1.811367916652657
 10
19.616013557910712
 20
1.8420727809928619
 10
19.63609856215991
 20
1.8732439669173422
 10
19.653271375454793
 20
1.9048644355445454
 10
19.666665313086657
 20
1.9368907340439305
 10
19.674560204356162
 20
1.9689354707803748
  0
TEXT
  5
7B
330
17
100
AcDbEntity
  8
TEXTO
100
AcDbText
 10
19.250757488498685
 20
1.8408603862726192
 30
0.0
 40
0.05
  1
Olho banho (dir,) · 0,80 x 0,51 m
 11
19.250757488498685
 21
1.8408603862726192
 31
0.0
100
AcDbText
  0
LWPOLYLINE
  5
7C
330
17
100
AcDbEntity
  8
RECORTE
100
AcDbPolyline
 90
48
 70
1
 10
19.840727617752414
 20
6.758605029005753
 10
19.844753284273374
 20
6.78851229512676
 10
19.838800584180724
 20
6.8208830840054615
 10
19.82793383539361
 20
6.853138211500431
 10
19.813269320795445
 20
6.885282442600161
 10
19.795583353276648
 20
6.91729095712526
 10
19.775155914287378
 20
6.949338333869825
 10
19.75193851461573
 20
6.981679841771863
 10
19.72563163292888
 20
7.014575643299029
 10
19.69604997076055
 20
7.047926178892592
 10
19.662067969071337
 20
7.0820421464632615
 10
19.622690587408663
 20
7.116393028178715
 10
19.576392758617104
 20
7.148604679873186
 10
19.52085051475351
 20
7.168579892745108
 10
19.46568260279993
 20
7.182029521501394
 10
19.412741676165783
 20
7.191050366944577
 10
19.362165317030424
 20
7.196611115619973
 10
19.31403427653211
 20
7.198970525629914
 10
19.26753957199998
 20
7.19872637369806
 10
19.222250412458834
 20
7.195970083366722
 10
19.177855382363138
 20
7.190588855701762
 10
19.13427784088389
 20
7.182258037633983
 10
19.091898966716702
 20
7.170399664685816
 10
19.052748392407338
 20
7.153595456744709
 10
19.020921595055704
 20
7.130348646376382
 10
19.01420520462694
 20
7.095715443075186
 10
19.017956284728317
 20
7.059454476130931
 10
19.028014829857703
 20
7.02355952068349
 10
19.04258305830431
 20
6.9885494311924745
 10
19.060572060383418
 20
6.954581791009222
 10
19.08168901873962
 20
6.921426249177478
 10
19.105982816734915
 20
6.888803713578986
 10
19.13377005894245
 20
6.8564638622541665
 10
19.165704860257037
 20
6.824188205197569
 10
19.202705386657314
 20
6.791953199621224
 10
19.24541297419951
 20
6.7606013179422755
 10
19.295056758573185
 20
6.73259507225748
 10
19.352636928781937
 20
6.717857018916291
 10
19.408900781372
 20
6.709168744558584
 10
19.462177658651022
 20
6.704144834636985
 10
19.51270640751446
 20
6.701574339239837
 10
19.560714839679235
 20
6.701038184450965
 10
19.60658291346071
 20
6.702347465997624
 10
19.650742643259736
 20
6.705433377406976
 10
19.693486602387267
 20
6.710400099810356
 10
19.73485250433965
 20
6.717537138052639
 10
19.77466159656602
 20
6.727154861398073
 10
19.811591544308584
 20
6.740084155817616
  0
TEXT
  5
7D
330
17
100
AcDbEntity
  8
TEXTO
100
AcDbText
 10
19.432847283851135
 20
6.942875685724313
 30
0.0
 40
0.05
  1
Olho banheira (esq,) · 0,80 x 0,51 m
 11
19.432847283851135
 21
6.942875685724313
 31
0.0
100
AcDbText
  0
TEXT
  5
7E
330
17
100
AcDbEntity
  8
TEXTO
100
AcDbText
 10
17.94504804664649
 20
-0.35
 30
0.0
 40
0.12
  1
P7 · x1 · 11.02 m2
 11
17.94504804664649
 21
-0.35
 31
0.0
100
AcDbText
  0
TEXT
  5
7F
330
17
100
AcDbEntity
  8
TEXTO
100
AcDbText
 10
17.94504804664649
 20
-0.55
 30
0.0
 40
0.06
  1
ZION CASULO SENSORIAL · LONA EXTERNA · PVDF tipo II 1050 g/m² (poliéster de alta tenacidade, PVC + 
 11
17.94504804664649
 21
-0.55
 31
0.0
100
AcDbText
  0
LWPOLYLINE
  5
80
330
17
100
AcDbEntity
  8
CONTORNO
100
AcDbPolyline
 90
130
 70
1
 10
23.998753094350555
 20
0.004019428766864508
 10
23.878869540416613
 20
0.0
 10
23.759463169616545
 20
0.00191219079836219
 10
23.64075222722422
 20
0.009834527928416673
 10
23.52296170476907
 20
0.023826393086765194
 10
23.406322390834962
 20
0.0439280995284389
 10
23.291070008207683
 20
0.0701609138990078
 10
23.177444404877097
 20
0.10252700698322573
 10
23.065688762268092
 20
0.14100933062112647
 10
22.956048784567955
 20
0.1855714311721523
 10
22.84877183785716
 20
0.2361572215051341
 10
22.7441060161863
 20
0.2926907424047201
 10
22.642299122561408
 20
0.35507594954882127
 10
22.543597564464218
 20
0.42319656329604827
 10
22.448245174433918
 20
0.4969160155025253
 10
22.35648197499465
 20
0.5760775211655069
 10
22.268542912934198
 20
0.6605042940433403
 10
22.18465659033039
 20
0.7499999159098814
 10
22.105044019055775
 20
0.8443488600620226
 10
22.029917422448086
 20
0.9433171620942642
 10
21.959479103288366
 20
1.046653225344874
 10
21.893920392050763
 20
1.1540887449504138
 10
21.833420684302137
 20
1.2653397329404512
 10
21.778146571644537
 20
1.3801076268824841
 10
21.728251066993924
 20
1.4980804657874598
 10
21.683872922366593
 20
1.6189341188585442
 10
21.645136035652243
 20
1.7423335548281624
 10
21.612148941954334
 20
1.867934141793152
 10
21.585004384799056
 20
1.9953829694350607
 10
21.563778962673936
 20
2.124320187197501
 10
21.54853284679519
 20
2.2543803533478504
 10
21.539309566589626
 20
2.3851937908858605
 10
21.536135860020202
 20
2.5163879470144654
 10
21.539021586526705
 20
2.6475887534076246
 10
21.547959700968363
 20
2.7784219848455476
 10
21.56292628754107
 20
2.908514613978816
 10
21.583880653211587
 20
3.037496160054426
 10
21.610765480784327
 20
3.1650000293950753
 10
21.64350704231167
 20
3.2906648452559026
 10
21.682015474182432
 20
3.414135764361557
 10
21.726185115863174
 20
3.5350657769100766
 10
21.775894914883203
 20
3.653116986073842
 10
21.83100890117479
 20
3.767961861993603
 10
21.8913767341982
 20
3.8792844639326813
 10
21.956834326259035
 20
3.9867816226562742
 10
22.027204544905818
 20
4.0901640733033
 10
22.102297996121244
 20
4.18915752717554
 10
22.181913888066195
 20
4.283503669213197
 10
22.265840972347405
 20
4.372961066768256
 10
22.353858556220857
 20
4.457305974994639
 10
22.4457375750328
 20
4.536333025125057
 10
22.541241709940213
 20
4.609855784415634
 10
22.640128532114485
 20
4.677707180778462
 10
22.74215065190698
 20
4.739739791017019
 10
22.84705685054653
 20
4.795825998754209
 10
22.954593173421163
 20
4.8458580359084715
 10
23.06450396816109
 20
4.889747928996102
 10
23.176532857478183
 20
4.927427377584193
 10
23.29042364547924
 20
4.958847595951895
 10
23.40592116602742
 20
4.983979149789418
 10
23.52277209152573
 20
5.002811817340111
 10
23.64072572906379
 20
5.015354498967518
 10
23.759534837190706
 20
5.021635191235315
 10
23.87895649990857
 20
5.021701031907403
 10
23.998753094350555
 20
5.015618411456791
 10
24.650480928045944
 20
2.9974972033429905
 10
24.599097168962263
 20
3.057309181502555
 10
24.54487954750654
 20
3.1143169808862896
 10
24.48795955592142
 20
3.1681128465922903
 10
24.428508755722117
 20
3.2183007307345126
 10
24.366734345613136
 20
3.264501205429403
 10
24.302874715920474
 20
3.306355646094088
 10
24.23719519464093
 20
3.3435297709864407
 10
24.169984131434536
 20
3.3757166455198844
 10
24.101549408313772
 20
3.402639271068335
 10
24.032215409441104
 20
3.4240528772080268
 10
23.962320429118442
 20
3.4397470233288105
 10
23.892214450294457
 20
3.4495475912403273
 10
23.82225719011294
 20
3.4533187175294424
 10
23.752816287971115
 20
3.4509646773377507
 10
23.68426550714853
 20
3.4424316950733216
 10
23.616982832613058
 20
3.427709627180966
 10
23.55134837196567
 20
3.4068334409583856
 10
23.487741998890506
 20
3.3798844030918147
 10
23.426540713718342
 20
3.3469908917442788
 10
23.368115729193047
 20
3.308328754855434
 10
23.31282931795242
 20
3.264121152224327
 10
23.261031479812097
 20
3.2146378372509465
 10
23.213056501241134
 20
3.1601938535732583
 10
23.1692194869896
 20
3.101147640514769
 10
23.12981294578291
 20
3.0378985581523272
 10
23.095103509651054
 20
2.9708838573738343
 10
23.065328861084417
 20
2.900575132377781
 10
23.040694934885916
 20
2.827474302790199
 10
23.021373453165793
 20
2.752109180199246
 10
23.00749984300354
 20
2.6750286797456675
 10
22.99917157727463
 20
2.596797741768157
 10
22.996446970234548
 20
2.5179920316615476
 10
22.99934445076984
 20
2.439192488290552
 10
23.007842327777105
 20
2.360979792688995
 10
23.02187905386789
 20
2.283928829490859
 10
23.04135398543395
 20
2.208603213665246
 10
23.066128628936145
 20
2.135549954698345
 10
23.0960283549883
 20
2.065294329373083
 10
23.13084455328959
 20
1.9983350326857134
 10
23.170337192637906
 20
1.9351396740992657
 10
23.21423774110432
 20
1.8761406830961496
 10
23.26225239202508
 20
1.8217316836150124
 10
23.314065531962253
 20
1.772264391121721
 10
23.36934337758208
 20
1.7280460783781548
 10
23.427737700145787
 20
1.689337645990385
 10
23.488889549972708
 20
1.656352321098232
 10
23.552432890154467
 20
1.6292549917786128
 10
23.617998050634164
 20
1.608162165819411
 10
23.68521492234794
 20
1.593142520927237
 10
23.7537158281233
 20
1.58421799037006
 10
23.82313803340126
 20
1.5813653056977146
 10
23.893125895182397
 20
1.5845178996927167
 10
23.963332689452756
 20
1.593568061930868
 10
24.03342220095019
 20
1.6083692400872394
 10
24.103070197704984
 20
1.6287383950924244
 10
24.17196593869794
 20
1.654458347815338
 10
24.239813869552506
 20
1.685280096440618
 10
24.306335644609035
 20
1.7209251314434226
 10
24.371272574305653
 20
1.7610878214605699
 10
24.43438853884067
 20
1.8054379807292902
 10
24.49547333964268
 20
1.853623751139123
 10
24.55434638692237
 20
1.9052749361508128
 10
24.610860551144707
 20
1.96000690952235
 10
24.66490594353523
 20
2.0174251904987446
  0
LWPOLYLINE
  5
81
330
17
100
AcDbEntity
  8
KEDER
100
AcDbPolyline
 90
65
 70
0
 10
23.998753094350555
 20
0.004019428766864508
 10
23.878869540416613
 20
0.0
 10
23.759463169616545
 20
0.00191219079836219
 10
23.64075222722422
 20
0.009834527928416673
 10
23.52296170476907
 20
0.023826393086765194
 10
23.406322390834962
 20
0.0439280995284389
 10
23.291070008207683
 20
0.0701609138990078
 10
23.177444404877097
 20
0.10252700698322573
 10
23.065688762268092
 20
0.14100933062112647
 10
22.956048784567955
 20
0.1855714311721523
 10
22.84877183785716
 20
0.2361572215051341
 10
22.7441060161863
 20
0.2926907424047201
 10
22.642299122561408
 20
0.35507594954882127
 10
22.543597564464218
 20
0.42319656329604827
 10
22.448245174433918
 20
0.4969160155025253
 10
22.35648197499465
 20
0.5760775211655069
 10
22.268542912934198
 20
0.6605042940433403
 10
22.18465659033039
 20
0.7499999159098814
 10
22.105044019055775
 20
0.8443488600620226
 10
22.029917422448086
 20
0.9433171620942642
 10
21.959479103288366
 20
1.046653225344874
 10
21.893920392050763
 20
1.1540887449504138
 10
21.833420684302137
 20
1.2653397329404512
 10
21.778146571644537
 20
1.3801076268824841
 10
21.728251066993924
 20
1.4980804657874598
 10
21.683872922366593
 20
1.6189341188585442
 10
21.645136035652243
 20
1.7423335548281624
 10
21.612148941954334
 20
1.867934141793152
 10
21.585004384799056
 20
1.9953829694350607
 10
21.563778962673936
 20
2.124320187197501
 10
21.54853284679519
 20
2.2543803533478504
 10
21.539309566589626
 20
2.3851937908858605
 10
21.536135860020202
 20
2.5163879470144654
 10
21.539021586526705
 20
2.6475887534076246
 10
21.547959700968363
 20
2.7784219848455476
 10
21.56292628754107
 20
2.908514613978816
 10
21.583880653211587
 20
3.037496160054426
 10
21.610765480784327
 20
3.1650000293950753
 10
21.64350704231167
 20
3.2906648452559026
 10
21.682015474182432
 20
3.414135764361557
 10
21.726185115863174
 20
3.5350657769100766
 10
21.775894914883203
 20
3.653116986073842
 10
21.83100890117479
 20
3.767961861993603
 10
21.8913767341982
 20
3.8792844639326813
 10
21.956834326259035
 20
3.9867816226562742
 10
22.027204544905818
 20
4.0901640733033
 10
22.102297996121244
 20
4.18915752717554
 10
22.181913888066195
 20
4.283503669213197
 10
22.265840972347405
 20
4.372961066768256
 10
22.353858556220857
 20
4.457305974994639
 10
22.4457375750328
 20
4.536333025125057
 10
22.541241709940213
 20
4.609855784415634
 10
22.640128532114485
 20
4.677707180778462
 10
22.74215065190698
 20
4.739739791017019
 10
22.84705685054653
 20
4.795825998754209
 10
22.954593173421163
 20
4.8458580359084715
 10
23.06450396816109
 20
4.889747928996102
 10
23.176532857478183
 20
4.927427377584193
 10
23.29042364547924
 20
4.958847595951895
 10
23.40592116602742
 20
4.983979149789418
 10
23.52277209152573
 20
5.002811817340111
 10
23.64072572906379
 20
5.015354498967518
 10
23.759534837190706
 20
5.021635191235315
 10
23.87895649990857
 20
5.021701031907403
 10
23.998753094350555
 20
5.015618411456791
  0
LWPOLYLINE
  5
82
330
17
100
AcDbEntity
  8
BOLSA
100
AcDbPolyline
 90
65
 70
0
 10
24.66490594353523
 20
2.0174251904987446
 10
24.610860551144707
 20
1.96000690952235
 10
24.55434638692237
 20
1.9052749361508128
 10
24.49547333964268
 20
1.853623751139123
 10
24.43438853884067
 20
1.8054379807292902
 10
24.371272574305653
 20
1.7610878214605699
 10
24.306335644609035
 20
1.7209251314434226
 10
24.239813869552506
 20
1.685280096440618
 10
24.17196593869794
 20
1.654458347815338
 10
24.103070197704984
 20
1.6287383950924244
 10
24.03342220095019
 20
1.6083692400872394
 10
23.963332689452756
 20
1.593568061930868
 10
23.893125895182397
 20
1.5845178996927167
 10
23.82313803340126
 20
1.5813653056977146
 10
23.7537158281233
 20
1.58421799037006
 10
23.68521492234794
 20
1.593142520927237
 10
23.617998050634164
 20
1.608162165819411
 10
23.552432890154467
 20
1.6292549917786128
 10
23.488889549972708
 20
1.656352321098232
 10
23.427737700145787
 20
1.689337645990385
 10
23.36934337758208
 20
1.7280460783781548
 10
23.314065531962253
 20
1.772264391121721
 10
23.26225239202508
 20
1.8217316836150124
 10
23.21423774110432
 20
1.8761406830961496
 10
23.170337192637906
 20
1.9351396740992657
 10
23.13084455328959
 20
1.9983350326857134
 10
23.0960283549883
 20
2.065294329373083
 10
23.066128628936145
 20
2.135549954698345
 10
23.04135398543395
 20
2.208603213665246
 10
23.02187905386789
 20
2.283928829490859
 10
23.007842327777105
 20
2.360979792688995
 10
22.99934445076984
 20
2.439192488290552
 10
22.996446970234548
 20
2.5179920316615476
 10
22.99917157727463
 20
2.596797741768157
 10
23.00749984300354
 20
2.6750286797456675
 10
23.021373453165793
 20
2.752109180199246
 10
23.040694934885916
 20
2.827474302790199
 10
23.065328861084417
 20
2.900575132377781
 10
23.095103509651054
 20
2.9708838573738343
 10
23.12981294578291
 20
3.0378985581523272
 10
23.1692194869896
 20
3.101147640514769
 10
23.213056501241134
 20
3.1601938535732583
 10
23.261031479812097
 20
3.2146378372509465
 10
23.31282931795242
 20
3.264121152224327
 10
23.368115729193047
 20
3.308328754855434
 10
23.426540713718342
 20
3.3469908917442788
 10
23.487741998890506
 20
3.3798844030918147
 10
23.55134837196567
 20
3.4068334409583856
 10
23.616982832613058
 20
3.427709627180966
 10
23.68426550714853
 20
3.4424316950733216
 10
23.752816287971115
 20
3.4509646773377507
 10
23.82225719011294
 20
3.4533187175294424
 10
23.892214450294457
 20
3.4495475912403273
 10
23.962320429118442
 20
3.4397470233288105
 10
24.032215409441104
 20
3.4240528772080268
 10
24.101549408313772
 20
3.402639271068335
 10
24.169984131434536
 20
3.3757166455198844
 10
24.23719519464093
 20
3.3435297709864407
 10
24.302874715920474
 20
3.306355646094088
 10
24.366734345613136
 20
3.264501205429403
 10
24.428508755722117
 20
3.2183007307345126
 10
24.48795955592142
 20
3.1681128465922903
 10
24.54487954750654
 20
3.1143169808862896
 10
24.599097168962263
 20
3.057309181502555
 10
24.650480928045944
 20
2.9974972033429905
  0
LWPOLYLINE
  5
83
330
17
100
AcDbEntity
  8
KEDER
100
AcDbPolyline
 90
2
 70
0
 10
23.998753094350555
 20
0.004019428766864508
 10
24.66490594353523
 20
2.0174251904987446
  0
LWPOLYLINE
  5
84
330
17
100
AcDbEntity
  8
KEDER
100
AcDbPolyline
 90
2
 70
0
 10
23.998753094350555
 20
5.015618411456791
 10
24.650480928045944
 20
2.9974972033429905
  0
LWPOLYLINE
  5
85
330
17
100
AcDbEntity
  8
LINHA
100
AcDbPolyline
 90
41
 70
0
 10
24.451079103056202
 20
1.3711467978440677
 10
24.32987940197497
 20
1.3089389515916425
 10
24.205261087192447
 20
1.2561446699148877
 10
24.077594738158798
 20
1.2146331314386425
 10
23.947791300506356
 20
1.1855244764046502
 10
23.81686462280688
 20
1.1686598978517646
 10
23.685854629764748
 20
1.1669435204269476
 10
23.55590597230768
 20
1.1787784444598788
 10
23.428262260430085
 20
1.2056623926114942
 10
23.304288739269595
 20
1.2477953728959494
 10
23.184839611372446
 20
1.3039756884591913
 10
23.0721727650519
 20
1.3762355278740925
 10
22.96660258868935
 20
1.4617649015937124
 10
22.869932050018488
 20
1.5609355893614496
 10
22.783477114337522
 20
1.6726501202575257
 10
22.707445349838604
 20
1.7948490640238715
 10
22.64473970908361
 20
1.9275975540721686
 10
22.594312028476164
 20
2.067751295646972
 10
22.55785428931523
 20
2.2141895701566154
 10
22.535929711557014
 20
2.3648014424514616
 10
22.52770513238797
 20
2.5174771402933485
 10
22.53559586856967
 20
2.670170404315263
 10
22.55719904198265
 20
2.820828460030882
 10
22.59336068603054
 20
2.9673395530742606
 10
22.643530511324297
 20
3.107584186519012
 10
22.70602326909717
 20
3.240430005283633
 10
22.781905281903907
 20
3.3627152482735934
 10
22.868270834307403
 20
3.4744855344307726
 10
22.96491922784344
 20
3.5736529963293737
 10
23.070529670642117
 20
3.6590841553934568
 10
23.183282976231492
 20
3.7311236695176264
 10
23.302844615006457
 20
3.7868902342673327
 10
23.426915694468644
 20
3.8283966016152124
 10
23.554590861248283
 20
3.8543772533742375
 10
23.684432732920563
 20
3.8649829390787893
 10
23.81513864692701
 20
3.861701995771509
 10
23.94542852462624
 20
3.842847635883108
 10
24.07421583517562
 20
3.8113672696637257
 10
24.200362059431434
 20
3.7670650409485593
 10
24.322852516593947
 20
3.711067433054464
 10
24.441284339452363
 20
3.645289196070876
  0
TEXT
  5
86
330
17
100
AcDbEntity
  8
TEXTO
100
AcDbText
 10
21.536135860020202
 20
-0.35
 30
0.0
 40
0.12
  1
P8 · x1 · 9.37 m2
 11
21.536135860020202
 21
-0.35
 31
0.0
100
AcDbText
  0
TEXT
  5
87
330
17
100
AcDbEntity
  8
TEXTO
100
AcDbText
 10
21.536135860020202
 20
-0.55
 30
0.0
 40
0.06
  1
ZION CASULO SENSORIAL · LONA EXTERNA · PVDF tipo II 1050 g/m² (poliéster de alta tenacidade, PVC + 
 11
21.536135860020202
 21
-0.55
 31
0.0
100
AcDbText
  0
LWPOLYLINE
  5
88
330
17
100
AcDbEntity
  8
CONTORNO
100
AcDbPolyline
 90
130
 70
1
 10
25.264905943535233
 20
0.0
 10
25.29258404627025
 20
0.11366309169467037
 10
25.319810195252362
 20
0.22651100894822934
 10
25.346545761068274
 20
0.3384958108789804
 10
25.372755002325082
 20
0.4495723718761772
 10
25.39840348476991
 20
0.5596990360970487
 10
25.423457740857128
 20
0.6688379661596298
 10
25.447885138879524
 20
0.7769554385077457
 10
25.471653829772833
 20
0.8840221170809994
 10
25.494732728977414
 20
0.9900133145267395
 10
25.51709151581151
 20
1.0949092436259555
 10
25.538700642037835
 20
1.1986952589241386
 10
25.559531345296904
 20
1.301362087133615
 10
25.57955566501578
 20
1.4029060439191052
 10
25.598746459427577
 20
1.5033292339149897
 10
25.617077422925924
 20
1.6026397301458333
 10
25.634523103341493
 20
1.700851728396515
 10
25.651058918968214
 20
1.7979856715045353
 10
25.666661175336884
 20
1.8940683380448584
 10
25.681307081861227
 20
1.9891328894813594
 10
25.694974768580387
 20
2.083218869613488
 10
25.70764330329877
 20
2.1763721501041697
 10
25.71929270948183
 20
2.268644816090745
 10
25.72990398530399
 20
2.3600949864077574
 10
25.739459124260733
 20
2.4507865638330917
 10
25.747941137748555
 20
2.5407889120347398
 10
25.75533407998124
 20
2.630176457547083
 10
25.761623075547625
 20
2.7190282171136304
 10
25.76679434982501
 20
2.8074272530311126
 10
25.770835262345347
 20
2.8954600616128117
 10
25.773734343074004
 20
2.9832159024178746
 10
25.775481331409416
 20
3.0707860783040015
 10
25.776067217556296
 20
3.158263178479527
 10
25.775484285775367
 20
3.2457402983923065
 10
25.773740052556786
 20
3.3333105291985023
 10
25.770843522505825
 20
3.4210664542300284
 10
25.76680495266533
 20
3.5090993703149933
 10
25.76163581107762
 20
3.5974985309673353
 10
25.755348737682713
 20
3.6863504265657556
 10
25.747957507906115
 20
3.775738113693047
 10
25.73947699913518
 20
3.8657406036897384
 10
25.729923160131957
 20
3.956432318066954
 10
25.719312983292955
 20
4.047882615896047
 10
25.70766447954882
 20
4.140155395810879
 10
25.694996655604644
 20
4.233308772961714
 10
25.681329493157108
 20
4.327394829252266
 10
25.666683929688062
 20
4.422459433540178
 10
25.651081840424222
 20
4.518542127215449
 10
25.634546021067013
 20
4.615676069688401
 10
25.61710017093297
 20
4.713888037791349
 10
25.59876887620135
 20
4.813198472881809
 10
25.579577593041126
 20
4.913621569477014
 10
25.55955263048698
 20
5.015165399494216
 10
25.538721133058914
 20
5.1178320665666694
 10
25.517111063287
 20
5.2216178854062045
 10
25.49475118453748
 20
5.326513581755421
 10
25.47167104488926
 20
5.4325045090949615
 10
25.4479009633786
 20
5.539570878943138
 10
25.423472020915113
 20
5.64768800233812
 10
25.398416060012735
 20
5.7568265410242665
 10
25.37276570122805
 20
5.866952768229036
 10
25.34655439269197
 20
5.978028841417855
 10
25.31981653135309
 20
6.090013095284144
 10
25.292587766786305
 20
6.202860381458994
 10
25.264905943535233
 20
6.316522567106192
 10
25.26490594500693
 20
6.31652256929091
 10
25.418375526553135
 20
6.213140427168741
 10
25.546785008473126
 20
6.106437405030821
 10
25.667164147166943
 20
5.999030382747807
 10
25.782449793450375
 20
5.891494261943988
 10
25.89393476860003
 20
5.784125183698399
 10
26.002334938702063
 20
5.677113039786566
 10
26.108096876955504
 20
5.570593659535145
 10
26.211520329171666
 20
5.4646702747100235
 10
26.312816581900947
 20
5.359423978824052
 10
26.41213977452015
 20
5.2549194088008795
 10
26.509605180010162
 20
5.151208071990274
 10
26.605300582064856
 20
5.04833040339118
 10
26.699293719889805
 20
4.946317091596902
 10
26.79163736128427
 20
4.845189963190422
 10
26.882372877293406
 20
4.744962592138117
 10
26.971532833049775
 20
4.645640735560386
 10
27.059142911423248
 20
4.54722266086876
 10
27.145223371536296
 20
4.449699407999043
 10
27.2297901752198
 20
4.353055017538858
 10
27.31285587149852
 20
4.257266747365058
 10
27.394430301595584
 20
4.162305294991065
 10
27.474521168751025
 20
4.0681350390309365
 10
27.553134504868673
 20
3.9747143103272347
 10
27.630275057536124
 20
3.8819957009367916
 10
27.705946615002627
 20
3.7899264170555282
 10
27.780152282424798
 20
3.6984486799278273
 10
27.85289471956478
 20
3.6075001767394568
 10
27.924176347797438
 20
3.5170145614046726
 10
27.993999532515932
 20
3.426922003042675
 10
28.06236674565874
 20
3.337149777848188
 10
28.129280712007027
 20
3.2476228980748445
 10
28.19474454204534
 20
3.1582647700642754
 10
28.129277761893878
 20
3.0689088033835983
 10
28.062361048449052
 20
2.979383976904271
 10
27.993991296495707
 20
2.889613685230903
 10
27.924165784804934
 20
2.799522930358025
 10
27.852882043342596
 20
2.709038979796923
 10
27.7801377070804
 20
2.6180919955971085
 10
27.70593035360994
 20
2.5266156261977635
 10
27.63025732090309
 20
2.434547554833352
 10
27.553115500487223
 20
2.34183000020607
 10
27.474501099937882
 20
2.248410167229633
 10
27.394409366824767
 20
2.154240647764766
 10
27.31283426392001
 20
2.0592797733547377
 10
27.229768082353942
 20
1.9634919240146926
 10
27.14520097513003
 20
1.8668477991625103
 10
27.059120387452268
 20
1.76932465888998
 10
26.97151035185036
 20
1.6709065461238597
 10
26.882350603808472
 20
1.571584503083895
 10
26.791615455410316
 20
1.47135679923578
 10
26.699272336914774
 20
1.3702291933497102
 10
26.60527987319161
 20
1.2682152604549062
 10
26.509585292966666
 20
1.1653368274071292
 10
26.41212085426648
 20
1.0616245820393129
 10
26.31279877145659
 20
0.957118957242824
 10
26.21150377060775
 20
0.8518714564756095
 10
26.10808171263333
 20
0.7459467103326246
 10
26.002321312907945
 20
0.6394258025154352
 10
25.8939228298686
 20
0.5324119496854133
 10
25.782439698199667
 20
0.4250409573238196
 10
25.667156066172307
 20
0.31750267714832575
 10
25.546779140838034
 20
0.21009317423803764
 10
25.41837214246615
 20
0.10338716339773973
 10
25.264905943535233
 20
0.0
  0
LWPOLYLINE
  5
89
330
17
100
AcDbEntity
  8
KEDER
100
AcDbPolyline
 90
65
 70
0
 10
25.264905943535233
 20
0.0
 10
25.29258404627025
 20
0.11366309169467037
 10
25.319810195252362
 20
0.22651100894822934
 10
25.346545761068274
 20
0.3384958108789804
 10
25.372755002325082
 20
0.4495723718761772
 10
25.39840348476991
 20
0.5596990360970487
 10
25.423457740857128
 20
0.6688379661596298
 10
25.447885138879524
 20
0.7769554385077457
 10
25.471653829772833
 20
0.8840221170809994
 10
25.494732728977414
 20
0.9900133145267395
 10
25.51709151581151
 20
1.0949092436259555
 10
25.538700642037835
 20
1.1986952589241386
 10
25.559531345296904
 20
1.301362087133615
 10
25.57955566501578
 20
1.4029060439191052
 10
25.598746459427577
 20
1.5033292339149897
 10
25.617077422925924
 20
1.6026397301458333
 10
25.634523103341493
 20
1.700851728396515
 10
25.651058918968214
 20
1.7979856715045353
 10
25.666661175336884
 20
1.8940683380448584
 10
25.681307081861227
 20
1.9891328894813594
 10
25.694974768580387
 20
2.083218869613488
 10
25.70764330329877
 20
2.1763721501041697
 10
25.71929270948183
 20
2.268644816090745
 10
25.72990398530399
 20
2.3600949864077574
 10
25.739459124260733
 20
2.4507865638330917
 10
25.747941137748555
 20
2.5407889120347398
 10
25.75533407998124
 20
2.630176457547083
 10
25.761623075547625
 20
2.7190282171136304
 10
25.76679434982501
 20
2.8074272530311126
 10
25.770835262345347
 20
2.8954600616128117
 10
25.773734343074004
 20
2.9832159024178746
 10
25.775481331409416
 20
3.0707860783040015
 10
25.776067217556296
 20
3.158263178479527
 10
25.775484285775367
 20
3.2457402983923065
 10
25.773740052556786
 20
3.3333105291985023
 10
25.770843522505825
 20
3.4210664542300284
 10
25.76680495266533
 20
3.5090993703149933
 10
25.76163581107762
 20
3.5974985309673353
 10
25.755348737682713
 20
3.6863504265657556
 10
25.747957507906115
 20
3.775738113693047
 10
25.73947699913518
 20
3.8657406036897384
 10
25.729923160131957
 20
3.956432318066954
 10
25.719312983292955
 20
4.047882615896047
 10
25.70766447954882
 20
4.140155395810879
 10
25.694996655604644
 20
4.233308772961714
 10
25.681329493157108
 20
4.327394829252266
 10
25.666683929688062
 20
4.422459433540178
 10
25.651081840424222
 20
4.518542127215449
 10
25.634546021067013
 20
4.615676069688401
 10
25.61710017093297
 20
4.713888037791349
 10
25.59876887620135
 20
4.813198472881809
 10
25.579577593041126
 20
4.913621569477014
 10
25.55955263048698
 20
5.015165399494216
 10
25.538721133058914
 20
5.1178320665666694
 10
25.517111063287
 20
5.2216178854062045
 10
25.49475118453748
 20
5.326513581755421
 10
25.47167104488926
 20
5.4325045090949615
 10
25.4479009633786
 20
5.539570878943138
 10
25.423472020915113
 20
5.64768800233812
 10
25.398416060012735
 20
5.7568265410242665
 10
25.37276570122805
 20
5.866952768229036
 10
25.34655439269197
 20
5.978028841417855
 10
25.31981653135309
 20
6.090013095284144
 10
25.292587766786305
 20
6.202860381458994
 10
25.264905943535233
 20
6.316522567106192
  0
LWPOLYLINE
  5
8A
330
17
100
AcDbEntity
  8
BOLSA
100
AcDbPolyline
 90
65
 70
0
 10
25.264905943535233
 20
0.0
 10
25.41837214246615
 20
0.10338716339773973
 10
25.546779140838034
 20
0.21009317423803764
 10
25.667156066172307
 20
0.31750267714832575
 10
25.782439698199667
 20
0.4250409573238196
 10
25.8939228298686
 20
0.5324119496854133
 10
26.002321312907945
 20
0.6394258025154352
 10
26.10808171263333
 20
0.7459467103326246
 10
26.21150377060775
 20
0.8518714564756095
 10
26.31279877145659
 20
0.957118957242824
 10
26.41212085426648
 20
1.0616245820393129
 10
26.509585292966666
 20
1.1653368274071292
 10
26.60527987319161
 20
1.2682152604549062
 10
26.699272336914774
 20
1.3702291933497102
 10
26.791615455410316
 20
1.47135679923578
 10
26.882350603808472
 20
1.571584503083895
 10
26.97151035185036
 20
1.6709065461238597
 10
27.059120387452268
 20
1.76932465888998
 10
27.14520097513003
 20
1.8668477991625103
 10
27.229768082353942
 20
1.9634919240146926
 10
27.31283426392001
 20
2.0592797733547377
 10
27.394409366824767
 20
2.154240647764766
 10
27.474501099937882
 20
2.248410167229633
 10
27.553115500487223
 20
2.34183000020607
 10
27.63025732090309
 20
2.434547554833352
 10
27.70593035360994
 20
2.5266156261977635
 10
27.7801377070804
 20
2.6180919955971085
 10
27.852882043342596
 20
2.709038979796923
 10
27.924165784804934
 20
2.799522930358025
 10
27.993991296495707
 20
2.889613685230903
 10
28.062361048449052
 20
2.979383976904271
 10
28.129277761893878
 20
3.0689088033835983
 10
28.19474454204534
 20
3.1582647700642754
 10
28.129280712007027
 20
3.2476228980748445
 10
28.06236674565874
 20
3.337149777848188
 10
27.993999532515932
 20
3.426922003042675
 10
27.924176347797438
 20
3.5170145614046726
 10
27.85289471956478
 20
3.6075001767394568
 10
27.780152282424798
 20
3.6984486799278273
 10
27.705946615002627
 20
3.7899264170555282
 10
27.630275057536124
 20
3.8819957009367916
 10
27.553134504868673
 20
3.9747143103272347
 10
27.474521168751025
 20
4.0681350390309365
 10
27.394430301595584
 20
4.162305294991065
 10
27.31285587149852
 20
4.257266747365058
 10
27.2297901752198
 20
4.353055017538858
 10
27.145223371536296
 20
4.449699407999043
 10
27.059142911423248
 20
4.54722266086876
 10
26.971532833049775
 20
4.645640735560386
 10
26.882372877293406
 20
4.744962592138117
 10
26.79163736128427
 20
4.845189963190422
 10
26.699293719889805
 20
4.946317091596902
 10
26.605300582064856
 20
5.04833040339118
 10
26.509605180010162
 20
5.151208071990274
 10
26.41213977452015
 20
5.2549194088008795
 10
26.312816581900947
 20
5.359423978824052
 10
26.211520329171666
 20
5.4646702747100235
 10
26.108096876955504
 20
5.570593659535145
 10
26.002334938702063
 20
5.677113039786566
 10
25.89393476860003
 20
5.784125183698399
 10
25.782449793450375
 20
5.891494261943988
 10
25.667164147166943
 20
5.999030382747807
 10
25.546785008473126
 20
6.106437405030821
 10
25.418375526553135
 20
6.213140427168741
 10
25.26490594500693
 20
6.31652256929091
  0
LWPOLYLINE
  5
8B
330
17
100
AcDbEntity
  8
LINHA
100
AcDbPolyline
 90
2
 70
0
 10
25.264905943535233
 20
0.0
 10
25.264905943535233
 20
0.0
  0
LWPOLYLINE
  5
8C
330
17
100
AcDbEntity
  8
LINHA
100
AcDbPolyline
 90
2
 70
0
 10
25.264905943535233
 20
6.316522567106192
 10
25.26490594500693
 20
6.31652256929091
  0
LWPOLYLINE
  5
8D
330
17
100
AcDbEntity
  8
LINHA
100
AcDbPolyline
 90
17
 70
0
 10
25.776067217556296
 20
3.158263178479527
 10
25.927234550336863
 20
3.1582632779535738
 10
26.078401883117426
 20
3.1582633774276205
 10
26.229569215897993
 20
3.1582634769016673
 10
26.380736548678556
 20
3.158263576375714
 10
26.531903881459122
 20
3.158263675849761
 10
26.68307121423969
 20
3.1582637753238076
 10
26.834238547020252
 20
3.1582638747978544
 10
26.98540587980082
 20
3.158263974271901
 10
27.136573212581382
 20
3.158264073745948
 10
27.28774054536195
 20
3.1582641732199948
 10
27.438907878142512
 20
3.1582642726940415
 10
27.59007521092308
 20
3.1582643721680883
 10
27.741242543703642
 20
3.158264471642135
 10
27.89240987648421
 20
3.158264571116182
 10
28.04357720926477
 20
3.1582646705902286
 10
28.19474454204534
 20
3.1582647700642754
  0
LWPOLYLINE
  5
8E
330
17
100
AcDbEntity
  8
LINHA
100
AcDbPolyline
 90
41
 70
0
 10
25.264905943535233
 20
0.0
 10
25.4021680385744
 20
0.17439130597436214
 10
25.521000200948706
 20
0.34986072813092217
 10
25.63244999590788
 20
0.5243057272329845
 10
25.738927086432092
 20
0.6970595603705936
 10
25.84157880019029
 20
0.8679467867783044
 10
25.940270011110197
 20
1.036386602053493
 10
26.03579549585065
 20
1.202570569291359
 10
26.12801232262107
 20
1.3662118296663783
 10
26.21699417979825
 20
1.5272506565911768
 10
26.303016727595924
 20
1.6858791372601873
 10
26.38559450642417
 20
1.8417369072411138
 10
26.46521096893611
 20
1.9952997896952431
 10
26.541601971299453
 20
2.1464949834443967
 10
26.614742039984158
 20
2.295501492318879
 10
26.684858222581912
 20
2.442667059333222
 10
26.75141583439019
 20
2.587961443589758
 10
26.814898061019083
 20
2.731921897103135
 10
26.875026636999415
 20
2.8747245170763995
 10
26.931780436117577
 20
3.0167189401341634
 10
26.98540587980082
 20
3.158263974271901
 10
26.931785039021136
 20
3.2998107314074376
 10
26.87503535205498
 20
3.441806776081048
 10
26.814910342303236
 20
3.584610876254683
 10
26.751431130614
 20
3.72857263809779
 10
26.684876028335655
 20
3.873868152313265
 10
26.61476177861332
 20
4.021034622156932
 10
26.54162316516808
 20
4.170041828353455
 10
26.46523312006108
 20
4.321237490749127
 10
26.3856171407368
 20
4.474800610078608
 10
26.303039427058394
 20
4.630658402624394
 10
26.217016480890962
 20
4.789286656807563
 10
26.128033846427556
 20
4.950325044718106
 10
26.035815846482816
 20
5.113965635711317
 10
25.94028880462983
 20
5.280148700378019
 10
25.841595687030463
 20
5.4485873919024925
 10
25.738941655951972
 20
5.619473220333063
 10
25.63246188091295
 20
5.792225392906369
 10
25.521008965411408
 20
5.966668392683567
 10
25.402173120615753
 20
6.142135311820036
 10
25.26490594427108
 20
6.316522568198551
  0
TEXT
  5
8F
330
17
100
AcDbEntity
  8
TEXTO
100
AcDbText
 10
25.264905943535233
 20
-0.35
 30
0.0
 40
0.12
  1
P0 · x1 · 7.99 m2
 11
25.264905943535233
 21
-0.35
 31
0.0
100
AcDbText
  0
TEXT
  5
90
330
17
100
AcDbEntity
  8
TEXTO
100
AcDbText
 10
25.264905943535233
 20
-0.55
 30
0.0
 40
0.06
  1
ZION CASULO SENSORIAL · LONA EXTERNA · PVDF tipo II 1050 g/m² (poliéster de alta tenacidade, PVC + 
 11
25.264905943535233
 21
-0.55
 31
0.0
100
AcDbText
  0
LWPOLYLINE
  5
91
330
17
100
AcDbEntity
  8
CONTORNO
100
AcDbPolyline
 90
130
 70
1
 10
28.794744542045336
 20
0.14964185101534075
 10
28.807716387206227
 20
0.21955775321060234
 10
28.82676744543496
 20
0.3999786348003904
 10
28.843797602625955
 20
0.5810166843938813
 10
28.858829781557613
 20
0.7624370809683273
 10
28.871897327707433
 20
0.9440039179333636
 10
28.883044055887186
 20
1.1254823708844512
 10
28.892324229572235
 20
1.3066408533660845
 10
28.899802471380152
 20
1.4872531586325926
 10
28.905553601514224
 20
1.6671005845333116
 10
28.909662399462952
 20
1.8459740373335098
 10
28.912223282849876
 20
2.0236761085113595
 10
28.913339896087887
 20
2.2000231163337536
 10
28.913124600457465
 20
2.374847101297201
 10
28.911697856471875
 20
2.5479977613187534
 10
28.909187489010424
 20
2.719344308888529
 10
28.905727825815195
 20
2.888777228293637
 10
28.90145870069905
 20
3.056209906583098
 10
28.896524314358597
 20
3.2215801073163886
 10
28.89107194818265
 20
3.384851251553724
 10
28.885250530033318
 20
3.546013466322517
 10
28.879209055751232
 20
3.7050843573449486
 10
28.873094876122796
 20
3.862109460638718
 10
28.86705186616423
 20
4.017162327275758
 10
28.86121850160388
 20
4.170344197695045
 10
28.85572587599605
 20
4.321783227066083
 10
28.850695700419315
 20
4.471633231709903
 10
28.846238335486206
 20
4.620071938693919
 10
28.842450911596305
 20
4.767298736283813
 10
28.839415597152463
 20
4.913531941408031
 10
28.83719807506534
 20
5.059005620676074
 10
28.83584628474241
 20
5.203966022393328
 10
28.835389479672113
 20
5.34866769674883
 10
28.835837639867314
 20
5.493369398136883
 10
28.83718126446228
 20
5.638329875771488
 10
28.83939155369896
 20
5.783803665113342
 10
28.84242097270187
 20
5.9300369924883976
 10
28.846204173242228
 20
6.077263898663759
 10
28.850659235457208
 20
6.225702674776656
 10
28.85568918028323
 20
6.375552687166154
 10
28.861183695860177
 20
6.526991647977052
 10
28.867021017605392
 20
6.6801733676504105
 10
28.87306990186349
 20
6.835226005231831
 10
28.879191636494266
 20
6.992250814169969
 10
28.885242037726712
 20
7.151321365898118
 10
28.891073390245374
 20
7.312483221516174
 10
28.896536295960985
 20
7.475754013449783
 10
28.90148140552451
 20
7.641123893871008
 10
28.905761014793967
 20
7.808556304511661
 10
28.90923051574825
 20
7.977989022753123
 10
28.911749697517344
 20
8.149335440959302
 10
28.91318389816086
 20
8.322486039378177
 10
28.913405011585866
 20
8.49731001708021
 10
28.91229235663748
 20
8.67365704992171
 10
28.9097334170553
 20
8.8513591491013
 10
28.90562446182196
 20
9.030232598288535
 10
28.89987105559438
 20
9.210079951390307
 10
28.89238846854993
 20
9.390692076690197
 10
28.883101994225957
 20
9.571850236300254
 10
28.871947182884035
 20
9.753328192588503
 10
28.8588699966688
 20
9.934894335491187
 10
28.843826891409815
 20
10.11631382639784
 10
28.82678482836789
 20
10.297350755619036
 10
28.80772121757242
 20
10.477770311312728
 10
28.794744542045336
 20
10.547685317133515
 10
29.5601609490448
 20
10.697382187905975
 10
29.57634418301721
 20
10.62661335762993
 10
29.602950284442613
 20
10.446347679298405
 10
29.627434197429324
 20
10.265472914887082
 10
29.649807007156447
 20
10.084174497911974
 10
29.6700913721264
 20
9.902639350553029
 10
29.688321502278594
 20
9.721053931313852
 10
29.704543034341942
 20
9.539602302219402
 10
29.718812805704605
 20
9.358464224892668
 10
29.731198527023786
 20
9.177813294974875
 10
29.741778352924616
 20
8.997815124863102
 10
29.750640349491693
 20
8.818625585586922
 10
29.75788185688481
 20
8.640389119779453
 10
29.76360874535816
 20
8.463237139059029
 10
29.76793456327508
 20
8.287286520657364
 10
29.770979576432683
 20
8.112638219727899
 10
29.772869699181157
 20
7.939376015348322
 10
29.77373531947055
 20
7.76756540968204
 10
29.773710022096154
 20
7.597252700955304
 10
29.772929217032445
 20
7.428464251695033
 10
29.771528682804657
 20
7.26120597390077
 10
29.769643038269262
 20
7.095463052331371
 10
29.76740415984224
 20
6.931199925717203
 10
29.76493956496498
 20
6.768360543323973
 10
29.762370786231052
 20
6.6068689107912615
 10
29.759811763878282
 20
6.446629934495265
 10
29.75736728702692
 20
6.287530567858304
 10
29.755131515862463
 20
6.129441256149137
 10
29.7531866176903
 20
5.9722176685858726
 10
29.751601549245624
 20
5.815702698263879
 10
29.750431015713396
 20
5.659728701972708
 10
29.749714633578094
 20
5.504119943798383
 10
29.749476319761914
 20
5.348695199028522
 10
29.749723923706618
 20
5.193270468780927
 10
29.75044911238602
 20
5.03766175139884
 10
29.751627511052902
 20
4.881687814331233
 10
29.753219095218352
 20
4.725172910131302
 10
29.755168822333186
 20
4.567949382377529
 10
29.757407485263375
 20
4.409860111591486
 10
29.759852764236893
 20
4.250760757280726
 10
29.76241044971973
 20
4.090521759640445
 10
29.764975805787863
 20
3.9290300727011225
 10
29.76743504203516
 20
3.7661906092925332
 10
29.769666861837884
 20
3.6019273866222052
 10
29.771544055750645
 20
3.4361843691261793
 10
29.77293511074618
 20
3.268926012226366
 10
29.773705808706595
 20
3.100137516513867
 10
29.773720790789397
 20
2.929824806567332
 10
29.772845067795465
 20
2.7580142520977717
 10
29.770945460248235
 20
2.584752151447799
 10
29.767891955374136
 20
2.4101039987788884
 10
29.763558971412422
 20
2.234153556703381
 10
29.757826522573477
 20
2.0570017558232747
 10
29.750581280441995
 20
1.8787654417923858
 10
29.741717529648906
 20
1.6995759892818005
 10
29.731138017205293
 20
1.519577800746098
 10
29.71875469601307
 20
1.3389267062877224
 10
29.704489363766385
 20
1.157788279309182
 10
29.688274198767978
 20
0.9763360811202723
 10
29.670052194144667
 20
0.7947498463084306
 10
29.649777491595433
 20
0.6132136195507734
 10
29.627415615184567
 20
0.4319138537038433
 10
29.60294360484108
 20
0.25103747850315206
 10
29.576350048185382
 20
0.07076994908705532
 10
29.560171707520755
 20
0.0
  0
LWPOLYLINE
  5
92
330
17
100
AcDbEntity
  8
KEDER
100
AcDbPolyline
 90
65
 70
0
 10
28.794744542045336
 20
0.14964185101534075
 10
28.807716387206227
 20
0.21955775321060234
 10
28.82676744543496
 20
0.3999786348003904
 10
28.843797602625955
 20
0.5810166843938813
 10
28.858829781557613
 20
0.7624370809683273
 10
28.871897327707433
 20
0.9440039179333636
 10
28.883044055887186
 20
1.1254823708844512
 10
28.892324229572235
 20
1.3066408533660845
 10
28.899802471380152
 20
1.4872531586325926
 10
28.905553601514224
 20
1.6671005845333116
 10
28.909662399462952
 20
1.8459740373335098
 10
28.912223282849876
 20
2.0236761085113595
 10
28.913339896087887
 20
2.2000231163337536
 10
28.913124600457465
 20
2.374847101297201
 10
28.911697856471875
 20
2.5479977613187534
 10
28.909187489010424
 20
2.719344308888529
 10
28.905727825815195
 20
2.888777228293637
 10
28.90145870069905
 20
3.056209906583098
 10
28.896524314358597
 20
3.2215801073163886
 10
28.89107194818265
 20
3.384851251553724
 10
28.885250530033318
 20
3.546013466322517
 10
28.879209055751232
 20
3.7050843573449486
 10
28.873094876122796
 20
3.862109460638718
 10
28.86705186616423
 20
4.017162327275758
 10
28.86121850160388
 20
4.170344197695045
 10
28.85572587599605
 20
4.321783227066083
 10
28.850695700419315
 20
4.471633231709903
 10
28.846238335486206
 20
4.620071938693919
 10
28.842450911596305
 20
4.767298736283813
 10
28.839415597152463
 20
4.913531941408031
 10
28.83719807506534
 20
5.059005620676074
 10
28.83584628474241
 20
5.203966022393328
 10
28.835389479672113
 20
5.34866769674883
 10
28.835837639867314
 20
5.493369398136883
 10
28.83718126446228
 20
5.638329875771488
 10
28.83939155369896
 20
5.783803665113342
 10
28.84242097270187
 20
5.9300369924883976
 10
28.846204173242228
 20
6.077263898663759
 10
28.850659235457208
 20
6.225702674776656
 10
28.85568918028323
 20
6.375552687166154
 10
28.861183695860177
 20
6.526991647977052
 10
28.867021017605392
 20
6.6801733676504105
 10
28.87306990186349
 20
6.835226005231831
 10
28.879191636494266
 20
6.992250814169969
 10
28.885242037726712
 20
7.151321365898118
 10
28.891073390245374
 20
7.312483221516174
 10
28.896536295960985
 20
7.475754013449783
 10
28.90148140552451
 20
7.641123893871008
 10
28.905761014793967
 20
7.808556304511661
 10
28.90923051574825
 20
7.977989022753123
 10
28.911749697517344
 20
8.149335440959302
 10
28.91318389816086
 20
8.322486039378177
 10
28.913405011585866
 20
8.49731001708021
 10
28.91229235663748
 20
8.67365704992171
 10
28.9097334170553
 20
8.8513591491013
 10
28.90562446182196
 20
9.030232598288535
 10
28.89987105559438
 20
9.210079951390307
 10
28.89238846854993
 20
9.390692076690197
 10
28.883101994225957
 20
9.571850236300254
 10
28.871947182884035
 20
9.753328192588503
 10
28.8588699966688
 20
9.934894335491187
 10
28.843826891409815
 20
10.11631382639784
 10
28.82678482836789
 20
10.297350755619036
 10
28.80772121757242
 20
10.477770311312728
 10
28.794744542045336
 20
10.547685317133515
  0
LWPOLYLINE
  5
93
330
17
100
AcDbEntity
  8
KEDER
100
AcDbPolyline
 90
65
 70
0
 10
29.560171707520755
 20
0.0
 10
29.576350048185382
 20
0.07076994908705532
 10
29.60294360484108
 20
0.25103747850315206
 10
29.627415615184567
 20
0.4319138537038433
 10
29.649777491595433
 20
0.6132136195507734
 10
29.670052194144667
 20
0.7947498463084306
 10
29.688274198767978
 20
0.9763360811202723
 10
29.704489363766385
 20
1.157788279309182
 10
29.71875469601307
 20
1.3389267062877224
 10
29.731138017205293
 20
1.519577800746098
 10
29.741717529648906
 20
1.6995759892818005
 10
29.750581280441995
 20
1.8787654417923858
 10
29.757826522573477
 20
2.0570017558232747
 10
29.763558971412422
 20
2.234153556703381
 10
29.767891955374136
 20
2.4101039987788884
 10
29.770945460248235
 20
2.584752151447799
 10
29.772845067795465
 20
2.7580142520977717
 10
29.773720790789397
 20
2.929824806567332
 10
29.773705808706595
 20
3.100137516513867
 10
29.77293511074618
 20
3.268926012226366
 10
29.771544055750645
 20
3.4361843691261793
 10
29.769666861837884
 20
3.6019273866222052
 10
29.76743504203516
 20
3.7661906092925332
 10
29.764975805787863
 20
3.9290300727011225
 10
29.76241044971973
 20
4.090521759640445
 10
29.759852764236893
 20
4.250760757280726
 10
29.757407485263375
 20
4.409860111591486
 10
29.755168822333186
 20
4.567949382377529
 10
29.753219095218352
 20
4.725172910131302
 10
29.751627511052902
 20
4.881687814331233
 10
29.75044911238602
 20
5.03766175139884
 10
29.749723923706618
 20
5.193270468780927
 10
29.749476319761914
 20
5.348695199028522
 10
29.749714633578094
 20
5.504119943798383
 10
29.750431015713396
 20
5.659728701972708
 10
29.751601549245624
 20
5.815702698263879
 10
29.7531866176903
 20
5.9722176685858726
 10
29.755131515862463
 20
6.129441256149137
 10
29.75736728702692
 20
6.287530567858304
 10
29.759811763878282
 20
6.446629934495265
 10
29.762370786231052
 20
6.6068689107912615
 10
29.76493956496498
 20
6.768360543323973
 10
29.76740415984224
 20
6.931199925717203
 10
29.769643038269262
 20
7.095463052331371
 10
29.771528682804657
 20
7.26120597390077
 10
29.772929217032445
 20
7.428464251695033
 10
29.773710022096154
 20
7.597252700955304
 10
29.77373531947055
 20
7.76756540968204
 10
29.772869699181157
 20
7.939376015348322
 10
29.770979576432683
 20
8.112638219727899
 10
29.76793456327508
 20
8.287286520657364
 10
29.76360874535816
 20
8.463237139059029
 10
29.75788185688481
 20
8.640389119779453
 10
29.750640349491693
 20
8.818625585586922
 10
29.741778352924616
 20
8.997815124863102
 10
29.731198527023786
 20
9.177813294974875
 10
29.718812805704605
 20
9.358464224892668
 10
29.704543034341942
 20
9.539602302219402
 10
29.688321502278594
 20
9.721053931313852
 10
29.6700913721264
 20
9.902639350553029
 10
29.649807007156447
 20
10.084174497911974
 10
29.627434197429324
 20
10.265472914887082
 10
29.602950284442613
 20
10.446347679298405
 10
29.57634418301721
 20
10.62661335762993
 10
29.5601609490448
 20
10.697382187905975
  0
LWPOLYLINE
  5
94
330
17
100
AcDbEntity
  8
KEDER
100
AcDbPolyline
 90
2
 70
0
 10
28.794744542045336
 20
0.14964185101534075
 10
29.560171707520755
 20
0.0
  0
LWPOLYLINE
  5
95
330
17
100
AcDbEntity
  8
KEDER
100
AcDbPolyline
 90
2
 70
0
 10
28.794744542045336
 20
10.547685317133515
 10
29.5601609490448
 20
10.697382187905975
  0
TEXT
  5
96
330
17
100
AcDbEntity
  8
TEXTO
100
AcDbText
 10
28.794744542045336
 20
-0.35
 30
0.0
 40
0.12
  1
F1 · x1 · 9.07 m2
 11
28.794744542045336
 21
-0.35
 31
0.0
100
AcDbText
  0
TEXT
  5
97
330
17
100
AcDbEntity
  8
TEXTO
100
AcDbText
 10
28.794744542045336
 20
-0.55
 30
0.0
 40
0.06
  1
ZION CASULO SENSORIAL · FORRO / REVESTIMENTO INTERNO · Trevira CS (poliéster FR) 210 g/m² tensionado, cor creme; ou
 11
28.794744542045336
 21
-0.55
 31
0.0
100
AcDbText
  0
LWPOLYLINE
  5
98
330
17
100
AcDbEntity
  8
CONTORNO
100
AcDbPolyline
 90
130
 70
1
 10
30.54997427567834
 20
0.052531833324323096
 10
30.54929780844546
 20
0.12512430395680618
 10
30.544098113612815
 20
0.3072686494387084
 10
30.538447600145986
 20
0.4897055264497831
 10
30.53238534269716
 20
0.6722785464921507
 10
30.525951898538313
 20
0.8548301172471635
 10
30.519189201502385
 20
1.0372029991524334
 10
30.512140441803464
 20
1.2192418598119636
 10
30.504849932505365
 20
1.4007948215243595
 10
30.49736296328768
 20
1.5817149969186257
 10
30.489725642040067
 20
1.7618620071181836
 10
30.481984724704958
 20
1.9411034760029708
 10
30.474187433690126
 20
2.1193164929958144
 10
30.46638126509177
 20
2.296389035352245
 10
30.458613784912277
 20
2.4722213391767713
 10
30.450932414432664
 20
2.6467272063280918
 10
30.443384204916857
 20
2.819835232033373
 10
30.436015601894326
 20
2.9914899354568334
 10
30.428872199400132
 20
3.1616527727468875
 10
30.421998484759328
 20
3.330303009352921
 10
30.41543757479573
 20
3.4974384258488733
 10
30.409230944731284
 20
3.6630758293811585
 10
30.403418151523294
 20
3.82725134149181
 10
30.398036553957017
 20
3.990020432825982
 10
30.393121032452722
 20
4.151457676517162
 10
30.388703712229134
 20
4.3116561952426276
 10
30.384813694142984
 20
4.470726782375035
 10
30.381476798137474
 20
4.628796685501551
 10
30.378715324709972
 20
4.786008050802132
 10
30.376547840077038
 20
4.94251603905588
 10
30.374988990703454
 20
5.0984866377481275
 10
30.37404935252111
 20
5.254094207949598
 10
30.37373531947055
 20
5.409518818174279
 10
30.374049034968728
 20
5.564943429040246
 10
30.374988368597496
 20
5.720551001080469
 10
30.37654693881244
 20
5.876521602562521
 10
30.378714180909988
 20
6.033029594174962
 10
30.381475457992142
 20
6.190240962924296
 10
30.38481221135221
 20
6.348310869062029
 10
30.388702145666773
 20
6.50738145824302
 10
30.393119443676344
 20
6.667579977581014
 10
30.398035004686726
 20
6.829017220069288
 10
30.403416701203945
 20
6.991786308131836
 10
30.409229648277226
 20
7.155961814794665
 10
30.41543648059836
 20
7.321599210748028
 10
30.421997633017305
 20
7.488734617726205
 10
30.428871620811925
 20
7.657384843199028
 10
30.436015316734043
 20
7.827547668170782
 10
30.44338422249802
 20
7.999202358598225
 10
30.450932732950985
 20
8.172310371181167
 10
30.45861439164758
 20
8.34681622564556
 10
30.46638213694073
 20
8.522648517758356
 10
30.47418853799532
 20
8.699721049866898
 10
30.481986020340955
 20
8.87793405848841
 10
30.489727080714058
 20
9.057175521195747
 10
30.49736449100962
 20
9.2373225276201
 10
30.50485149118086
 20
9.418242701733421
 10
30.512141970901236
 20
9.599795664633548
 10
30.519190639747137
 20
9.781834528810991
 10
30.525953185579226
 20
9.964207416323097
 10
30.53238642070207
 20
10.146758994444792
 10
30.538448415271642
 20
10.32933202321576
 10
30.5440986173031
 20
10.51176890987248
 10
30.549297958511833
 20
10.69391326544898
 10
30.54997427567834
 20
10.766505737479733
 10
31.76001384277467
 20
10.81904062915579
 10
31.763776253381135
 20
10.745724861379868
 10
31.77063770853385
 20
10.562952617929994
 10
31.777115889561944
 20
10.37988742160675
 10
31.78321251644679
 20
10.196674784895299
 10
31.788930696606315
 20
10.013461580705748
 10
31.794274931700667
 20
9.830394556403036
 10
31.799251109704063
 20
9.647618848499016
 10
31.803866482771664
 20
9.465276503410577
 10
31.808129631326484
 20
9.283505009945229
 10
31.812050414687945
 20
9.102435849688424
 10
31.81563990846604
 20
8.922193072240226
 10
31.818910328859165
 20
8.742891903288568
 10
31.821874943925742
 20
8.564637394815495
 10
31.824547971856358
 20
8.387523128309342
 10
31.826944466262294
 20
8.211629983685235
 10
31.829080188526216
 20
8.037024988667715
 10
31.830971467340937
 20
7.863760265606163
 10
31.832635045702055
 20
7.691872094986451
 10
31.834087915828857
 20
7.521380117140738
 10
31.835347142773138
 20
7.352286695663142
 10
31.836429677841142
 20
7.184576467583871
 10
31.837352163399533
 20
7.018216106161885
 10
31.83813073115306
 20
6.853154321914024
 10
31.8387807965522
 20
6.68932212588183
 10
31.839316852583526
 20
6.526633375843796
 10
31.839752266773672
 20
6.364985620979349
 10
31.84009908574702
 20
6.2042612532777754
 10
31.84036785205927
 20
6.044328964840373
 10
31.840567438223385
 20
5.88504549945585
 10
31.840704902797206
 20
5.726257674994498
 10
31.840785373075892
 20
5.567804641053261
 10
31.84081195831328
 20
5.409520324845757
 10
31.840785696502056
 20
5.251236008584262
 10
31.840705536621854
 20
5.092782974485694
 10
31.84056835699599
 20
4.933995149777914
 10
31.840369019078288
 20
4.774711684082523
 10
31.84010045472678
 20
4.614779395305855
 10
31.839753783907344
 20
4.454055027284656
 10
31.839318458884982
 20
4.29240727218005
 10
31.838782430351518
 20
4.129718522051414
 10
31.83813233062164
 20
3.9658863261554425
 10
31.837353668990215
 20
3.800824542350413
 10
31.836431034544045
 20
3.634464181754093
 10
31.835348302107
 20
3.4667539549489157
 10
31.834088837508293
 20
3.297660535241282
 10
31.832635698941452
 20
3.1271685596833296
 10
31.830971831774484
 20
2.9552803918589983
 10
31.829080254739864
 20
2.7820156720529337
 10
31.826944235947096
 20
2.607410680662729
 10
31.824547457603412
 20
2.4315175399074227
 10
31.821874168691334
 20
2.2544032773402263
 10
31.81890932513492
 20
2.0761487726673966
 10
31.815638717193387
 20
1.8968476071366838
 10
31.81204908395947
 20
1.7166048324657717
 10
31.808128214919073
 20
1.535535674064235
 10
31.803865038558154
 20
1.3537641812510377
 10
31.79924969799125
 20
1.1714218353399586
 10
31.794273613542675
 20
0.988646124888874
 10
31.78892953214277
 20
0.8055790960994579
 10
31.78321156331552
 20
0.6223658853142401
 10
31.777115201435414
 20
0.43915323978461906
 10
31.770637333827235
 20
0.25608803237056404
 10
31.763776234177456
 20
0.07331577557509529
 10
31.760013975551725
 20
0.0
  0
LWPOLYLINE
  5
99
330
17
100
AcDbEntity
  8
KEDER
100
AcDbPolyline
 90
65
 70
0
 10
30.54997427567834
 20
0.052531833324323096
 10
30.54929780844546
 20
0.12512430395680618
 10
30.544098113612815
 20
0.3072686494387084
 10
30.538447600145986
 20
0.4897055264497831
 10
30.53238534269716
 20
0.6722785464921507
 10
30.525951898538313
 20
0.8548301172471635
 10
30.519189201502385
 20
1.0372029991524334
 10
30.512140441803464
 20
1.2192418598119636
 10
30.504849932505365
 20
1.4007948215243595
 10
30.49736296328768
 20
1.5817149969186257
 10
30.489725642040067
 20
1.7618620071181836
 10
30.481984724704958
 20
1.9411034760029708
 10
30.474187433690126
 20
2.1193164929958144
 10
30.46638126509177
 20
2.296389035352245
 10
30.458613784912277
 20
2.4722213391767713
 10
30.450932414432664
 20
2.6467272063280918
 10
30.443384204916857
 20
2.819835232033373
 10
30.436015601894326
 20
2.9914899354568334
 10
30.428872199400132
 20
3.1616527727468875
 10
30.421998484759328
 20
3.330303009352921
 10
30.41543757479573
 20
3.4974384258488733
 10
30.409230944731284
 20
3.6630758293811585
 10
30.403418151523294
 20
3.82725134149181
 10
30.398036553957017
 20
3.990020432825982
 10
30.393121032452722
 20
4.151457676517162
 10
30.388703712229134
 20
4.3116561952426276
 10
30.384813694142984
 20
4.470726782375035
 10
30.381476798137474
 20
4.628796685501551
 10
30.378715324709972
 20
4.786008050802132
 10
30.376547840077038
 20
4.94251603905588
 10
30.374988990703454
 20
5.0984866377481275
 10
30.37404935252111
 20
5.254094207949598
 10
30.37373531947055
 20
5.409518818174279
 10
30.374049034968728
 20
5.564943429040246
 10
30.374988368597496
 20
5.720551001080469
 10
30.37654693881244
 20
5.876521602562521
 10
30.378714180909988
 20
6.033029594174962
 10
30.381475457992142
 20
6.190240962924296
 10
30.38481221135221
 20
6.348310869062029
 10
30.388702145666773
 20
6.50738145824302
 10
30.393119443676344
 20
6.667579977581014
 10
30.398035004686726
 20
6.829017220069288
 10
30.403416701203945
 20
6.991786308131836
 10
30.409229648277226
 20
7.155961814794665
 10
30.41543648059836
 20
7.321599210748028
 10
30.421997633017305
 20
7.488734617726205
 10
30.428871620811925
 20
7.657384843199028
 10
30.436015316734043
 20
7.827547668170782
 10
30.44338422249802
 20
7.999202358598225
 10
30.450932732950985
 20
8.172310371181167
 10
30.45861439164758
 20
8.34681622564556
 10
30.46638213694073
 20
8.522648517758356
 10
30.47418853799532
 20
8.699721049866898
 10
30.481986020340955
 20
8.87793405848841
 10
30.489727080714058
 20
9.057175521195747
 10
30.49736449100962
 20
9.2373225276201
 10
30.50485149118086
 20
9.418242701733421
 10
30.512141970901236
 20
9.599795664633548
 10
30.519190639747137
 20
9.781834528810991
 10
30.525953185579226
 20
9.964207416323097
 10
30.53238642070207
 20
10.146758994444792
 10
30.538448415271642
 20
10.32933202321576
 10
30.5440986173031
 20
10.51176890987248
 10
30.549297958511833
 20
10.69391326544898
 10
30.54997427567834
 20
10.766505737479733
  0
LWPOLYLINE
  5
9A
330
17
100
AcDbEntity
  8
KEDER
100
AcDbPolyline
 90
65
 70
0
 10
31.760013975551725
 20
0.0
 10
31.763776234177456
 20
0.07331577557509529
 10
31.770637333827235
 20
0.25608803237056404
 10
31.777115201435414
 20
0.43915323978461906
 10
31.78321156331552
 20
0.6223658853142401
 10
31.78892953214277
 20
0.8055790960994579
 10
31.794273613542675
 20
0.988646124888874
 10
31.79924969799125
 20
1.1714218353399586
 10
31.803865038558154
 20
1.3537641812510377
 10
31.808128214919073
 20
1.535535674064235
 10
31.81204908395947
 20
1.7166048324657717
 10
31.815638717193387
 20
1.8968476071366838
 10
31.81890932513492
 20
2.0761487726673966
 10
31.821874168691334
 20
2.2544032773402263
 10
31.824547457603412
 20
2.4315175399074227
 10
31.826944235947096
 20
2.607410680662729
 10
31.829080254739864
 20
2.7820156720529337
 10
31.830971831774484
 20
2.9552803918589983
 10
31.832635698941452
 20
3.1271685596833296
 10
31.834088837508293
 20
3.297660535241282
 10
31.835348302107
 20
3.4667539549489157
 10
31.836431034544045
 20
3.634464181754093
 10
31.837353668990215
 20
3.800824542350413
 10
31.83813233062164
 20
3.9658863261554425
 10
31.838782430351518
 20
4.129718522051414
 10
31.839318458884982
 20
4.29240727218005
 10
31.839753783907344
 20
4.454055027284656
 10
31.84010045472678
 20
4.614779395305855
 10
31.840369019078288
 20
4.774711684082523
 10
31.84056835699599
 20
4.933995149777914
 10
31.840705536621854
 20
5.092782974485694
 10
31.840785696502056
 20
5.251236008584262
 10
31.84081195831328
 20
5.409520324845757
 10
31.840785373075892
 20
5.567804641053261
 10
31.840704902797206
 20
5.726257674994498
 10
31.840567438223385
 20
5.88504549945585
 10
31.84036785205927
 20
6.044328964840373
 10
31.84009908574702
 20
6.2042612532777754
 10
31.839752266773672
 20
6.364985620979349
 10
31.839316852583526
 20
6.526633375843796
 10
31.8387807965522
 20
6.68932212588183
 10
31.83813073115306
 20
6.853154321914024
 10
31.837352163399533
 20
7.018216106161885
 10
31.836429677841142
 20
7.184576467583871
 10
31.835347142773138
 20
7.352286695663142
 10
31.834087915828857
 20
7.521380117140738
 10
31.832635045702055
 20
7.691872094986451
 10
31.830971467340937
 20
7.863760265606163
 10
31.829080188526216
 20
8.037024988667715
 10
31.826944466262294
 20
8.211629983685235
 10
31.824547971856358
 20
8.387523128309342
 10
31.821874943925742
 20
8.564637394815495
 10
31.818910328859165
 20
8.742891903288568
 10
31.81563990846604
 20
8.922193072240226
 10
31.812050414687945
 20
9.102435849688424
 10
31.808129631326484
 20
9.283505009945229
 10
31.803866482771664
 20
9.465276503410577
 10
31.799251109704063
 20
9.647618848499016
 10
31.794274931700667
 20
9.830394556403036
 10
31.788930696606315
 20
10.013461580705748
 10
31.78321251644679
 20
10.196674784895299
 10
31.777115889561944
 20
10.37988742160675
 10
31.77063770853385
 20
10.562952617929994
 10
31.763776253381135
 20
10.745724861379868
 10
31.76001384277467
 20
10.81904062915579
  0
LWPOLYLINE
  5
9B
330
17
100
AcDbEntity
  8
KEDER
100
AcDbPolyline
 90
2
 70
0
 10
30.54997427567834
 20
0.052531833324323096
 10
31.760013975551725
 20
0.0
  0
LWPOLYLINE
  5
9C
330
17
100
AcDbEntity
  8
KEDER
100
AcDbPolyline
 90
2
 70
0
 10
30.54997427567834
 20
10.766505737479733
 10
31.76001384277467
 20
10.81904062915579
  0
LWPOLYLINE
  5
9D
330
17
100
AcDbEntity
  8
RECORTE
100
AcDbPolyline
 90
112
 70
1
 10
30.680256713167985
 20
5.116607273303014
 10
30.680188489706143
 20
5.131261865884289
 10
30.680120266244305
 20
5.145916458465565
 10
30.680052042782464
 20
5.16057105104684
 10
30.679983819320622
 20
5.1752256436281145
 10
30.67991559585878
 20
5.18988023620939
 10
30.67984737239694
 20
5.204534828790665
 10
30.679779148935097
 20
5.219189421371941
 10
30.679710925473255
 20
5.233844013953216
 10
30.679642702011414
 20
5.248498606534491
 10
30.679604396266715
 20
5.263142074097704
 10
30.679581585229656
 20
5.277779779894351
 10
30.679558774192596
 20
5.292417485690997
 10
30.679535963155537
 20
5.307055191487644
 10
30.679513152118478
 20
5.32169289728429
 10
30.67949034108142
 20
5.3363306030809365
 10
30.67946753004436
 20
5.350968308877584
 10
30.6794447190073
 20
5.36560601467423
 10
30.67942190797024
 20
5.380243720470877
 10
30.67939909693318
 20
5.394881426267523
 10
30.67937628589612
 20
5.40951913206417
 10
30.679399067025866
 20
5.424156837907392
 10
30.679421848155613
 20
5.438794543750614
 10
30.679444629285356
 20
5.4534322495938365
 10
30.679467410415104
 20
5.468069955437057
 10
30.679490191544847
 20
5.482707661280281
 10
30.679512972674594
 20
5.4973453671235015
 10
30.679535753804338
 20
5.511983072966724
 10
30.679558534934085
 20
5.526620778809946
 10
30.679581316063828
 20
5.541258484653168
 10
30.679604097193575
 20
5.555896190496391
 10
30.67964237344726
 20
5.570539658135835
 10
30.679710568221886
 20
5.585194250850606
 10
30.679778762996516
 20
5.599848843565376
 10
30.679846957771144
 20
5.614503436280147
 10
30.679915152545775
 20
5.629158028994918
 10
30.679983347320402
 20
5.643812621709689
 10
30.680051542095033
 20
5.6584672144244585
 10
30.68011973686966
 20
5.67312180713923
 10
30.68018793164429
 20
5.687776399854001
 10
30.680256126418918
 20
5.702430992568771
 10
30.752784796657004
 20
5.702695949977994
 10
30.825313466895086
 20
5.702960907387218
 10
30.89784213713317
 20
5.703225864796441
 10
30.970370807371253
 20
5.703490822205665
 10
31.04289947760934
 20
5.703755779614888
 10
31.11542814784742
 20
5.704020737024112
 10
31.187956818085503
 20
5.704285694433335
 10
31.26048548832359
 20
5.704550651842559
 10
31.33301415856167
 20
5.704815609251782
 10
31.405542828799756
 20
5.705080566661005
 10
31.47807149903784
 20
5.705345524070228
 10
31.550600169275924
 20
5.705610481479452
 10
31.623128839514006
 20
5.705875438888675
 10
31.695657509752092
 20
5.706140396297899
 10
31.768186179990174
 20
5.706405353707122
 10
31.84071485022826
 20
5.706670311116346
 10
31.840722399884573
 20
5.69180437591613
 10
31.84072994954089
 20
5.676938440715914
 10
31.840737499197207
 20
5.662072505515697
 10
31.84074504885352
 20
5.647206570315482
 10
31.840752598509837
 20
5.632340635115265
 10
31.840760148166154
 20
5.61747469991505
 10
31.84076769782247
 20
5.602608764714833
 10
31.840775247478785
 20
5.587742829514617
 10
31.840782797135102
 20
5.572876894314401
 10
31.840787016259068
 20
5.558021387237779
 10
31.84078951046449
 20
5.5431712809985765
 10
31.84079200466991
 20
5.528321174759373
 10
31.840794498875333
 20
5.513471068520172
 10
31.840796993080755
 20
5.498620962280969
 10
31.840799487286176
 20
5.483770856041768
 10
31.840801981491595
 20
5.468920749802566
 10
31.840804475697016
 20
5.454070643563364
 10
31.840806969902438
 20
5.439220537324161
 10
31.84080946410786
 20
5.424370431084959
 10
31.84081195831328
 20
5.409520324845757
 10
31.84080949445144
 20
5.394670218601489
 10
31.840807030589602
 20
5.379820112357222
 10
31.84080456672776
 20
5.364970006112955
 10
31.84080210286592
 20
5.350119899868687
 10
31.84079963900408
 20
5.335269793624419
 10
31.840797175142235
 20
5.320419687380151
 10
31.840794711280395
 20
5.3055695811358845
 10
31.840792247418555
 20
5.290719474891617
 10
31.840789783556712
 20
5.275869368647349
 10
31.840787319694872
 20
5.261019262403082
 10
31.840783130497456
 20
5.2461637553180855
 10
31.840775609962474
 20
5.231297820103109
 10
31.840768089427495
 20
5.216431884888132
 10
31.840760568892513
 20
5.201565949673156
 10
31.84075304835753
 20
5.186700014458179
 10
31.84074552782255
 20
5.171834079243201
 10
31.840738007287566
 20
5.156968144028225
 10
31.840730486752584
 20
5.142102208813248
 10
31.840722966217605
 20
5.127236273598271
 10
31.840715445682623
 20
5.112370338383294
 10
31.768186774900457
 20
5.1126351468157765
 10
31.69565810411829
 20
5.112899955248259
 10
31.62312943333613
 20
5.113164763680742
 10
31.550600762553962
 20
5.113429572113224
 10
31.478072091771796
 20
5.113694380545707
 10
31.405543420989634
 20
5.113959188978189
 10
31.333014750207468
 20
5.114223997410671
 10
31.260486079425306
 20
5.114488805843154
 10
31.18795740864314
 20
5.114753614275637
 10
31.115428737860974
 20
5.115018422708119
 10
31.04290006707881
 20
5.115283231140602
 10
30.970371396296645
 20
5.115548039573084
 10
30.89784272551448
 20
5.115812848005566
 10
30.825314054732317
 20
5.116077656438049
 10
30.75278538395015
 20
5.116342464870532
  0
TEXT
  5
9E
330
17
100
AcDbEntity
  8
TEXTO
100
AcDbText
 10
31.260310109045097
 20
5.409519728670076
 30
0.0
 40
0.05
  1
abertura da Espinha de Luz (requadro)
 11
31.260310109045097
 21
5.409519728670076
 31
0.0
100
AcDbText
  0
LWPOLYLINE
  5
9F
330
17
100
AcDbEntity
  8
RECORTE
100
AcDbPolyline
 90
48
 70
1
 10
31.662675603173046
 20
1.333495390206184
 10
31.64793785068384
 20
1.383859367213851
 10
31.6219471670397
 20
1.4308267299471076
 10
31.590412726463818
 20
1.4740849996695253
 10
31.55524776881981
 20
1.51398318944562
 10
31.517194564175774
 20
1.5510020448841786
 10
31.4763670360661
 20
1.5855226353987542
 10
31.432599794386988
 20
1.618022607780438
 10
31.385428562345208
 20
1.6486837769934801
 10
31.33422107783857
 20
1.6774191179499263
 10
31.278278575724702
 20
1.7036886356531928
 10
31.21706040509662
 20
1.7260579591991168
 10
31.150876416925446
 20
1.740181305109323
 10
31.084938831453623
 20
1.7305878434344912
 10
31.024137628219577
 20
1.7124305151878834
 10
30.968695758660946
 20
1.690041644892187
 10
30.918042663647356
 20
1.6648937559761823
 10
30.871467975910143
 20
1.6375745083608062
 10
30.828337195852367
 20
1.608214347609917
 10
30.788189451380294
 20
1.5766641729538047
 10
30.750783938004645
 20
1.5424555017425001
 10
30.716304739592125
 20
1.505202593198456
 10
30.685517703671312
 20
1.4643743681559453
 10
30.660343493568856
 20
1.4194846656131046
 10
30.646411657826597
 20
1.3704221112494372
 10
30.663578729279177
 20
1.320144390168322
 10
30.691518753708312
 20
1.2731648333362688
 10
30.72451732520461
 20
1.229873244791223
 10
30.760651512974896
 20
1.1898679636502176
 10
30.79920704291179
 20
1.1526602809099389
 10
30.840082676262394
 20
1.1178262368017482
 10
30.8835018063994
 20
1.085005351633664
 10
30.929919485356585
 20
1.0540135851999588
 10
30.979944809985223
 20
1.0249374071566357
 10
31.034213469883866
 20
0.99828672223435
 10
31.093283386890832
 20
0.975540854973618
 10
31.156932569804667
 20
0.9611045167933558
 10
31.220488573082974
 20
0.9706715498017915
 10
31.279399328493906
 20
0.9889262171217047
 10
31.33345793483148
 20
1.0114847647327034
 10
31.38317407496985
 20
1.0368285963808106
 10
31.429259059586602
 20
1.0643948423970775
 10
31.47232323338978
 20
1.0940503353629059
 10
31.512819749603214
 20
1.1259452473588734
 10
31.550967992227886
 20
1.1604247940104027
 10
31.58659979592072
 20
1.1979283742326932
 10
31.618978155867566
 20
1.2390023324086168
 10
31.64624065398356
 20
1.284184680456372
  0
TEXT
  5
A0
330
17
100
AcDbEntity
  8
TEXTO
100
AcDbText
 10
31.154259973065557
 20
1.3513633522862223
 30
0.0
 40
0.05
  1
Olho estar (dir,) · 0,94 x 0,83 m
 11
31.154259973065557
 21
1.3513633522862223
 31
0.0
100
AcDbText
  0
TEXT
  5
A1
330
17
100
AcDbEntity
  8
TEXTO
100
AcDbText
 10
30.37373531947055
 20
-0.35
 30
0.0
 40
0.12
  1
F2 · x1 · 14.72 m2
 11
30.37373531947055
 21
-0.35
 31
0.0
100
AcDbText
  0
TEXT
  5
A2
330
17
100
AcDbEntity
  8
TEXTO
100
AcDbText
 10
30.37373531947055
 20
-0.55
 30
0.0
 40
0.06
  1
ZION CASULO SENSORIAL · FORRO / REVESTIMENTO INTERNO · Trevira CS (poliéster FR) 210 g/m² tensionado, cor creme; ou
 11
30.37373531947055
 21
-0.55
 31
0.0
100
AcDbText
  0
LWPOLYLINE
  5
A3
330
17
100
AcDbEntity
  8
CONTORNO
100
AcDbPolyline
 90
130
 70
1
 10
32.52423775585292
 20
0.0
 10
32.52274726542678
 20
0.0733971114992559
 10
32.518908548881676
 20
0.2562578147621476
 10
32.515060546713116
 20
0.43939717648870497
 10
32.511210265332814
 20
0.6226707819081113
 10
32.507365286044916
 20
0.8059328672067723
 10
32.50353372910505
 20
0.9890377972529353
 10
32.49972421461321
 20
1.1718415426923394
 10
32.49594582038601
 20
1.3542031510916073
 10
32.492208036920644
 20
1.5359862065367962
 10
32.48852071953285
 20
1.7170602715730523
 10
32.48489403772512
 20
1.8973023045922366
 10
32.48133842182012
 20
2.0765980447326964
 10
32.47786450687888
 20
2.254843355045341
 10
32.47448307391574
 20
2.4319455131051604
 10
32.471204988423644
 20
2.6078244364208922
 10
32.468041136236906
 20
2.7824138279485475
 10
32.46500235678622
 20
2.955662224802897
 10
32.462099373845746
 20
3.1275339309735233
 10
32.45934272393623
 20
3.298009812618477
 10
32.456742682635166
 20
3.467087932506091
 10
32.4543091891542
 20
3.6347839986318418
 10
32.45205176967719
 20
3.801131601227622
 10
32.44997946010574
 20
3.9661822126165975
 10
32.44810072902817
 20
4.130004925972508
 10
32.44642340190398
 20
4.292685912319177
 10
32.44495458762674
 20
4.454327580285244
 10
32.44370060877929
 20
4.615047430314794
 10
32.44266693700774
 20
4.774976604147536
 10
32.44185813499823
 20
4.934258141115413
 10
32.441277806525484
 20
5.093044964600683
 10
32.44092855594478
 20
5.251497634078607
 10
32.44081195831328
 20
5.409781909573819
 10
32.44092854105909
 20
5.568066185079995
 10
32.441277777780286
 20
5.726518854588466
 10
32.44185809437526
 20
5.885305678117145
 10
32.44266688730852
 20
6.04458721513111
 10
32.44370055343474
 20
6.20451638900034
 10
32.444954530466696
 20
6.365236239044055
 10
32.4464233469034
 20
6.5268779069904985
 10
32.44810068004796
 20
6.689558893275095
 10
32.449979420645356
 20
6.853381606521832
 10
32.45205174265466
 20
7.018432217754642
 10
32.45430917672609
 20
7.184779820152368
 10
32.45674268606601
 20
7.352475886047984
 10
32.45934274352313
 20
7.521554005687152
 10
32.46209940890049
 20
7.692029887081986
 10
32.46500240567405
 20
7.863901593018967
 10
32.468041196468285
 20
8.037149989674349
 10
32.47120505679332
 20
8.211739381054525
 10
32.47448314668146
 20
8.387618304288319
 10
32.47786457997123
 20
8.564720462341901
 10
32.48133849107409
 20
8.742965772729354
 10
32.48489409912377
 20
8.922261513025592
 10
32.48852076945349
 20
9.102503546275729
 10
32.49220807237412
 20
9.283577611606589
 10
32.49594583924043
 20
9.465360667393082
 10
32.49972421579386
 20
9.647722276158536
 10
32.503533712763314
 20
9.830526021963093
 10
32.507365253689784
 20
10.013630952344343
 10
32.51121021991964
 20
10.196893037916974
 10
32.51506049268553
 20
10.380166643517352
 10
32.51890849216362
 20
10.56330600530044
 10
32.52274721336299
 20
10.746166708465628
 10
32.52423775585292
 20
10.819563818907596
 10
33.725849446996506
 20
10.807847112879262
 10
33.72510791236606
 20
10.734904868529604
 10
33.72329602256924
 20
10.552730786702757
 10
33.72148716740131
 20
10.370283598690815
 10
33.71968193810433
 20
10.187703767016675
 10
33.717881488030955
 20
10.00513310194396
 10
33.71608751708545
 20
9.822713314396502
 10
33.71430225277798
 20
9.640584569265346
 10
33.71252842798377
 20
9.45888404461886
 10
33.71076925546997
 20
9.277744502588499
 10
33.70902839922782
 20
9.097292878204174
 10
33.70730994262532
 20
8.917648893202326
 10
33.70561835337923
 20
8.738923702831935
 10
33.70395844533356
 20
8.561218584938835
 10
33.70233533702854
 20
8.384623682112903
 10
33.700754407049125
 20
8.209216809418816
 10
33.69922124615946
 20
8.035062342166151
 10
33.69774160626038
 20
7.862210200250812
 10
33.69632134625403
 20
7.690694947728726
 10
33.69496637496584
 20
7.52053502833688
 10
33.69368259136039
 20
7.351732159485286
 10
33.692475822396275
 20
7.184270908589384
 10
33.69135175899418
 20
7.01811847623647
 10
33.6903158907411
 20
6.853224710292415
 10
33.68937344011489
 20
6.689522373358635
 10
33.68852929718056
 20
6.52692768271147
 10
33.68778795587009
 20
6.365341136794844
 10
33.6871534530977
 20
6.204648635410797
 10
33.686629312065115
 20
6.044722892051313
 10
33.6862184911614
 20
5.885425126639292
 10
33.68592333984325
 20
5.726607015823125
 10
33.685745562785435
 20
5.568112866631985
 10
33.68568619341338
 20
5.4097819686292725
 10
33.68574557767556
 20
5.251451070632143
 10
33.685923368596804
 20
5.092956921456555
 10
33.68621853179569
 20
4.934138810662466
 10
33.68662936177721
 20
4.774841045273857
 10
33.6871535084548
 20
4.614915301932874
 10
33.68778801304009
 20
4.454222800555985
 10
33.68852935218585
 20
4.292636254629428
 10
33.68937348909162
 20
4.1300415639509644
 10
33.69031593018653
 20
3.9663392269623126
 10
33.69135178598678
 20
3.8014454609400286
 10
33.69247583477576
 20
3.6352930284882534
 10
33.693682587858355
 20
3.4678317774779073
 10
33.69496635528118
 20
3.299028908503241
 10
33.69632131107094
 20
3.128868988987983
 10
33.697741557209575
 20
2.957353736351064
 10
33.699221185726486
 20
2.7845015943382916
 10
33.70075433843538
 20
2.6103471270136076
 10
33.70233526397259
 20
2.434940254279484
 10
33.70395837190133
 20
2.2583453514500915
 10
33.70561828373249
 20
2.0806402335923524
 10
33.70730988077809
 20
1.901915043295782
 10
33.70902834880017
 20
1.7222710584031733
 10
33.71076921944875
 20
1.5418194341578293
 10
33.71252840849891
 20
1.36067989228807
 10
33.71430225090254
 20
1.1789793678134914
 10
33.71608753266666
 20
0.996850622853451
 10
33.71788151955873
 20
0.8144308354628154
 10
33.71968198262243
 20
0.6318601705182085
 10
33.7214872204654
 20
0.4492803389285657
 10
33.72329607825484
 20
0.2668331509426155
 10
33.725107963328036
 20
0.0846590690687866
 10
33.72584944584433
 20
0.011716824189351422
  0
LWPOLYLINE
  5
A4
330
17
100
AcDbEntity
  8
KEDER
100
AcDbPolyline
 90
65
 70
0
 10
32.52423775585292
 20
0.0
 10
32.52274726542678
 20
0.0733971114992559
 10
32.518908548881676
 20
0.2562578147621476
 10
32.515060546713116
 20
0.43939717648870497
 10
32.511210265332814
 20
0.6226707819081113
 10
32.507365286044916
 20
0.8059328672067723
 10
32.50353372910505
 20
0.9890377972529353
 10
32.49972421461321
 20
1.1718415426923394
 10
32.49594582038601
 20
1.3542031510916073
 10
32.492208036920644
 20
1.5359862065367962
 10
32.48852071953285
 20
1.7170602715730523
 10
32.48489403772512
 20
1.8973023045922366
 10
32.48133842182012
 20
2.0765980447326964
 10
32.47786450687888
 20
2.254843355045341
 10
32.47448307391574
 20
2.4319455131051604
 10
32.471204988423644
 20
2.6078244364208922
 10
32.468041136236906
 20
2.7824138279485475
 10
32.46500235678622
 20
2.955662224802897
 10
32.462099373845746
 20
3.1275339309735233
 10
32.45934272393623
 20
3.298009812618477
 10
32.456742682635166
 20
3.467087932506091
 10
32.4543091891542
 20
3.6347839986318418
 10
32.45205176967719
 20
3.801131601227622
 10
32.44997946010574
 20
3.9661822126165975
 10
32.44810072902817
 20
4.130004925972508
 10
32.44642340190398
 20
4.292685912319177
 10
32.44495458762674
 20
4.454327580285244
 10
32.44370060877929
 20
4.615047430314794
 10
32.44266693700774
 20
4.774976604147536
 10
32.44185813499823
 20
4.934258141115413
 10
32.441277806525484
 20
5.093044964600683
 10
32.44092855594478
 20
5.251497634078607
 10
32.44081195831328
 20
5.409781909573819
 10
32.44092854105909
 20
5.568066185079995
 10
32.441277777780286
 20
5.726518854588466
 10
32.44185809437526
 20
5.885305678117145
 10
32.44266688730852
 20
6.04458721513111
 10
32.44370055343474
 20
6.20451638900034
 10
32.444954530466696
 20
6.365236239044055
 10
32.4464233469034
 20
6.5268779069904985
 10
32.44810068004796
 20
6.689558893275095
 10
32.449979420645356
 20
6.853381606521832
 10
32.45205174265466
 20
7.018432217754642
 10
32.45430917672609
 20
7.184779820152368
 10
32.45674268606601
 20
7.352475886047984
 10
32.45934274352313
 20
7.521554005687152
 10
32.46209940890049
 20
7.692029887081986
 10
32.46500240567405
 20
7.863901593018967
 10
32.468041196468285
 20
8.037149989674349
 10
32.47120505679332
 20
8.211739381054525
 10
32.47448314668146
 20
8.387618304288319
 10
32.47786457997123
 20
8.564720462341901
 10
32.48133849107409
 20
8.742965772729354
 10
32.48489409912377
 20
8.922261513025592
 10
32.48852076945349
 20
9.102503546275729
 10
32.49220807237412
 20
9.283577611606589
 10
32.49594583924043
 20
9.465360667393082
 10
32.49972421579386
 20
9.647722276158536
 10
32.503533712763314
 20
9.830526021963093
 10
32.507365253689784
 20
10.013630952344343
 10
32.51121021991964
 20
10.196893037916974
 10
32.51506049268553
 20
10.380166643517352
 10
32.51890849216362
 20
10.56330600530044
 10
32.52274721336299
 20
10.746166708465628
 10
32.52423775585292
 20
10.819563818907596
  0
LWPOLYLINE
  5
A5
330
17
100
AcDbEntity
  8
KEDER
100
AcDbPolyline
 90
65
 70
0
 10
33.72584944584433
 20
0.011716824189351422
 10
33.725107963328036
 20
0.0846590690687866
 10
33.72329607825484
 20
0.2668331509426155
 10
33.7214872204654
 20
0.4492803389285657
 10
33.71968198262243
 20
0.6318601705182085
 10
33.71788151955873
 20
0.8144308354628154
 10
33.71608753266666
 20
0.996850622853451
 10
33.71430225090254
 20
1.1789793678134914
 10
33.71252840849891
 20
1.36067989228807
 10
33.71076921944875
 20
1.5418194341578293
 10
33.70902834880017
 20
1.7222710584031733
 10
33.70730988077809
 20
1.901915043295782
 10
33.70561828373249
 20
2.0806402335923524
 10
33.70395837190133
 20
2.2583453514500915
 10
33.70233526397259
 20
2.434940254279484
 10
33.70075433843538
 20
2.6103471270136076
 10
33.699221185726486
 20
2.7845015943382916
 10
33.697741557209575
 20
2.957353736351064
 10
33.69632131107094
 20
3.128868988987983
 10
33.69496635528118
 20
3.299028908503241
 10
33.693682587858355
 20
3.4678317774779073
 10
33.69247583477576
 20
3.6352930284882534
 10
33.69135178598678
 20
3.8014454609400286
 10
33.69031593018653
 20
3.9663392269623126
 10
33.68937348909162
 20
4.1300415639509644
 10
33.68852935218585
 20
4.292636254629428
 10
33.68778801304009
 20
4.454222800555985
 10
33.6871535084548
 20
4.614915301932874
 10
33.68662936177721
 20
4.774841045273857
 10
33.68621853179569
 20
4.934138810662466
 10
33.685923368596804
 20
5.092956921456555
 10
33.68574557767556
 20
5.251451070632143
 10
33.68568619341338
 20
5.4097819686292725
 10
33.685745562785435
 20
5.568112866631985
 10
33.68592333984325
 20
5.726607015823125
 10
33.6862184911614
 20
5.885425126639292
 10
33.686629312065115
 20
6.044722892051313
 10
33.6871534530977
 20
6.204648635410797
 10
33.68778795587009
 20
6.365341136794844
 10
33.68852929718056
 20
6.52692768271147
 10
33.68937344011489
 20
6.689522373358635
 10
33.6903158907411
 20
6.853224710292415
 10
33.69135175899418
 20
7.01811847623647
 10
33.692475822396275
 20
7.184270908589384
 10
33.69368259136039
 20
7.351732159485286
 10
33.69496637496584
 20
7.52053502833688
 10
33.69632134625403
 20
7.690694947728726
 10
33.69774160626038
 20
7.862210200250812
 10
33.69922124615946
 20
8.035062342166151
 10
33.700754407049125
 20
8.209216809418816
 10
33.70233533702854
 20
8.384623682112903
 10
33.70395844533356
 20
8.561218584938835
 10
33.70561835337923
 20
8.738923702831935
 10
33.70730994262532
 20
8.917648893202326
 10
33.70902839922782
 20
9.097292878204174
 10
33.71076925546997
 20
9.277744502588499
 10
33.71252842798377
 20
9.45888404461886
 10
33.71430225277798
 20
9.640584569265346
 10
33.71608751708545
 20
9.822713314396502
 10
33.717881488030955
 20
10.00513310194396
 10
33.71968193810433
 20
10.187703767016675
 10
33.72148716740131
 20
10.370283598690815
 10
33.72329602256924
 20
10.552730786702757
 10
33.72510791236606
 20
10.734904868529604
 10
33.725849446996506
 20
10.807847112879262
  0
LWPOLYLINE
  5
A6
330
17
100
AcDbEntity
  8
KEDER
100
AcDbPolyline
 90
2
 70
0
 10
32.52423775585292
 20
0.0
 10
33.72584944584433
 20
0.011716824189351422
  0
LWPOLYLINE
  5
A7
330
17
100
AcDbEntity
  8
KEDER
100
AcDbPolyline
 90
2
 70
0
 10
32.52423775585292
 20
10.819563818907596
 10
33.725849446996506
 20
10.807847112879262
  0
LWPOLYLINE
  5
A8
330
17
100
AcDbEntity
  8
RECORTE
100
AcDbPolyline
 90
112
 70
1
 10
32.44123490242232
 20
5.11251027132544
 10
32.44120212256941
 20
5.127382272936995
 10
32.4411693427165
 20
5.142254274548549
 10
32.44113656286358
 20
5.1571262761601036
 10
32.441103783010675
 20
5.1719982777716575
 10
32.44107100315776
 20
5.186870279383212
 10
32.44103822330485
 20
5.201742280994767
 10
32.441005443451935
 20
5.216614282606321
 10
32.44097266359903
 20
5.231486284217876
 10
32.44093988374612
 20
5.246358285829431
 10
32.44092139415739
 20
5.261219944161397
 10
32.44091045057298
 20
5.276076140702639
 10
32.44089950698857
 20
5.2909323372438815
 10
32.44088856340416
 20
5.305788533785123
 10
32.44087761981975
 20
5.320644730326365
 10
32.44086667623534
 20
5.335500926867607
 10
32.440855732650924
 20
5.35035712340885
 10
32.44084478906652
 20
5.365213319950092
 10
32.4408338454821
 20
5.380069516491335
 10
32.4408229018977
 20
5.394925713032577
 10
32.44081195831328
 20
5.409781909573819
 10
32.44082290050056
 20
5.424638106116091
 10
32.44083384268783
 20
5.439494302658361
 10
32.440844784875104
 20
5.4543504992006335
 10
32.44085572706238
 20
5.469206695742904
 10
32.44086666924965
 20
5.484062892285175
 10
32.440877611436925
 20
5.4989190888274475
 10
32.4408885536242
 20
5.513775285369718
 10
32.44089949581147
 20
5.52863148191199
 10
32.440910437998745
 20
5.543487678454261
 10
32.44092138018602
 20
5.558343874996533
 10
32.44093986841089
 20
5.573205533330162
 10
32.44097264696298
 20
5.588077534944585
 10
32.44100542551507
 20
5.602949536559006
 10
32.44103820406716
 20
5.617821538173427
 10
32.44107098261925
 20
5.632693539787849
 10
32.44110376117135
 20
5.647565541402271
 10
32.44113653972344
 20
5.662437543016693
 10
32.44116931827553
 20
5.677309544631114
 10
32.44120209682762
 20
5.6921815462455365
 10
32.44123487537971
 20
5.7070535478599576
 10
32.51902653945655
 20
5.7070587394608125
 10
32.596818203533374
 20
5.707063931061668
 10
32.67460986761021
 20
5.707069122662523
 10
32.75240153168704
 20
5.707074314263378
 10
32.830193195763876
 20
5.707079505864234
 10
32.90798485984071
 20
5.707084697465089
 10
32.985776523917544
 20
5.707089889065944
 10
33.06356818799438
 20
5.7070950806668
 10
33.14135985207121
 20
5.707100272267655
 10
33.219151516148045
 20
5.70710546386851
 10
33.29694318022488
 20
5.707110655469365
 10
33.37473484430171
 20
5.707115847070221
 10
33.45252650837854
 20
5.707121038671076
 10
33.530318172455374
 20
5.707126230271931
 10
33.60810983653221
 20
5.707131421872787
 10
33.68590150060904
 20
5.707136613473642
 10
33.68588481486497
 20
5.692260718672003
 10
33.6858681291209
 20
5.677384823870362
 10
33.68585144337683
 20
5.662508929068722
 10
33.68583475763276
 20
5.647633034267082
 10
33.68581807188869
 20
5.6327571394654425
 10
33.68580138614462
 20
5.617881244663803
 10
33.685784700400546
 20
5.603005349862163
 10
33.685768014656475
 20
5.588129455060524
 10
33.6857513289124
 20
5.573253560258883
 10
33.68574191613486
 20
5.558387692850491
 10
33.685736343862715
 20
5.543527120428369
 10
33.68573077159056
 20
5.528666548006248
 10
33.68572519931842
 20
5.513805975584125
 10
33.68571962704627
 20
5.498945403162004
 10
33.685714054774124
 20
5.4840848307398815
 10
33.68570848250197
 20
5.46922425831776
 10
33.68570291022983
 20
5.454363685895639
 10
33.68569733795768
 20
5.439503113473516
 10
33.68569176568553
 20
5.424642541051395
 10
33.68568619341338
 20
5.4097819686292725
 10
33.685691767083085
 20
5.394921396207675
 10
33.68569734075278
 20
5.380060823786077
 10
33.685702914422485
 20
5.365200251364479
 10
33.68570848809218
 20
5.350339678942881
 10
33.685714061761885
 20
5.335479106521284
 10
33.68571963543158
 20
5.320618534099686
 10
33.685725209101285
 20
5.305757961678088
 10
33.68573078277098
 20
5.29089738925649
 10
33.685736356440685
 20
5.276036816834893
 10
33.68574193011038
 20
5.261176244413295
 10
33.68575134425218
 20
5.2463103770057495
 10
33.68576803129744
 20
5.231434482205569
 10
33.6857847183427
 20
5.216558587405389
 10
33.68580140538796
 20
5.201682692605209
 10
33.68581809243322
 20
5.186806797805028
 10
33.68583477947848
 20
5.171930903004848
 10
33.68585146652375
 20
5.157055008204669
 10
33.68586815356901
 20
5.142179113404488
 10
33.68588484061427
 20
5.1273032186043075
 10
33.68590152765953
 20
5.112427323804128
 10
33.60810986358221
 20
5.1124325080242095
 10
33.530318199504876
 20
5.112437692244292
 10
33.45252653542755
 20
5.112442876464374
 10
33.37473487135023
 20
5.112448060684455
 10
33.2969432072729
 20
5.112453244904538
 10
33.21915154319558
 20
5.11245842912462
 10
33.141359879118255
 20
5.112463613344702
 10
33.063568215040924
 20
5.112468797564784
 10
32.9857765509636
 20
5.1124739817848655
 10
32.907984886886275
 20
5.112479166004948
 10
32.83019322280895
 20
5.11248435022503
 10
32.75240155873163
 20
5.112489534445112
 10
32.674609894654296
 20
5.112494718665194
 10
32.59681823057697
 20
5.112499902885276
 10
32.51902656649965
 20
5.112505087105358
  0
TEXT
  5
A9
330
17
100
AcDbEntity
  8
TEXTO
100
AcDbText
 10
33.063425001187454
 20
5.4097819391094735
 30
0.0
 40
0.05
  1
abertura da Espinha de Luz (requadro)
 11
33.063425001187454
 21
5.4097819391094735
 31
0.0
100
AcDbText
  0
TEXT
  5
AA
330
17
100
AcDbEntity
  8
TEXTO
100
AcDbText
 10
32.44081195831328
 20
-0.35
 30
0.0
 40
0.12
  1
F3 · x1 · 13.27 m2
 11
32.44081195831328
 21
-0.35
 31
0.0
100
AcDbText
  0
TEXT
  5
AB
330
17
100
AcDbEntity
  8
TEXTO
100
AcDbText
 10
32.44081195831328
 20
-0.55
 30
0.0
 40
0.06
  1
ZION CASULO SENSORIAL · FORRO / REVESTIMENTO INTERNO · Trevira CS (poliéster FR) 210 g/m² tensionado, cor creme; ou
 11
32.44081195831328
 21
-0.55
 31
0.0
100
AcDbText
  0
LWPOLYLINE
  5
AC
330
17
100
AcDbEntity
  8
CONTORNO
100
AcDbPolyline
 90
130
 70
1
 10
34.70874156731779
 20
0.0
 10
34.70080331852988
 20
0.07251279259933924
 10
34.68221004557439
 20
0.2537446033691194
 10
34.66378464444826
 20
0.43526802600053816
 10
34.64553584015409
 20
0.6169425562154387
 10
34.62747619716248
 20
0.7986267290554948
 10
34.60962198316248
 20
0.9801795430327385
 10
34.59199301492022
 20
1.1614618820799008
 10
34.57461248671205
 20
1.3423379290026891
 10
34.55750678145417
 20
1.5226765638609223
 10
34.540705264340616
 20
1.7023527402062595
 10
34.52424005853172
 20
1.8812488313824214
 10
34.50814580221722
 20
2.05925593815289
 10
34.49245938622202
 20
2.236275147769659
 10
34.47721967124363
 20
2.4122187332510534
 10
34.46246718382368
 20
2.587011280125464
 10
34.448243790279584
 20
2.760590726266023
 10
34.43459234807613
 20
2.9329092987552285
 10
34.421556334516914
 20
3.103934330071361
 10
34.40917945320025
 20
3.2736489344031763
 10
34.397505219421234
 20
3.4420525237311574
 10
34.38657652661389
 20
3.60916114264854
 10
34.3764351970027
 20
3.775007600943672
 10
34.36712152084343
 20
3.9396413839490174
 10
34.35867378993034
 20
4.103128322794857
 10
34.3511278323625
 20
4.265550010165495
 10
34.344516556803775
 20
4.427002952051642
 10
34.33886951553305
 20
4.587597452330193
 10
34.334212496346275
 20
4.747456234651337
 10
34.33056715372711
 20
4.906712814786246
 10
34.327950689551066
 20
5.065509645840058
 10
34.326375592867436
 20
5.2239960679807025
 10
34.32584944699651
 20
5.38232610290014
 10
34.32637481032815
 20
5.540656140418097
 10
34.32794917490879
 20
5.6991425698329605
 10
34.33056500430781
 20
5.8579394113446
 10
34.33420984954518
 20
6.017196002863676
 10
34.338866539239916
 20
6.177054794783271
 10
34.344513437790894
 20
6.337649300080263
 10
34.351124763484904
 20
6.49910223991343
 10
34.35867095704643
 20
6.661523916319853
 10
34.367119090349455
 20
6.825010834372821
 10
34.376433304794325
 20
6.989644586925344
 10
34.386575269154875
 20
7.155491006405026
 10
34.397504647430516
 20
7.322599580492238
 10
34.40917956828085
 20
7.4910031221889986
 10
34.42155708886021
 20
7.660717679899699
 10
34.43459364719562
 20
7.831742669690572
 10
34.44824549857025
 20
8.00406120976388
 10
34.46246913261266
 20
8.177640636197431
 10
34.477221668897904
 20
8.352433178947607
 10
34.492461229809905
 20
8.528376777773708
 10
34.50814729018111
 20
8.705396018903455
 10
34.524241003815504
 20
8.883403174738728
 10
34.54070550742419
 20
9.062299330542475
 10
34.557506202773936
 20
9.24197558372904
 10
34.57461101798734
 20
9.422314303008669
 10
34.59199064895734
 20
9.603190436145566
 10
34.60961878176743
 20
9.784472856433156
 10
34.62747229685856
 20
9.966025739140933
 10
34.645531455469424
 20
10.147709960128417
 10
34.66378006860997
 20
10.329384509544173
 10
34.68220564851937
 20
10.510907914028236
 10
34.70079954221739
 20
10.692139661112563
 10
34.70874156731779
 20
10.764652040205227
 10
35.90329627168668
 20
10.646517106962397
 10
35.89571512587414
 20
10.577905210098724
 10
35.87769829790317
 20
10.402719511506598
 10
35.859855584674946
 20
10.227283298205096
 10
35.84219179858826
 20
10.05170823800925
 10
35.82471587103809
 20
9.876106863426886
 10
35.807440751689526
 20
9.700591384499818
 10
35.79038327800328
 20
9.525272504128864
 10
35.77356401566954
 20
9.350258243224449
 10
35.75700707051268
 20
9.17565278317085
 10
35.7407398723617
 20
9.001555333378116
 10
35.72479293134847
 20
8.828059032114844
 10
35.70919956710695
 20
8.655249889354835
 10
35.693995611410465
 20
8.483205781014167
 10
35.67921908490951
 20
8.311995504678075
 10
35.66490984882884
 20
8.141677907685247
 10
35.651109232757136
 20
7.972301099207474
 10
35.637859640022505
 20
7.803901758677922
 10
35.62520413259565
 20
7.63650455351304
 10
35.613185998000084
 20
7.470121679458259
 10
35.60184830132929
 20
7.304752536972287
 10
35.59123342616252
 20
7.140383556746759
 10
35.58138260891214
 20
6.976988186632952
 10
35.57233547189764
 20
6.814527050816926
 10
35.56412956118349
 20
6.652948289968803
 10
35.55679989589439
 20
6.492188088240669
 10
35.5503785362753
 20
6.3321713893954295
 10
35.544894178140375
 20
6.1728128000675815
 10
35.540371781498024
 20
6.014017673304014
 10
35.53683224100347
 20
5.855683360296345
 10
35.53429210544196
 20
5.697700612847929
 10
35.53276335267496
 20
5.5399551139211205
 10
35.53225322539833
 20
5.3823291089121135
 10
35.532764131705754
 20
5.224703106426218
 10
35.53429361288336
 20
5.066957614560309
 10
35.53683437916479
 20
4.908974877254224
 10
35.54037441244455
 20
4.750640575263463
 10
35.54489713327696
 20
4.5918454577329815
 10
35.55038162796977
 20
4.432486873104858
 10
35.55680293029093
 20
4.272470171960301
 10
35.56413235129768
 20
4.111709959094597
 10
35.57233785009915
 20
3.9501311773276764
 10
35.58138443798162
 20
3.7876700109325108
 10
35.59123460824215
 20
3.6242746018141188
 10
35.60184878425549
 20
3.4599055764390694
 10
35.61318577869424
 20
3.2945363858096126
 10
35.62520325737922
 20
3.12815346437853
 10
35.63785820190187
 20
2.9607562166581065
 10
35.65110736588185
 20
2.7923568423948586
 10
35.664907720457364
 20
2.622980012610898
 10
35.67921688531674
 20
2.452662409634428
 10
35.69399354224006
 20
2.2814521445546565
 10
35.70919782871127
 20
2.1094080654456766
 10
35.724791709672566
 20
1.9365989693124468
 10
35.740739325919115
 20
1.763102730114682
 10
35.75700731797414
 20
1.589005354504034
 10
35.77356512454464
 20
1.414399976136041
 10
35.79038525484345
 20
1.2393857986471875
 10
35.8074435341813
 20
1.0640669966631602
 10
35.82471932229044
 20
0.8885515835601726
 10
35.842195703848965
 20
0.7129502541615171
 10
35.85985965063954
 20
0.5373752101334134
 10
35.87770215470654
 20
0.361938975559325
 10
35.895718331779804
 20
0.18675321002738876
 10
35.903295682194795
 20
0.11814089390447537
  0
LWPOLYLINE
  5
AD
330
17
100
AcDbEntity
  8
KEDER
100
AcDbPolyline
 90
65
 70
0
 10
34.70874156731779
 20
0.0
 10
34.70080331852988
 20
0.07251279259933924
 10
34.68221004557439
 20
0.2537446033691194
 10
34.66378464444826
 20
0.43526802600053816
 10
34.64553584015409
 20
0.6169425562154387
 10
34.62747619716248
 20
0.7986267290554948
 10
34.60962198316248
 20
0.9801795430327385
 10
34.59199301492022
 20
1.1614618820799008
 10
34.57461248671205
 20
1.3423379290026891
 10
34.55750678145417
 20
1.5226765638609223
 10
34.540705264340616
 20
1.7023527402062595
 10
34.52424005853172
 20
1.8812488313824214
 10
34.50814580221722
 20
2.05925593815289
 10
34.49245938622202
 20
2.236275147769659
 10
34.47721967124363
 20
2.4122187332510534
 10
34.46246718382368
 20
2.587011280125464
 10
34.448243790279584
 20
2.760590726266023
 10
34.43459234807613
 20
2.9329092987552285
 10
34.421556334516914
 20
3.103934330071361
 10
34.40917945320025
 20
3.2736489344031763
 10
34.397505219421234
 20
3.4420525237311574
 10
34.38657652661389
 20
3.60916114264854
 10
34.3764351970027
 20
3.775007600943672
 10
34.36712152084343
 20
3.9396413839490174
 10
34.35867378993034
 20
4.103128322794857
 10
34.3511278323625
 20
4.265550010165495
 10
34.344516556803775
 20
4.427002952051642
 10
34.33886951553305
 20
4.587597452330193
 10
34.334212496346275
 20
4.747456234651337
 10
34.33056715372711
 20
4.906712814786246
 10
34.327950689551066
 20
5.065509645840058
 10
34.326375592867436
 20
5.2239960679807025
 10
34.32584944699651
 20
5.38232610290014
 10
34.32637481032815
 20
5.540656140418097
 10
34.32794917490879
 20
5.6991425698329605
 10
34.33056500430781
 20
5.8579394113446
 10
34.33420984954518
 20
6.017196002863676
 10
34.338866539239916
 20
6.177054794783271
 10
34.344513437790894
 20
6.337649300080263
 10
34.351124763484904
 20
6.49910223991343
 10
34.35867095704643
 20
6.661523916319853
 10
34.367119090349455
 20
6.825010834372821
 10
34.376433304794325
 20
6.989644586925344
 10
34.386575269154875
 20
7.155491006405026
 10
34.397504647430516
 20
7.322599580492238
 10
34.40917956828085
 20
7.4910031221889986
 10
34.42155708886021
 20
7.660717679899699
 10
34.43459364719562
 20
7.831742669690572
 10
34.44824549857025
 20
8.00406120976388
 10
34.46246913261266
 20
8.177640636197431
 10
34.477221668897904
 20
8.352433178947607
 10
34.492461229809905
 20
8.528376777773708
 10
34.50814729018111
 20
8.705396018903455
 10
34.524241003815504
 20
8.883403174738728
 10
34.54070550742419
 20
9.062299330542475
 10
34.557506202773936
 20
9.24197558372904
 10
34.57461101798734
 20
9.422314303008669
 10
34.59199064895734
 20
9.603190436145566
 10
34.60961878176743
 20
9.784472856433156
 10
34.62747229685856
 20
9.966025739140933
 10
34.645531455469424
 20
10.147709960128417
 10
34.66378006860997
 20
10.329384509544173
 10
34.68220564851937
 20
10.510907914028236
 10
34.70079954221739
 20
10.692139661112563
 10
34.70874156731779
 20
10.764652040205227
  0
LWPOLYLINE
  5
AE
330
17
100
AcDbEntity
  8
KEDER
100
AcDbPolyline
 90
65
 70
0
 10
35.903295682194795
 20
0.11814089390447537
 10
35.895718331779804
 20
0.18675321002738876
 10
35.87770215470654
 20
0.361938975559325
 10
35.85985965063954
 20
0.5373752101334134
 10
35.842195703848965
 20
0.7129502541615171
 10
35.82471932229044
 20
0.8885515835601726
 10
35.8074435341813
 20
1.0640669966631602
 10
35.79038525484345
 20
1.2393857986471875
 10
35.77356512454464
 20
1.414399976136041
 10
35.75700731797414
 20
1.589005354504034
 10
35.740739325919115
 20
1.763102730114682
 10
35.724791709672566
 20
1.9365989693124468
 10
35.70919782871127
 20
2.1094080654456766
 10
35.69399354224006
 20
2.2814521445546565
 10
35.67921688531674
 20
2.452662409634428
 10
35.664907720457364
 20
2.622980012610898
 10
35.65110736588185
 20
2.7923568423948586
 10
35.63785820190187
 20
2.9607562166581065
 10
35.62520325737922
 20
3.12815346437853
 10
35.61318577869424
 20
3.2945363858096126
 10
35.60184878425549
 20
3.4599055764390694
 10
35.59123460824215
 20
3.6242746018141188
 10
35.58138443798162
 20
3.7876700109325108
 10
35.57233785009915
 20
3.9501311773276764
 10
35.56413235129768
 20
4.111709959094597
 10
35.55680293029093
 20
4.272470171960301
 10
35.55038162796977
 20
4.432486873104858
 10
35.54489713327696
 20
4.5918454577329815
 10
35.54037441244455
 20
4.750640575263463
 10
35.53683437916479
 20
4.908974877254224
 10
35.53429361288336
 20
5.066957614560309
 10
35.532764131705754
 20
5.224703106426218
 10
35.53225322539833
 20
5.3823291089121135
 10
35.53276335267496
 20
5.5399551139211205
 10
35.53429210544196
 20
5.697700612847929
 10
35.53683224100347
 20
5.855683360296345
 10
35.540371781498024
 20
6.014017673304014
 10
35.544894178140375
 20
6.1728128000675815
 10
35.5503785362753
 20
6.3321713893954295
 10
35.55679989589439
 20
6.492188088240669
 10
35.56412956118349
 20
6.652948289968803
 10
35.57233547189764
 20
6.814527050816926
 10
35.58138260891214
 20
6.976988186632952
 10
35.59123342616252
 20
7.140383556746759
 10
35.60184830132929
 20
7.304752536972287
 10
35.613185998000084
 20
7.470121679458259
 10
35.62520413259565
 20
7.63650455351304
 10
35.637859640022505
 20
7.803901758677922
 10
35.651109232757136
 20
7.972301099207474
 10
35.66490984882884
 20
8.141677907685247
 10
35.67921908490951
 20
8.311995504678075
 10
35.693995611410465
 20
8.483205781014167
 10
35.70919956710695
 20
8.655249889354835
 10
35.72479293134847
 20
8.828059032114844
 10
35.7407398723617
 20
9.001555333378116
 10
35.75700707051268
 20
9.17565278317085
 10
35.77356401566954
 20
9.350258243224449
 10
35.79038327800328
 20
9.525272504128864
 10
35.807440751689526
 20
9.700591384499818
 10
35.82471587103809
 20
9.876106863426886
 10
35.84219179858826
 20
10.05170823800925
 10
35.859855584674946
 20
10.227283298205096
 10
35.87769829790317
 20
10.402719511506598
 10
35.89571512587414
 20
10.577905210098724
 10
35.90329627168668
 20
10.646517106962397
  0
LWPOLYLINE
  5
AF
330
17
100
AcDbEntity
  8
KEDER
100
AcDbPolyline
 90
2
 70
0
 10
34.70874156731779
 20
0.0
 10
35.903295682194795
 20
0.11814089390447537
  0
LWPOLYLINE
  5
B0
330
17
100
AcDbEntity
  8
KEDER
100
AcDbPolyline
 90
2
 70
0
 10
34.70874156731779
 20
10.764652040205227
 10
35.90329627168668
 20
10.646517106962397
  0
LWPOLYLINE
  5
B1
330
17
100
AcDbEntity
  8
RECORTE
100
AcDbPolyline
 90
112
 70
1
 10
34.32775030273782
 20
5.085672591649037
 10
34.32760281241011
 20
5.100513086572652
 10
34.327455322082415
 20
5.115353581496268
 10
34.327307831754716
 20
5.130194076419883
 10
34.32716034142702
 20
5.145034571343499
 10
34.32701285109931
 20
5.159875066267114
 10
34.32686536077161
 20
5.17471556119073
 10
34.326717870443915
 20
5.189556056114345
 10
34.32657038011621
 20
5.20439655103796
 10
34.32642288978851
 20
5.2192370459615764
 10
34.32634212422533
 20
5.234067592944466
 10
34.32629285650244
 20
5.248893443940034
 10
34.32624358877956
 20
5.263719294935601
 10
34.32619432105668
 20
5.278545145931169
 10
34.326145053333796
 20
5.293370996926735
 10
34.32609578561092
 20
5.308196847922303
 10
34.32604651788804
 20
5.32302269891787
 10
34.32599725016515
 20
5.337848549913438
 10
34.32594798244227
 20
5.352674400909005
 10
34.325898714719386
 20
5.3675002519045725
 10
34.32584944699651
 20
5.38232610290014
 10
34.32589864144327
 20
5.397151954139029
 10
34.32594783589003
 20
5.411977805377919
 10
34.32599703033679
 20
5.4268036566168085
 10
34.326046224783546
 20
5.4416295078556995
 10
34.326095419230306
 20
5.456455359094589
 10
34.326144613677066
 20
5.471281210333479
 10
34.326193808123826
 20
5.486107061572368
 10
34.32624300257059
 20
5.500932912811258
 10
34.32629219701735
 20
5.515758764050148
 10
34.32634139146411
 20
5.5305846152890386
 10
34.32642208526567
 20
5.545415162655653
 10
34.32656950704005
 20
5.5602556582604175
 10
34.32671692881443
 20
5.575096153865183
 10
34.32686435058881
 20
5.58993664946995
 10
34.327011772363186
 20
5.604777145074714
 10
34.327159194137565
 20
5.61961764067948
 10
34.327306615911944
 20
5.634458136284245
 10
34.32745403768632
 20
5.649298631889011
 10
34.3276014594607
 20
5.664139127493776
 10
34.32774888123508
 20
5.678979623098542
 10
34.40314567706979
 20
5.678895392199108
 10
34.4785424729045
 20
5.678811161299674
 10
34.553939268739214
 20
5.67872693040024
 10
34.62933606457392
 20
5.678642699500806
 10
34.70473286040863
 20
5.678558468601372
 10
34.78012965624334
 20
5.678474237701938
 10
34.85552645207805
 20
5.678390006802504
 10
34.93092324791276
 20
5.67830577590307
 10
35.00632004374747
 20
5.678221545003637
 10
35.081716839582185
 20
5.678137314104203
 10
35.15711363541689
 20
5.678053083204769
 10
35.232510431251605
 20
5.677968852305335
 10
35.30790722708631
 20
5.677884621405901
 10
35.383304022921024
 20
5.677800390506467
 10
35.45870081875573
 20
5.677716159607033
 10
35.53409761459044
 20
5.677631928707599
 10
35.53395446385632
 20
5.662860813021935
 10
35.53381131312219
 20
5.648089697336271
 10
35.53366816238807
 20
5.633318581650606
 10
35.53352501165395
 20
5.618547465964942
 10
35.533381860919825
 20
5.6037763502792775
 10
35.5332387101857
 20
5.589005234593613
 10
35.533095559451574
 20
5.574234118907949
 10
35.53295240871745
 20
5.559463003222284
 10
35.532809257983324
 20
5.54469188753662
 10
35.532730902990956
 20
5.529928372973362
 10
35.53268313523169
 20
5.515168446567238
 10
35.53263536747243
 20
5.500408520161113
 10
35.53258759971317
 20
5.485648593754988
 10
35.532539831953905
 20
5.470888667348863
 10
35.53249206419464
 20
5.456128740942738
 10
35.53244429643538
 20
5.441368814536613
 10
35.53239652867612
 20
5.426608888130487
 10
35.532348760916854
 20
5.411848961724363
 10
35.53230099315759
 20
5.397089035318238
 10
35.53225322539833
 20
5.3823291089121135
 10
35.53230106610518
 20
5.367569182742249
 10
35.53234890681203
 20
5.352809256572386
 10
35.53239674751889
 20
5.338049330402522
 10
35.532444588225744
 20
5.323289404232659
 10
35.53249242893259
 20
5.308529478062796
 10
35.53254026963945
 20
5.293769551892932
 10
35.5325881103463
 20
5.279009625723068
 10
35.53263595105315
 20
5.264249699553205
 10
35.53268379176001
 20
5.249489773383342
 10
35.53273163246686
 20
5.234729847213478
 10
35.532810058886795
 20
5.219966333022742
 10
35.53295327782849
 20
5.205195217998253
 10
35.533096496770185
 20
5.190424102973764
 10
35.53323971571188
 20
5.175652987949274
 10
35.533382934653574
 20
5.160881872924785
 10
35.53352615359527
 20
5.146110757900296
 10
35.53366937253696
 20
5.131339642875806
 10
35.53381259147866
 20
5.116568527851316
 10
35.53395581042035
 20
5.101797412826827
 10
35.53409902936205
 20
5.087026297802337
 10
35.45870223394803
 20
5.086941691167756
 10
35.38330543853402
 20
5.086857084533174
 10
35.30790864312001
 20
5.086772477898593
 10
35.23251184770599
 20
5.0866878712640125
 10
35.15711505229198
 20
5.086603264629431
 10
35.08171825687796
 20
5.08651865799485
 10
35.00632146146395
 20
5.086434051360269
 10
34.93092466604993
 20
5.086349444725688
 10
34.85552787063592
 20
5.086264838091106
 10
34.7801310752219
 20
5.086180231456525
 10
34.70473427980789
 20
5.086095624821944
 10
34.62933748439387
 20
5.086011018187362
 10
34.553940688979864
 20
5.085926411552781
 10
34.47854389356585
 20
5.0858418049182
 10
34.403147098151834
 20
5.085757198283618
  0
TEXT
  5
B2
330
17
100
AcDbEntity
  8
TEXTO
100
AcDbText
 10
34.93008347601739
 20
5.382327608357469
 30
0.0
 40
0.05
  1
abertura da Espinha de Luz (requadro)
 11
34.93008347601739
 21
5.382327608357469
 31
0.0
100
AcDbText
  0
TEXT
  5
B3
330
17
100
AcDbEntity
  8
TEXTO
100
AcDbText
 10
34.32584944699651
 20
-0.35
 30
0.0
 40
0.12
  1
F4 · x1 · 12.84 m2
 11
34.32584944699651
 21
-0.35
 31
0.0
100
AcDbText
  0
TEXT
  5
B4
330
17
100
AcDbEntity
  8
TEXTO
100
AcDbText
 10
34.32584944699651
 20
-0.55
 30
0.0
 40
0.06
  1
ZION CASULO SENSORIAL · FORRO / REVESTIMENTO INTERNO · Trevira CS (poliéster FR) 210 g/m² tensionado, cor creme; ou
 11
34.32584944699651
 21
-0.55
 31
0.0
100
AcDbText
  0
LWPOLYLINE
  5
B5
330
17
100
AcDbEntity
  8
CONTORNO
100
AcDbPolyline
 90
130
 70
1
 10
37.32317286101587
 20
0.0
 10
37.30472916339867
 20
0.06651989312429409
 10
37.262343012751664
 20
0.23745277268429774
 10
37.22061038675037
 20
0.4087846590334299
 10
37.17954863170251
 20
0.5804020922215535
 10
37.13918124421195
 20
0.7521918614924307
 10
37.09953762829064
 20
0.9240420776930159
 10
37.06065282115566
 20
1.095843238914812
 10
37.02256718957871
 20
1.2674892810269278
 10
36.98532609790604
 20
1.438878604511455
 10
36.948979548179494
 20
1.609915068702554
 10
36.91358179219641
 20
1.7805089441819428
 10
36.87919091487692
 20
1.9505778137231224
 10
36.845868387992994
 20
2.1200474118392023
 10
36.81367859318324
 20
2.288852392715422
 10
36.78268831325846
 20
2.456937016143049
 10
36.7529661911177
 20
2.624255741065049
 10
36.72458215615953
 20
2.790773716544921
 10
36.697606818894506
 20
2.9564671604245225
 10
36.672110835534205
 20
3.1213236166838296
 10
36.64816424562729
 20
3.285342083583675
 10
36.62583578729096
 20
3.4485330060748143
 10
36.60519219618599
 20
3.6109181276882762
 10
36.58629749602625
 20
3.772530199157787
 10
36.56921229000474
 20
3.933412543319805
 10
36.55399306395389
 20
4.093618478326389
 10
36.54069151323178
 20
4.253210603812182
 10
36.52935390613708
 20
4.412259957291158
 10
36.52002049701699
 20
4.57084505063049
 10
36.51272500208067
 20
4.729050798870425
 10
36.507494150230045
 20
4.886967355852072
 10
36.50434731996925
 20
5.044688873014442
 10
36.50329627168668
 20
5.202312199278184
 10
36.5043449823883
 20
5.359935541111817
 10
36.50748958739419
 20
5.517657102656354
 10
36.51271843071558
 20
5.675573726156038
 10
36.520012222942775
 20
5.833779552905466
 10
36.52934430264048
 20
5.9923647244813845
 10
36.54068099460592
 20
6.151414143191402
 10
36.5539820560242
 20
6.311006309458525
 10
36.569201199661734
 20
6.471212252294181
 10
36.586286681848705
 20
6.632094567128044
 10
36.60518194216111
 20
6.7937065731069275
 10
36.62582628143039
 20
6.95609159960649
 10
36.64815556495895
 20
7.1192824091892835
 10
36.672102938546374
 20
7.283300761670368
 10
36.697599546051606
 20
7.448157121400922
 10
36.72457523863246
 20
7.613850507433763
 10
36.7529592674068
 20
7.780368483967707
 10
36.78268095296268
 20
7.947687286443077
 10
36.813670326806395
 20
8.115772076925136
 10
36.845858741392725
 20
8.284577320993364
 10
36.87917944676128
 20
8.454047277260832
 10
36.913568132958744
 20
8.624116589870223
 10
36.94896343832954
 20
8.794710973826504
 10
36.98530742439601
 20
8.965747982794792
 10
37.02254601842697
 20
9.13713784897145
 10
37.06062942492624
 20
9.308784384779141
 10
37.099512507183135
 20
9.48058593639404
 10
37.139155139743885
 20
9.652436379440188
 10
37.17952253221757
 20
9.824226147540125
 10
37.22058552425401
 20
9.995843284757555
 10
37.26232085085741
 20
10.167174513277702
 10
37.304711376459025
 20
10.338106307922715
 10
37.32317286101587
 20
10.404621266774237
 10
38.49628638938192
 20
10.13010698161507
 10
38.47937138569808
 20
10.07097228489728
 10
38.43971278791351
 20
9.91245148010863
 10
38.40072641561423
 20
9.753615099964643
 10
38.36241423717188
 20
9.594528089863923
 10
38.32478514188292
 20
9.43525459607249
 10
38.2878548674329
 20
9.275857370809058
 10
38.251645854382204
 20
9.11639719165846
 10
38.216187029452236
 20
8.956932302891023
 10
38.181513519708695
 20
8.797517886104055
 10
38.14766630006213
 20
8.638205567298355
 10
38.114691776866366
 20
8.479042967052415
 10
38.08264131081776
 20
8.32007329985749
 10
38.05157068285938
 20
8.161335027930482
 10
38.02153950738243
 20
8.002861573937414
 10
37.992610597689975
 20
7.844681096054618
 10
37.96484928942982
 20
7.686816327692751
 10
37.938322728490675
 20
7.529284483043358
 10
37.91309913065276
 20
7.372097228419854
 10
37.88924702104893
 20
7.215260718199923
 10
37.86683446217997
 20
7.058775693082634
 10
37.84592827979236
 20
6.902637637397053
 10
37.826593296327424
 20
6.74683699138008
 10
37.80889158185581
 20
6.591359413710567
 10
37.792881732399394
 20
6.4361860891620575
 10
37.778618185307984
 20
6.2812940760215215
 10
37.766150580907464
 20
6.1266566879042985
 10
37.755523178989094
 20
5.972243904751217
 10
37.74677433789739
 20
5.81802280808653
 10
37.73993606303116
 20
5.663958036000945
 10
37.73503363053807
 20
5.510012253756372
 10
37.73208529089263
 20
5.356146636341449
 10
37.731102055931345
 20
5.202321359697677
 10
37.73208757180032
 20
5.0484960976501405
 10
37.73503807916317
 20
4.894630521787822
 10
37.739942460929676
 20
4.740684801630583
 10
37.74678237669753
 20
4.586620102386343
 10
37.75553248205068
 20
4.43239907744741
 10
37.76616072982545
 20
4.277986352512407
 10
37.77862874944182
 20
4.123348997872427
 10
37.79289229940771
 20
3.9684569849965956
 10
37.808901787152344
 20
3.813283623129266
 10
37.82660284945034
 20
3.657805971208687
 10
37.845936985885764
 20
3.5020052200770215
 10
37.8668422371046
 20
3.3458670397149617
 10
37.889253899042124
 20
3.189381886137342
 10
37.91310526391463
 20
3.0325452626585174
 10
37.93832837855052
 20
2.8753579304970884
 10
37.96485481061254
 20
2.7178260641463154
 10
37.99261641342783
 20
2.559961347583723
 10
38.02154608048146
 20
2.40178100821315
 10
38.05157848111606
 20
2.2433077863958863
 10
38.08265076958272
 20
2.0845698394974024
 10
38.114703260266566
 20
1.9256005805101404
 10
38.14768006262559
 20
1.766438452467035
 10
38.181529670094335
 20
1.6071266409926053
 10
38.21620549788345
 20
1.4477127284109081
 10
38.25166636522696
 20
1.2882482938109892
 10
38.28787691817664
 20
1.128788464336844
 10
38.32480798951341
 20
0.96939142370386
 10
38.36243689274428
 20
0.8101178845379371
 10
38.40074764749639
 20
0.6510305315833199
 10
38.43973113392988
 20
0.49219344313168356
 10
38.47938517409836
 20
0.33367149819219855
 10
38.496282315266455
 20
0.27453169496395996
  0
LWPOLYLINE
  5
B6
330
17
100
AcDbEntity
  8
KEDER
100
AcDbPolyline
 90
65
 70
0
 10
37.32317286101587
 20
0.0
 10
37.30472916339867
 20
0.06651989312429409
 10
37.262343012751664
 20
0.23745277268429774
 10
37.22061038675037
 20
0.4087846590334299
 10
37.17954863170251
 20
0.5804020922215535
 10
37.13918124421195
 20
0.7521918614924307
 10
37.09953762829064
 20
0.9240420776930159
 10
37.06065282115566
 20
1.095843238914812
 10
37.02256718957871
 20
1.2674892810269278
 10
36.98532609790604
 20
1.438878604511455
 10
36.948979548179494
 20
1.609915068702554
 10
36.91358179219641
 20
1.7805089441819428
 10
36.87919091487692
 20
1.9505778137231224
 10
36.845868387992994
 20
2.1200474118392023
 10
36.81367859318324
 20
2.288852392715422
 10
36.78268831325846
 20
2.456937016143049
 10
36.7529661911177
 20
2.624255741065049
 10
36.72458215615953
 20
2.790773716544921
 10
36.697606818894506
 20
2.9564671604245225
 10
36.672110835534205
 20
3.1213236166838296
 10
36.64816424562729
 20
3.285342083583675
 10
36.62583578729096
 20
3.4485330060748143
 10
36.60519219618599
 20
3.6109181276882762
 10
36.58629749602625
 20
3.772530199157787
 10
36.56921229000474
 20
3.933412543319805
 10
36.55399306395389
 20
4.093618478326389
 10
36.54069151323178
 20
4.253210603812182
 10
36.52935390613708
 20
4.412259957291158
 10
36.52002049701699
 20
4.57084505063049
 10
36.51272500208067
 20
4.729050798870425
 10
36.507494150230045
 20
4.886967355852072
 10
36.50434731996925
 20
5.044688873014442
 10
36.50329627168668
 20
5.202312199278184
 10
36.5043449823883
 20
5.359935541111817
 10
36.50748958739419
 20
5.517657102656354
 10
36.51271843071558
 20
5.675573726156038
 10
36.520012222942775
 20
5.833779552905466
 10
36.52934430264048
 20
5.9923647244813845
 10
36.54068099460592
 20
6.151414143191402
 10
36.5539820560242
 20
6.311006309458525
 10
36.569201199661734
 20
6.471212252294181
 10
36.586286681848705
 20
6.632094567128044
 10
36.60518194216111
 20
6.7937065731069275
 10
36.62582628143039
 20
6.95609159960649
 10
36.64815556495895
 20
7.1192824091892835
 10
36.672102938546374
 20
7.283300761670368
 10
36.697599546051606
 20
7.448157121400922
 10
36.72457523863246
 20
7.613850507433763
 10
36.7529592674068
 20
7.780368483967707
 10
36.78268095296268
 20
7.947687286443077
 10
36.813670326806395
 20
8.115772076925136
 10
36.845858741392725
 20
8.284577320993364
 10
36.87917944676128
 20
8.454047277260832
 10
36.913568132958744
 20
8.624116589870223
 10
36.94896343832954
 20
8.794710973826504
 10
36.98530742439601
 20
8.965747982794792
 10
37.02254601842697
 20
9.13713784897145
 10
37.06062942492624
 20
9.308784384779141
 10
37.099512507183135
 20
9.48058593639404
 10
37.139155139743885
 20
9.652436379440188
 10
37.17952253221757
 20
9.824226147540125
 10
37.22058552425401
 20
9.995843284757555
 10
37.26232085085741
 20
10.167174513277702
 10
37.304711376459025
 20
10.338106307922715
 10
37.32317286101587
 20
10.404621266774237
  0
LWPOLYLINE
  5
B7
330
17
100
AcDbEntity
  8
KEDER
100
AcDbPolyline
 90
65
 70
0
 10
38.496282315266455
 20
0.27453169496395996
 10
38.47938517409836
 20
0.33367149819219855
 10
38.43973113392988
 20
0.49219344313168356
 10
38.40074764749639
 20
0.6510305315833199
 10
38.36243689274428
 20
0.8101178845379371
 10
38.32480798951341
 20
0.96939142370386
 10
38.28787691817664
 20
1.128788464336844
 10
38.25166636522696
 20
1.2882482938109892
 10
38.21620549788345
 20
1.4477127284109081
 10
38.181529670094335
 20
1.6071266409926053
 10
38.14768006262559
 20
1.766438452467035
 10
38.114703260266566
 20
1.9256005805101404
 10
38.08265076958272
 20
2.0845698394974024
 10
38.05157848111606
 20
2.2433077863958863
 10
38.02154608048146
 20
2.40178100821315
 10
37.99261641342783
 20
2.559961347583723
 10
37.96485481061254
 20
2.7178260641463154
 10
37.93832837855052
 20
2.8753579304970884
 10
37.91310526391463
 20
3.0325452626585174
 10
37.889253899042124
 20
3.189381886137342
 10
37.8668422371046
 20
3.3458670397149617
 10
37.845936985885764
 20
3.5020052200770215
 10
37.82660284945034
 20
3.657805971208687
 10
37.808901787152344
 20
3.813283623129266
 10
37.79289229940771
 20
3.9684569849965956
 10
37.77862874944182
 20
4.123348997872427
 10
37.76616072982545
 20
4.277986352512407
 10
37.75553248205068
 20
4.43239907744741
 10
37.74678237669753
 20
4.586620102386343
 10
37.739942460929676
 20
4.740684801630583
 10
37.73503807916317
 20
4.894630521787822
 10
37.73208757180032
 20
5.0484960976501405
 10
37.731102055931345
 20
5.202321359697677
 10
37.73208529089263
 20
5.356146636341449
 10
37.73503363053807
 20
5.510012253756372
 10
37.73993606303116
 20
5.663958036000945
 10
37.74677433789739
 20
5.81802280808653
 10
37.755523178989094
 20
5.972243904751217
 10
37.766150580907464
 20
6.1266566879042985
 10
37.778618185307984
 20
6.2812940760215215
 10
37.792881732399394
 20
6.4361860891620575
 10
37.80889158185581
 20
6.591359413710567
 10
37.826593296327424
 20
6.74683699138008
 10
37.84592827979236
 20
6.902637637397053
 10
37.86683446217997
 20
7.058775693082634
 10
37.88924702104893
 20
7.215260718199923
 10
37.91309913065276
 20
7.372097228419854
 10
37.938322728490675
 20
7.529284483043358
 10
37.96484928942982
 20
7.686816327692751
 10
37.992610597689975
 20
7.844681096054618
 10
38.02153950738243
 20
8.002861573937414
 10
38.05157068285938
 20
8.161335027930482
 10
38.08264131081776
 20
8.32007329985749
 10
38.114691776866366
 20
8.479042967052415
 10
38.14766630006213
 20
8.638205567298355
 10
38.181513519708695
 20
8.797517886104055
 10
38.216187029452236
 20
8.956932302891023
 10
38.251645854382204
 20
9.11639719165846
 10
38.2878548674329
 20
9.275857370809058
 10
38.32478514188292
 20
9.43525459607249
 10
38.36241423717188
 20
9.594528089863923
 10
38.40072641561423
 20
9.753615099964643
 10
38.43971278791351
 20
9.91245148010863
 10
38.47937138569808
 20
10.07097228489728
 10
38.49628638938192
 20
10.13010698161507
  0
LWPOLYLINE
  5
B8
330
17
100
AcDbEntity
  8
KEDER
100
AcDbPolyline
 90
2
 70
0
 10
37.32317286101587
 20
0.0
 10
38.496282315266455
 20
0.27453169496395996
  0
LWPOLYLINE
  5
B9
330
17
100
AcDbEntity
  8
KEDER
100
AcDbPolyline
 90
2
 70
0
 10
37.32317286101587
 20
10.404621266774237
 10
38.49628638938192
 20
10.13010698161507
  0
LWPOLYLINE
  5
BA
330
17
100
AcDbEntity
  8
RECORTE
100
AcDbPolyline
 90
112
 70
1
 10
36.507050051439585
 20
4.909225923742956
 10
36.50675757335303
 20
4.923885147064649
 10
36.50646509526647
 20
4.938544370386342
 10
36.506172617179914
 20
4.953203593708035
 10
36.50588013909336
 20
4.967862817029728
 10
36.5055876610068
 20
4.98252204035142
 10
36.50529518292024
 20
4.997181263673113
 10
36.505002704833686
 20
5.011840486994806
 10
36.50471022674713
 20
5.026499710316498
 10
36.50441774866057
 20
5.041158933638192
 10
36.50427315497903
 20
5.0558112283276255
 10
36.5041754666498
 20
5.070461325422682
 10
36.50407777832056
 20
5.085111422517738
 10
36.50398008999132
 20
5.099761519612793
 10
36.50388240166209
 20
5.11441161670785
 10
36.503784713332855
 20
5.129061713802905
 10
36.50368702500362
 20
5.143711810897961
 10
36.50358933667439
 20
5.158361907993017
 10
36.50349164834515
 20
5.173012005088072
 10
36.50339396001591
 20
5.187662102183128
 10
36.50329627168668
 20
5.202312199278184
 10
36.503393742752465
 20
5.216962297820364
 10
36.50349121381824
 20
5.231612396362542
 10
36.50358868488403
 20
5.246262494904722
 10
36.503686155949815
 20
5.260912593446902
 10
36.5037836270156
 20
5.275562691989081
 10
36.50388109808138
 20
5.2902127905312595
 10
36.503978569147165
 20
5.304862889073439
 10
36.50407604021295
 20
5.319512987615619
 10
36.504173511278736
 20
5.3341630861577976
 10
36.504270982344515
 20
5.348813184699977
 10
36.50441536127656
 20
5.363465481481377
 10
36.50470763253966
 20
5.378124708928113
 10
36.50499990380277
 20
5.392783936374849
 10
36.505292175065875
 20
5.407443163821586
 10
36.50558444632898
 20
5.4221023912683215
 10
36.50587671759209
 20
5.436761618715058
 10
36.50616898885519
 20
5.451420846161795
 10
36.50646126011829
 20
5.466080073608531
 10
36.5067535313814
 20
5.480739301055266
 10
36.507045802644505
 20
5.495398528502003
 10
36.58376903647205
 20
5.494954736259456
 10
36.66049227029959
 20
5.494510944016909
 10
36.737215504127136
 20
5.494067151774362
 10
36.81393873795468
 20
5.493623359531815
 10
36.89066197178222
 20
5.493179567289269
 10
36.96738520560976
 20
5.4927357750467225
 10
37.0441084394373
 20
5.492291982804176
 10
37.120831673264846
 20
5.491848190561629
 10
37.19755490709239
 20
5.491404398319082
 10
37.27427814091993
 20
5.490960606076535
 10
37.351001374747476
 20
5.490516813833988
 10
37.42772460857502
 20
5.490073021591442
 10
37.50444784240256
 20
5.489629229348895
 10
37.581171076230106
 20
5.489185437106348
 10
37.65789431005765
 20
5.488741644863802
 10
37.73461754388519
 20
5.488297852621255
 10
37.73434351425329
 20
5.473997010936518
 10
37.734069484621386
 20
5.4596961692517825
 10
37.73379545498949
 20
5.445395327567046
 10
37.73352142535759
 20
5.4310944858823085
 10
37.733247395725684
 20
5.416793644197572
 10
37.73297336609379
 20
5.402492802512836
 10
37.732699336461884
 20
5.3881919608281
 10
37.73242530682998
 20
5.373891119143362
 10
37.732151277198085
 20
5.359590277458627
 10
37.732015911005426
 20
5.345292282334745
 10
37.731924525498016
 20
5.330995190071038
 10
37.73183313999061
 20
5.316698097807332
 10
37.7317417544832
 20
5.302401005543625
 10
37.73165036897579
 20
5.288103913279918
 10
37.73155898346839
 20
5.273806821016212
 10
37.73146759796098
 20
5.259509728752505
 10
37.73137621245357
 20
5.245212636488797
 10
37.731284826946165
 20
5.23091554422509
 10
37.731193441438755
 20
5.216618451961384
 10
37.731102055931345
 20
5.202321359697677
 10
37.73119365343479
 20
5.188024268790599
 10
37.73128525093822
 20
5.17372717788352
 10
37.731376848441656
 20
5.159430086976442
 10
37.7314684459451
 20
5.145132996069363
 10
37.73156004344853
 20
5.130835905162285
 10
37.731651640951966
 20
5.116538814255207
 10
37.73174323845541
 20
5.102241723348127
 10
37.73183483595884
 20
5.087944632441049
 10
37.73192643346228
 20
5.07364754153397
 10
37.73201803096572
 20
5.059350450626892
 10
37.73215360662111
 20
5.045052457462945
 10
37.732427837728714
 20
5.030751619640261
 10
37.73270206883632
 20
5.0164507818175785
 10
37.73297629994392
 20
5.002149943994895
 10
37.733250531051524
 20
4.987849106172212
 10
37.73352476215913
 20
4.973548268349529
 10
37.73379899326673
 20
4.959247430526846
 10
37.734073224374335
 20
4.944946592704163
 10
37.73434745548194
 20
4.930645754881479
 10
37.73462168658954
 20
4.9163449170587965
 10
37.65789845939267
 20
4.915899979976556
 10
37.5811752321958
 20
4.915455042894316
 10
37.504452004998925
 20
4.915010105812076
 10
37.42772877780205
 20
4.914565168729837
 10
37.35100555060518
 20
4.914120231647597
 10
37.27428232340831
 20
4.913675294565357
 10
37.197559096211435
 20
4.913230357483116
 10
37.12083586901456
 20
4.912785420400876
 10
37.04411264181769
 20
4.912340483318636
 10
36.96738941462082
 20
4.911895546236396
 10
36.890666187423946
 20
4.911450609154156
 10
36.813942960227074
 20
4.911005672071916
 10
36.7372197330302
 20
4.9105607349896765
 10
36.66049650583333
 20
4.910115797907436
 10
36.58377327863646
 20
4.909670860825196
  0
TEXT
  5
BB
330
17
100
AcDbEntity
  8
TEXTO
100
AcDbText
 10
37.11920126105418
 20
5.202316793901498
 30
0.0
 40
0.05
  1
abertura da Espinha de Luz (requadro)
 11
37.11920126105418
 21
5.202316793901498
 31
0.0
100
AcDbText
  0
TEXT
  5
BC
330
17
100
AcDbEntity
  8
TEXTO
100
AcDbText
 10
36.50329627168668
 20
-0.35
 30
0.0
 40
0.12
  1
F5 · x1 · 12.47 m2
 11
36.50329627168668
 21
-0.35
 31
0.0
100
AcDbText
  0
TEXT
  5
BD
330
17
100
AcDbEntity
  8
TEXTO
100
AcDbText
 10
36.50329627168668
 20
-0.55
 30
0.0
 40
0.06
  1
ZION CASULO SENSORIAL · FORRO / REVESTIMENTO INTERNO · Trevira CS (poliéster FR) 210 g/m² tensionado, cor creme; ou
 11
36.50329627168668
 21
-0.55
 31
0.0
100
AcDbText
  0
LWPOLYLINE
  5
BE
330
17
100
AcDbEntity
  8
CONTORNO
100
AcDbPolyline
 90
130
 70
1
 10
40.42630009745102
 20
0.0
 10
40.39475408618557
 20
0.052800368168879966
 10
40.32241087274439
 20
0.19932036474984077
 10
40.25156707464195
 20
0.34673165723696175
 10
40.18224369696566
 20
0.494957056906972
 10
40.114468542551805
 20
0.6439218953117942
 10
40.048276087359966
 20
0.7935543766395814
 10
39.98370729322051
 20
0.9437859052353526
 10
39.92080936164306
 20
1.0945513827768123
 10
39.85963543155121
 20
1.2457894693640987
 10
39.800244222959606
 20
1.3974428028028332
 10
39.74269962783544
 20
1.5494581706740844
 10
39.687070248781325
 20
1.7017866304183193
 10
39.633428885819896
 20
1.8543835736240784
 10
39.581851971516755
 20
2.007208731997911
 10
39.53241895498809
 20
2.1602261240685525
 10
39.485211636019386
 20
2.3134039434878426
 10
39.44031345155795
 20
2.4667143917487664
 10
39.39780871819162
 20
2.6201334601379993
 10
39.357781835815445
 20
2.773640667648799
 10
39.32031645941965
 20
2.927218763263162
 10
39.285494647691195
 20
3.0808534023366656
 10
39.25339599878513
 20
3.234532807669001
 10
39.224096785073876
 20
3.388247426131644
 10
39.19766909982005
 20
3.541989591405779
 10
39.17418002946516
 20
3.695753202459303
 10
39.15369086553471
 20
3.849533425910292
 10
39.13625637001657
 20
4.003326428477517
 10
39.12192410748907
 20
4.157129143433233
 10
39.11073385629713
 20
4.310939072498917
 10
39.10271710975544
 20
4.464754122120626
 10
39.09789667676045
 20
4.618572470684384
 10
39.096286389381916
 20
4.772392461128018
 10
39.09789092303806
 20
4.926212511697728
 10
39.10270573278675
 20
5.0800310363825805
 10
39.1107171071297
 20
5.233846365905942
 10
39.121902338562194
 20
5.38765666009567
 10
39.13623000794007
 20
5.541459802999529
 10
39.153660377612205
 20
5.695253273230575
 10
39.174145886221375
 20
5.84903398366016
 10
39.19763173615818
 20
6.002798086633196
 10
39.22405656292113
 20
6.156540743243529
 10
39.25335317415807
 20
6.310255857735387
 10
39.285449345009276
 20
6.463935780632248
 10
39.32026865560645
 20
6.617570986574232
 10
39.357731356256444
 20
6.771149734912086
 10
39.39775524598339
 20
6.92465772272264
 10
39.44025655071852
 20
7.078077740972458
 10
39.485150788479984
 20
7.23138934500071
 10
39.532353610307396
 20
7.384568550305447
 10
39.58178160741032
 20
7.537587563835196
 10
39.633353076837764
 20
7.690414559690362
 10
39.686988739847706
 20
7.843013506441594
 10
39.74261240892518
 20
7.995344051311481
 10
39.800151600952375
 20
8.147361464386083
 10
39.859538095286275
 20
8.29901664396061
 10
39.92070843639081
 20
8.450256182199192
 10
39.983604381176164
 20
8.601022488596158
 10
40.04817329132598
 20
8.751253967331174
 10
40.11436847067968
 20
8.900885243550308
 10
40.182149447242224
 20
9.049847432890502
 10
40.2514821986977
 20
9.198068448186566
 10
40.322339319496585
 20
9.34547333723166
 10
40.39470012677164
 20
9.491984645667506
 10
40.42630009745102
 20
9.544752737906958
 10
41.546758489756186
 20
9.041761530546925
 10
41.518587271603096
 20
8.998385102045072
 10
41.45438795605169
 20
8.871837277592213
 10
41.39170855025684
 20
8.744566697916426
 10
41.330532413881976
 20
8.616591547732359
 10
41.27085050418894
 20
8.487925271294603
 10
41.21266185544036
 20
8.358576981755167
 10
41.15597390036128
 20
8.22855195152865
 10
41.10080262864712
 20
8.097852177038217
 10
41.04717258097139
 20
7.966477009638742
 10
40.99511668031267
 20
7.834423842780112
 10
40.94467590566261
 20
7.70168884364244
 10
40.895898816269174
 20
7.568267715645994
 10
40.84884093747712
 20
7.43415647654604
 10
40.803564021897174
 20
7.299352235420375
 10
40.76013520199481
 20
7.163853950901062
 10
40.71862605215413
 20
7.027663152629081
 10
40.6791115797542
 20
6.890784608219989
 10
40.641669165716046
 20
6.753226919065163
 10
40.606377475285875
 20
6.615003030038799
 10
40.57331535949586
 20
6.476130640554743
 10
40.54256076681476
 20
6.336632507284703
 10
40.51418968303597
 20
6.196536632037391
 10
40.48827511555803
 20
6.055876331616977
 10
40.464886136027275
 20
5.914690189743108
 10
40.44408699298129
 20
5.773021894162158
 10
40.42593630379982
 20
5.630919964786901
 10
40.410486333065336
 20
5.4884373809910345
 10
40.397782362460816
 20
5.345631118025064
 10
40.38786215565725
 20
5.20256160392018
 10
40.3807555203028
 20
5.059292109249534
 10
40.376483968224086
 20
4.915888082784876
 10
40.37506047426223
 20
4.772416446493528
 10
40.37648933374583
 20
4.628944863538044
 10
40.38076611838782
 20
4.485540993030434
 10
40.38787773030901
 20
4.342271745300414
 10
40.39780255385963
 20
4.199202551388089
 10
40.41051070485103
 20
4.056396660368825
 10
40.42596437664429
 20
3.91391447794257
 10
40.444118282199405
 20
3.7718129594319345
 10
40.46492019060571
 20
3.630145069877124
 10
40.488311555745085
 20
3.4889593232252896
 10
40.51422823355647
 20
3.3482994116187834
 10
40.54260128287146
 20
3.2082039344303226
 10
40.57335784300256
 20
3.0687062349306244
 10
40.60642207924529
 20
2.9298343502915487
 10
40.64171618528994
 20
2.7916110780487697
 10
40.679161429342145
 20
2.6540541592388083
 10
40.718679228654224
 20
2.51717657529561
 10
40.7601922353081
 20
2.380986952588845
 10
40.80362541459647
 20
2.2454900653821914
 10
40.8489070963294
 20
2.110687425165698
 10
40.89596997892658
 20
1.9765779419403258
 10
40.94475206627914
 20
1.8431586412411156
 10
40.995197518076694
 20
1.7104254195657682
 10
41.04725739555832
 20
1.5783738204562459
 10
41.10089028639734
 20
1.4469998137304414
 10
41.1560627945915
 20
1.3163005611925174
 10
41.212749883726936
 20
1.1862751534377034
 10
41.27093506474736
 20
1.0569253039612392
 10
41.330610422339454
 20
0.928255988531257
 10
41.391776477205795
 20
0.800276019557681
 10
41.45444188481516
 20
0.6729985468810135
 10
41.51862297467406
 20
0.5464414779534206
 10
41.54674086655806
 20
0.5030304627867016
  0
LWPOLYLINE
  5
BF
330
17
100
AcDbEntity
  8
KEDER
100
AcDbPolyline
 90
65
 70
0
 10
40.42630009745102
 20
0.0
 10
40.39475408618557
 20
0.052800368168879966
 10
40.32241087274439
 20
0.19932036474984077
 10
40.25156707464195
 20
0.34673165723696175
 10
40.18224369696566
 20
0.494957056906972
 10
40.114468542551805
 20
0.6439218953117942
 10
40.048276087359966
 20
0.7935543766395814
 10
39.98370729322051
 20
0.9437859052353526
 10
39.92080936164306
 20
1.0945513827768123
 10
39.85963543155121
 20
1.2457894693640987
 10
39.800244222959606
 20
1.3974428028028332
 10
39.74269962783544
 20
1.5494581706740844
 10
39.687070248781325
 20
1.7017866304183193
 10
39.633428885819896
 20
1.8543835736240784
 10
39.581851971516755
 20
2.007208731997911
 10
39.53241895498809
 20
2.1602261240685525
 10
39.485211636019386
 20
2.3134039434878426
 10
39.44031345155795
 20
2.4667143917487664
 10
39.39780871819162
 20
2.6201334601379993
 10
39.357781835815445
 20
2.773640667648799
 10
39.32031645941965
 20
2.927218763263162
 10
39.285494647691195
 20
3.0808534023366656
 10
39.25339599878513
 20
3.234532807669001
 10
39.224096785073876
 20
3.388247426131644
 10
39.19766909982005
 20
3.541989591405779
 10
39.17418002946516
 20
3.695753202459303
 10
39.15369086553471
 20
3.849533425910292
 10
39.13625637001657
 20
4.003326428477517
 10
39.12192410748907
 20
4.157129143433233
 10
39.11073385629713
 20
4.310939072498917
 10
39.10271710975544
 20
4.464754122120626
 10
39.09789667676045
 20
4.618572470684384
 10
39.096286389381916
 20
4.772392461128018
 10
39.09789092303806
 20
4.926212511697728
 10
39.10270573278675
 20
5.0800310363825805
 10
39.1107171071297
 20
5.233846365905942
 10
39.121902338562194
 20
5.38765666009567
 10
39.13623000794007
 20
5.541459802999529
 10
39.153660377612205
 20
5.695253273230575
 10
39.174145886221375
 20
5.84903398366016
 10
39.19763173615818
 20
6.002798086633196
 10
39.22405656292113
 20
6.156540743243529
 10
39.25335317415807
 20
6.310255857735387
 10
39.285449345009276
 20
6.463935780632248
 10
39.32026865560645
 20
6.617570986574232
 10
39.357731356256444
 20
6.771149734912086
 10
39.39775524598339
 20
6.92465772272264
 10
39.44025655071852
 20
7.078077740972458
 10
39.485150788479984
 20
7.23138934500071
 10
39.532353610307396
 20
7.384568550305447
 10
39.58178160741032
 20
7.537587563835196
 10
39.633353076837764
 20
7.690414559690362
 10
39.686988739847706
 20
7.843013506441594
 10
39.74261240892518
 20
7.995344051311481
 10
39.800151600952375
 20
8.147361464386083
 10
39.859538095286275
 20
8.29901664396061
 10
39.92070843639081
 20
8.450256182199192
 10
39.983604381176164
 20
8.601022488596158
 10
40.04817329132598
 20
8.751253967331174
 10
40.11436847067968
 20
8.900885243550308
 10
40.182149447242224
 20
9.049847432890502
 10
40.2514821986977
 20
9.198068448186566
 10
40.322339319496585
 20
9.34547333723166
 10
40.39470012677164
 20
9.491984645667506
 10
40.42630009745102
 20
9.544752737906958
  0
LWPOLYLINE
  5
C0
330
17
100
AcDbEntity
  8
KEDER
100
AcDbPolyline
 90
65
 70
0
 10
41.54674086655806
 20
0.5030304627867016
 10
41.51862297467406
 20
0.5464414779534206
 10
41.45444188481516
 20
0.6729985468810135
 10
41.391776477205795
 20
0.800276019557681
 10
41.330610422339454
 20
0.928255988531257
 10
41.27093506474736
 20
1.0569253039612392
 10
41.212749883726936
 20
1.1862751534377034
 10
41.1560627945915
 20
1.3163005611925174
 10
41.10089028639734
 20
1.4469998137304414
 10
41.04725739555832
 20
1.5783738204562459
 10
40.995197518076694
 20
1.7104254195657682
 10
40.94475206627914
 20
1.8431586412411156
 10
40.89596997892658
 20
1.9765779419403258
 10
40.8489070963294
 20
2.110687425165698
 10
40.80362541459647
 20
2.2454900653821914
 10
40.7601922353081
 20
2.380986952588845
 10
40.718679228654224
 20
2.51717657529561
 10
40.679161429342145
 20
2.6540541592388083
 10
40.64171618528994
 20
2.7916110780487697
 10
40.60642207924529
 20
2.9298343502915487
 10
40.57335784300256
 20
3.0687062349306244
 10
40.54260128287146
 20
3.2082039344303226
 10
40.51422823355647
 20
3.3482994116187834
 10
40.488311555745085
 20
3.4889593232252896
 10
40.46492019060571
 20
3.630145069877124
 10
40.444118282199405
 20
3.7718129594319345
 10
40.42596437664429
 20
3.91391447794257
 10
40.41051070485103
 20
4.056396660368825
 10
40.39780255385963
 20
4.199202551388089
 10
40.38787773030901
 20
4.342271745300414
 10
40.38076611838782
 20
4.485540993030434
 10
40.37648933374583
 20
4.628944863538044
 10
40.37506047426223
 20
4.772416446493528
 10
40.376483968224086
 20
4.915888082784876
 10
40.3807555203028
 20
5.059292109249534
 10
40.38786215565725
 20
5.20256160392018
 10
40.397782362460816
 20
5.345631118025064
 10
40.410486333065336
 20
5.4884373809910345
 10
40.42593630379982
 20
5.630919964786901
 10
40.44408699298129
 20
5.773021894162158
 10
40.464886136027275
 20
5.914690189743108
 10
40.48827511555803
 20
6.055876331616977
 10
40.51418968303597
 20
6.196536632037391
 10
40.54256076681476
 20
6.336632507284703
 10
40.57331535949586
 20
6.476130640554743
 10
40.606377475285875
 20
6.615003030038799
 10
40.641669165716046
 20
6.753226919065163
 10
40.6791115797542
 20
6.890784608219989
 10
40.71862605215413
 20
7.027663152629081
 10
40.76013520199481
 20
7.163853950901062
 10
40.803564021897174
 20
7.299352235420375
 10
40.84884093747712
 20
7.43415647654604
 10
40.895898816269174
 20
7.568267715645994
 10
40.94467590566261
 20
7.70168884364244
 10
40.99511668031267
 20
7.834423842780112
 10
41.04717258097139
 20
7.966477009638742
 10
41.10080262864712
 20
8.097852177038217
 10
41.15597390036128
 20
8.22855195152865
 10
41.21266185544036
 20
8.358576981755167
 10
41.27085050418894
 20
8.487925271294603
 10
41.330532413881976
 20
8.616591547732359
 10
41.39170855025684
 20
8.744566697916426
 10
41.45438795605169
 20
8.871837277592213
 10
41.518587271603096
 20
8.998385102045072
 10
41.546758489756186
 20
9.041761530546925
  0
LWPOLYLINE
  5
C1
330
17
100
AcDbEntity
  8
KEDER
100
AcDbPolyline
 90
2
 70
0
 10
40.42630009745102
 20
0.0
 10
41.54674086655806
 20
0.5030304627867016
  0
LWPOLYLINE
  5
C2
330
17
100
AcDbEntity
  8
KEDER
100
AcDbPolyline
 90
2
 70
0
 10
40.42630009745102
 20
9.544752737906958
 10
41.546758489756186
 20
9.041761530546925
  0
LWPOLYLINE
  5
C3
330
17
100
AcDbEntity
  8
RECORTE
100
AcDbPolyline
 90
112
 70
1
 10
39.101895405822326
 20
4.490974410242314
 10
39.10145444771948
 20
4.505045230692606
 10
39.10101348961664
 20
4.519116051142897
 10
39.10057253151379
 20
4.5331868715931884
 10
39.10013157341095
 20
4.54725769204348
 10
39.099690615308106
 20
4.5613285124937715
 10
39.09924965720526
 20
4.5753993329440625
 10
39.09880869910242
 20
4.5894701533943545
 10
39.09836774099958
 20
4.603540973844646
 10
39.097926782896735
 20
4.6176117942949375
 10
39.097759429808384
 20
4.631682754684852
 10
39.097612125765735
 20
4.645753725329168
 10
39.09746482172309
 20
4.659824695973485
 10
39.097317517680445
 20
4.673895666617802
 10
39.097170213637796
 20
4.687966637262118
 10
39.09702290959515
 20
4.702037607906434
 10
39.096875605552505
 20
4.7161085785507515
 10
39.096728301509856
 20
4.730179549195068
 10
39.09658099746721
 20
4.744250519839385
 10
39.096433693424565
 20
4.758321490483701
 10
39.096286389381916
 20
4.7723924611280175
 10
39.09643316709207
 20
4.786463437272479
 10
39.09657994480223
 20
4.8005344134169405
 10
39.09672672251238
 20
4.814605389561403
 10
39.096873500222536
 20
4.8286763657058644
 10
39.09702027793269
 20
4.842747341850326
 10
39.09716705564285
 20
4.8568183179947875
 10
39.097313833353006
 20
4.87088929413925
 10
39.097460611063156
 20
4.8849602702837105
 10
39.09760738877331
 20
4.899031246428172
 10
39.09775416648347
 20
4.9131022225726335
 10
39.09792099405422
 20
4.927173189187143
 10
39.09836143776012
 20
4.94124402574844
 10
39.09880188146601
 20
4.955314862309737
 10
39.09924232517191
 20
4.969385698871035
 10
39.099682768877805
 20
4.983456535432332
 10
39.100123212583696
 20
4.997527371993629
 10
39.100563656289594
 20
5.011598208554925
 10
39.10100409999549
 20
5.0256690451162225
 10
39.10144454370138
 20
5.039739881677519
 10
39.10188498740728
 20
5.053810718238816
 10
39.11187047485006
 20
5.0536625647712965
 10
39.12185596229283
 20
5.053514411303777
 10
39.1318414497356
 20
5.053366257836257
 10
39.14182693717838
 20
5.053218104368737
 10
39.15181242462115
 20
5.053069950901216
 10
39.161797912063925
 20
5.052921797433696
 10
39.1717833995067
 20
5.052773643966177
 10
39.18176888694947
 20
5.052625490498657
 10
39.19175437439225
 20
5.052477337031137
 10
39.20173986183502
 20
5.052329183563617
 10
39.21172534927779
 20
5.052181030096097
 10
39.22171083672057
 20
5.052032876628577
 10
39.231696324163345
 20
5.051884723161057
 10
39.241681811606114
 20
5.051736569693537
 10
39.25166729904889
 20
5.051588416226017
 10
39.261652786491666
 20
5.051440262758497
 10
39.2612185547244
 20
5.037488511904387
 10
39.260784322957136
 20
5.023536761050277
 10
39.26035009118987
 20
5.009585010196166
 10
39.259915859422605
 20
4.995633259342057
 10
39.25948162765534
 20
4.981681508487947
 10
39.259047395888075
 20
4.967729757633837
 10
39.25861316412081
 20
4.953778006779726
 10
39.258178932353545
 20
4.939826255925616
 10
39.25774470058628
 20
4.925874505071506
 10
39.257580225913706
 20
4.911921920111313
 10
39.25743551832153
 20
4.897969274030053
 10
39.25729081072935
 20
4.884016627948792
 10
39.25714610313718
 20
4.870063981867532
 10
39.257001395545004
 20
4.856111335786271
 10
39.256856687952826
 20
4.84215868970501
 10
39.256711980360656
 20
4.82820604362375
 10
39.25656727276848
 20
4.814253397542489
 10
39.2564225651763
 20
4.8003007514612275
 10
39.25627785758413
 20
4.786348105379967
 10
39.25613314999195
 20
4.772395459298706
 10
39.2562783794777
 20
4.7584428186399474
 10
39.256423608963445
 20
4.744490177981189
 10
39.25656883844918
 20
4.730537537322429
 10
39.25671406793493
 20
4.7165848966636705
 10
39.256859297420675
 20
4.70263225600491
 10
39.25700452690642
 20
4.688679615346151
 10
39.25714975639216
 20
4.674726974687393
 10
39.257294985877905
 20
4.660774334028633
 10
39.25744021536365
 20
4.6468216933698745
 10
39.25758544484939
 20
4.632869052711116
 10
39.25775044059871
 20
4.618916473887434
 10
39.25818518229562
 20
4.604964738913761
 10
39.25861992399252
 20
4.5910130039400885
 10
39.259054665689426
 20
4.577061268966416
 10
39.25948940738633
 20
4.563109533992744
 10
39.25992414908324
 20
4.5491577990190715
 10
39.26035889078015
 20
4.535206064045399
 10
39.260793632477046
 20
4.521254329071726
 10
39.26122837417395
 20
4.5073025940980544
 10
39.26166311587086
 20
4.493350859124381
 10
39.25167763399283
 20
4.493202331069252
 10
39.241692152114794
 20
4.4930538030141225
 10
39.23170667023676
 20
4.492905274958994
 10
39.22172118835873
 20
4.492756746903864
 10
39.211735706480695
 20
4.492608218848735
 10
39.20175022460266
 20
4.4924596907936065
 10
39.19176474272462
 20
4.492311162738477
 10
39.18177926084659
 20
4.492162634683348
 10
39.171793778968556
 20
4.492014106628218
 10
39.16180829709052
 20
4.49186557857309
 10
39.15182281521249
 20
4.49171705051796
 10
39.14183733333446
 20
4.491568522462831
 10
39.131851851456425
 20
4.491419994407702
 10
39.12186636957839
 20
4.491271466352573
 10
39.11188088770036
 20
4.491122938297443
  0
TEXT
  5
C4
330
17
100
AcDbEntity
  8
TEXTO
100
AcDbText
 10
39.17927097900109
 20
4.772394016709481
 30
0.0
 40
0.05
  1
abertura da Espinha de Luz (requadro)
 11
39.17927097900109
 21
4.772394016709481
 31
0.0
100
AcDbText
  0
TEXT
  5
C5
330
17
100
AcDbEntity
  8
TEXTO
100
AcDbText
 10
39.096286389381916
 20
-0.35
 30
0.0
 40
0.12
  1
F6 · x1 · 11.80 m2
 11
39.096286389381916
 21
-0.35
 31
0.0
100
AcDbText
  0
TEXT
  5
C6
330
17
100
AcDbEntity
  8
TEXTO
100
AcDbText
 10
39.096286389381916
 20
-0.55
 30
0.0
 40
0.06
  1
ZION CASULO SENSORIAL · FORRO / REVESTIMENTO INTERNO · Trevira CS (poliéster FR) 210 g/m² tensionado, cor creme; ou
 11
39.096286389381916
 21
-0.55
 31
0.0
100
AcDbText
  0
LWPOLYLINE
  5
C7
330
17
100
AcDbEntity
  8
CONTORNO
100
AcDbPolyline
 90
130
 70
1
 10
44.02478336203966
 20
0.0
 10
43.97960064937351
 20
0.025172496060847722
 10
43.8746311283172
 20
0.12065706884738485
 10
43.77207339498482
 20
0.21867961572070996
 10
43.67197124035386
 20
0.31917696575855314
 10
43.57437116335737
 20
0.4220903565648174
 10
43.479322985211155
 20
0.5273649626246347
 10
43.38688035081412
 20
0.6349493113106329
 10
43.297101110482274
 20
0.7447946037898474
 10
43.21004757765744
 20
0.8568539588016321
 10
43.125786660092764
 20
0.9710815974970995
 10
43.04438986347475
 20
1.0874319874564877
 10
42.96593316767509
 20
1.2058589638163475
 10
42.890496777039196
 20
1.3263148452715992
 10
42.81816474749611
 20
1.4487495626195703
 10
42.74902449494221
 20
1.5731098174543516
 10
42.68316619135514
 20
1.6993382885022463
 10
42.62068205739058
 20
1.8273729027723535
 10
42.56166556268183
 20
1.9571461880313488
 10
42.506210547524724
 20
2.088584721973707
 10
42.45441028188917
 20
2.2216086917746782
 10
42.40635647956799
 20
2.356131575475867
 10
42.362138286604264
 20
2.492059953922444
 10
42.32184126384127
 20
2.6292934588633585
 10
42.28554638348821
 20
2.7677248594951407
 10
42.253329059025035
 20
2.9072402863435447
 10
42.22525822666388
 20
3.0477195880946732
 10
42.20139549505687
 20
3.1890368139416823
 10
42.181794378115576
 20
3.331060811301564
 10
42.16649962380935
 20
3.4736559264350975
 10
42.155546649741964
 20
3.616682793590617
 10
42.14896109424832
 20
3.759999196776985
 10
42.14675848975619
 20
3.903460987120711
 10
42.148944063242475
 20
4.046923037934548
 10
42.155512666776225
 20
4.19024021907852
 10
42.16644883935602
 20
4.333268371896587
 10
42.1817269994806
 20
4.475865265945655
 10
42.201311766094015
 20
4.617891518899552
 10
42.225158403680446
 20
4.759211461429487
 10
42.253213385317
 20
4.89969392957162
 10
42.28541506541372
 20
5.039212968140579
 10
42.3216944516907
 20
5.177648430187284
 10
42.36197606370453
 20
5.314886459375614
 10
42.406178863015505
 20
5.45081984449188
 10
42.45421723798839
 20
5.585348238099961
 10
42.506002024374155
 20
5.718378234568821
 10
42.561441541373846
 20
5.849823306236924
 10
42.620442621982306
 20
5.979603600201971
 10
42.6829116161717
 20
6.107645601957496
 10
42.748755345985174
 20
6.233881675639726
 10
42.81788199289015
 20
6.358249493798056
 10
42.890201899740006
 20
6.480691372185836
 10
42.96562827228755
 20
6.601153526963393
 10
43.04407776819736
 20
6.719585272863873
 10
43.1254709646884
 20
6.8359381813292295
 10
43.209732699067175
 20
6.950165217490831
 10
43.29679227927745
 20
7.062219874317547
 10
43.38658356404921
 20
7.1720553214803076
 10
43.47904491422048
 20
7.279623585670824
 10
43.57411901836741
 20
7.384874778398609
 10
43.671752597137655
 20
7.487756386733041
 10
43.77189599182351
 20
7.588212642024494
 10
43.87450264394282
 20
7.686183981214464
 10
43.97952847409804
 20
7.781606614751929
 10
44.02478336203966
 20
7.806649122597523
 10
44.94371757223669
 20
6.983734632730405
 10
44.900564737267466
 20
6.965264978889956
 10
44.81577375853546
 20
6.896852678188152
 10
44.733344487675026
 20
6.82630035298165
 10
44.65325805966233
 20
6.753631080366505
 10
44.575494447974286
 20
6.678857536611237
 10
44.50003482577323
 20
6.601982793676649
 10
44.42686380339979
 20
6.523001540916109
 10
44.35597145149629
 20
6.441901696349092
 10
44.28735502955479
 20
6.358666350198197
 10
44.22102035560744
 20
6.273275965092957
 10
44.156982772772
 20
6.185710744114576
 10
44.09526769063181
 20
6.095953070778233
 10
44.03591070197775
 20
6.003989924531281
 10
43.97895729635769
 20
5.909815181079192
 10
43.92446220956809
 20
5.813431717892472
 10
43.87248846157029
 20
5.714853260188329
 10
43.823106143780464
 20
5.614105919869608
 10
43.77639102029089
 20
5.51122939768119
 10
43.73242300683092
 20
5.406277835743804
 10
43.691284587004326
 20
5.299320322515321
 10
43.65305921855605
 20
5.1904410643809955
 10
43.61782977416037
 20
5.079739247161008
 10
43.58567705242218
 20
4.967328616869669
 10
43.556678386208205
 20
4.853336812352686
 10
43.530906367629036
 20
4.7379044834213015
 10
43.50842770232143
 20
4.621184227325782
 10
43.48930220029399
 20
4.503339374401102
 10
43.47358190651397
 20
4.384542650963407
 10
43.46131037154149
 20
4.264974744450353
 10
43.45252206071278
 20
4.144822792708743
 10
43.44724189945517
 20
4.024278816482632
 10
43.44548495209927
 20
3.903538111714571
 10
43.44725623185938
 20
3.782797616354021
 10
43.45255064031709
 20
3.662254265038445
 10
43.46135303561684
 20
3.5421033443115224
 10
43.473638429527206
 20
3.4225368609854554
 10
43.489372314406
 20
3.303741936840175
 10
43.50851112179584
 20
3.185899244065716
 10
43.53100281472813
 20
3.069181497659889
 10
43.556787615671965
 20
2.953752023328351
 10
43.58579887126361
 20
2.8397634221955017
 10
43.617964053315
 20
2.7273563566645898
 10
43.653205892954944
 20
2.6166584848375827
 10
43.69144364095571
 20
2.507783573711479
 10
43.732594442245535
 20
2.4008308235128233
 10
43.77657480629974
 20
2.2958844365413213
 10
43.82330214766713
 20
2.1930134632351157
 10
43.87269636262268
 20
2.0922719553026083
 10
43.92468139934446
 20
1.9936994502045708
 10
43.979186770799046
 20
1.8973218026784489
 10
44.03614895258065
 20
1.8031523672831533
 10
44.095512603289485
 20
1.7111935213561
 10
44.157231543670214
 20
1.6214385009694698
 10
44.22126943353386
 20
1.533873504525626
 10
44.28760009302956
 20
1.4484800009847363
 10
44.35620742724184
 20
1.3652371640484735
 10
44.42708492994176
 20
1.2841243416451837
 10
44.500234762619925
 20
1.2051234632832686
 10
44.57566642717361
 20
1.128221287328056
 10
44.653395072956755
 20
1.0534113964498584
 10
44.73343949935574
 20
0.9806958620936715
 10
44.815819931784375
 20
0.9100865168233981
 10
44.90055566053406
 20
0.8416057951938349
 10
44.9436470499962
 20
0.8229932340296684
  0
LWPOLYLINE
  5
C8
330
17
100
AcDbEntity
  8
KEDER
100
AcDbPolyline
 90
65
 70
0
 10
44.02478336203966
 20
0.0
 10
43.97960064937351
 20
0.025172496060847722
 10
43.8746311283172
 20
0.12065706884738485
 10
43.77207339498482
 20
0.21867961572070996
 10
43.67197124035386
 20
0.31917696575855314
 10
43.57437116335737
 20
0.4220903565648174
 10
43.479322985211155
 20
0.5273649626246347
 10
43.38688035081412
 20
0.6349493113106329
 10
43.297101110482274
 20
0.7447946037898474
 10
43.21004757765744
 20
0.8568539588016321
 10
43.125786660092764
 20
0.9710815974970995
 10
43.04438986347475
 20
1.0874319874564877
 10
42.96593316767509
 20
1.2058589638163475
 10
42.890496777039196
 20
1.3263148452715992
 10
42.81816474749611
 20
1.4487495626195703
 10
42.74902449494221
 20
1.5731098174543516
 10
42.68316619135514
 20
1.6993382885022463
 10
42.62068205739058
 20
1.8273729027723535
 10
42.56166556268183
 20
1.9571461880313488
 10
42.506210547524724
 20
2.088584721973707
 10
42.45441028188917
 20
2.2216086917746782
 10
42.40635647956799
 20
2.356131575475867
 10
42.362138286604264
 20
2.492059953922444
 10
42.32184126384127
 20
2.6292934588633585
 10
42.28554638348821
 20
2.7677248594951407
 10
42.253329059025035
 20
2.9072402863435447
 10
42.22525822666388
 20
3.0477195880946732
 10
42.20139549505687
 20
3.1890368139416823
 10
42.181794378115576
 20
3.331060811301564
 10
42.16649962380935
 20
3.4736559264350975
 10
42.155546649741964
 20
3.616682793590617
 10
42.14896109424832
 20
3.759999196776985
 10
42.14675848975619
 20
3.903460987120711
 10
42.148944063242475
 20
4.046923037934548
 10
42.155512666776225
 20
4.19024021907852
 10
42.16644883935602
 20
4.333268371896587
 10
42.1817269994806
 20
4.475865265945655
 10
42.201311766094015
 20
4.617891518899552
 10
42.225158403680446
 20
4.759211461429487
 10
42.253213385317
 20
4.89969392957162
 10
42.28541506541372
 20
5.039212968140579
 10
42.3216944516907
 20
5.177648430187284
 10
42.36197606370453
 20
5.314886459375614
 10
42.406178863015505
 20
5.45081984449188
 10
42.45421723798839
 20
5.585348238099961
 10
42.506002024374155
 20
5.718378234568821
 10
42.561441541373846
 20
5.849823306236924
 10
42.620442621982306
 20
5.979603600201971
 10
42.6829116161717
 20
6.107645601957496
 10
42.748755345985174
 20
6.233881675639726
 10
42.81788199289015
 20
6.358249493798056
 10
42.890201899740006
 20
6.480691372185836
 10
42.96562827228755
 20
6.601153526963393
 10
43.04407776819736
 20
6.719585272863873
 10
43.1254709646884
 20
6.8359381813292295
 10
43.209732699067175
 20
6.950165217490831
 10
43.29679227927745
 20
7.062219874317547
 10
43.38658356404921
 20
7.1720553214803076
 10
43.47904491422048
 20
7.279623585670824
 10
43.57411901836741
 20
7.384874778398609
 10
43.671752597137655
 20
7.487756386733041
 10
43.77189599182351
 20
7.588212642024494
 10
43.87450264394282
 20
7.686183981214464
 10
43.97952847409804
 20
7.781606614751929
 10
44.02478336203966
 20
7.806649122597523
  0
LWPOLYLINE
  5
C9
330
17
100
AcDbEntity
  8
KEDER
100
AcDbPolyline
 90
65
 70
0
 10
44.9436470499962
 20
0.8229932340296684
 10
44.90055566053406
 20
0.8416057951938349
 10
44.815819931784375
 20
0.9100865168233981
 10
44.73343949935574
 20
0.9806958620936715
 10
44.653395072956755
 20
1.0534113964498584
 10
44.57566642717361
 20
1.128221287328056
 10
44.500234762619925
 20
1.2051234632832686
 10
44.42708492994176
 20
1.2841243416451837
 10
44.35620742724184
 20
1.3652371640484735
 10
44.28760009302956
 20
1.4484800009847363
 10
44.22126943353386
 20
1.533873504525626
 10
44.157231543670214
 20
1.6214385009694698
 10
44.095512603289485
 20
1.7111935213561
 10
44.03614895258065
 20
1.8031523672831533
 10
43.979186770799046
 20
1.8973218026784489
 10
43.92468139934446
 20
1.9936994502045708
 10
43.87269636262268
 20
2.0922719553026083
 10
43.82330214766713
 20
2.1930134632351157
 10
43.77657480629974
 20
2.2958844365413213
 10
43.732594442245535
 20
2.4008308235128233
 10
43.69144364095571
 20
2.507783573711479
 10
43.653205892954944
 20
2.6166584848375827
 10
43.617964053315
 20
2.7273563566645898
 10
43.58579887126361
 20
2.8397634221955017
 10
43.556787615671965
 20
2.953752023328351
 10
43.53100281472813
 20
3.069181497659889
 10
43.50851112179584
 20
3.185899244065716
 10
43.489372314406
 20
3.303741936840175
 10
43.473638429527206
 20
3.4225368609854554
 10
43.46135303561684
 20
3.5421033443115224
 10
43.45255064031709
 20
3.662254265038445
 10
43.44725623185938
 20
3.782797616354021
 10
43.44548495209927
 20
3.903538111714571
 10
43.44724189945517
 20
4.024278816482632
 10
43.45252206071278
 20
4.144822792708743
 10
43.46131037154149
 20
4.264974744450353
 10
43.47358190651397
 20
4.384542650963407
 10
43.48930220029399
 20
4.503339374401102
 10
43.50842770232143
 20
4.621184227325782
 10
43.530906367629036
 20
4.7379044834213015
 10
43.556678386208205
 20
4.853336812352686
 10
43.58567705242218
 20
4.967328616869669
 10
43.61782977416037
 20
5.079739247161008
 10
43.65305921855605
 20
5.1904410643809955
 10
43.691284587004326
 20
5.299320322515321
 10
43.73242300683092
 20
5.406277835743804
 10
43.77639102029089
 20
5.51122939768119
 10
43.823106143780464
 20
5.614105919869608
 10
43.87248846157029
 20
5.714853260188329
 10
43.92446220956809
 20
5.813431717892472
 10
43.97895729635769
 20
5.909815181079192
 10
44.03591070197775
 20
6.003989924531281
 10
44.09526769063181
 20
6.095953070778233
 10
44.156982772772
 20
6.185710744114576
 10
44.22102035560744
 20
6.273275965092957
 10
44.28735502955479
 20
6.358666350198197
 10
44.35597145149629
 20
6.441901696349092
 10
44.42686380339979
 20
6.523001540916109
 10
44.50003482577323
 20
6.601982793676649
 10
44.575494447974286
 20
6.678857536611237
 10
44.65325805966233
 20
6.753631080366505
 10
44.733344487675026
 20
6.82630035298165
 10
44.81577375853546
 20
6.896852678188152
 10
44.900564737267466
 20
6.965264978889956
 10
44.94371757223669
 20
6.983734632730405
  0
LWPOLYLINE
  5
CA
330
17
100
AcDbEntity
  8
KEDER
100
AcDbPolyline
 90
2
 70
0
 10
44.02478336203966
 20
0.0
 10
44.9436470499962
 20
0.8229932340296684
  0
LWPOLYLINE
  5
CB
330
17
100
AcDbEntity
  8
KEDER
100
AcDbPolyline
 90
2
 70
0
 10
44.02478336203966
 20
7.806649122597523
 10
44.94371757223669
 20
6.983734632730405
  0
LWPOLYLINE
  5
CC
330
17
100
AcDbEntity
  8
RECORTE
100
AcDbPolyline
 90
48
 70
1
 10
43.82225850904951
 20
1.83384090554547
 10
43.79588133833097
 20
1.8525345358349563
 10
43.7612819539899
 20
1.8662074649790392
 10
43.72315189309828
 20
1.8765894392956102
 10
43.682962155875664
 20
1.8844937750481556
 10
43.64118783333489
 20
1.8904050351404929
 10
43.598208463145525
 20
1.894897441655088
 10
43.553375999952145
 20
1.8977844798804115
 10
43.50621796222671
 20
1.8989837110228063
 10
43.45623710733402
 20
1.8982591679260061
 10
43.40300469572401
 20
1.8951165180936251
 10
43.34646711484152
 20
1.88861842046055
 10
43.288070024517495
 20
1.8764641872738936
 10
43.23635598399698
 20
1.8515611970040853
 10
43.191233825240815
 20
1.8232867475603047
 10
43.15170735810009
 20
1.793998286792649
 10
43.11690416500074
 20
1.7643204470749865
 10
43.08607787203785
 20
1.7343648233467979
 10
43.058669980114594
 20
1.704012302847948
 10
43.03438901685041
 20
1.6730641152778434
 10
43.01359258212841
 20
1.6415246771330845
 10
42.996111774980236
 20
1.6088879777322254
 10
42.98273203354484
 20
1.575084533896406
 10
42.97517018616199
 20
1.54048879812798
 10
42.978142497862954
 20
1.5071217090089124
 10
43.00762567058443
 20
1.4841803680384464
 10
43.04489538559162
 20
1.4671107669895282
 10
43.08514424653405
 20
1.4542297680245078
 10
43.12692742861957
 20
1.444689656452353
 10
43.16990341404681
 20
1.4380154011025628
 10
43.21438398636279
 20
1.4340853774217392
 10
43.260260266119474
 20
1.4325046186320018
 10
43.307961906649105
 20
1.4333445607533624
 10
43.357957678007644
 20
1.4368830365297558
 10
43.410621016619224
 20
1.4436584893719522
 10
43.46592608573901
 20
1.4546037074399611
 10
43.5223046016259
 20
1.4717915758349593
 10
43.57103843103783
 20
1.5010257609617987
 10
43.61328549135913
 20
1.5325474814656754
 10
43.6502707112388
 20
1.5640281442105202
 10
43.68290487835312
 20
1.5949246266734474
 10
43.71192476848894
 20
1.6252028306628261
 10
43.737869222471915
 20
1.6550301730555323
 10
43.76106126995891
 20
1.6846461049457246
 10
43.78192461521659
 20
1.7145869821692552
 10
43.79996143969708
 20
1.7448286954528105
 10
43.814329295470195
 20
1.775305656131972
 10
43.82332629929
 20
1.8056007946932398
  0
TEXT
  5
CD
330
17
100
AcDbEntity
  8
TEXTO
100
AcDbText
 10
43.40252500909422
 20
1.6721819848952764
 30
0.0
 40
0.05
  1
Olho banho (dir,) · 0,80 x 0,51 m
 11
43.40252500909422
 21
1.6721819848952764
 31
0.0
100
AcDbText
  0
LWPOLYLINE
  5
CE
330
17
100
AcDbEntity
  8
RECORTE
100
AcDbPolyline
 90
48
 70
1
 10
43.97632049362028
 20
6.216209343139299
 10
43.97900662304031
 20
6.244219686475735
 10
43.97187760435895
 20
6.2749234065315225
 10
43.95993374156306
 20
6.3057399363316415
 10
43.94431728901001
 20
6.336609980132251
 10
43.92578527719907
 20
6.367482572489108
 10
43.90460292978885
 20
6.398512421340663
 10
43.88071261962416
 20
6.429942488900499
 10
43.85381221601041
 20
6.462029911242438
 10
43.82369639999875
 20
6.494703972865056
 10
43.78928944231643
 20
6.5282803261141735
 10
43.74964247631565
 20
6.5622885724241895
 10
43.70335677519868
 20
6.594519732514934
 10
43.648530554995624
 20
6.61543032782466
 10
43.594295394471125
 20
6.630101739982184
 10
43.54237309816737
 20
6.640461292996226
 10
43.49286118096853
 20
6.647425580098653
 10
43.44579948231955
 20
6.651257471989707
 10
43.400405462461954
 20
6.652535763721985
 10
43.35625571292258
 20
6.651361496621954
 10
43.313049713669116
 20
6.64763705671027
 10
43.27072323862332
 20
6.641055208625639
 10
43.229668291015805
 20
6.631053158009997
 10
43.19187196740269
 20
6.616246439535014
 10
43.1614385720682
 20
6.595063650626684
 10
43.155964759949455
 20
6.562276670529077
 10
43.16081177061059
 20
6.527641650222923
 10
43.171820163750674
 20
6.493200391611252
 10
43.18721877534598
 20
6.459497485155584
 10
43.20595566541479
 20
6.426703621989973
 10
43.22775085539025
 20
6.3946085107931925
 10
43.2526613070523
 20
6.362945690384926
 10
43.28100596842505
 20
6.331468466987421
 10
43.313426035849666
 20
6.29995449746292
 10
43.350810654715204
 20
6.268359893382347
 10
43.39378323913958
 20
6.237449907219447
 10
43.443462570058514
 20
6.2095084442932125
 10
43.50047315943667
 20
6.193851593023722
 10
43.555968381352855
 20
6.183925144593188
 10
43.608388324551775
 20
6.177524457982026
 10
43.65798464288278
 20
6.173509215272986
 10
43.705008742971486
 20
6.1714717191298805
 10
43.74984855404519
 20
6.171218563345671
 10
43.792929634609784
 20
6.172671077580259
 10
43.83453405641534
 20
6.175917585196038
 10
43.87468717064081
 20
6.181229009782744
 10
43.91317804058443
 20
6.1889135179493415
 10
43.94867478098449
 20
6.1998031909921405
  0
TEXT
  5
CF
330
17
100
AcDbEntity
  8
TEXTO
100
AcDbText
 10
43.570749454402254
 20
6.404140455044267
 30
0.0
 40
0.05
  1
Olho banheira (esq,) · 0,80 x 0,51 m
 11
43.570749454402254
 21
6.404140455044267
 31
0.0
100
AcDbText
  0
TEXT
  5
D0
330
17
100
AcDbEntity
  8
TEXTO
100
AcDbText
 10
42.14675848975619
 20
-0.35
 30
0.0
 40
0.12
  1
F7 · x1 · 10.01 m2
 11
42.14675848975619
 21
-0.35
 31
0.0
100
AcDbText
  0
TEXT
  5
D1
330
17
100
AcDbEntity
  8
TEXTO
100
AcDbText
 10
42.14675848975619
 20
-0.55
 30
0.0
 40
0.06
  1
ZION CASULO SENSORIAL · FORRO / REVESTIMENTO INTERNO · Trevira CS (poliéster FR) 210 g/m² tensionado, cor creme; ou
 11
42.14675848975619
 21
-0.55
 31
0.0
100
AcDbText
  0
LWPOLYLINE
  5
D2
330
17
100
AcDbEntity
  8
CONTORNO
100
AcDbPolyline
 90
130
 70
1
 10
47.57252280472635
 20
0.016787867169063164
 10
47.52868831151858
 20
0.0
 10
47.421330337762754
 20
0.018547733896298636
 10
47.31544579748537
 20
0.04222640397874902
 10
47.2112007716293
 20
0.07099502783384579
 10
47.10875561678482
 20
0.10480704341085155
 10
47.00826590688397
 20
0.14361037945337024
 10
46.909883400255524
 20
0.1873473111278823
 10
46.813756976547396
 20
0.2359541111901249
 10
46.72003349153971
 20
0.2893605206081583
 10
46.62885850512917
 20
0.3474890737396612
 10
46.54037684770778
 20
0.4102543208144755
 10
46.45473300144605
 20
0.4775619941052737
 10
46.37207128430388
 20
0.5493081639600013
 10
46.29253583488631
 20
0.6253784275452836
 10
46.21627040491101
 20
0.7056471677294589
 10
46.14341797284621
 20
0.7899769130540524
 10
46.07412019730485
 20
0.8782178230482849
 10
46.0085167322926
 20
0.9702073167886909
 10
45.94674442868074
 20
1.0657698568721221
 10
45.88893644753952
 20
1.164716895929525
 10
45.83522131138745
 20
1.2668469884245952
 10
45.78572191910142
 20
1.3719460666867263
 10
45.7405545492874
 20
1.4797878768614166
 10
45.69982787543087
 20
1.5901345676854333
 10
45.66364201424484
 20
1.7027374226865102
 10
45.632087626437965
 20
1.8173377245497644
 10
45.60524508676375
 20
1.933667738959112
 10
45.583183737803274
 20
2.051451804172138
 10
45.56596123957517
 20
2.17040751186739
 10
45.55362302482745
 20
2.290246964350199
 10
45.54620186778722
 20
2.4106780929486296
 10
45.543717572236694
 20
2.5314060223084804
 10
45.546176783035285
 20
2.652134465246123
 10
45.5535729235824
 20
2.772567132792411
 10
45.565886260166735
 20
2.8924091440267907
 10
45.5830840926159
 20
3.011368420241578
 10
45.60512106908288
 20
3.1291570478940645
 10
45.63193962112232
 20
3.2454925947193933
 10
45.6634705133651
 20
3.3600993633301095
 10
45.69963350005439
 20
3.472709566677223
 10
45.7403380784412
 20
3.5830644099673106
 10
45.78548432655971
 20
3.6909150641076116
 10
45.83496381025914
 20
3.796023516579686
 10
45.88866054164256
 20
3.8981632869124216
 10
45.9464519683855
 20
3.9971199957141264
 10
46.00820997094519
 20
4.092691778582038
 10
46.07380184262679
 20
4.184689539150076
 10
46.14309122605691
 20
4.272937039032313
 10
46.21593897902743
 20
4.357270826397838
 10
46.292203943078746
 20
4.4375400092660024
 10
46.371743589694525
 20
4.513605884218087
 10
46.45441452161949
 20
4.585341435964581
 10
46.54007281057008
 20
4.652630727983305
 10
46.62857415743499
 20
4.715368209152829
 10
46.719773866905115
 20
4.773457965811695
 10
46.813526635281555
 20
4.826812952745139
 10
46.90968615791434
 20
4.875354239854562
 10
47.00810457116387
 20
4.919010313157618
 10
47.10863175261361
 20
4.957716468659764
 10
47.21111451192547
 20
4.991414334947067
 10
47.31539571242124
 20
5.020051554738959
 10
47.421313369286146
 20
5.043581647192558
 10
47.52869977338741
 20
5.0619640620460515
 10
47.57252280472635
 20
5.045146297535451
 10
47.94469757484957
 20
4.25919307536683
 10
47.89597644200218
 20
4.280356273241408
 10
47.814306550051235
 20
4.28162949274044
 10
47.73368629302348
 20
4.278466064467394
 10
47.65426815291288
 20
4.270878653469169
 10
47.57619129623425
 20
4.258886081373048
 10
47.49958271768541
 20
4.2425120946840345
 10
47.424558847348635
 20
4.22178444254109
 10
47.351227536624826
 20
4.1967343578259095
 10
47.279690299173
 20
4.16739650658632
 10
47.210044654166026
 20
4.133809430889287
 10
47.142386405755786
 20
4.096016464518681
 10
47.076811697817085
 20
4.0540670560814815
 10
47.01341870637547
 20
4.008018396899719
 10
46.952308869717655
 20
3.9579372268429247
 10
46.893587601685674
 20
3.9039016825948947
 10
46.837364479901794
 20
3.846003059287225
 10
46.78375294135433
 20
3.784347374953384
 10
46.73286954862307
 20
3.7190566533653127
 10
46.684832909238175
 20
3.6502698697523077
 10
46.63976233866543
 20
3.5781435316269374
 10
46.59777635614445
 20
3.502851890669556
 10
46.55899109475821
 20
3.4245867999278627
 10
46.52351869541557
 20
3.343557243203009
 10
46.491465741218775
 20
3.2599885709527223
 10
46.462931775694734
 20
3.1741214803137443
 10
46.43800793669585
 20
3.0862107770377807
 10
46.4167757279907
 20
2.9965239552925604
 10
46.39930594283487
 20
2.905339628280373
 10
46.38565774804472
 20
2.8129458391441937
 10
46.375877933052045
 20
2.7196382781444046
 10
46.37000032579259
 20
2.6257184289117093
 10
46.368045375765
 20
2.5314916639043266
 10
46.37001990389664
 20
2.4372653071243664
 10
46.37591701870898
 20
2.3433466807296055
 10
46.385716198456215
 20
2.2500411514330954
 10
46.399383539207214
 20
2.1576501925206197
 10
46.41687216905251
 20
2.066469477935845
 10
46.43812282853814
 20
1.9767870261814262
 10
46.463064616833236
 20
1.8888814137464982
 10
46.49161590177632
 20
1.8030200803569656
 10
46.52368538953208
 20
1.7194577514670843
 10
46.559173345819524
 20
1.638435006903038
 10
46.59797295523638
 20
1.560177028148765
 10
46.63997179784418
 20
1.484892559990242
 10
46.68505341275906
 20
1.4127731244697515
 10
46.733098907113956
 20
1.3439925254943794
 10
46.78398855588873
 20
1.278706679946398
 10
46.83760332473039
 20
1.2170538046026154
 10
46.89382623561805
 20
1.1591549765025029
 10
46.95254348632209
 20
1.1051150668872647
 10
47.01364523180427
 20
1.055024025476307
 10
47.077025941833035
 20
1.0089584637994538
 10
47.14258426640293
 20
0.966983456127446
 10
47.210222369909296
 20
0.929154448222226
 10
47.27984473513012
 20
0.8955191426137699
 10
47.351356485013284
 20
0.8661192193784448
 10
47.4246613178634
 20
0.8409917571602614
 10
47.499659192333795
 20
0.8201702416392722
 10
47.57624392568665
 20
0.8036850857516793
 10
47.65430087737212
 20
0.791563632543981
 10
47.73370487890818
 20
0.7838296604503086
 10
47.81431854290487
 20
0.7805024546122112
 10
47.89599104440923
 20
0.781595540698584
 10
47.94472559589636
 20
0.8027278198364172
  0
LWPOLYLINE
  5
D3
330
17
100
AcDbEntity
  8
KEDER
100
AcDbPolyline
 90
65
 70
0
 10
47.57252280472635
 20
0.016787867169063164
 10
47.52868831151858
 20
0.0
 10
47.421330337762754
 20
0.018547733896298636
 10
47.31544579748537
 20
0.04222640397874902
 10
47.2112007716293
 20
0.07099502783384579
 10
47.10875561678482
 20
0.10480704341085155
 10
47.00826590688397
 20
0.14361037945337024
 10
46.909883400255524
 20
0.1873473111278823
 10
46.813756976547396
 20
0.2359541111901249
 10
46.72003349153971
 20
0.2893605206081583
 10
46.62885850512917
 20
0.3474890737396612
 10
46.54037684770778
 20
0.4102543208144755
 10
46.45473300144605
 20
0.4775619941052737
 10
46.37207128430388
 20
0.5493081639600013
 10
46.29253583488631
 20
0.6253784275452836
 10
46.21627040491101
 20
0.7056471677294589
 10
46.14341797284621
 20
0.7899769130540524
 10
46.07412019730485
 20
0.8782178230482849
 10
46.0085167322926
 20
0.9702073167886909
 10
45.94674442868074
 20
1.0657698568721221
 10
45.88893644753952
 20
1.164716895929525
 10
45.83522131138745
 20
1.2668469884245952
 10
45.78572191910142
 20
1.3719460666867263
 10
45.7405545492874
 20
1.4797878768614166
 10
45.69982787543087
 20
1.5901345676854333
 10
45.66364201424484
 20
1.7027374226865102
 10
45.632087626437965
 20
1.8173377245497644
 10
45.60524508676375
 20
1.933667738959112
 10
45.583183737803274
 20
2.051451804172138
 10
45.56596123957517
 20
2.17040751186739
 10
45.55362302482745
 20
2.290246964350199
 10
45.54620186778722
 20
2.4106780929486296
 10
45.543717572236694
 20
2.5314060223084804
 10
45.546176783035285
 20
2.652134465246123
 10
45.5535729235824
 20
2.772567132792411
 10
45.565886260166735
 20
2.8924091440267907
 10
45.5830840926159
 20
3.011368420241578
 10
45.60512106908288
 20
3.1291570478940645
 10
45.63193962112232
 20
3.2454925947193933
 10
45.6634705133651
 20
3.3600993633301095
 10
45.69963350005439
 20
3.472709566677223
 10
45.7403380784412
 20
3.5830644099673106
 10
45.78548432655971
 20
3.6909150641076116
 10
45.83496381025914
 20
3.796023516579686
 10
45.88866054164256
 20
3.8981632869124216
 10
45.9464519683855
 20
3.9971199957141264
 10
46.00820997094519
 20
4.092691778582038
 10
46.07380184262679
 20
4.184689539150076
 10
46.14309122605691
 20
4.272937039032313
 10
46.21593897902743
 20
4.357270826397838
 10
46.292203943078746
 20
4.4375400092660024
 10
46.371743589694525
 20
4.513605884218087
 10
46.45441452161949
 20
4.585341435964581
 10
46.54007281057008
 20
4.652630727983305
 10
46.62857415743499
 20
4.715368209152829
 10
46.719773866905115
 20
4.773457965811695
 10
46.813526635281555
 20
4.826812952745139
 10
46.90968615791434
 20
4.875354239854562
 10
47.00810457116387
 20
4.919010313157618
 10
47.10863175261361
 20
4.957716468659764
 10
47.21111451192547
 20
4.991414334947067
 10
47.31539571242124
 20
5.020051554738959
 10
47.421313369286146
 20
5.043581647192558
 10
47.52869977338741
 20
5.0619640620460515
 10
47.57252280472635
 20
5.045146297535451
  0
LWPOLYLINE
  5
D4
330
17
100
AcDbEntity
  8
KEDER
100
AcDbPolyline
 90
65
 70
0
 10
47.94472559589636
 20
0.8027278198364172
 10
47.89599104440923
 20
0.781595540698584
 10
47.81431854290487
 20
0.7805024546122112
 10
47.73370487890818
 20
0.7838296604503086
 10
47.65430087737212
 20
0.791563632543981
 10
47.57624392568665
 20
0.8036850857516793
 10
47.499659192333795
 20
0.8201702416392722
 10
47.4246613178634
 20
0.8409917571602614
 10
47.351356485013284
 20
0.8661192193784448
 10
47.27984473513012
 20
0.8955191426137699
 10
47.210222369909296
 20
0.929154448222226
 10
47.14258426640293
 20
0.966983456127446
 10
47.077025941833035
 20
1.0089584637994538
 10
47.01364523180427
 20
1.055024025476307
 10
46.95254348632209
 20
1.1051150668872647
 10
46.89382623561805
 20
1.1591549765025029
 10
46.83760332473039
 20
1.2170538046026154
 10
46.78398855588873
 20
1.278706679946398
 10
46.733098907113956
 20
1.3439925254943794
 10
46.68505341275906
 20
1.4127731244697515
 10
46.63997179784418
 20
1.484892559990242
 10
46.59797295523638
 20
1.560177028148765
 10
46.559173345819524
 20
1.638435006903038
 10
46.52368538953208
 20
1.7194577514670843
 10
46.49161590177632
 20
1.8030200803569656
 10
46.463064616833236
 20
1.8888814137464982
 10
46.43812282853814
 20
1.9767870261814262
 10
46.41687216905251
 20
2.066469477935845
 10
46.399383539207214
 20
2.1576501925206197
 10
46.385716198456215
 20
2.2500411514330954
 10
46.37591701870898
 20
2.3433466807296055
 10
46.37001990389664
 20
2.4372653071243664
 10
46.368045375765
 20
2.5314916639043266
 10
46.37000032579259
 20
2.6257184289117093
 10
46.375877933052045
 20
2.7196382781444046
 10
46.38565774804472
 20
2.8129458391441937
 10
46.39930594283487
 20
2.905339628280373
 10
46.4167757279907
 20
2.9965239552925604
 10
46.43800793669585
 20
3.0862107770377807
 10
46.462931775694734
 20
3.1741214803137443
 10
46.491465741218775
 20
3.2599885709527223
 10
46.52351869541557
 20
3.343557243203009
 10
46.55899109475821
 20
3.4245867999278627
 10
46.59777635614445
 20
3.502851890669556
 10
46.63976233866543
 20
3.5781435316269374
 10
46.684832909238175
 20
3.6502698697523077
 10
46.73286954862307
 20
3.7190566533653127
 10
46.78375294135433
 20
3.784347374953384
 10
46.837364479901794
 20
3.846003059287225
 10
46.893587601685674
 20
3.9039016825948947
 10
46.952308869717655
 20
3.9579372268429247
 10
47.01341870637547
 20
4.008018396899719
 10
47.076811697817085
 20
4.0540670560814815
 10
47.142386405755786
 20
4.096016464518681
 10
47.210044654166026
 20
4.133809430889287
 10
47.279690299173
 20
4.16739650658632
 10
47.351227536624826
 20
4.1967343578259095
 10
47.424558847348635
 20
4.22178444254109
 10
47.49958271768541
 20
4.2425120946840345
 10
47.57619129623425
 20
4.258886081373048
 10
47.65426815291288
 20
4.270878653469169
 10
47.73368629302348
 20
4.278466064467394
 10
47.814306550051235
 20
4.28162949274044
 10
47.89597644200218
 20
4.280356273241408
 10
47.94469757484957
 20
4.25919307536683
  0
LWPOLYLINE
  5
D5
330
17
100
AcDbEntity
  8
KEDER
100
AcDbPolyline
 90
2
 70
0
 10
47.57252280472635
 20
0.016787867169063164
 10
47.94472559589636
 20
0.8027278198364172
  0
LWPOLYLINE
  5
D6
330
17
100
AcDbEntity
  8
KEDER
100
AcDbPolyline
 90
2
 70
0
 10
47.57252280472635
 20
5.045146297535451
 10
47.94469757484957
 20
4.25919307536683
  0
TEXT
  5
D7
330
17
100
AcDbEntity
  8
TEXTO
100
AcDbText
 10
45.543717572236694
 20
-0.35
 30
0.0
 40
0.12
  1
F8 · x1 · 5.01 m2
 11
45.543717572236694
 21
-0.35
 31
0.0
100
AcDbText
  0
TEXT
  5
D8
330
17
100
AcDbEntity
  8
TEXTO
100
AcDbText
 10
45.543717572236694
 20
-0.55
 30
0.0
 40
0.06
  1
ZION CASULO SENSORIAL · FORRO / REVESTIMENTO INTERNO · Trevira CS (poliéster FR) 210 g/m² tensionado, cor creme; ou
 11
45.543717572236694
 21
-0.55
 31
0.0
100
AcDbText
  0
ENDSEC
  0
SECTION
  2
OBJECTS
  0
DICTIONARY
  5
A
330
0
100
AcDbDictionary
281
1
  3
ACAD_COLOR
350
B
  3
ACAD_GROUP
350
C
  3
ACAD_LAYOUT
350
D
  3
ACAD_MATERIAL
350
E
  3
ACAD_MLEADERSTYLE
350
F
  3
ACAD_MLINESTYLE
350
10
  3
ACAD_PLOTSETTINGS
350
11
  3
ACAD_PLOTSTYLENAME
350
12
  3
ACAD_SCALELIST
350
14
  3
ACAD_TABLESTYLE
350
15
  3
ACAD_VISUALSTYLE
350
16
  3
EZDXF_META
350
2D
  0
DICTIONARY
  5
B
330
A
100
AcDbDictionary
281
1
  0
DICTIONARY
  5
C
330
A
100
AcDbDictionary
281
1
  0
DICTIONARY
  5
D
330
A
100
AcDbDictionary
281
1
  3
Model
350
1A
  3
Layout1
350
1E
  0
DICTIONARY
  5
E
330
A
100
AcDbDictionary
281
1
  3
ByBlock
350
1F
  3
ByLayer
350
20
  3
Global
350
21
  0
DICTIONARY
  5
F
330
A
100
AcDbDictionary
281
1
  3
Standard
350
2C
  0
DICTIONARY
  5
10
330
A
100
AcDbDictionary
281
1
  3
Standard
350
22
  0
DICTIONARY
  5
11
330
A
100
AcDbDictionary
281
1
  0
ACDBDICTIONARYWDFLT
  5
12
330
A
100
AcDbDictionary
281
1
  3
Normal
350
13
100
AcDbDictionaryWithDefault
340
13
  0
ACDBPLACEHOLDER
  5
13
330
12
  0
DICTIONARY
  5
14
330
A
100
AcDbDictionary
281
1
  0
DICTIONARY
  5
15
330
A
100
AcDbDictionary
281
1
  0
DICTIONARY
  5
16
330
A
100
AcDbDictionary
281
1
  0
LAYOUT
  5
1A
330
D
100
AcDbPlotSettings
  1

  4
A3
  6

 40
7.5
 41
20.0
 42
7.5
 43
20.0
 44
420.0
 45
297.0
 46
0.0
 47
0.0
 48
0.0
 49
0.0
140
0.0
141
0.0
142
1.0
143
1.0
 70
1024
 72
1
 73
0
 74
5
  7

 75
16
 76
0
 77
2
 78
300
147
1.0
148
0.0
149
0.0
100
AcDbLayout
  1
Model
 70
1
 71
0
 10
0.0
 20
0.0
 11
420.0
 21
297.0
 12
0.0
 22
0.0
 32
0.0
 14
1e+20
 24
1e+20
 34
1e+20
 15
-1e+20
 25
-1e+20
 35
-1e+20
146
0.0
 13
0.0
 23
0.0
 33
0.0
 16
1.0
 26
0.0
 36
0.0
 17
0.0
 27
1.0
 37
0.0
 76
1
330
17
  0
LAYOUT
  5
1E
330
D
100
AcDbPlotSettings
  1

  4
A3
  6

 40
7.5
 41
20.0
 42
7.5
 43
20.0
 44
420.0
 45
297.0
 46
0.0
 47
0.0
 48
0.0
 49
0.0
140
0.0
141
0.0
142
1.0
143
1.0
 70
0
 72
1
 73
0
 74
5
  7

 75
16
 76
0
 77
2
 78
300
147
1.0
148
0.0
149
0.0
100
AcDbLayout
  1
Layout1
 70
1
 71
1
 10
0.0
 20
0.0
 11
420.0
 21
297.0
 12
0.0
 22
0.0
 32
0.0
 14
1e+20
 24
1e+20
 34
1e+20
 15
-1e+20
 25
-1e+20
 35
-1e+20
146
0.0
 13
0.0
 23
0.0
 33
0.0
 16
1.0
 26
0.0
 36
0.0
 17
0.0
 27
1.0
 37
0.0
 76
1
330
1B
  0
MATERIAL
  5
1F
102
{ACAD_REACTORS
330
E
102
}
330
E
100
AcDbMaterial
  1
ByBlock
  2

 70
0
 40
1.0
 71
1
 41
1.0
 91
-1023410177
 42
1.0
 72
1
  3

 73
1
 74
1
 75
1
 44
0.5
 73
0
 45
1.0
 46
1.0
 77
1
  4

 78
1
 79
1
170
1
 48
1.0
171
1
  6

172
1
173
1
174
1
140
1.0
141
1.0
175
1
  7

176
1
177
1
178
1
143
1.0
179
1
  8

270
1
271
1
272
1
145
1.0
146
1.0
273
1
  9

274
1
275
1
276
1
 42
1.0
 72
1
  3

 73
1
 74
1
 75
1
 94
63
  0
MATERIAL
  5
20
102
{ACAD_REACTORS
330
E
102
}
330
E
100
AcDbMaterial
  1
ByLayer
  2

 70
0
 40
1.0
 71
1
 41
1.0
 91
-1023410177
 42
1.0
 72
1
  3

 73
1
 74
1
 75
1
 44
0.5
 73
0
 45
1.0
 46
1.0
 77
1
  4

 78
1
 79
1
170
1
 48
1.0
171
1
  6

172
1
173
1
174
1
140
1.0
141
1.0
175
1
  7

176
1
177
1
178
1
143
1.0
179
1
  8

270
1
271
1
272
1
145
1.0
146
1.0
273
1
  9

274
1
275
1
276
1
 42
1.0
 72
1
  3

 73
1
 74
1
 75
1
 94
63
  0
MATERIAL
  5
21
102
{ACAD_REACTORS
330
E
102
}
330
E
100
AcDbMaterial
  1
Global
  2

 70
0
 40
1.0
 71
1
 41
1.0
 91
-1023410177
 42
1.0
 72
1
  3

 73
1
 74
1
 75
1
 44
0.5
 73
0
 45
1.0
 46
1.0
 77
1
  4

 78
1
 79
1
170
1
 48
1.0
171
1
  6

172
1
173
1
174
1
140
1.0
141
1.0
175
1
  7

176
1
177
1
178
1
143
1.0
179
1
  8

270
1
271
1
272
1
145
1.0
146
1.0
273
1
  9

274
1
275
1
276
1
 42
1.0
 72
1
  3

 73
1
 74
1
 75
1
 94
63
  0
MLINESTYLE
  5
22
102
{ACAD_REACTORS
330
10
102
}
330
10
100
AcDbMlineStyle
  2
Standard
 70
0
  3

 62
256
 51
90.0
 52
90.0
 71
2
 49
0.5
 62
256
  6
BYLAYER
 49
-0.5
 62
256
  6
BYLAYER
  0
MLEADERSTYLE
  5
2C
102
{ACAD_REACTORS
330
F
102
}
330
F
100
AcDbMLeaderStyle
179
2
170
2
171
1
172
0
 90
2
 40
0.0
 41
0.0
173
1
 91
-1056964608
 92
-2
290
1
 42
2.0
291
1
 43
8.0
  3
Standard
 44
4.0
300

342
29
174
1
175
1
176
0
178
1
 93
-1056964608
 45
4.0
292
0
297
0
 46
4.0
 94
-1056964608
 47
1.0
 49
1.0
140
1.0
294
1
141
0.0
177
0
142
1.0
295
0
296
0
143
3.75
271
0
272
9
273
9
  0
DICTIONARY
  5
2D
330
A
100
AcDbDictionary
280
1
281
1
  3
CREATED_BY_EZDXF
350
2E
  3
WRITTEN_BY_EZDXF
350
DB
  0
DICTIONARYVAR
  5
2E
330
2D
100
DictionaryVariables
280
0
  1
1.4.4 @ 2026-09-18T03:11:11.453956+00:00
  0
DICTIONARYVAR
  5
DB
330
2D
100
DictionaryVariables
280
0
  1
1.4.4 @ 2026-09-18T03:11:11.483240+00:00
  0
ENDSEC
  0
EOF
