  0
SECTION
  2
HEADER
  9
$ACADVER
  1
AC1024
  9
$ACADMAINTVER
 70
6
  9
$DWGCODEPAGE
  3
ANSI_1252
  9
$LASTSAVEDBY
  1
ezdxf
  9
$INSBASE
 10
0.0
 20
0.0
 30
0.0
  9
$EXTMIN
 10
1e+20
 20
1e+20
 30
1e+20
  9
$EXTMAX
 10
-1e+20
 20
-1e+20
 30
-1e+20
  9
$LIMMIN
 10
0.0
 20
0.0
  9
$LIMMAX
 10
420.0
 20
297.0
  9
$ORTHOMODE
 70
0
  9
$REGENMODE
 70
1
  9
$FILLMODE
 70
1
  9
$QTEXTMODE
 70
0
  9
$MIRRTEXT
 70
1
  9
$LTSCALE
 40
1.0
  9
$ATTMODE
 70
1
  9
$TEXTSIZE
 40
2.5
  9
$TRACEWID
 40
1.0
  9
$TEXTSTYLE
  7
Standard
  9
$CLAYER
  8
0
  9
$CELTYPE
  6
ByLayer
  9
$CECOLOR
 62
256
  9
$CELTSCALE
 40
1.0
  9
$DISPSILH
 70
0
  9
$DIMSCALE
 40
1.0
  9
$DIMASZ
 40
2.5
  9
$DIMEXO
 40
0.625
  9
$DIMDLI
 40
3.75
  9
$DIMRND
 40
0.0
  9
$DIMDLE
 40
0.0
  9
$DIMEXE
 40
1.25
  9
$DIMTP
 40
0.0
  9
$DIMTM
 40
0.0
  9
$DIMTXT
 40
2.5
  9
$DIMCEN
 40
2.5
  9
$DIMTSZ
 40
0.0
  9
$DIMTOL
 70
0
  9
$DIMLIM
 70
0
  9
$DIMTIH
 70
0
  9
$DIMTOH
 70
0
  9
$DIMSE1
 70
0
  9
$DIMSE2
 70
0
  9
$DIMTAD
 70
1
  9
$DIMZIN
 70
8
  9
$DIMBLK
  1

  9
$DIMASO
 70
1
  9
$DIMSHO
 70
1
  9
$DIMPOST
  1

  9
$DIMAPOST
  1

  9
$DIMALT
 70
0
  9
$DIMALTD
 70
3
  9
$DIMALTF
 40
0.03937007874
  9
$DIMLFAC
 40
1.0
  9
$DIMTOFL
 70
1
  9
$DIMTVP
 40
0.0
  9
$DIMTIX
 70
0
  9
$DIMSOXD
 70
0
  9
$DIMSAH
 70
0
  9
$DIMBLK1
  1

  9
$DIMBLK2
  1

  9
$DIMSTYLE
  2
ISO-25
  9
$DIMCLRD
 70
0
  9
$DIMCLRE
 70
0
  9
$DIMCLRT
 70
0
  9
$DIMTFAC
 40
1.0
  9
$DIMGAP
 40
0.625
  9
$DIMJUST
 70
0
  9
$DIMSD1
 70
0
  9
$DIMSD2
 70
0
  9
$DIMTOLJ
 70
0
  9
$DIMTZIN
 70
8
  9
$DIMALTZ
 70
0
  9
$DIMALTTZ
 70
0
  9
$DIMUPT
 70
0
  9
$DIMDEC
 70
2
  9
$DIMTDEC
 70
2
  9
$DIMALTU
 70
2
  9
$DIMALTTD
 70
3
  9
$DIMTXSTY
  7
Standard
  9
$DIMAUNIT
 70
0
  9
$DIMADEC
 70
0
  9
$DIMALTRND
 40
0.0
  9
$DIMAZIN
 70
0
  9
$DIMDSEP
 70
44
  9
$DIMATFIT
 70
3
  9
$DIMFRAC
 70
0
  9
$DIMLDRBLK
  1

  9
$DIMLUNIT
 70
2
  9
$DIMLWD
 70
-2
  9
$DIMLWE
 70
-2
  9
$DIMTMOVE
 70
0
  9
$DIMFXL
 40
1.0
  9
$DIMFXLON
 70
0
  9
$DIMJOGANG
 40
0.785398163397
  9
$DIMTFILL
 70
0
  9
$DIMTFILLCLR
 70
0
  9
$DIMARCSYM
 70
0
  9
$DIMLTYPE
  6

  9
$DIMLTEX1
  6

  9
$DIMLTEX2
  6

  9
$DIMTXTDIRECTION
 70
0
  9
$LUNITS
 70
2
  9
$LUPREC
 70
4
  9
$SKETCHINC
 40
1.0
  9
$FILLETRAD
 40
10.0
  9
$AUNITS
 70
0
  9
$AUPREC
 70
2
  9
$MENU
  1
.
  9
$ELEVATION
 40
0.0
  9
$PELEVATION
 40
0.0
  9
$THICKNESS
 40
0.0
  9
$LIMCHECK
 70
0
  9
$CHAMFERA
 40
0.0
  9
$CHAMFERB
 40
0.0
  9
$CHAMFERC
 40
0.0
  9
$CHAMFERD
 40
0.0
  9
$SKPOLY
 70
0
  9
$TDCREATE
 40
2461301.701759259
  9
$TDUCREATE
 40
2458532.153996898
  9
$TDUPDATE
 40
2461301.701759259
  9
$TDUUPDATE
 40
2458532.1544311
  9
$TDINDWG
 40
0.0
  9
$TDUSRTIMER
 40
0.0
  9
$USRTIMER
 70
1
  9
$ANGBASE
 50
0.0
  9
$ANGDIR
 70
0
  9
$PDMODE
 70
0
  9
$PDSIZE
 40
0.0
  9
$PLINEWID
 40
0.0
  9
$SPLFRAME
 70
0
  9
$SPLINETYPE
 70
6
  9
$SPLINESEGS
 70
8
  9
$HANDSEED
  5
EF
  9
$SURFTAB1
 70
6
  9
$SURFTAB2
 70
6
  9
$SURFTYPE
 70
6
  9
$SURFU
 70
6
  9
$SURFV
 70
6
  9
$UCSBASE
  2

  9
$UCSNAME
  2

  9
$UCSORG
 10
0.0
 20
0.0
 30
0.0
  9
$UCSXDIR
 10
1.0
 20
0.0
 30
0.0
  9
$UCSYDIR
 10
0.0
 20
1.0
 30
0.0
  9
$UCSORTHOREF
  2

  9
$UCSORTHOVIEW
 70
0
  9
$UCSORGTOP
 10
0.0
 20
0.0
 30
0.0
  9
$UCSORGBOTTOM
 10
0.0
 20
0.0
 30
0.0
  9
$UCSORGLEFT
 10
0.0
 20
0.0
 30
0.0
  9
$UCSORGRIGHT
 10
0.0
 20
0.0
 30
0.0
  9
$UCSORGFRONT
 10
0.0
 20
0.0
 30
0.0
  9
$UCSORGBACK
 10
0.0
 20
0.0
 30
0.0
  9
$PUCSBASE
  2

  9
$PUCSNAME
  2

  9
$PUCSORG
 10
0.0
 20
0.0
 30
0.0
  9
$PUCSXDIR
 10
1.0
 20
0.0
 30
0.0
  9
$PUCSYDIR
 10
0.0
 20
1.0
 30
0.0
  9
$PUCSORTHOREF
  2

  9
$PUCSORTHOVIEW
 70
0
  9
$PUCSORGTOP
 10
0.0
 20
0.0
 30
0.0
  9
$PUCSORGBOTTOM
 10
0.0
 20
0.0
 30
0.0
  9
$PUCSORGLEFT
 10
0.0
 20
0.0
 30
0.0
  9
$PUCSORGRIGHT
 10
0.0
 20
0.0
 30
0.0
  9
$PUCSORGFRONT
 10
0.0
 20
0.0
 30
0.0
  9
$PUCSORGBACK
 10
0.0
 20
0.0
 30
0.0
  9
$USERI1
 70
0
  9
$USERI2
 70
0
  9
$USERI3
 70
0
  9
$USERI4
 70
0
  9
$USERI5
 70
0
  9
$USERR1
 40
0.0
  9
$USERR2
 40
0.0
  9
$USERR3
 40
0.0
  9
$USERR4
 40
0.0
  9
$USERR5
 40
0.0
  9
$WORLDVIEW
 70
1
  9
$SHADEDGE
 70
3
  9
$SHADEDIF
 70
70
  9
$TILEMODE
 70
1
  9
$MAXACTVP
 70
64
  9
$PINSBASE
 10
0.0
 20
0.0
 30
0.0
  9
$PLIMCHECK
 70
0
  9
$PEXTMIN
 10
1e+20
 20
1e+20
 30
1e+20
  9
$PEXTMAX
 10
-1e+20
 20
-1e+20
 30
-1e+20
  9
$PLIMMIN
 10
0.0
 20
0.0
  9
$PLIMMAX
 10
420.0
 20
297.0
  9
$UNITMODE
 70
0
  9
$VISRETAIN
 70
1
  9
$PLINEGEN
 70
0
  9
$PSLTSCALE
 70
1
  9
$TREEDEPTH
 70
3020
  9
$CMLSTYLE
  2
Standard
  9
$CMLJUST
 70
0
  9
$CMLSCALE
 40
20.0
  9
$PROXYGRAPHICS
 70
1
  9
$MEASUREMENT
 70
1
  9
$CELWEIGHT
370
-1
  9
$ENDCAPS
280
0
  9
$JOINSTYLE
280
0
  9
$LWDISPLAY
290
0
  9
$INSUNITS
 70
6
  9
$HYPERLINKBASE
  1

  9
$STYLESHEET
  1

  9
$XEDIT
290
1
  9
$CEPSNTYPE
380
0
  9
$PSTYLEMODE
290
1
  9
$FINGERPRINTGUID
  2
{9C030013-D957-4DDC-8B69-A6735B16FE3B}
  9
$VERSIONGUID
  2
{2EC453F7-D7CD-46EB-864A-266DCDAD76BF}
  9
$EXTNAMES
290
1
  9
$PSVPSCALE
 40
0.0
  9
$OLESTARTUP
290
0
  9
$SORTENTS
280
127
  9
$INDEXCTL
280
0
  9
$HIDETEXT
280
1
  9
$XCLIPFRAME
280
1
  9
$HALOGAP
280
0
  9
$OBSCOLOR
 70
257
  9
$OBSLTYPE
280
0
  9
$INTERSECTIONDISPLAY
280
0
  9
$INTERSECTIONCOLOR
 70
257
  9
$DIMASSOC
280
2
  9
$PROJECTNAME
  1

  9
$CAMERADISPLAY
290
0
  9
$LENSLENGTH
 40
50.0
  9
$CAMERAHEIGHT
 40
0.0
  9
$STEPSPERSEC
 40
24.0
  9
$STEPSIZE
 40
100.0
  9
$3DDWFPREC
 40
2.0
  9
$PSOLWIDTH
 40
0.005
  9
$PSOLHEIGHT
 40
0.08
  9
$LOFTANG1
 40
1.570796326795
  9
$LOFTANG2
 40
1.570796326795
  9
$LOFTMAG1
 40
0.0
  9
$LOFTMAG2
 40
0.0
  9
$LOFTPARAM
 70
7
  9
$LOFTNORMALS
280
1
  9
$LATITUDE
 40
37.795
  9
$LONGITUDE
 40
-122.394
  9
$NORTHDIRECTION
 40
0.0
  9
$TIMEZONE
 70
-8000
  9
$LIGHTGLYPHDISPLAY
280
1
  9
$TILEMODELIGHTSYNCH
280
1
  9
$CMATERIAL
347
20
  9
$SOLIDHIST
280
0
  9
$SHOWHIST
280
1
  9
$DWFFRAME
280
2
  9
$DGNFRAME
280
2
  9
$REALWORLDSCALE
290
1
  9
$INTERFERECOLOR
 62
256
  9
$CSHADOW
280
0
  9
$SHADOWPLANELOCATION
 40
0.0
  0
ENDSEC
  0
SECTION
  2
CLASSES
  0
CLASS
  1
ACDBDICTIONARYWDFLT
  2
AcDbDictionaryWithDefault
  3
ObjectDBX Classes
 90
0
 91
0
280
0
281
0
  0
CLASS
  1
SUN
  2
AcDbSun
  3
SCENEOE
 90
1153
 91
0
280
0
281
0
  0
CLASS
  1
VISUALSTYLE
  2
AcDbVisualStyle
  3
ObjectDBX Classes
 90
4095
 91
0
280
0
281
0
  0
CLASS
  1
MATERIAL
  2
AcDbMaterial
  3
ObjectDBX Classes
 90
1153
 91
0
280
0
281
0
  0
CLASS
  1
SCALE
  2
AcDbScale
  3
ObjectDBX Classes
 90
1153
 91
0
280
0
281
0
  0
CLASS
  1
TABLESTYLE
  2
AcDbTableStyle
  3
ObjectDBX Classes
 90
4095
 91
0
280
0
281
0
  0
CLASS
  1
MLEADERSTYLE
  2
AcDbMLeaderStyle
  3
ACDB_MLEADERSTYLE_CLASS
 90
4095
 91
0
280
0
281
0
  0
CLASS
  1
DICTIONARYVAR
  2
AcDbDictionaryVar
  3
ObjectDBX Classes
 90
0
 91
0
280
0
281
0
  0
CLASS
  1
CELLSTYLEMAP
  2
AcDbCellStyleMap
  3
ObjectDBX Classes
 90
1152
 91
0
280
0
281
0
  0
CLASS
  1
MENTALRAYRENDERSETTINGS
  2
AcDbMentalRayRenderSettings
  3
SCENEOE
 90
1024
 91
0
280
0
281
0
  0
CLASS
  1
ACDBDETAILVIEWSTYLE
  2
AcDbDetailViewStyle
  3
ObjectDBX Classes
 90
1025
 91
0
280
0
281
0
  0
CLASS
  1
ACDBSECTIONVIEWSTYLE
  2
AcDbSectionViewStyle
  3
ObjectDBX Classes
 90
1025
 91
0
280
0
281
0
  0
CLASS
  1
RASTERVARIABLES
  2
AcDbRasterVariables
  3
ISM
 90
0
 91
0
280
0
281
0
  0
CLASS
  1
ACDBPLACEHOLDER
  2
AcDbPlaceHolder
  3
ObjectDBX Classes
 90
0
 91
0
280
0
281
0
  0
CLASS
  1
LAYOUT
  2
AcDbLayout
  3
ObjectDBX Classes
 90
0
 91
0
280
0
281
0
  0
ENDSEC
  0
SECTION
  2
TABLES
  0
TABLE
  2
VPORT
  5
8
330
0
100
AcDbSymbolTable
 70
1
  0
VPORT
  5
23
330
8
100
AcDbSymbolTableRecord
100
AcDbViewportTableRecord
  2
*Active
 70
0
 10
0.0
 20
0.0
 11
1.0
 21
1.0
 12
0.0
 22
0.0
 13
0.0
 23
0.0
 14
0.5
 24
0.5
 15
0.5
 25
0.5
 16
0.0
 26
0.0
 36
1.0
 17
0.0
 27
0.0
 37
0.0
 40
1000.0
 41
1.34
 42
50.0
 43
0.0
 44
0.0
 50
0.0
 51
0.0
 71
0
 72
1000
 73
1
 74
3
 75
0
 76
0
 77
0
 78
0
281
0
 65
0
146
0.0
  0
ENDTAB
  0
TABLE
  2
LTYPE
  5
2
330
0
100
AcDbSymbolTable
 70
3
  0
LTYPE
  5
24
330
2
100
AcDbSymbolTableRecord
100
AcDbLinetypeTableRecord
  2
ByBlock
 70
0
  3

 72
65
 73
0
 40
0.0
  0
LTYPE
  5
25
330
2
100
AcDbSymbolTableRecord
100
AcDbLinetypeTableRecord
  2
ByLayer
 70
0
  3

 72
65
 73
0
 40
0.0
  0
LTYPE
  5
26
330
2
100
AcDbSymbolTableRecord
100
AcDbLinetypeTableRecord
  2
Continuous
 70
0
  3

 72
65
 73
0
 40
0.0
  0
ENDTAB
  0
TABLE
  2
LAYER
  5
1
330
0
100
AcDbSymbolTable
 70
10
  0
LAYER
  5
27
330
1
100
AcDbSymbolTableRecord
100
AcDbLayerTableRecord
  2
0
 70
0
 62
7
  6
Continuous
370
-3
390
13
347
21
  0
LAYER
  5
28
330
1
100
AcDbSymbolTableRecord
100
AcDbLayerTableRecord
  2
Defpoints
 70
0
 62
7
  6
Continuous
290
0
370
-3
390
13
347
21
  0
LAYER
  5
2F
330
1
100
AcDbSymbolTableRecord
100
AcDbLayerTableRecord
  2
CONTORNO
 70
0
 62
7
  6
Continuous
370
-3
390
13
347
21
  0
LAYER
  5
30
330
1
100
AcDbSymbolTableRecord
100
AcDbLayerTableRecord
  2
KEDER
 70
0
 62
5
  6
Continuous
370
-3
390
13
347
21
  0
LAYER
  5
31
330
1
100
AcDbSymbolTableRecord
100
AcDbLayerTableRecord
  2
BOLSA
 70
0
 62
30
  6
Continuous
370
-3
390
13
347
21
  0
LAYER
  5
32
330
1
100
AcDbSymbolTableRecord
100
AcDbLayerTableRecord
  2
CLAMP
 70
0
 62
1
  6
Continuous
370
-3
390
13
347
21
  0
LAYER
  5
33
330
1
100
AcDbSymbolTableRecord
100
AcDbLayerTableRecord
  2
RECORTE
 70
0
 62
3
  6
Continuous
370
-3
390
13
347
21
  0
LAYER
  5
34
330
1
100
AcDbSymbolTableRecord
100
AcDbLayerTableRecord
  2
LINHA
 70
0
 62
8
  6
Continuous
370
-3
390
13
347
21
  0
LAYER
  5
35
330
1
100
AcDbSymbolTableRecord
100
AcDbLayerTableRecord
  2
TEXTO
 70
0
 62
2
  6
Continuous
370
-3
390
13
347
21
  0
LAYER
  5
36
330
1
100
AcDbSymbolTableRecord
100
AcDbLayerTableRecord
  2
MALHA
 70
0
 62
253
  6
Continuous
370
-3
390
13
347
21
  0
ENDTAB
  0
TABLE
  2
STYLE
  5
5
330
0
100
AcDbSymbolTable
 70
1
  0
STYLE
  5
29
330
5
100
AcDbSymbolTableRecord
100
AcDbTextStyleTableRecord
  2
Standard
 70
0
 40
0.0
 41
1.0
 50
0.0
 71
0
 42
2.5
  3
txt
  4

  0
ENDTAB
  0
TABLE
  2
VIEW
  5
7
330
0
100
AcDbSymbolTable
 70
0
  0
ENDTAB
  0
TABLE
  2
UCS
  5
6
330
0
100
AcDbSymbolTable
 70
0
  0
ENDTAB
  0
TABLE
  2
APPID
  5
3
330
0
100
AcDbSymbolTable
 70
3
  0
APPID
  5
2A
330
3
100
AcDbSymbolTableRecord
100
AcDbRegAppTableRecord
  2
ACAD
 70
0
  0
APPID
  5
EC
330
3
100
AcDbSymbolTableRecord
100
AcDbRegAppTableRecord
  2
HATCHBACKGROUNDCOLOR
 70
0
  0
APPID
  5
ED
330
3
100
AcDbSymbolTableRecord
100
AcDbRegAppTableRecord
  2
EZDXF
 70
0
  0
ENDTAB
  0
TABLE
  2
DIMSTYLE
  5
4
330
0
100
AcDbSymbolTable
 70
1
100
AcDbDimStyleTable
  0
DIMSTYLE
105
2B
330
4
100
AcDbSymbolTableRecord
100
AcDbDimStyleTableRecord
  2
Standard
 70
0
 40
1.0
 41
2.5
 42
0.625
 43
3.75
 44
1.25
 45
0.0
 46
0.0
 47
0.0
 48
0.0
 49
2.5
140
2.5
141
2.5
142
0.0
143
0.03937007874
144
1.0
145
0.0
146
1.0
147
0.625
148
0.0
 69
0
 70
0
 71
0
 72
0
 73
0
 74
0
 75
0
 76
0
 77
1
 78
8
 79
3
170
0
171
3
172
1
173
0
174
0
175
0
176
0
177
0
178
0
179
2
271
2
272
2
273
2
274
3
275
0
276
0
277
2
278
44
279
0
280
0
281
0
282
0
283
0
284
8
285
0
286
0
288
0
289
3
290
0
371
-2
372
-2
  0
ENDTAB
  0
TABLE
  2
BLOCK_RECORD
  5
9
330
0
100
AcDbSymbolTable
 70
2
  0
BLOCK_RECORD
  5
17
330
9
100
AcDbSymbolTableRecord
100
AcDbBlockTableRecord
  2
*Model_Space
340
1A
 70
0
280
1
281
0
  0
BLOCK_RECORD
  5
1B
330
9
100
AcDbSymbolTableRecord
100
AcDbBlockTableRecord
  2
*Paper_Space
340
1E
 70
0
280
1
281
0
  0
ENDTAB
  0
ENDSEC
  0
SECTION
  2
BLOCKS
  0
BLOCK
  5
18
330
17
100
AcDbEntity
  8
0
100
AcDbBlockBegin
  2
*Model_Space
 70
0
 10
0.0
 20
0.0
 30
0.0
  3
*Model_Space
  1

  0
ENDBLK
  5
19
330
17
100
AcDbEntity
  8
0
100
AcDbBlockEnd
  0
BLOCK
  5
1C
330
1B
100
AcDbEntity
  8
0
100
AcDbBlockBegin
  2
*Paper_Space
 70
0
 10
0.0
 20
0.0
 30
0.0
  3
*Paper_Space
  1

  0
ENDBLK
  5
1D
330
1B
100
AcDbEntity
  8
0
100
AcDbBlockEnd
  0
ENDSEC
  0
SECTION
  2
ENTITIES
  0
LWPOLYLINE
  5
37
330
17
100
AcDbEntity
  8
CONTORNO
100
AcDbPolyline
 90
130
 70
1
 10
0.0
 20
0.3705186764862238
 10
0.039901950669143996
 20
0.5557146490930249
 10
0.07696405772409327
 20
0.7423900481004297
 10
0.1111527226469129
 20
0.9302082362901292
 10
0.142448486867144
 20
1.1188273749055708
 10
0.1708465363547354
 20
1.3079031516514548
 10
0.19635717759951143
 20
1.4970915047156128
 10
0.21900628310726192
 20
1.686051355971395
 10
0.23883570117665667
 20
1.8744473653916123
 10
0.2559036211255268
 20
2.061952717128991
 10
0.2702848811451005
 20
2.2482519455853063
 10
0.28207120146264364
 20
2.4330438069293074
 10
0.2913713204406876
 20
2.616044197707451
 10
0.29831100568117197
 20
2.796989117160842
 10
0.30303290630516555
 20
2.975637663345391
 10
0.30569620667018965
 20
3.151775044904707
 10
0.3064760363833292
 20
3.3252155801988974
 10
0.305562587293414
 20
3.4958056434244855
 10
0.30315988612794054
 20
3.6634265035731652
 10
0.2994841726689159
 20
3.8279969870804633
 10
0.29476183899038444
 20
3.989475879699532
 10
0.2892268963724389
 20
4.147863968806275
 10
0.2831179538246349
 20
4.303205615696171
 10
0.2766747159137829
 20
4.455589740446414
 10
0.2701340372360205
 20
4.605150101633768
 10
0.2637256048932881
 20
4.752064761431504
 10
0.2576673562392986
 20
4.896554644585324
 10
0.2521607736196345
 20
5.038881127790875
 10
0.24738622701406698
 20
5.179342633200126
 10
0.24349855556735434
 20
5.318270244072122
 10
0.24062308672118138
 20
5.456022408774114
 10
0.23885228491718258
 20
5.59297884752858
 10
0.2382432000349981
 20
5.729533820364438
 10
0.2388158499492965
 20
5.866088950852717
 10
0.24055262450840997
 20
6.003045825340512
 10
0.24339874378408277
 20
6.140798599563897
 10
0.24726374632291837
 20
6.27972684293886
 10
0.252023928278964
 20
6.420188835893778
 10
0.25752560634119814
 20
6.562515508771023
 10
0.2635890401064853
 20
6.707005174427541
 10
0.2700128256200467
 20
6.853919163714646
 10
0.2765785624096757
 20
7.003478426939854
 10
0.2830556011601584
 20
7.15586111873816
 10
0.28920569648840644
 20
7.31120114180038
 10
0.29478741625287896
 20
7.469587589342903
 10
0.29956019195160044
 20
7.631064998936264
 10
0.3032879303459892
 20
7.7956343122292395
 10
0.30574214111213327
 20
7.963254426115937
 10
0.306704566363025
 20
8.133844220060904
 10
0.30596932348971984
 20
8.307284950096943
 10
0.3033445920528566
 20
8.483422910617357
 10
0.298653888363527
 20
8.662072278649417
 10
0.2917369785004231
 20
8.843018070159408
 10
0.2824504827921266
 20
9.026019152766638
 10
0.2706682233959872
 20
9.210811273077898
 10
0.2562813626686733
 20
9.397110069106166
 10
0.2391983745595314
 20
9.584614048634073
 10
0.2193448850823181
 20
9.77300752288945
 10
0.19666341163393053
 20
9.96196349164704
 10
0.17111302492656222
 20
10.151146481080424
 10
0.14266895180255634
 20
10.340215339623748
 10
0.11132213229005039
 20
10.528826000023976
 10
0.07707873990761716
 20
10.716634217901174
 10
0.03995967033698511
 20
10.903298298666963
 10
4.440892098500626e-16
 20
11.088481825697693
 10
1.246475388834243
 20
11.45938970029026
 10
1.2997616054941887
 20
11.275660410604306
 10
1.349679598805401
 20
11.090509522507517
 10
1.3961928223123516
 20
10.904157345298758
 10
1.4392843357243552
 20
10.716830395339464
 10
1.4789571870042657
 20
10.52875872671103
 10
1.5152346291171634
 20
10.340173275821906
 10
1.5481601692479323
 20
10.151303235836643
 10
1.5777974445946292
 20
9.962373476608638
 10
1.6042299156107431
 20
9.773602026647268
 10
1.6275603649927595
 20
9.58519763532805
 10
1.6479101890042864
 20
9.397357435816819
 10
1.6654184671344687
 20
9.210264731743743
 10
1.6802407968606126
 20
9.024086933206352
 10
1.6925478826647158
 20
8.838973669843401
 10
1.7025238726296807
 20
8.655055110123422
 10
1.7103644419978115
 20
8.472440516263308
 10
1.7162746309337806
 20
8.291217063017669
 10
1.7204664531069516
 20
8.11144894575076
 10
1.7231563020630143
 20
7.933176798672514
 10
1.7245621929296298
 20
7.756417438042309
 10
1.7249008868589897
 20
7.58116393788416
 10
1.7243849537525822
 20
7.407386037862712
 10
1.723219834326923
 20
7.235030875098686
 10
1.7216009647987198
 20
7.064024024517094
 10
1.7197110261123238
 20
6.894270826370835
 10
1.7177173748752306
 20
6.725657975205119
 10
1.7157697056222243
 20
6.558055341799982
 10
1.7139979846427402
 20
6.391317998370425
 10
1.7125106854894432
 20
6.225288417147832
 10
1.711393346517274
 20
6.059798812956637
 10
1.7107074622543623
 20
5.894673601100297
 10
1.7104897136309418
 20
5.729731942446874
 10
1.7107515372747193
 20
5.56479034786811
 10
1.7114790310616
 20
5.399665314088814
 10
1.712633191453625
 20
5.234175962602
 10
1.714150477244073
 20
5.068146652708984
 10
1.7159436934665262
 20
4.901409539069716
 10
1.71790318773669
 20
4.7338070434974195
 10
1.7198983486312818
 20
4.565194210188411
 10
1.7217793915281467
 20
4.395440913234445
 10
1.7233794115828502
 20
4.224433885249601
 10
1.7245166764719797
 20
4.052078536440051
 10
1.7249971237794985
 20
3.8783005346871846
 10
1.7246170202683442
 20
3.7030471194491916
 10
1.7231657337057282
 20
3.5262881257124055
 10
1.7204285632855485
 20
3.348016698923406
 10
1.7161895726894578
 20
3.1682496877184945
 10
1.7102343707877996
 20
2.9870277080641388
 10
1.7023527888527852
 20
2.8044148796951744
 10
1.6923414095250187
 20
2.620498242956657
 10
1.6800059109541556
 20
2.4353868707806656
 10
1.6651631986950002
 20
2.249210696097835
 10
1.6476433072431194
 20
2.062119079171866
 10
1.627291061804324
 20
1.8742791420037586
 10
1.6039674984517596
 20
1.6858738981030896
 10
1.577551046879549
 20
1.4971002057334488
 10
1.5479384843557975
 20
1.3081665714787043
 10
1.5150456722147556
 20
1.1192908289748256
 10
1.4788080874275342
 20
0.9306977152561695
 10
1.439181161640381
 20
0.7426163647133237
 10
1.3961404387841445
 20
0.5552777384634185
 10
1.3496815601524177
 20
0.36891200527264595
 10
1.2998200829162097
 20
0.18374588929277413
 10
1.2465911345662415
 20
0.0
  0
LWPOLYLINE
  5
38
330
17
100
AcDbEntity
  8
KEDER
100
AcDbPolyline
 90
65
 70
0
 10
0.0
 20
0.3705186764862238
 10
0.039901950669143996
 20
0.5557146490930249
 10
0.07696405772409327
 20
0.7423900481004297
 10
0.1111527226469129
 20
0.9302082362901292
 10
0.142448486867144
 20
1.1188273749055708
 10
0.1708465363547354
 20
1.3079031516514548
 10
0.19635717759951143
 20
1.4970915047156128
 10
0.21900628310726192
 20
1.686051355971395
 10
0.23883570117665667
 20
1.8744473653916123
 10
0.2559036211255268
 20
2.061952717128991
 10
0.2702848811451005
 20
2.2482519455853063
 10
0.28207120146264364
 20
2.4330438069293074
 10
0.2913713204406876
 20
2.616044197707451
 10
0.29831100568117197
 20
2.796989117160842
 10
0.30303290630516555
 20
2.975637663345391
 10
0.30569620667018965
 20
3.151775044904707
 10
0.3064760363833292
 20
3.3252155801988974
 10
0.305562587293414
 20
3.4958056434244855
 10
0.30315988612794054
 20
3.6634265035731652
 10
0.2994841726689159
 20
3.8279969870804633
 10
0.29476183899038444
 20
3.989475879699532
 10
0.2892268963724389
 20
4.147863968806275
 10
0.2831179538246349
 20
4.303205615696171
 10
0.2766747159137829
 20
4.455589740446414
 10
0.2701340372360205
 20
4.605150101633768
 10
0.2637256048932881
 20
4.752064761431504
 10
0.2576673562392986
 20
4.896554644585324
 10
0.2521607736196345
 20
5.038881127790875
 10
0.24738622701406698
 20
5.179342633200126
 10
0.24349855556735434
 20
5.318270244072122
 10
0.24062308672118138
 20
5.456022408774114
 10
0.23885228491718258
 20
5.59297884752858
 10
0.2382432000349981
 20
5.729533820364438
 10
0.2388158499492965
 20
5.866088950852717
 10
0.24055262450840997
 20
6.003045825340512
 10
0.24339874378408277
 20
6.140798599563897
 10
0.24726374632291837
 20
6.27972684293886
 10
0.252023928278964
 20
6.420188835893778
 10
0.25752560634119814
 20
6.562515508771023
 10
0.2635890401064853
 20
6.707005174427541
 10
0.2700128256200467
 20
6.853919163714646
 10
0.2765785624096757
 20
7.003478426939854
 10
0.2830556011601584
 20
7.15586111873816
 10
0.28920569648840644
 20
7.31120114180038
 10
0.29478741625287896
 20
7.469587589342903
 10
0.29956019195160044
 20
7.631064998936264
 10
0.3032879303459892
 20
7.7956343122292395
 10
0.30574214111213327
 20
7.963254426115937
 10
0.306704566363025
 20
8.133844220060904
 10
0.30596932348971984
 20
8.307284950096943
 10
0.3033445920528566
 20
8.483422910617357
 10
0.298653888363527
 20
8.662072278649417
 10
0.2917369785004231
 20
8.843018070159408
 10
0.2824504827921266
 20
9.026019152766638
 10
0.2706682233959872
 20
9.210811273077898
 10
0.2562813626686733
 20
9.397110069106166
 10
0.2391983745595314
 20
9.584614048634073
 10
0.2193448850823181
 20
9.77300752288945
 10
0.19666341163393053
 20
9.96196349164704
 10
0.17111302492656222
 20
10.151146481080424
 10
0.14266895180255634
 20
10.340215339623748
 10
0.11132213229005039
 20
10.528826000023976
 10
0.07707873990761716
 20
10.716634217901174
 10
0.03995967033698511
 20
10.903298298666963
 10
4.440892098500626e-16
 20
11.088481825697693
  0
LWPOLYLINE
  5
39
330
17
100
AcDbEntity
  8
KEDER
100
AcDbPolyline
 90
65
 70
0
 10
1.2465911345662415
 20
0.0
 10
1.2998200829162097
 20
0.18374588929277413
 10
1.3496815601524177
 20
0.36891200527264595
 10
1.3961404387841445
 20
0.5552777384634185
 10
1.439181161640381
 20
0.7426163647133237
 10
1.4788080874275342
 20
0.9306977152561695
 10
1.5150456722147556
 20
1.1192908289748256
 10
1.5479384843557975
 20
1.3081665714787043
 10
1.577551046879549
 20
1.4971002057334488
 10
1.6039674984517596
 20
1.6858738981030896
 10
1.627291061804324
 20
1.8742791420037586
 10
1.6476433072431194
 20
2.062119079171866
 10
1.6651631986950002
 20
2.249210696097835
 10
1.6800059109541556
 20
2.4353868707806656
 10
1.6923414095250187
 20
2.620498242956657
 10
1.7023527888527852
 20
2.8044148796951744
 10
1.7102343707877996
 20
2.9870277080641388
 10
1.7161895726894578
 20
3.1682496877184945
 10
1.7204285632855485
 20
3.348016698923406
 10
1.7231657337057282
 20
3.5262881257124055
 10
1.7246170202683442
 20
3.7030471194491916
 10
1.7249971237794985
 20
3.8783005346871846
 10
1.7245166764719797
 20
4.052078536440051
 10
1.7233794115828502
 20
4.224433885249601
 10
1.7217793915281467
 20
4.395440913234445
 10
1.7198983486312818
 20
4.565194210188411
 10
1.71790318773669
 20
4.7338070434974195
 10
1.7159436934665262
 20
4.901409539069716
 10
1.714150477244073
 20
5.068146652708984
 10
1.712633191453625
 20
5.234175962602
 10
1.7114790310616
 20
5.399665314088814
 10
1.7107515372747193
 20
5.56479034786811
 10
1.7104897136309418
 20
5.729731942446874
 10
1.7107074622543623
 20
5.894673601100297
 10
1.711393346517274
 20
6.059798812956637
 10
1.7125106854894432
 20
6.225288417147832
 10
1.7139979846427402
 20
6.391317998370425
 10
1.7157697056222243
 20
6.558055341799982
 10
1.7177173748752306
 20
6.725657975205119
 10
1.7197110261123238
 20
6.894270826370835
 10
1.7216009647987198
 20
7.064024024517094
 10
1.723219834326923
 20
7.235030875098686
 10
1.7243849537525822
 20
7.407386037862712
 10
1.7249008868589897
 20
7.58116393788416
 10
1.7245621929296298
 20
7.756417438042309
 10
1.7231563020630143
 20
7.933176798672514
 10
1.7204664531069516
 20
8.11144894575076
 10
1.7162746309337806
 20
8.291217063017669
 10
1.7103644419978115
 20
8.472440516263308
 10
1.7025238726296807
 20
8.655055110123422
 10
1.6925478826647158
 20
8.838973669843401
 10
1.6802407968606126
 20
9.024086933206352
 10
1.6654184671344687
 20
9.210264731743743
 10
1.6479101890042864
 20
9.397357435816819
 10
1.6275603649927595
 20
9.58519763532805
 10
1.6042299156107431
 20
9.773602026647268
 10
1.5777974445946292
 20
9.962373476608638
 10
1.5481601692479323
 20
10.151303235836643
 10
1.5152346291171634
 20
10.340173275821906
 10
1.4789571870042657
 20
10.52875872671103
 10
1.4392843357243552
 20
10.716830395339464
 10
1.3961928223123516
 20
10.904157345298758
 10
1.349679598805401
 20
11.090509522507517
 10
1.2997616054941887
 20
11.275660410604306
 10
1.246475388834243
 20
11.45938970029026
  0
LWPOLYLINE
  5
3A
330
17
100
AcDbEntity
  8
KEDER
100
AcDbPolyline
 90
2
 70
0
 10
0.0
 20
0.3705186764862238
 10
1.2465911345662415
 20
0.0
  0
LWPOLYLINE
  5
3B
330
17
100
AcDbEntity
  8
KEDER
100
AcDbPolyline
 90
2
 70
0
 10
4.440892098500626e-16
 20
11.088481825697693
 10
1.246475388834243
 20
11.45938970029026
  0
TEXT
  5
3C
330
17
100
AcDbEntity
  8
TEXTO
100
AcDbText
 10
0.0
 20
-0.35
 30
0.0
 40
0.12
  1
P1 · x1 · 15.64 m2
 11
0.0
 21
-0.35
 31
0.0
100
AcDbText
  0
TEXT
  5
3D
330
17
100
AcDbEntity
  8
TEXTO
100
AcDbText
 10
0.0
 20
-0.55
 30
0.0
 40
0.06
  1
ZION CASULO · LONA EXTERNA · PVDF tipo II 1050 g/m² (poliéster de alta tenacidade, PVC + 
 11
0.0
 21
-0.55
 31
0.0
100
AcDbText
  0
LWPOLYLINE
  5
3E
330
17
100
AcDbEntity
  8
CONTORNO
100
AcDbPolyline
 90
224
 70
1
 10
2.515423617823126
 20
0.05188844608907296
 10
2.507159275900831
 20
0.3581343709682534
 10
2.4977139588415187
 20
0.665206779059936
 10
2.487149928492494
 20
0.9725690029626268
 10
2.4756606082338704
 20
1.27952642781176
 10
2.4634816241743676
 20
1.5855554276808361
 10
2.4507212911617327
 20
1.8898070299012513
 10
2.4376594939202976
 20
2.191983519847441
 10
2.4244646988810628
 20
2.4914345823059185
 10
2.4113585228389196
 20
2.787695694856369
 10
2.3985131270911793
 20
3.0807104444399225
 10
2.386201933069892
 20
3.3696582510569106
 10
2.3745394882832076
 20
3.654992138567478
 10
2.3637557790753267
 20
3.936400504399338
 10
2.354038191782427
 20
4.214003291298591
 10
2.345443929191225
 20
4.4882984377183845
 10
2.338321592239871
 20
4.759142999347064
 10
2.3325782383012093
 20
5.027494139031655
 10
2.3284198595373096
 20
5.293687604249591
 10
2.3259226845016086
 20
5.558426384626342
 10
2.3249971237794984
 20
5.82244205310019
 10
2.325922179976815
 20
6.086457723322581
 10
2.3284189005544293
 20
6.351196507918321
 10
2.3325769220221075
 20
6.617389978648553
 10
2.3383200531762327
 20
6.885741122988788
 10
2.345442309750208
 20
7.156585686658793
 10
2.3540366639845702
 20
7.430880830148516
 10
2.3637544799548778
 20
7.708483608974854
 10
2.3745385433689927
 20
7.989891961204194
 10
2.386201430753146
 20
8.275225830605004
 10
2.398513112783635
 20
8.5641736164256
 10
2.41135899871134
 20
8.857188344521932
 10
2.4244656238861304
 20
9.153449437204078
 10
2.437660785879719
 20
9.452900483488
 10
2.450722832228486
 20
9.755076962645711
 10
2.463483284199126
 20
10.059328559855192
 10
2.475662219182996
 20
10.365357561644084
 10
2.4871513433345704
 20
10.672314993773472
 10
2.497715025452472
 20
10.979677229598831
 10
2.5071598603360616
 20
11.286749652456528
 10
2.5154236178231275
 20
11.592995593068036
 10
2.5904274373013783
 20
11.59623880404447
 10
2.6654312567796286
 20
11.599482015020904
 10
2.7404350762578793
 20
11.60272522599734
 10
2.81543889573613
 20
11.605968436973773
 10
2.8904427152143803
 20
11.609211647950207
 10
2.965446534692631
 20
11.612454858926641
 10
3.040450354170882
 20
11.615698069903075
 10
3.115454173649132
 20
11.618941280879511
 10
3.190457993127383
 20
11.622184491855945
 10
3.2654618126056336
 20
11.62542770283238
 10
3.340465632083884
 20
11.628670913808813
 10
3.4154694515621347
 20
11.631914124785247
 10
3.4904732710403854
 20
11.635157335761681
 10
3.5654770905186357
 20
11.638400546738117
 10
3.6404809099968864
 20
11.64164375771455
 10
3.715484729475137
 20
11.644886968690985
 10
3.721213171797417
 20
11.50041707678236
 10
3.7267349555393277
 20
11.3557254774525
 10
3.73205032173069
 20
11.21084930395433
 10
3.737159529222585
 20
11.065825725144135
 10
3.741968764274657
 20
10.920692017014238
 10
3.746569992006674
 20
10.775557687841497
 10
3.7509696086801676
 20
10.630462777230905
 10
3.7551690222080696
 20
10.485445448025967
 10
3.759085023506721
 20
10.340640701955353
 10
3.7627987785535124
 20
10.196066599810864
 10
3.7663224137743194
 20
10.051751577581546
 10
3.7696584505434387
 20
9.907731175467193
 10
3.772736328085184
 20
9.76421501418022
 10
3.775624905242608
 20
9.621148984689034
 10
3.7783410373621806
 20
9.478536556277021
 10
3.780888218278569
 20
9.336407137359803
 10
3.783209644456509
 20
9.195015879257127
 10
3.7853613057300923
 20
9.05425945864151
 10
3.787363290842907
 20
8.91410628842372
 10
3.7892198261912187
 20
8.774576424375741
 10
3.790887938999031
 20
8.635938288037512
 10
3.7924111086682997
 20
8.498062207167266
 10
3.7938108137914295
 20
8.360876745478254
 10
3.7950916778997668
 20
8.22438994234478
 10
3.796223567141584
 20
8.088851280591358
 10
3.797238566939197
 20
7.954124130986528
 10
3.798157569305679
 20
7.820099459153865
 10
3.7989851718013568
 20
7.686771574923391
 10
3.799702080330305
 20
7.554342516298049
 10
3.800330585836286
 20
7.422682000984622
 10
3.8008891741088386
 20
7.291653825539509
 10
3.801381930418273
 20
7.161238309323299
 10
3.8017975752342887
 20
7.031569101753863
 10
3.802150336145748
 20
6.90252807395486
 10
3.802454985155138
 20
6.7739704308773865
 10
3.8027145997770506
 20
6.645864171899659
 10
3.8029226030663077
 20
6.518264588871607
 10
3.803086649987243
 20
6.391064158989898
 10
3.8032173764580355
 20
6.2641343682493575
 10
3.8033164343143393
 20
6.137434683914497
 10
3.730229742434175
 20
6.137170492062762
 10
3.6571430505540112
 20
6.136906300211027
 10
3.584056358673847
 20
6.136642108359292
 10
3.5109696667936827
 20
6.136377916507557
 10
3.437882974913519
 20
6.136113724655823
 10
3.364796283033355
 20
6.135849532804088
 10
3.2917095911531904
 20
6.135585340952353
 10
3.2186228992730266
 20
6.135321149100618
 10
3.1455362073928628
 20
6.135056957248883
 10
3.072449515512698
 20
6.134792765397148
 10
2.9993628236325343
 20
6.134528573545413
 10
2.9262761317523704
 20
6.134264381693678
 10
2.853189439872206
 20
6.134000189841944
 10
2.780102747992042
 20
6.133735997990209
 10
2.7070160561118777
 20
6.133471806138474
 10
2.633929364231714
 20
6.133207614286739
 10
2.633857414407096
 20
6.117660389074239
 10
2.6337854645824788
 20
6.102113163861742
 10
2.633713514757861
 20
6.086565938649242
 10
2.633641564933243
 20
6.071018713436745
 10
2.633569615108626
 20
6.055471488224245
 10
2.633497665284008
 20
6.039924263011747
 10
2.6334257154593903
 20
6.024377037799247
 10
2.6333537656347725
 20
6.008829812586749
 10
2.633281815810155
 20
5.9932825873742495
 10
2.633241432080055
 20
5.977746440863535
 10
2.6332173967699717
 20
5.962216032131685
 10
2.6331933614598886
 20
5.946685623399834
 10
2.6331693261498055
 20
5.931155214667985
 10
2.6331452908397224
 20
5.915624805936136
 10
2.6331212555296393
 20
5.900094397204287
 10
2.6330972202195566
 20
5.884563988472436
 10
2.6330731849094735
 20
5.869033579740588
 10
2.6330491495993904
 20
5.853503171008738
 10
2.6330251142893073
 20
5.837972762276888
 10
2.633001078979224
 20
5.822442353545038
 10
2.6330251444322355
 20
5.806911944859867
 10
2.6330492098852467
 20
5.791381536174696
 10
2.633073275338258
 20
5.775851127489525
 10
2.6330973407912692
 20
5.760320718804353
 10
2.6331214062442805
 20
5.744790310119182
 10
2.6331454716972917
 20
5.72925990143401
 10
2.633169537150303
 20
5.713729492748839
 10
2.6331936026033143
 20
5.698199084063668
 10
2.633217668056325
 20
5.682668675378497
 10
2.6332417335093363
 20
5.667138266693326
 10
2.633282146972398
 20
5.651602120259061
 10
2.6333541257383994
 20
5.636054895180499
 10
2.6334261045044003
 20
5.620507670101937
 10
2.6334980832704016
 20
5.604960445023376
 10
2.6335700620364024
 20
5.589413219944814
 10
2.6336420408024037
 20
5.573865994866251
 10
2.633714019568405
 20
5.55831876978769
 10
2.633785998334406
 20
5.542771544709129
 10
2.633857977100407
 20
5.527224319630567
 10
2.633929955866408
 20
5.511677094552005
 10
2.707016648261866
 20
5.511413045290579
 10
2.7801033406573232
 20
5.511148996029154
 10
2.853190033052781
 20
5.510884946767728
 10
2.926276725448239
 20
5.5106208975063025
 10
2.9993634178436963
 20
5.510356848244877
 10
3.0724501102391537
 20
5.510092798983451
 10
3.1455368026346116
 20
5.509828749722026
 10
3.2186234950300694
 20
5.509564700460601
 10
3.2917101874255272
 20
5.509300651199175
 10
3.364796879820985
 20
5.5090366019377495
 10
3.4378835722164425
 20
5.508772552676324
 10
3.5109702646119
 20
5.508508503414898
 10
3.5840569570073577
 20
5.508244454153473
 10
3.6571436494028156
 20
5.507980404892048
 10
3.7302303417982734
 20
5.507716355630622
 10
3.803317034193731
 20
5.5074523063691965
 10
3.8032181961627005
 20
5.38075262186358
 10
3.8030876725596885
 20
5.253822830916886
 10
3.8029238088767827
 20
5.126622400801149
 10
3.8027159605656253
 20
4.99902281752056
 10
3.802456466683198
 20
4.870916558300588
 10
3.802151909308148
 20
4.742358915011821
 10
3.8017992099019073
 20
4.613317887049036
 10
3.801383589327411
 20
4.483648679401899
 10
3.8008908166681303
 20
4.353233163250971
 10
3.8003321814229114
 20
4.222204988014321
 10
3.7997035991781147
 20
4.090544473072918
 10
3.798986580737682
 20
3.958115415042632
 10
3.798158835119232
 20
3.824787531703956
 10
3.797239667696263
 20
3.690762861010511
 10
3.79622448317207
 20
3.55603571280186
 10
3.795092390161201
 20
3.4204970527502763
 10
3.7938113069082733
 20
3.284010251675113
 10
3.792411375832431
 20
3.146824792293856
 10
3.790887976241186
 20
3.008948713963583
 10
3.789219633027381
 20
2.8703105803978217
 10
3.7873628742251566
 20
2.730780719322266
 10
3.7853606754017894
 20
2.590627552151372
 10
3.783208812730331
 20
2.449871134607414
 10
3.7808872019686524
 20
2.308479879535436
 10
3.7783398639087853
 20
2.166350463431577
 10
3.775623597817709
 20
2.0237380375569023
 10
3.772734911515088
 20
1.8806720102554086
 10
3.769656953417827
 20
1.7371558506960703
 10
3.766320877050227
 20
1.5931354494953134
 10
3.762797232569617
 20
1.4488204274722136
 10
3.7590834989962545
 20
1.304246324757629
 10
3.755167551787614
 20
1.1594415772242515
 10
3.750968236823838
 20
1.0144242451622458
 10
3.7465687486698473
 20
0.8693293306338983
 10
3.741967678549611
 20
0.7241949964457449
 10
3.737158629946096
 20
0.5790612821377015
 10
3.7320496465334614
 20
0.4340376954320041
 10
3.7267345272016543
 20
0.28916151286025255
 10
3.721213011339569
 20
0.14446990329342593
 10
3.7154848561463876
 20
0.0
 10
3.640481028751184
 20
0.0032430278805670593
 10
3.56547720135598
 20
0.0064860557611341185
 10
3.490473373960776
 20
0.009729083641701178
 10
3.4154695465655722
 20
0.012972111522268237
 10
3.3404657191703686
 20
0.016215139402835303
 10
3.2654618917751645
 20
0.019458167283402363
 10
3.1904580643799605
 20
0.022701195163969422
 10
3.115454236984757
 20
0.02594422304453648
 10
3.0404504095895533
 20
0.02918725092510354
 10
2.965446582194349
 20
0.0324302788056706
 10
2.890442754799145
 20
0.035673306686237666
 10
2.8154389274039415
 20
0.038916334566804725
 10
2.740435100008738
 20
0.042159362447371784
 10
2.665431272613534
 20
0.045402390327938844
 10
2.59042744521833
 20
0.0486454182085059
  0
LWPOLYLINE
  5
3F
330
17
100
AcDbEntity
  8
KEDER
100
AcDbPolyline
 90
65
 70
0
 10
2.515423617823126
 20
0.05188844608907296
 10
2.5104529918035983
 20
0.2431243361604976
 10
2.504963465298986
 20
0.4348077275067573
 10
2.4989950715978986
 20
0.6267842682300461
 10
2.492589507816
 20
0.8188968223794952
 10
2.4857900336616177
 20
1.0109870481084098
 10
2.4786413544007884
 20
1.2028969787481107
 10
2.4711894889834927
 20
1.3944706014072334
 10
2.4634816241743676
 20
1.5855554276808361
 10
2.4555659554109344
 20
1.7760040507595087
 10
2.447491514995598
 20
1.965675682662413
 10
2.4393079881196096
 20
2.1544376644744014
 10
2.4310655171230486
 20
2.3421669413396
 10
2.422814494320566
 20
2.528751492547498
 10
2.4146053436747352
 20
2.7140917053442477
 10
2.406488291585196
 20
2.898101679124551
 10
2.3985131270911793
 20
3.0807104444399225
 10
2.3907289518673203
 20
3.261863078855262
 10
2.383183920538273
 20
3.4415216991913424
 10
2.3759249720566364
 20
3.619666307244002
 10
2.3689975531894922
 20
3.796295463861383
 10
2.362445335546785
 20
3.971426764533827
 10
2.3563099280593165
 20
4.145097088705222
 10
2.3506305873670925
 20
4.317362595188647
 10
2.345443929191225
 20
4.4882984377183845
 10
2.3407836444033125
 20
4.657998178127192
 10
2.3366802241309097
 20
4.826572880160312
 10
2.3331606987896745
 20
4.994149874647111
 10
2.330248396347349
 20
5.160871196569832
 10
2.3279627253347996
 20
5.326891706169531
 10
2.326318988064797
 20
5.4923769190120195
 10
2.3253282291568262
 20
5.657500583047826
 10
2.3249971237794984
 20
5.82244205310019
 10
2.325327909028326
 20
5.987383523794873
 10
2.3263183606091413
 20
6.152507189674386
 10
2.3279618155819226
 20
6.3179924053206475
 10
2.3302472404444567
 20
6.484012918309008
 10
2.3331593424165202
 20
6.65073424373344
 10
2.3366787205317747
 20
6.818311241312278
 10
2.3407820521429197
 20
6.986885945503555
 10
2.345442309750208
 20
7.156585686658793
 10
2.3506290026926306
 20
7.327521528133615
 10
2.3563084381791968
 20
7.499787031491784
 10
2.3624439963422335
 20
7.673457350340061
 10
2.3689964144054554
 20
7.848588643514024
 10
2.375924075609877
 20
8.025217790626737
 10
2.3831832991650814
 20
8.203362387470623
 10
2.390728628135242
 20
8.383020995306575
 10
2.398513112783635
 20
8.5641736164256
 10
2.4064885874546373
 20
8.746782368194191
 10
2.4146059395491424
 20
8.930792328740424
 10
2.422815369539488
 20
9.116132529164142
 10
2.4310666412727007
 20
9.302717069363819
 10
2.439309322031473
 20
9.490446337019046
 10
2.447493011969072
 20
9.679208311761641
 10
2.4555675626176074
 20
9.86887993897182
 10
2.463483284199126
 20
10.059328559855192
 10
2.4711911414557806
 20
10.250413386433442
 10
2.4786429376678063
 20
10.441987011784512
 10
2.4857914864540933
 20
10.633896947284367
 10
2.49259077085648
 20
10.825987179729895
 10
2.49899608910147
 20
11.018099742066065
 10
2.5049641863171934
 20
11.210076292006613
 10
2.5104533713643646
 20
11.401759693131401
 10
2.5154236178231275
 20
11.592995593068036
  0
LWPOLYLINE
  5
40
330
17
100
AcDbEntity
  8
KEDER
100
AcDbPolyline
 90
65
 70
0
 10
3.7154848561463876
 20
0.0
 10
3.723091054755237
 20
0.19183606944851606
 10
3.7302890211143382
 20
0.3841101370762427
 10
3.7370796916979403
 20
0.576678981167102
 10
3.7434654437532418
 20
0.7693964999209603
 10
3.749450112945294
 20
0.962115214102755
 10
3.7550389949615113
 20
1.1546877749496953
 10
3.7602388317686817
 20
1.3469684712817729
 10
3.765057783114327
 20
1.5388147297574046
 10
3.7695053837581334
 20
1.73008860196248
 10
3.773592486814516
 20
1.9206582315156435
 10
3.777331193490275
 20
2.110399293612507
 10
3.780734769417821
 20
2.299196398414645
 10
3.7838175477208233
 20
2.4869444484172156
 10
3.7865948189121545
 20
2.6735499384103405
 10
3.78908270772107
 20
2.8589321849047247
 10
3.7912980369857223
 20
3.0430244699595335
 10
3.7932581788368775
 20
3.225775082293239
 10
3.794980893547552
 20
3.40714823647003
 10
3.796484156639064
 20
3.587124848967683
 10
3.797785975122487
 20
3.765703148222163
 10
3.79890419411826
 20
3.942899094528154
 10
3.7998562955331496
 20
4.118746585210704
 10
3.800659190972992
 20
4.293297421055058
 10
3.801329011613184
 20
4.466621011877096
 10
3.8018808983077528
 20
4.638803802593079
 10
3.802328795752927
 20
4.809948406389265
 10
3.8026852549840733
 20
4.98017243866186
 10
3.802961248821855
 20
5.14960705418936
 10
3.803166005040068
 20
5.318395200201535
 10
3.8033068619565156
 20
5.486689609094344
 10
3.80338915081676
 20
5.654650565784048
 10
3.8034161087381824
 20
5.822443495235462
 10
3.803388825125298
 20
5.990236424634233
 10
3.8033062234022035
 20
6.158197381170366
 10
3.803165078705327
 20
6.326491789822065
 10
3.802960070927756
 20
6.495279935528886
 10
3.8026838713004714
 20
6.664714550721051
 10
3.802327259624641
 20
6.834938582674348
 10
3.801879268404699
 20
7.0060831862250925
 10
3.801327349520742
 20
7.178265976837899
 10
3.800657558738738
 20
7.351589567775323
 10
3.799854753278574
 20
7.526140404033541
 10
3.798902797810948
 20
7.701987895506242
 10
3.797784774587414
 20
7.8791838430475725
 10
3.7964831938691175
 20
8.057762144035177
 10
3.7949802013547513
 20
8.237738758792636
 10
3.793257779868254
 20
8.419111915754288
 10
3.791297943112263
 20
8.60186253136012
 10
3.789082919794932
 20
8.785954820096382
 10
3.786595326876551
 20
8.971337070561475
 10
3.7838183310484568
 20
9.157942564652664
 10
3.7807357978471554
 20
9.345690618679583
 10
3.777332428023943
 20
9.534487727197194
 10
3.773593880940375
 20
9.724228792438636
 10
3.7695068848505873
 20
9.91479842428586
 10
3.765059333971254
 20
10.106072297648078
 10
3.7602403722374738
 20
10.297918555862772
 10
3.7550404636062433
 20
10.490199250252502
 10
3.7494514487059427
 20
10.682771807242807
 10
3.7434665875471875
 20
10.875490515463191
 10
3.737080587913965
 20
11.068208026013323
 10
3.730289618950172
 20
11.26077685958199
 10
3.723091309351755
 20
11.453050914359913
 10
3.715484729475137
 20
11.644886968690985
  0
LWPOLYLINE
  5
41
330
17
100
AcDbEntity
  8
KEDER
100
AcDbPolyline
 90
2
 70
0
 10
2.515423617823126
 20
0.05188844608907296
 10
3.7154848561463876
 20
0.0
  0
LWPOLYLINE
  5
42
330
17
100
AcDbEntity
  8
KEDER
100
AcDbPolyline
 90
2
 70
0
 10
2.5154236178231275
 20
11.592995593068036
 10
3.715484729475137
 20
11.644886968690985
  0
LWPOLYLINE
  5
43
330
17
100
AcDbEntity
  8
CLAMP
100
AcDbPolyline
 90
42
 70
0
 10
2.633929955866408
 20
5.511677094552005
 10
2.633857977100407
 20
5.527224319630567
 10
2.633785998334406
 20
5.542771544709129
 10
2.633714019568405
 20
5.55831876978769
 10
2.6336420408024037
 20
5.573865994866251
 10
2.6335700620364024
 20
5.589413219944814
 10
2.6334980832704016
 20
5.604960445023376
 10
2.6334261045044003
 20
5.620507670101937
 10
2.6333541257383994
 20
5.636054895180499
 10
2.633282146972398
 20
5.651602120259061
 10
2.6332417335093363
 20
5.667138266693326
 10
2.633217668056325
 20
5.682668675378497
 10
2.6331936026033143
 20
5.698199084063668
 10
2.633169537150303
 20
5.713729492748839
 10
2.6331454716972917
 20
5.72925990143401
 10
2.6331214062442805
 20
5.744790310119182
 10
2.6330973407912692
 20
5.760320718804353
 10
2.633073275338258
 20
5.775851127489525
 10
2.6330492098852467
 20
5.791381536174696
 10
2.6330251444322355
 20
5.806911944859867
 10
2.633001078979224
 20
5.822442353545038
 10
2.6330251142893073
 20
5.837972762276888
 10
2.6330491495993904
 20
5.853503171008738
 10
2.6330731849094735
 20
5.869033579740588
 10
2.6330972202195566
 20
5.884563988472436
 10
2.6331212555296393
 20
5.900094397204287
 10
2.6331452908397224
 20
5.915624805936136
 10
2.6331693261498055
 20
5.931155214667985
 10
2.6331933614598886
 20
5.946685623399834
 10
2.6332173967699717
 20
5.962216032131685
 10
2.633241432080055
 20
5.977746440863535
 10
2.633281815810155
 20
5.9932825873742495
 10
2.6333537656347725
 20
6.008829812586749
 10
2.6334257154593903
 20
6.024377037799247
 10
2.633497665284008
 20
6.039924263011747
 10
2.633569615108626
 20
6.055471488224245
 10
2.633641564933243
 20
6.071018713436745
 10
2.633713514757861
 20
6.086565938649242
 10
2.6337854645824788
 20
6.102113163861742
 10
2.633857414407096
 20
6.117660389074239
 10
2.633929364231714
 20
6.133207614286739
 10
3.8033164343143393
 20
6.137434683914497
  0
LWPOLYLINE
  5
44
330
17
100
AcDbEntity
  8
CLAMP
100
AcDbPolyline
 90
2
 70
0
 10
2.633929955866408
 20
5.511677094552005
 10
3.803317034193731
 20
5.5074523063691965
  0
LWPOLYLINE
  5
45
330
17
100
AcDbEntity
  8
RECORTE
100
AcDbPolyline
 90
48
 70
1
 10
3.6235719266521786
 20
1.517191494606089
 10
3.608837306792882
 20
1.5701535975378291
 10
3.582817294080117
 20
1.6195226395279605
 10
3.551233235964588
 20
1.664978057356841
 10
3.5160022534512936
 20
1.7068911845737862
 10
3.4778680386296674
 20
1.7457704936757161
 10
3.436943138379001
 20
1.7820217211583491
 10
3.393064434285578
 20
1.8161412393536025
 10
3.345766431361165
 20
1.8483194834952736
 10
3.294415153695844
 20
1.8784635859827985
 10
3.2383101243067314
 20
1.906003733160899
 10
3.1769102211907874
 20
1.929428899789459
 10
3.110530280836983
 20
1.9441649910343912
 10
3.044414655318209
 20
1.9339346732535014
 10
2.983462111558718
 20
1.9146986675988216
 10
2.927894204882152
 20
1.8910176114049966
 10
2.877137725108419
 20
1.8644404785796735
 10
2.830479747471365
 20
1.8355845034615386
 10
2.7872838954795642
 20
1.8045857431830896
 10
2.747088327006377
 20
1.7712862880615499
 10
2.7096505716103505
 20
1.7351986175034093
 10
2.675157310108957
 20
1.695912444195482
 10
2.644377289464779
 20
1.652869257245352
 10
2.6192356166411566
 20
1.605561393642557
 10
2.6053695163646733
 20
1.553888047021912
 10
2.6226600450696633
 20
1.5010061545685112
 10
2.650730851074749
 20
1.4516196858822394
 10
2.6838552007237277
 20
1.4061268919693772
 10
2.7201055997226837
 20
1.3641034575105206
 10
2.758767840484615
 20
1.3250328786850762
 10
2.7997428277785255
 20
1.2884664211074957
 10
2.843254767250376
 20
1.2540252281603739
 10
2.8897594452845343
 20
1.2215166522261125
 10
2.939866465884603
 20
1.1910330642565996
 10
2.9942097314103098
 20
1.1631141162932572
 10
3.0533487670106947
 20
1.1393160673568303
 10
3.1170613567726395
 20
1.124272058966635
 10
3.180671493597327
 20
1.1344822050588155
 10
3.2396355277296327
 20
1.1538211732530133
 10
3.2937486152342226
 20
1.1776765468420833
 10
3.3435196968984773
 20
1.204453160119479
 10
3.3896628917852167
 20
1.2335587514100423
 10
3.43278915973472
 20
1.2648545916867342
 10
3.4733522240130217
 20
1.2984996882265711
 10
3.5115719339542135
 20
1.3348577101140486
 10
3.547278287294878
 20
1.3743928315983485
 10
3.579732870781254
 20
1.417678842040805
 10
3.607072016437197
 20
1.465275372224904
  0
TEXT
  5
46
330
17
100
AcDbEntity
  8
TEXTO
100
AcDbText
 10
3.1141712172201834
 20
1.5349419249158907
 30
0.0
 40
0.05
  1
Olho estar (dir,) · 0,94 x 0,83 m
 11
3.1141712172201834
 21
1.5349419249158907
 31
0.0
100
AcDbText
  0
TEXT
  5
47
330
17
100
AcDbEntity
  8
TEXTO
100
AcDbText
 10
2.3249971237794984
 20
-0.35
 30
0.0
 40
0.12
  1
P2 · x1 · 15.15 m2
 11
2.3249971237794984
 21
-0.35
 31
0.0
100
AcDbText
  0
TEXT
  5
48
330
17
100
AcDbEntity
  8
TEXTO
100
AcDbText
 10
2.3249971237794984
 20
-0.55
 30
0.0
 40
0.06
  1
ZION CASULO · LONA EXTERNA · PVDF tipo II 1050 g/m² (poliéster de alta tenacidade, PVC + 
 11
2.3249971237794984
 21
-0.55
 31
0.0
100
AcDbText
  0
LWPOLYLINE
  5
49
330
17
100
AcDbEntity
  8
CONTORNO
100
AcDbPolyline
 90
112
 70
1
 10
4.493426105730567
 20
0.0
 10
4.490401337520525
 20
0.1445480777882055
 10
4.487368366777294
 20
0.2893095977567
 10
4.48432891364694
 20
0.43424773699365826
 10
4.481284706224105
 20
0.5793256374338325
 10
4.478238804692837
 20
0.7245033437928805
 10
4.475195811343262
 20
0.8696750591584131
 10
4.472157957583017
 20
1.0148012447872445
 10
4.46912745279964
 20
1.1598440554609386
 10
4.46611376934273
 20
1.304666686633683
 10
4.463117381400214
 20
1.4492538728020494
 10
4.460140309781066
 20
1.593577691096494
 10
4.457185146184827
 20
1.7376029032152311
 10
4.454267846870475
 20
1.8811187482492646
 10
4.451385050229817
 20
2.024181492276471
 10
4.448537658360321
 20
2.1667880270122066
 10
4.445728522240477
 20
2.3089092095841375
 10
4.4429796965970585
 20
2.4502891888399194
 10
4.440284741429229
 20
2.5910330678566287
 10
4.437642414730378
 20
2.7311725163579252
 10
4.43505568144877
 20
2.8706876905210468
 10
4.432551879999207
 20
3.0093097077570587
 10
4.430122609131418
 20
3.1471698429357153
 10
4.427763423528473
 20
3.284339269413551
 10
4.4254772356888585
 20
3.420810093736322
 10
4.423295468359612
 20
3.556332455923572
 10
4.421209100394261
 20
3.691044515182272
 10
4.419209489404303
 20
3.8250547048524313
 10
4.417299310782353
 20
3.958368789059098
 10
4.415512554966482
 20
4.090784348670849
 10
4.4138409881056715
 20
4.222433112429762
 10
4.412270958694929
 20
4.3534504338473905
 10
4.410804710316205
 20
4.48385599797035
 10
4.40947706764428
 20
4.613515760087925
 10
4.408281887179529
 20
4.742549088333953
 10
4.407200007860872
 20
4.87109984390221
 10
4.406233054082089
 20
4.999199974354279
 10
4.405414878342397
 20
5.126793842017406
 10
4.40474246270353
 20
5.253989795343805
 10
4.404191075917203
 20
5.380915547828634
 10
4.403761570564579
 20
5.5076115430647015
 10
4.481670721742717
 20
5.507605769763489
 10
4.559579872920855
 20
5.507599996462276
 10
4.6374890240989926
 20
5.507594223161064
 10
4.715398175277131
 20
5.507588449859852
 10
4.793307326455269
 20
5.507582676558639
 10
4.871216477633406
 20
5.507576903257426
 10
4.949125628811544
 20
5.507571129956214
 10
5.027034779989682
 20
5.507565356655002
 10
5.10494393116782
 20
5.507559583353789
 10
5.182853082345957
 20
5.507553810052577
 10
5.260762233524096
 20
5.5075480367513645
 10
5.338671384702233
 20
5.507542263450151
 10
5.416580535880371
 20
5.507536490148939
 10
5.494489687058509
 20
5.507530716847727
 10
5.572398838236647
 20
5.507524943546514
 10
5.6503079894147845
 20
5.507519170245302
 10
5.650526347208127
 20
5.38079450504235
 10
5.650806425918859
 20
5.253847044243266
 10
5.6511476687279645
 20
5.126637560100593
 10
5.651562323765939
 20
4.999042183437259
 10
5.652051464860182
 20
4.870955790650314
 10
5.652597817559872
 20
4.74243230334213
 10
5.6532003411331555
 20
4.613440703789469
 10
5.653868129607519
 20
4.4838413889440325
 10
5.654603526441177
 20
4.353518458842507
 10
5.655389083916427
 20
4.222601901835777
 10
5.6562234112873435
 20
4.091072571483324
 10
5.657112573786419
 20
3.9587990448143846
 10
5.6580596547979605
 20
3.8256533530777963
 10
5.659048162149582
 20
3.69183190178111
 10
5.660076516670067
 20
3.5573290511482387
 10
5.66114817928565
 20
3.4220394668281107
 10
5.6622663589719995
 20
3.285828908264006
 10
5.663416502018461
 20
3.148939942262167
 10
5.66459700402793
 20
3.0113802092715387
 10
5.665809329243626
 20
2.873080559560062
 10
5.667056243395125
 20
2.733913470747935
 10
5.668325850888102
 20
2.5941400822086362
 10
5.669616670317174
 20
2.45377967552196
 10
5.670928845897083
 20
2.312801509531735
 10
5.672264305531484
 20
2.171103581824736
 10
5.6736141959256035
 20
2.028934414044294
 10
5.674977284177746
 20
1.8863223559878426
 10
5.676353042863357
 20
1.7432704987763774
 10
5.677742452659234
 20
1.599724437045477
 10
5.679139714512685
 20
1.4558888352343566
 10
5.680543944414295
 20
1.3117979861854412
 10
5.681954486278354
 20
1.1674791150666721
 10
5.683371632491227
 20
1.0229474902797937
 10
5.684792265933254
 20
0.8783357783432162
 10
5.686215926230949
 20
0.7336808027276642
 10
5.687642207828315
 20
0.5890210594124717
 10
5.689071391618027
 20
0.44445992340843643
 10
5.69050229234511
 20
0.300035766003447
 10
5.6919349215127895
 20
0.1557844228685836
 10
5.693369298142062
 20
0.011741694933390235
 10
5.618372848616343
 20
0.011007839000053346
 10
5.543376399090625
 20
0.010273983066716456
 10
5.468379949564906
 20
0.009540127133379567
 10
5.393383500039188
 20
0.008806271200042676
 10
5.318387050513469
 20
0.008072415266705787
 10
5.243390600987751
 20
0.007338559333368897
 10
5.168394151462033
 20
0.0066047034000320075
 10
5.093397701936315
 20
0.005870847466695118
 10
5.018401252410596
 20
0.005136991533358228
 10
4.943404802884878
 20
0.004403135600021338
 10
4.868408353359159
 20
0.0036692796666844486
 10
4.793411903833441
 20
0.002935423733347559
 10
4.718415454307722
 20
0.002201567800010669
 10
4.643419004782004
 20
0.0014677118666737794
 10
4.568422555256285
 20
0.0007338559333368897
  0
LWPOLYLINE
  5
4A
330
17
100
AcDbEntity
  8
KEDER
100
AcDbPolyline
 90
41
 70
0
 10
4.493426105730567
 20
0.0
 10
4.490401337520525
 20
0.1445480777882055
 10
4.487368366777294
 20
0.2893095977567
 10
4.48432891364694
 20
0.43424773699365826
 10
4.481284706224105
 20
0.5793256374338325
 10
4.478238804692837
 20
0.7245033437928805
 10
4.475195811343262
 20
0.8696750591584131
 10
4.472157957583017
 20
1.0148012447872445
 10
4.46912745279964
 20
1.1598440554609386
 10
4.46611376934273
 20
1.304666686633683
 10
4.463117381400214
 20
1.4492538728020494
 10
4.460140309781066
 20
1.593577691096494
 10
4.457185146184827
 20
1.7376029032152311
 10
4.454267846870475
 20
1.8811187482492646
 10
4.451385050229817
 20
2.024181492276471
 10
4.448537658360321
 20
2.1667880270122066
 10
4.445728522240477
 20
2.3089092095841375
 10
4.4429796965970585
 20
2.4502891888399194
 10
4.440284741429229
 20
2.5910330678566287
 10
4.437642414730378
 20
2.7311725163579252
 10
4.43505568144877
 20
2.8706876905210468
 10
4.432551879999207
 20
3.0093097077570587
 10
4.430122609131418
 20
3.1471698429357153
 10
4.427763423528473
 20
3.284339269413551
 10
4.4254772356888585
 20
3.420810093736322
 10
4.423295468359612
 20
3.556332455923572
 10
4.421209100394261
 20
3.691044515182272
 10
4.419209489404303
 20
3.8250547048524313
 10
4.417299310782353
 20
3.958368789059098
 10
4.415512554966482
 20
4.090784348670849
 10
4.4138409881056715
 20
4.222433112429762
 10
4.412270958694929
 20
4.3534504338473905
 10
4.410804710316205
 20
4.48385599797035
 10
4.40947706764428
 20
4.613515760087925
 10
4.408281887179529
 20
4.742549088333953
 10
4.407200007860872
 20
4.87109984390221
 10
4.406233054082089
 20
4.999199974354279
 10
4.405414878342397
 20
5.126793842017406
 10
4.40474246270353
 20
5.253989795343805
 10
4.404191075917203
 20
5.380915547828634
 10
4.403761570564579
 20
5.5076115430647015
  0
LWPOLYLINE
  5
4B
330
17
100
AcDbEntity
  8
KEDER
100
AcDbPolyline
 90
41
 70
0
 10
5.693369298142062
 20
0.011741694933390235
 10
5.6919349215127895
 20
0.15578442286858318
 10
5.69050229234511
 20
0.30003576600344684
 10
5.689071391618027
 20
0.4444599234084365
 10
5.687642207828315
 20
0.5890210594124721
 10
5.686215926230949
 20
0.7336808027276641
 10
5.684792265933254
 20
0.8783357783432163
 10
5.683371632491227
 20
1.0229474902797935
 10
5.681954486278354
 20
1.1674791150666721
 10
5.680543944414295
 20
1.3117979861854416
 10
5.679139714512685
 20
1.4558888352343564
 10
5.677742452659234
 20
1.5997244370454775
 10
5.676353042863357
 20
1.7432704987763772
 10
5.674977284177746
 20
1.8863223559878433
 10
5.6736141959256035
 20
2.028934414044294
 10
5.672264305531484
 20
2.171103581824736
 10
5.670928845897083
 20
2.312801509531735
 10
5.669616670317174
 20
2.4537796755219596
 10
5.668325850888102
 20
2.5941400822086367
 10
5.667056243395125
 20
2.733913470747935
 10
5.665809329243626
 20
2.873080559560062
 10
5.66459700402793
 20
3.0113802092715387
 10
5.663416502018461
 20
3.1489399422621673
 10
5.6622663589719995
 20
3.2858289082640053
 10
5.66114817928565
 20
3.4220394668281107
 10
5.660076516670067
 20
3.5573290511482387
 10
5.659048162149582
 20
3.69183190178111
 10
5.6580596547979605
 20
3.825653353077797
 10
5.657112573786419
 20
3.9587990448143846
 10
5.6562234112873435
 20
4.091072571483324
 10
5.655389083916427
 20
4.222601901835777
 10
5.654603526441177
 20
4.353518458842508
 10
5.653868129607519
 20
4.4838413889440325
 10
5.6532003411331555
 20
4.613440703789468
 10
5.652597817559872
 20
4.74243230334213
 10
5.652051464860182
 20
4.870955790650314
 10
5.651562323765939
 20
4.999042183437259
 10
5.6511476687279645
 20
5.126637560100593
 10
5.650806425918859
 20
5.253847044243266
 10
5.650526347208127
 20
5.380794505042349
 10
5.6503079894147845
 20
5.507519170245302
  0
LWPOLYLINE
  5
4C
330
17
100
AcDbEntity
  8
CLAMP
100
AcDbPolyline
 90
2
 70
0
 10
4.403761570564579
 20
5.5076115430647015
 10
5.6503079894147845
 20
5.507519170245302
  0
LWPOLYLINE
  5
4D
330
17
100
AcDbEntity
  8
KEDER
100
AcDbPolyline
 90
2
 70
0
 10
4.493426105730567
 20
0.0
 10
5.693369298142062
 20
0.011741694933390235
  0
TEXT
  5
4E
330
17
100
AcDbEntity
  8
TEXTO
100
AcDbText
 10
4.403317034193731
 20
-0.35
 30
0.0
 40
0.12
  1
P3D · x1 · 6.75 m2
 11
4.403317034193731
 21
-0.35
 31
0.0
100
AcDbText
  0
TEXT
  5
4F
330
17
100
AcDbEntity
  8
TEXTO
100
AcDbText
 10
4.403317034193731
 20
-0.55
 30
0.0
 40
0.06
  1
ZION CASULO · LONA EXTERNA · PVDF tipo II 1050 g/m² (poliéster de alta tenacidade, PVC + 
 11
4.403317034193731
 21
-0.55
 31
0.0
100
AcDbText
  0
LWPOLYLINE
  5
50
330
17
100
AcDbEntity
  8
CONTORNO
100
AcDbPolyline
 90
112
 70
1
 10
6.293369273170083
 20
6.137851834699943
 10
6.293798770136059
 20
6.264547829964151
 10
6.2943501498303975
 20
6.39147358247905
 10
6.295022559855618
 20
6.5186695358346025
 10
6.295840732062449
 20
6.6462634035203845
 10
6.296807684729764
 20
6.774363533980368
 10
6.2978895649019675
 20
6.902914289540504
 10
6.299084748185062
 20
7.031947617759876
 10
6.3004123959748
 20
7.161607379825047
 10
6.301878651730706
 20
7.292012943864726
 10
6.303448690031778
 20
7.42303026517525
 10
6.30512026711896
 20
7.554679028804059
 10
6.306907034420877
 20
7.68709458826082
 10
6.308817225359678
 20
7.820408672290926
 10
6.310816848894305
 20
7.954418861773875
 10
6.312903229380493
 20
8.089130920838743
 10
6.315085008830597
 20
8.224653282830861
 10
6.3173712076842445
 20
8.361124106969205
 10
6.319730403109797
 20
8.498293533278412
 10
6.322159682414692
 20
8.636153668308662
 10
6.3246634904927435
 20
8.77477568542495
 10
6.327250227832614
 20
8.914290859512938
 10
6.329892556567563
 20
9.054430307976183
 10
6.332587511713338
 20
9.195174186993556
 10
6.335336335048564
 20
9.336554166294215
 10
6.338145466077563
 20
9.478675348966831
 10
6.34099285104488
 20
9.621281883840563
 10
6.343875639130738
 20
9.76434462804026
 10
6.346792928326506
 20
9.907860473279975
 10
6.349748080376768
 20
10.051885685635632
 10
6.352725139953372
 20
10.19620950417851
 10
6.355721515678072
 20
10.340796690600069
 10
6.358735187109519
 20
10.485619322023055
 10
6.361765681150248
 20
10.630662132921197
 10
6.364803525776128
 20
10.775788318741203
 10
6.367846511995438
 20
10.920960034256176
 10
6.370892408874938
 20
11.06613774071282
 10
6.373936616314735
 20
11.211215641152638
 10
6.37697607337245
 20
11.35615378030726
 10
6.380009052302901
 20
11.500915300104278
 10
6.383033833308049
 20
11.645463377624736
 10
6.458030282896952
 20
11.644729528148492
 10
6.533026732485854
 20
11.643995678672248
 10
6.608023182074756
 20
11.643261829196005
 10
6.683019631663658
 20
11.64252797971976
 10
6.758016081252561
 20
11.641794130243516
 10
6.833012530841462
 20
11.641060280767274
 10
6.908008980430365
 20
11.64032643129103
 10
6.983005430019267
 20
11.639592581814785
 10
7.0580018796081685
 20
11.63885873233854
 10
7.132998329197071
 20
11.638124882862297
 10
7.207994778785973
 20
11.637391033386054
 10
7.2829912283748754
 20
11.63665718390981
 10
7.357987677963777
 20
11.635923334433565
 10
7.43298412755268
 20
11.635189484957323
 10
7.5079805771415815
 20
11.634455635481078
 10
7.582977026730484
 20
11.633721786004834
 10
7.581542637260046
 20
11.489679058197515
 10
7.580109999859315
 20
11.34542771514448
 10
7.578679095159281
 20
11.201003557778893
 10
7.577249911307282
 20
11.056442421775476
 10
7.575823634316798
 20
10.911782678414863
 10
7.574399981104845
 20
10.767127702729594
 10
7.572979356753054
 20
10.622515990703732
 10
7.571562221239125
 20
10.47798436581195
 10
7.570151691357562
 20
10.333665494576069
 10
7.568747473631449
 20
10.1895746454085
 10
7.56735022377891
 20
10.045739043480793
 10
7.565960825488129
 20
9.902192981638528
 10
7.564585076881458
 20
9.759141124330132
 10
7.563221997145563
 20
9.61652906619225
 10
7.561872113616172
 20
9.474359898346563
 10
7.560536659036341
 20
9.332661970591904
 10
7.559224485730163
 20
9.191683804580515
 10
7.557933666290256
 20
9.051323397893848
 10
7.5566640567297965
 20
8.911550009373196
 10
7.555417138490212
 20
8.772382920597652
 10
7.554204806618451
 20
8.634083270944522
 10
7.553024296146228
 20
8.496523538026409
 10
7.5518741432532615
 20
8.35963457210717
 10
7.550755952530754
 20
8.223424013633625
 10
7.54968427777459
 20
8.088134429409665
 10
7.5486559107155955
 20
7.95363157887262
 10
7.547667390803404
 20
7.819810127668726
 10
7.546720297460864
 20
7.68666443601989
 10
7.54583112346385
 20
7.554390909428242
 10
7.544996785856588
 20
7.422861579140846
 10
7.54421121948261
 20
7.291945022187784
 10
7.543475815264896
 20
7.16162209212809
 10
7.542808021667703
 20
7.032022777309051
 10
7.5422054952726185
 20
6.903031177769842
 10
7.541659141717123
 20
6.7745076904657635
 10
7.541170001733213
 20
6.6464212976748165
 10
7.540755350228228
 20
6.518825920999999
 10
7.540414113033893
 20
6.3916164368425274
 10
7.540134041416948
 20
6.264668976028169
 10
7.53991569201263
 20
6.13794431081091
 10
7.462006540834971
 20
6.137938531053975
 10
7.384097389657311
 20
6.13793275129704
 10
7.306188238479653
 20
6.137926971540104
 10
7.228279087301994
 20
6.137921191783168
 10
7.150369936124335
 20
6.137915412026233
 10
7.072460784946675
 20
6.137909632269298
 10
6.994551633769016
 20
6.137903852512363
 10
6.916642482591357
 20
6.137898072755426
 10
6.838733331413698
 20
6.137892292998491
 10
6.760824180236039
 20
6.137886513241556
 10
6.682915029058379
 20
6.137880733484621
 10
6.60500587788072
 20
6.137874953727685
 10
6.5270967267030615
 20
6.13786917397075
 10
6.449187575525402
 20
6.137863394213814
 10
6.371278424347743
 20
6.137857614456879
  0
LWPOLYLINE
  5
51
330
17
100
AcDbEntity
  8
KEDER
100
AcDbPolyline
 90
41
 70
0
 10
6.293369273170083
 20
6.137851834699943
 10
6.293798770136059
 20
6.264547829964151
 10
6.2943501498303975
 20
6.39147358247905
 10
6.295022559855618
 20
6.5186695358346025
 10
6.295840732062449
 20
6.6462634035203845
 10
6.296807684729764
 20
6.774363533980368
 10
6.2978895649019675
 20
6.902914289540504
 10
6.299084748185062
 20
7.031947617759876
 10
6.3004123959748
 20
7.161607379825047
 10
6.301878651730706
 20
7.292012943864726
 10
6.303448690031778
 20
7.42303026517525
 10
6.30512026711896
 20
7.554679028804059
 10
6.306907034420877
 20
7.68709458826082
 10
6.308817225359678
 20
7.820408672290926
 10
6.310816848894305
 20
7.954418861773875
 10
6.312903229380493
 20
8.089130920838743
 10
6.315085008830597
 20
8.224653282830861
 10
6.3173712076842445
 20
8.361124106969205
 10
6.319730403109797
 20
8.498293533278412
 10
6.322159682414692
 20
8.636153668308662
 10
6.3246634904927435
 20
8.77477568542495
 10
6.327250227832614
 20
8.914290859512938
 10
6.329892556567563
 20
9.054430307976183
 10
6.332587511713338
 20
9.195174186993556
 10
6.335336335048564
 20
9.336554166294215
 10
6.338145466077563
 20
9.478675348966831
 10
6.34099285104488
 20
9.621281883840563
 10
6.343875639130738
 20
9.76434462804026
 10
6.346792928326506
 20
9.907860473279975
 10
6.349748080376768
 20
10.051885685635632
 10
6.352725139953372
 20
10.19620950417851
 10
6.355721515678072
 20
10.340796690600069
 10
6.358735187109519
 20
10.485619322023055
 10
6.361765681150248
 20
10.630662132921197
 10
6.364803525776128
 20
10.775788318741203
 10
6.367846511995438
 20
10.920960034256176
 10
6.370892408874938
 20
11.06613774071282
 10
6.373936616314735
 20
11.211215641152638
 10
6.37697607337245
 20
11.35615378030726
 10
6.380009052302901
 20
11.500915300104278
 10
6.383033833308049
 20
11.645463377624736
  0
LWPOLYLINE
  5
52
330
17
100
AcDbEntity
  8
KEDER
100
AcDbPolyline
 90
41
 70
0
 10
7.53991569201263
 20
6.13794431081091
 10
7.540134041416948
 20
6.264668976028169
 10
7.540414113033893
 20
6.3916164368425274
 10
7.540755350228228
 20
6.518825920999999
 10
7.541170001733213
 20
6.6464212976748165
 10
7.541659141717123
 20
6.774507690465763
 10
7.5422054952726185
 20
6.903031177769842
 10
7.542808021667703
 20
7.032022777309051
 10
7.543475815264896
 20
7.16162209212809
 10
7.54421121948261
 20
7.291945022187784
 10
7.544996785856588
 20
7.422861579140846
 10
7.54583112346385
 20
7.554390909428242
 10
7.546720297460864
 20
7.686664436019888
 10
7.547667390803404
 20
7.8198101276687275
 10
7.5486559107155955
 20
7.95363157887262
 10
7.54968427777459
 20
8.088134429409665
 10
7.550755952530754
 20
8.223424013633625
 10
7.5518741432532615
 20
8.35963457210717
 10
7.553024296146228
 20
8.496523538026409
 10
7.554204806618451
 20
8.634083270944522
 10
7.555417138490212
 20
8.772382920597652
 10
7.5566640567297965
 20
8.911550009373196
 10
7.557933666290256
 20
9.051323397893848
 10
7.559224485730163
 20
9.191683804580515
 10
7.560536659036341
 20
9.332661970591904
 10
7.561872113616172
 20
9.474359898346563
 10
7.563221997145563
 20
9.616529066192248
 10
7.564585076881458
 20
9.759141124330132
 10
7.565960825488129
 20
9.902192981638528
 10
7.56735022377891
 20
10.045739043480793
 10
7.568747473631449
 20
10.1895746454085
 10
7.570151691357562
 20
10.333665494576069
 10
7.571562221239125
 20
10.47798436581195
 10
7.572979356753054
 20
10.622515990703732
 10
7.574399981104845
 20
10.767127702729594
 10
7.575823634316798
 20
10.911782678414863
 10
7.577249911307282
 20
11.056442421775477
 10
7.578679095159281
 20
11.201003557778893
 10
7.580109999859315
 20
11.345427715144478
 10
7.581542637260046
 20
11.489679058197515
 10
7.582977026730484
 20
11.633721786004834
  0
LWPOLYLINE
  5
53
330
17
100
AcDbEntity
  8
CLAMP
100
AcDbPolyline
 90
2
 70
0
 10
6.293369273170083
 20
6.137851834699943
 10
7.53991569201263
 20
6.13794431081091
  0
LWPOLYLINE
  5
54
330
17
100
AcDbEntity
  8
KEDER
100
AcDbPolyline
 90
2
 70
0
 10
6.383033833308049
 20
11.645463377624736
 10
7.582977026730484
 20
11.633721786004834
  0
LWPOLYLINE
  5
55
330
17
100
AcDbEntity
  8
RECORTE
100
AcDbPolyline
 90
48
 70
1
 10
7.436342619933101
 20
10.129041707288694
 10
7.422325356765547
 20
10.181491120736748
 10
7.397951841992673
 20
10.230096671814179
 10
7.368556949767491
 20
10.27463690173446
 10
7.335935845952069
 20
10.31559534503057
 10
7.300787371607512
 20
10.353505021392312
 10
7.2632494900634885
 20
10.388828781937205
 10
7.2231235418944175
 20
10.421938968291785
 10
7.179983110111443
 20
10.453014028641347
 10
7.133245498783683
 20
10.481942079615772
 10
7.082260101012747
 20
10.508162355050509
 10
7.026491739103755
 20
10.530096948440764
 10
6.966090360627873
 20
10.543121444105921
 10
6.905300828037861
 20
10.530877376124469
 10
6.848869454002202
 20
10.509650339864805
 10
6.797088598975708
 20
10.484059426628603
 10
6.749474262440881
 20
10.455689532537793
 10
6.705390440793006
 20
10.425109811869996
 10
6.664257976530557
 20
10.392439633566626
 10
6.625645068388973
 20
10.357505559120385
 10
6.589341687946659
 20
10.319936915010285
 10
6.555474463419769
 20
10.279268960207444
 10
6.524727296814939
 20
10.234960229832682
 10
6.498876541775246
 20
10.186506142874887
 10
6.4832630004022365
 20
10.134074726640089
 10
6.49684688990405
 20
10.081561275463898
 10
6.520870096005756
 20
10.032990257202833
 10
6.550001057101809
 20
9.988499151828757
 10
6.582443010856977
 20
9.947656933513661
 10
6.61749189522008
 20
9.909924734000848
 10
6.655010588146145
 20
9.8749030925814
 10
6.695188217385075
 20
9.842097234722175
 10
6.738452780755091
 20
9.811330742894482
 10
6.785391113325563
 20
9.782715764627605
 10
6.836660916374149
 20
9.756843956241628
 10
6.892798615443462
 20
9.73524495107033
 10
6.953642266055903
 20
9.722486720798283
 10
7.014860512682615
 20
9.734733422728898
 10
7.071638065075704
 20
9.75584573420567
 10
7.1236761090204315
 20
9.781255335101852
 10
7.171465174681466
 20
9.809428262850128
 10
7.215645159404607
 20
9.839767730508632
 10
7.256799464733058
 20
9.872156691793192
 10
7.295361313134075
 20
9.906767483539753
 10
7.331543607337451
 20
9.944089993352742
 10
7.365214008103004
 20
9.984525247709286
 10
7.395683845836675
 20
10.028617946443239
 10
7.42116965635592
 20
10.076816906513463
  0
TEXT
  5
56
330
17
100
AcDbEntity
  8
TEXTO
100
AcDbText
 10
6.95983141271006
 20
10.132121033292732
 30
0.0
 40
0.05
  1
Olho estar (esq,) · 0,94 x 0,83 m
 11
6.95983141271006
 21
10.132121033292732
 31
0.0
100
AcDbText
  0
TEXT
  5
57
330
17
100
AcDbEntity
  8
TEXTO
100
AcDbText
 10
6.292924761771213
 20
-0.35
 30
0.0
 40
0.12
  1
P3E · x1 · 6.75 m2
 11
6.292924761771213
 21
-0.35
 31
0.0
100
AcDbText
  0
TEXT
  5
58
330
17
100
AcDbEntity
  8
TEXTO
100
AcDbText
 10
6.292924761771213
 20
-0.55
 30
0.0
 40
0.06
  1
ZION CASULO · LONA EXTERNA · PVDF tipo II 1050 g/m² (poliéster de alta tenacidade, PVC + 
 11
6.292924761771213
 21
-0.55
 31
0.0
100
AcDbText
  0
LWPOLYLINE
  5
59
330
17
100
AcDbEntity
  8
CONTORNO
100
AcDbPolyline
 90
112
 70
1
 10
8.596463740586898
 20
0.0
 10
8.581607789481817
 20
0.14330280725114336
 10
8.566840676634024
 20
0.2868245565106371
 10
8.552163482154251
 20
0.43052926424110866
 10
8.537577339848008
 20
0.5743809164835477
 10
8.523130395015832
 20
0.7183456416477546
 10
8.508787513764352
 20
0.8623159315894668
 10
8.494550625935071
 20
1.0062531258317204
 10
8.480424099471072
 20
1.1501205495633389
 10
8.466470190772318
 20
1.2937912378737184
 10
8.45265513556933
 20
1.437245725944301
 10
8.438980080667323
 20
1.580456903956776
 10
8.425452243638212
 20
1.7233908973134007
 10
8.412152487279448
 20
1.8658506786053706
 10
8.399044688575785
 20
2.0078852093256785
 10
8.386126186244194
 20
2.149491877360083
 10
8.373406513984225
 20
2.2906429344172623
 10
8.360987050459338
 20
2.4310996789300456
 10
8.348828547308452
 20
2.570956749576915
 10
8.336920409891231
 20
2.710245604353344
 10
8.325273797677783
 20
2.8489476140975816
 10
8.314009922444818
 20
2.986813293668968
 10
8.3030881545359
 20
3.1239607594825025
 10
8.292485134385007
 20
3.2604597957429533
 10
8.28221278529474
 20
3.3963032799981976
 10
8.272408953035319
 20
3.5312611372760467
 10
8.263035232592795
 20
3.665456575400183
 10
8.254050490845529
 20
3.79899505537633
 10
8.245466381818597
 20
3.931882379538728
 10
8.237431898618405
 20
4.06393391212396
 10
8.22991550780834
 20
4.195265838989111
 10
8.222853811413689
 20
4.3260088433715564
 10
8.216257036020473
 20
4.456181678032166
 10
8.210278036156089
 20
4.58566356885387
 10
8.204896899834367
 20
4.71455908457915
 10
8.200024834059892
 20
4.843006144049885
 10
8.195669475031355
 20
4.971034725875233
 10
8.191979289024447
 20
5.098595946174923
 10
8.18894989295666
 20
5.225785398058365
 10
8.186466206073208
 20
5.3527246637193855
 10
8.18453230239257
 20
5.479451393509108
 10
8.259929155997929
 20
5.479530731214093
 10
8.335326009603287
 20
5.4796100689190785
 10
8.410722863208646
 20
5.479689406624064
 10
8.486119716814002
 20
5.47976874432905
 10
8.56151657041936
 20
5.479848082034035
 10
8.63691342402472
 20
5.47992741973902
 10
8.712310277630078
 20
5.480006757444006
 10
8.787707131235434
 20
5.480086095148991
 10
8.863103984840793
 20
5.480165432853976
 10
8.938500838446151
 20
5.480244770558961
 10
9.01389769205151
 20
5.480324108263947
 10
9.089294545656866
 20
5.480403445968932
 10
9.164691399262225
 20
5.480482783673918
 10
9.240088252867583
 20
5.480562121378903
 10
9.315485106472941
 20
5.4806414590838886
 10
9.390881960078298
 20
5.480720796788874
 10
9.392763575273314
 20
5.354563790463253
 10
9.395180173089807
 20
5.228244260242914
 10
9.39812781889523
 20
5.1017333589188825
 10
9.40171855781441
 20
4.974937959877781
 10
9.405956728014408
 20
4.8477846208445206
 10
9.410697853557043
 20
4.72031053856655
 10
9.415934512354099
 20
4.592492557604308
 10
9.42175314193987
 20
4.4642245879888165
 10
9.428173073719904
 20
4.3354257773050815
 10
9.435045450407346
 20
4.2061884889024075
 10
9.442360247744627
 20
4.076498019343863
 10
9.450179015556397
 20
3.946253348948369
 10
9.458532111843358
 20
3.8153642158836107
 10
9.467274429097625
 20
3.6839725021886083
 10
9.476394456617511
 20
3.5520734393116355
 10
9.485931831985294
 20
3.4195851585081325
 10
9.495923210300111
 20
3.286411776259708
 10
9.506234582646789
 20
3.1527309260791214
 10
9.51685413333346
 20
3.0185479535888775
 10
9.527804044001398
 20
2.8838086075353013
 10
9.539122783645901
 20
2.7484211807399643
 10
9.550693063196304
 20
2.6125790145550845
 10
9.562503879878063
 20
2.47629662591766
 10
9.574565056779932
 20
2.339549785182635
 10
9.586913644277894
 20
2.2022657792435147
 10
9.599452294534746
 20
2.0646298834624495
 10
9.61217178918355
 20
1.9266639905302834
 10
9.625074557368475
 20
1.7883707475158217
 10
9.638195115941958
 20
1.6497142799133824
 10
9.651456484307765
 20
1.510847079954264
 10
9.66485200847162
 20
1.3717960389397232
 10
9.678380913004883
 20
1.2325831521408548
 10
9.692076822025873
 20
1.0932275697316898
 10
9.705880598738796
 20
0.9538260727794596
 10
9.71978871876593
 20
0.8144078277429888
 10
9.733800127481945
 20
0.6750038209761331
 10
9.747952301896307
 20
0.5357037053553323
 10
9.76219852761239
 20
0.39652993581536
 10
9.776538744563094
 20
0.2575110828349205
 10
9.790972949506537
 20
0.11867569086838121
 10
9.71631612394906
 20
0.11125846018910739
 10
9.641659298391582
 20
0.10384122950983356
 10
9.567002472834105
 20
0.09642399883055974
 10
9.492345647276629
 20
0.08900676815128591
 10
9.417688821719151
 20
0.08158953747201209
 10
9.343031996161674
 20
0.07417230679273826
 10
9.268375170604196
 20
0.06675507611346443
 10
9.193718345046719
 20
0.05933784543419061
 10
9.119061519489241
 20
0.05192061475491678
 10
9.044404693931764
 20
0.04450338407564296
 10
8.969747868374286
 20
0.03708615339636913
 10
8.895091042816809
 20
0.029668922717095304
 10
8.820434217259331
 20
0.02225169203782148
 10
8.745777391701854
 20
0.014834461358547652
 10
8.671120566144376
 20
0.007417230679273826
  0
LWPOLYLINE
  5
5A
330
17
100
AcDbEntity
  8
KEDER
100
AcDbPolyline
 90
41
 70
0
 10
8.596463740586898
 20
0.0
 10
8.581607789481817
 20
0.14330280725114336
 10
8.566840676634024
 20
0.2868245565106371
 10
8.552163482154251
 20
0.43052926424110866
 10
8.537577339848008
 20
0.5743809164835477
 10
8.523130395015832
 20
0.7183456416477546
 10
8.508787513764352
 20
0.8623159315894668
 10
8.494550625935071
 20
1.0062531258317204
 10
8.480424099471072
 20
1.1501205495633389
 10
8.466470190772318
 20
1.2937912378737184
 10
8.45265513556933
 20
1.437245725944301
 10
8.438980080667323
 20
1.580456903956776
 10
8.425452243638212
 20
1.7233908973134007
 10
8.412152487279448
 20
1.8658506786053706
 10
8.399044688575785
 20
2.0078852093256785
 10
8.386126186244194
 20
2.149491877360083
 10
8.373406513984225
 20
2.2906429344172623
 10
8.360987050459338
 20
2.4310996789300456
 10
8.348828547308452
 20
2.570956749576915
 10
8.336920409891231
 20
2.710245604353344
 10
8.325273797677783
 20
2.8489476140975816
 10
8.314009922444818
 20
2.986813293668968
 10
8.3030881545359
 20
3.1239607594825025
 10
8.292485134385007
 20
3.2604597957429533
 10
8.28221278529474
 20
3.3963032799981976
 10
8.272408953035319
 20
3.5312611372760467
 10
8.263035232592795
 20
3.665456575400183
 10
8.254050490845529
 20
3.79899505537633
 10
8.245466381818597
 20
3.931882379538728
 10
8.237431898618405
 20
4.06393391212396
 10
8.22991550780834
 20
4.195265838989111
 10
8.222853811413689
 20
4.3260088433715564
 10
8.216257036020473
 20
4.456181678032166
 10
8.210278036156089
 20
4.58566356885387
 10
8.204896899834367
 20
4.71455908457915
 10
8.200024834059892
 20
4.843006144049885
 10
8.195669475031355
 20
4.971034725875233
 10
8.191979289024447
 20
5.098595946174923
 10
8.18894989295666
 20
5.225785398058365
 10
8.186466206073208
 20
5.3527246637193855
 10
8.18453230239257
 20
5.479451393509108
  0
LWPOLYLINE
  5
5B
330
17
100
AcDbEntity
  8
KEDER
100
AcDbPolyline
 90
41
 70
0
 10
9.790972949506537
 20
0.11867569086838121
 10
9.776538744563094
 20
0.2575110828349203
 10
9.76219852761239
 20
0.3965299358153595
 10
9.747952301896307
 20
0.5357037053553327
 10
9.733800127481945
 20
0.6750038209761333
 10
9.71978871876593
 20
0.8144078277429887
 10
9.705880598738796
 20
0.9538260727794593
 10
9.692076822025873
 20
1.0932275697316898
 10
9.678380913004883
 20
1.2325831521408552
 10
9.66485200847162
 20
1.3717960389397235
 10
9.651456484307765
 20
1.5108470799542637
 10
9.638195115941958
 20
1.649714279913382
 10
9.625074557368475
 20
1.7883707475158217
 10
9.61217178918355
 20
1.9266639905302836
 10
9.599452294534746
 20
2.0646298834624495
 10
9.586913644277894
 20
2.2022657792435143
 10
9.574565056779932
 20
2.3395497851826352
 10
9.562503879878063
 20
2.4762966259176595
 10
9.550693063196304
 20
2.6125790145550845
 10
9.539122783645901
 20
2.7484211807399643
 10
9.527804044001398
 20
2.8838086075353013
 10
9.51685413333346
 20
3.0185479535888775
 10
9.506234582646789
 20
3.152730926079122
 10
9.495923210300111
 20
3.2864117762597074
 10
9.485931831985294
 20
3.4195851585081325
 10
9.476394456617511
 20
3.5520734393116355
 10
9.467274429097625
 20
3.6839725021886083
 10
9.458532111843358
 20
3.8153642158836107
 10
9.450179015556397
 20
3.946253348948369
 10
9.442360247744627
 20
4.076498019343863
 10
9.435045450407346
 20
4.2061884889024075
 10
9.428173073719904
 20
4.3354257773050815
 10
9.42175314193987
 20
4.4642245879888165
 10
9.415934512354099
 20
4.592492557604308
 10
9.410697853557043
 20
4.72031053856655
 10
9.405956728014408
 20
4.8477846208445206
 10
9.40171855781441
 20
4.974937959877781
 10
9.39812781889523
 20
5.101733358918883
 10
9.395180173089807
 20
5.2282442602429136
 10
9.392763575273314
 20
5.354563790463253
 10
9.390881960078298
 20
5.480720796788874
  0
LWPOLYLINE
  5
5C
330
17
100
AcDbEntity
  8
CLAMP
100
AcDbPolyline
 90
2
 70
0
 10
8.18453230239257
 20
5.479451393509108
 10
9.390881960078298
 20
5.480720796788874
  0
LWPOLYLINE
  5
5D
330
17
100
AcDbEntity
  8
KEDER
100
AcDbPolyline
 90
2
 70
0
 10
8.596463740586898
 20
0.0
 10
9.790972949506537
 20
0.11867569086838121
  0
LWPOLYLINE
  5
5E
330
17
100
AcDbEntity
  8
RECORTE
100
AcDbPolyline
 90
48
 70
1
 10
9.514914607507476
 20
1.5723852732480443
 10
9.495724500682547
 20
1.6220467777704963
 10
9.466725164748716
 20
1.6673594416644801
 10
9.433163292033772
 20
1.708498368491935
 10
9.396760982924086
 20
1.7459933620859005
 10
9.358173705379828
 20
1.7803803626626304
 10
9.317498858734984
 20
1.8121300452046774
 10
9.274464571833448
 20
1.8416545969743072
 10
9.228631131686711
 20
1.8691012379572411
 10
9.179433883480145
 20
1.8943293615351535
 10
9.126289685579286
 20
1.9167278727045398
 10
9.068833523831135
 20
1.9347745247701063
 10
9.007722164162129
 20
1.9439731156451245
 10
8.948858728667183
 20
1.9288005027769055
 10
8.895298237554176
 20
1.9051060886068585
 10
8.846831382707743
 20
1.8773881231726397
 10
8.802813721441035
 20
1.8471183615907119
 10
8.76255371500425
 20
1.8148471548818828
 10
8.725465803968262
 20
1.7806578837665346
 10
8.691142084996997
 20
1.7443569363343685
 10
8.659454647319185
 20
1.7054925928479803
 10
8.630570797532702
 20
1.6635992024072122
 10
8.60520324614676
 20
1.6182132309003259
 10
8.58515548217839
 20
1.5690050890867533
 10
8.575690636657859
 20
1.5164413498614726
 10
8.595045686046829
 20
1.4654969298105252
 10
8.624209654554669
 20
1.4190848155857387
 10
8.657907427684545
 20
1.377094915622957
 10
8.694434659785845
 20
1.3389623748012183
 10
8.733179038589853
 20
1.3040679803907929
 10
8.774018175934508
 20
1.2719646149694785
 10
8.817188119512677
 20
1.2422995358475903
 10
8.863128967725208
 20
1.2149283431198221
 10
8.91240377128485
 20
1.1900039697547289
 10
8.965604555243448
 20
1.1681440341466927
 10
9.023088715400227
 20
1.1508923076147484
 10
9.084173847676292
 20
1.1427454094198062
 10
9.142836265242517
 20
1.159251441245051
 10
9.196182148427326
 20
1.1841097709156632
 10
9.244451119574212
 20
1.2127725451010174
 10
9.288293254985797
 20
1.2437672137615676
 10
9.32838834442588
 20
1.2765670496259505
 10
9.36532136464776
 20
1.311099298551037
 10
9.399499050139767
 20
1.3475629789989445
 10
9.431087000087047
 20
1.3863304824050087
 10
9.459944008014471
 20
1.4278316723603997
 10
9.48531687123855
 20
1.472585720143707
 10
9.50538661130017
 20
1.5209337037526365
  0
TEXT
  5
5F
330
17
100
AcDbEntity
  8
TEXTO
100
AcDbText
 10
9.04559298363086
 20
1.5439349576019457
 30
0.0
 40
0.05
  1
Olho suíte (dir,) · 0,94 x 0,81 m
 11
9.04559298363086
 21
1.5439349576019457
 31
0.0
100
AcDbText
  0
TEXT
  5
60
330
17
100
AcDbEntity
  8
TEXTO
100
AcDbText
 10
8.182532515331614
 20
-0.35
 30
0.0
 40
0.12
  1
P4D · x1 · 6.54 m2
 11
8.182532515331614
 21
-0.35
 31
0.0
100
AcDbText
  0
TEXT
  5
61
330
17
100
AcDbEntity
  8
TEXTO
100
AcDbText
 10
8.182532515331614
 20
-0.55
 30
0.0
 40
0.06
  1
ZION CASULO · LONA EXTERNA · PVDF tipo II 1050 g/m² (poliéster de alta tenacidade, PVC + 
 11
8.182532515331614
 21
-0.55
 31
0.0
100
AcDbText
  0
LWPOLYLINE
  5
62
330
17
100
AcDbEntity
  8
CONTORNO
100
AcDbPolyline
 90
112
 70
1
 10
10.390971656687862
 20
6.108390350681935
 10
10.39290512060046
 20
6.235117087115255
 10
10.395388431374204
 20
6.362056359970326
 10
10.39841752401285
 20
6.489245818967312
 10
10.40210750952589
 20
6.61680704506688
 10
10.406462785873446
 20
6.744835629597178
 10
10.411334864727259
 20
6.87328268836568
 10
10.416716109569526
 20
7.002178199442898
 10
10.422695329565212
 20
7.131660080099557
 10
10.429292432057123
 20
7.2618328981094145
 10
10.436354526443177
 20
7.392575880875414
 10
10.443871376870137
 20
7.523907781383322
 10
10.451906376084178
 20
7.65595928257143
 10
10.460491033813412
 20
7.788846571273522
 10
10.469476328794839
 20
7.922385014029449
 10
10.478850594272998
 20
8.056580414106845
 10
10.48865494313826
 20
8.191538233855564
 10
10.498927744422272
 20
8.327381683938196
 10
10.50953115105915
 20
8.463880690254111
 10
10.520453230668668
 20
8.601028131309915
 10
10.531717321573563
 20
8.738893793260345
 10
10.543364017902178
 20
8.877595795969118
 10
10.55527213821201
 20
9.016884652290017
 10
10.567430522856583
 20
9.156741733296899
 10
10.579849757135213
 20
9.297198498079903
 10
10.592569071740748
 20
9.43834958738178
 10
10.605487137133359
 20
9.57995629532108
 10
10.618594429840494
 20
9.72199087276127
 10
10.631893619351969
 20
9.864450706971816
 10
10.645420847861722
 20
10.00738475792253
 10
10.659095294453254
 20
10.150595994018849
 10
10.672909759814436
 20
10.294050538877297
 10
10.686863119480279
 20
10.437721280511031
 10
10.700989209032963
 20
10.581588747138651
 10
10.715225776733252
 20
10.725525973001
 10
10.72956847569969
 20
10.869496281048766
 10
10.744015402219484
 20
11.013461008050632
 10
10.758601818631018
 20
11.157312632494055
 10
10.773279523740019
 20
11.301017287982907
 10
10.788047401059892
 20
11.444538958479788
 10
10.802904387700867
 20
11.587841658374957
 10
10.877561245133155
 20
11.580424748532971
 10
10.952218102565444
 20
11.573007838690984
 10
11.026874959997732
 20
11.565590928848998
 10
11.10153181743002
 20
11.558174019007012
 10
11.176188674862308
 20
11.550757109165025
 10
11.250845532294598
 20
11.543340199323039
 10
11.325502389726886
 20
11.535923289481051
 10
11.400159247159174
 20
11.528506379639065
 10
11.474816104591461
 20
11.52108946979708
 10
11.54947296202375
 20
11.513672559955092
 10
11.624129819456037
 20
11.506255650113106
 10
11.698786676888327
 20
11.498838740271118
 10
11.773443534320615
 20
11.491421830429132
 10
11.848100391752903
 20
11.484004920587147
 10
11.92275724918519
 20
11.476588010745159
 10
11.99741410661748
 20
11.469171100903173
 10
11.982978846985464
 20
11.330335818592776
 10
11.968637846243102
 20
11.191317046572921
 10
11.954391090445956
 20
11.052143331386088
 10
11.940238622376834
 20
10.912843245604874
 10
11.926227212376125
 20
10.773439238967141
 10
11.91231925507102
 20
10.634020977753492
 10
11.89851577899204
 20
10.494619451077309
 10
11.884820287488324
 20
10.355263827639385
 10
11.871291912825289
 20
10.216050889348
 10
11.85789695957403
 20
10.076999793350303
 10
11.84463618084505
 20
9.938132537085743
 10
11.831516212402919
 20
9.799476013639774
 10
11.818613993154269
 20
9.661182719410625
 10
11.805894987011486
 20
9.523216781417316
 10
11.793356756623318
 20
9.38558084734091
 10
11.781008510154733
 20
9.248296810710888
 10
11.768947546548375
 20
9.111549951163207
 10
11.757136833002303
 20
8.975267553528262
 10
11.745566555737827
 20
8.839425387064551
 10
11.734247717723559
 20
8.70403796846497
 10
11.723297577937174
 20
8.569298641031441
 10
11.71267770279859
 20
8.43511569415335
 10
11.702365931843442
 20
8.301434874641286
 10
11.692374089849135
 20
8.168261527158803
 10
11.682836187252658
 20
8.035773284309732
 10
11.673715604820176
 20
7.903874259777686
 10
11.66497272509934
 20
7.772482583506372
 10
11.65661907151793
 20
7.641593486023894
 10
11.64879977992486
 20
7.511348847072774
 10
11.641484515916185
 20
7.381658403889322
 10
11.634611734767802
 20
7.252421137116311
 10
11.628191469986934
 20
7.1236223431056995
 10
11.622372615057209
 20
6.9953543837127015
 10
11.617135843113893
 20
6.867536407503331
 10
11.612394700315926
 20
6.740062326071738
 10
11.608156609041128
 20
6.612908984514267
 10
11.604566067330213
 20
6.486113579888546
 10
11.601618722043085
 20
6.359602671674241
 10
11.599202497677934
 20
6.2332831344711925
 10
11.59732131980723
 20
6.107126121688961
 10
11.52192446586227
 20
6.107205136001022
 10
11.44652761191731
 20
6.107284150313083
 10
11.371130757972349
 20
6.107363164625144
 10
11.295733904027388
 20
6.107442178937204
 10
11.220337050082428
 20
6.107521193249266
 10
11.144940196137467
 20
6.107600207561326
 10
11.069543342192507
 20
6.107679221873387
 10
10.994146488247546
 20
6.1077582361854486
 10
10.918749634302586
 20
6.107837250497509
 10
10.843352780357625
 20
6.10791626480957
 10
10.767955926412665
 20
6.1079952791216305
 10
10.692559072467704
 20
6.108074293433692
 10
10.617162218522743
 20
6.108153307745752
 10
10.541765364577783
 20
6.108232322057813
 10
10.466368510632822
 20
6.108311336369874
  0
LWPOLYLINE
  5
63
330
17
100
AcDbEntity
  8
KEDER
100
AcDbPolyline
 90
41
 70
0
 10
10.390971656687862
 20
6.108390350681935
 10
10.39290512060046
 20
6.235117087115255
 10
10.395388431374204
 20
6.362056359970326
 10
10.39841752401285
 20
6.489245818967312
 10
10.40210750952589
 20
6.61680704506688
 10
10.406462785873446
 20
6.744835629597178
 10
10.411334864727259
 20
6.87328268836568
 10
10.416716109569526
 20
7.002178199442898
 10
10.422695329565212
 20
7.131660080099557
 10
10.429292432057123
 20
7.2618328981094145
 10
10.436354526443177
 20
7.392575880875414
 10
10.443871376870137
 20
7.523907781383322
 10
10.451906376084178
 20
7.65595928257143
 10
10.460491033813412
 20
7.788846571273522
 10
10.469476328794839
 20
7.922385014029449
 10
10.478850594272998
 20
8.056580414106845
 10
10.48865494313826
 20
8.191538233855564
 10
10.498927744422272
 20
8.327381683938196
 10
10.50953115105915
 20
8.463880690254111
 10
10.520453230668668
 20
8.601028131309915
 10
10.531717321573563
 20
8.738893793260345
 10
10.543364017902178
 20
8.877595795969118
 10
10.55527213821201
 20
9.016884652290017
 10
10.567430522856583
 20
9.156741733296899
 10
10.579849757135213
 20
9.297198498079903
 10
10.592569071740748
 20
9.43834958738178
 10
10.605487137133359
 20
9.57995629532108
 10
10.618594429840494
 20
9.72199087276127
 10
10.631893619351969
 20
9.864450706971816
 10
10.645420847861722
 20
10.00738475792253
 10
10.659095294453254
 20
10.150595994018849
 10
10.672909759814436
 20
10.294050538877297
 10
10.686863119480279
 20
10.437721280511031
 10
10.700989209032963
 20
10.581588747138651
 10
10.715225776733252
 20
10.725525973001
 10
10.72956847569969
 20
10.869496281048766
 10
10.744015402219484
 20
11.013461008050632
 10
10.758601818631018
 20
11.157312632494055
 10
10.773279523740019
 20
11.301017287982907
 10
10.788047401059892
 20
11.444538958479788
 10
10.802904387700867
 20
11.587841658374957
  0
LWPOLYLINE
  5
64
330
17
100
AcDbEntity
  8
KEDER
100
AcDbPolyline
 90
41
 70
0
 10
11.59732131980723
 20
6.107126121688961
 10
11.599202497677934
 20
6.2332831344711925
 10
11.601618722043085
 20
6.359602671674241
 10
11.604566067330213
 20
6.4861135798885465
 10
11.608156609041128
 20
6.612908984514267
 10
11.612394700315926
 20
6.740062326071738
 10
11.617135843113893
 20
6.867536407503331
 10
11.622372615057209
 20
6.9953543837127015
 10
11.628191469986934
 20
7.1236223431056995
 10
11.634611734767802
 20
7.252421137116312
 10
11.641484515916185
 20
7.381658403889322
 10
11.64879977992486
 20
7.511348847072774
 10
11.65661907151793
 20
7.641593486023894
 10
11.66497272509934
 20
7.772482583506372
 10
11.673715604820176
 20
7.903874259777686
 10
11.682836187252658
 20
8.035773284309732
 10
11.692374089849135
 20
8.168261527158803
 10
11.702365931843442
 20
8.301434874641284
 10
11.71267770279859
 20
8.435115694153351
 10
11.723297577937174
 20
8.569298641031441
 10
11.734247717723559
 20
8.70403796846497
 10
11.745566555737827
 20
8.839425387064551
 10
11.757136833002303
 20
8.975267553528264
 10
11.768947546548375
 20
9.111549951163205
 10
11.781008510154733
 20
9.248296810710888
 10
11.793356756623318
 20
9.38558084734091
 10
11.805894987011486
 20
9.523216781417316
 10
11.818613993154269
 20
9.661182719410625
 10
11.831516212402919
 20
9.799476013639774
 10
11.84463618084505
 20
9.938132537085743
 10
11.85789695957403
 20
10.076999793350303
 10
11.871291912825289
 20
10.216050889348
 10
11.884820287488324
 20
10.355263827639385
 10
11.89851577899204
 20
10.494619451077309
 10
11.91231925507102
 20
10.634020977753492
 10
11.926227212376125
 20
10.773439238967141
 10
11.940238622376834
 20
10.912843245604874
 10
11.954391090445958
 20
11.052143331386088
 10
11.968637846243102
 20
11.191317046572921
 10
11.982978846985464
 20
11.330335818592776
 10
11.99741410661748
 20
11.469171100903173
  0
LWPOLYLINE
  5
65
330
17
100
AcDbEntity
  8
CLAMP
100
AcDbPolyline
 90
2
 70
0
 10
10.390971656687862
 20
6.108390350681935
 10
11.59732131980723
 20
6.107126121688961
  0
LWPOLYLINE
  5
66
330
17
100
AcDbEntity
  8
KEDER
100
AcDbPolyline
 90
2
 70
0
 10
10.802904387700867
 20
11.587841658374957
 10
11.99741410661748
 20
11.469171100903173
  0
TEXT
  5
67
330
17
100
AcDbEntity
  8
TEXTO
100
AcDbText
 10
10.38897316244558
 20
-0.35
 30
0.0
 40
0.12
  1
P4E · x1 · 6.54 m2
 11
10.38897316244558
 21
-0.35
 31
0.0
100
AcDbText
  0
TEXT
  5
68
330
17
100
AcDbEntity
  8
TEXTO
100
AcDbText
 10
10.38897316244558
 20
-0.55
 30
0.0
 40
0.06
  1
ZION CASULO · LONA EXTERNA · PVDF tipo II 1050 g/m² (poliéster de alta tenacidade, PVC + 
 11
10.38897316244558
 21
-0.55
 31
0.0
100
AcDbText
  0
LWPOLYLINE
  5
69
330
17
100
AcDbEntity
  8
CONTORNO
100
AcDbPolyline
 90
112
 70
1
 10
13.48521289185899
 20
0.0
 10
13.45103011231787
 20
0.1353999173047718
 10
13.417195393561432
 20
0.2710653107770383
 10
13.383711341482615
 20
0.4069666336445361
 10
13.350580657713985
 20
0.543074328777303
 10
13.31797733886849
 20
0.6794009326596008
 10
13.285757904837201
 20
0.8158225351905344
 10
13.253920120604452
 20
0.9523057007060436
 10
13.222471898137393
 20
1.0888212219650322
 10
13.191605410771015
 20
1.225307779128946
 10
13.161190473992603
 20
1.3617160534340385
 10
13.131216829496758
 20
1.4980207902112816
 10
13.101696917472555
 20
1.6341957142663628
 10
13.072847265976128
 20
1.7701258817323975
 10
13.044546467682723
 20
1.9058177210499696
 10
13.01677062621787
 20
2.0412646855483905
 10
12.989535778323003
 20
2.176445809304698
 10
12.963084580899592
 20
2.3112156236524966
 10
12.93730497979622
 20
2.445616305911737
 10
12.912151971788813
 20
2.5796672841487167
 10
12.887644010844584
 20
2.7133548546000688
 10
12.864047394572363
 20
2.846526409798501
 10
12.84126415168087
 20
2.979241652078572
 10
12.819219602800247
 20
3.111548578224276
 10
12.797933180381118
 20
3.2434420462820017
 10
12.77768838149352
 20
3.37478337113455
 10
12.758408909172779
 20
3.505635770020217
 10
12.739981721978376
 20
3.6360728589586957
 10
12.722425552752606
 20
3.766098496305979
 10
12.706031302864
 20
3.8956043013266632
 10
12.69075323333314
 20
4.024648830289071
 10
12.676432382766123
 20
4.153322737486259
 10
12.663084966874706
 20
4.281638324216819
 10
12.650997172226898
 20
4.409527473156397
 10
12.64016226071988
 20
4.5370422793646705
 10
12.63037034921325
 20
4.66427708478565
 10
12.621633383191954
 20
4.791251073384909
 10
12.61421989358515
 20
4.917939120957777
 10
12.608168448450302
 20
5.04439077360158
 10
12.603217166055712
 20
5.170687750849313
 10
12.59937231433316
 20
5.29685370458034
 10
12.676095824026822
 20
5.297286263401171
 10
12.752819333720485
 20
5.297718822222001
 10
12.829542843414147
 20
5.298151381042832
 10
12.90626635310781
 20
5.298583939863661
 10
12.982989862801473
 20
5.299016498684492
 10
13.059713372495136
 20
5.299449057505322
 10
13.136436882188798
 20
5.299881616326153
 10
13.213160391882461
 20
5.300314175146983
 10
13.289883901576124
 20
5.300746733967814
 10
13.366607411269786
 20
5.301179292788644
 10
13.443330920963449
 20
5.301611851609475
 10
13.520054430657112
 20
5.302044410430305
 10
13.596777940350774
 20
5.302476969251135
 10
13.673501450044437
 20
5.302909528071965
 10
13.7502249597381
 20
5.303342086892796
 10
13.826948469431763
 20
5.303774645713626
 10
13.83057006508507
 20
5.180504605565769
 10
13.835233731198569
 20
5.057181752895181
 10
13.840933500405134
 20
4.933796507732082
 10
13.847915854306375
 20
4.810315792284595
 10
13.856144176666112
 20
4.686719360906122
 10
13.86536540151136
 20
4.563017189449084
 10
13.87556807146091
 20
4.439201358932902
 10
13.886949248369618
 20
4.315233300483748
 10
13.899514472626773
 20
4.191091377956527
 10
13.912994107356441
 20
4.066803070741457
 10
13.92737245642461
 20
3.9423631673540984
 10
13.942797933643238
 20
3.8177342854309515
 10
13.959311971442574
 20
3.692892041128061
 10
13.976640988802416
 20
3.5678807618818293
 10
13.994766745532637
 20
3.4426988183778118
 10
14.013793768021493
 20
3.317315942272698
 10
14.03379130263464
 20
3.191706448901755
 10
14.054493932341217
 20
3.0659277195858334
 10
14.075882809219529
 20
2.939982290296704
 10
14.09802619004785
 20
2.813851299522769
 10
14.121013145580989
 20
2.6875125021803443
 10
14.144596225460365
 20
2.561029224706001
 10
14.168757928426439
 20
2.4344083454894068
 10
14.193539266467354
 20
2.3076443608431227
 10
14.219043189566312
 20
2.1807264364687082
 10
14.245046173594805
 20
2.0537137373951184
 10
14.271533829078406
 20
1.926617187985269
 10
14.298528836380717
 20
1.7994438868221418
 10
14.32614583114788
 20
1.672204951038395
 10
14.354186255045294
 20
1.5449431449751627
 10
14.382640241965067
 20
1.4176726769315742
 10
14.411519579040132
 20
1.2904098684769663
 10
14.440953347401756
 20
1.163199698119945
 10
14.470763569510742
 20
1.0360554847176653
 10
14.5009458447156
 20
0.9089935791315444
 10
14.53150597925343
 20
0.7820340518458466
 10
14.562595708530687
 20
0.6552674493030929
 10
14.594047923286581
 20
0.5286653782836278
 10
14.625864083007498
 20
0.4022449556416392
 10
14.658045751499367
 20
0.2760233026764451
 10
14.584743697771843
 20
0.25877184625916727
 10
14.511441644044321
 20
0.24152038984188945
 10
14.438139590316798
 20
0.22426893342461163
 10
14.364837536589274
 20
0.2070174770073338
 10
14.29153548286175
 20
0.189766020590056
 10
14.218233429134226
 20
0.1725145641727782
 10
14.144931375406703
 20
0.15526310775550037
 10
14.071629321679179
 20
0.13801165133822255
 10
13.998327267951655
 20
0.12076019492094472
 10
13.925025214224132
 20
0.1035087385036669
 10
13.851723160496608
 20
0.0862572820863891
 10
13.778421106769084
 20
0.06900582566911127
 10
13.70511905304156
 20
0.05175436925183345
 10
13.631816999314037
 20
0.03450291283455564
 10
13.558514945586515
 20
0.01725145641727782
  0
LWPOLYLINE
  5
6A
330
17
100
AcDbEntity
  8
KEDER
100
AcDbPolyline
 90
41
 70
0
 10
13.48521289185899
 20
0.0
 10
13.45103011231787
 20
0.1353999173047718
 10
13.417195393561432
 20
0.2710653107770383
 10
13.383711341482615
 20
0.4069666336445361
 10
13.350580657713985
 20
0.543074328777303
 10
13.31797733886849
 20
0.6794009326596008
 10
13.285757904837201
 20
0.8158225351905344
 10
13.253920120604452
 20
0.9523057007060436
 10
13.222471898137393
 20
1.0888212219650322
 10
13.191605410771015
 20
1.225307779128946
 10
13.161190473992603
 20
1.3617160534340385
 10
13.131216829496758
 20
1.4980207902112816
 10
13.101696917472555
 20
1.6341957142663628
 10
13.072847265976128
 20
1.7701258817323975
 10
13.044546467682723
 20
1.9058177210499696
 10
13.01677062621787
 20
2.0412646855483905
 10
12.989535778323003
 20
2.176445809304698
 10
12.963084580899592
 20
2.3112156236524966
 10
12.93730497979622
 20
2.445616305911737
 10
12.912151971788813
 20
2.5796672841487167
 10
12.887644010844584
 20
2.7133548546000688
 10
12.864047394572363
 20
2.846526409798501
 10
12.84126415168087
 20
2.979241652078572
 10
12.819219602800247
 20
3.111548578224276
 10
12.797933180381118
 20
3.2434420462820017
 10
12.77768838149352
 20
3.37478337113455
 10
12.758408909172779
 20
3.505635770020217
 10
12.739981721978376
 20
3.6360728589586957
 10
12.722425552752606
 20
3.766098496305979
 10
12.706031302864
 20
3.8956043013266632
 10
12.69075323333314
 20
4.024648830289071
 10
12.676432382766123
 20
4.153322737486259
 10
12.663084966874706
 20
4.281638324216819
 10
12.650997172226898
 20
4.409527473156397
 10
12.64016226071988
 20
4.5370422793646705
 10
12.63037034921325
 20
4.66427708478565
 10
12.621633383191954
 20
4.791251073384909
 10
12.61421989358515
 20
4.917939120957777
 10
12.608168448450302
 20
5.04439077360158
 10
12.603217166055712
 20
5.170687750849313
 10
12.59937231433316
 20
5.29685370458034
  0
LWPOLYLINE
  5
6B
330
17
100
AcDbEntity
  8
KEDER
100
AcDbPolyline
 90
41
 70
0
 10
14.658045751499367
 20
0.2760233026764451
 10
14.625864083007498
 20
0.4022449556416392
 10
14.594047923286583
 20
0.5286653782836274
 10
14.562595708530687
 20
0.655267449303093
 10
14.53150597925343
 20
0.782034051845847
 10
14.5009458447156
 20
0.9089935791315447
 10
14.470763569510742
 20
1.036055484717665
 10
14.440953347401756
 20
1.1631996981199448
 10
14.411519579040132
 20
1.290409868476967
 10
14.382640241965067
 20
1.4176726769315742
 10
14.354186255045294
 20
1.5449431449751627
 10
14.326145831147878
 20
1.6722049510383952
 10
14.298528836380717
 20
1.7994438868221412
 10
14.271533829078404
 20
1.9266171879852694
 10
14.245046173594805
 20
2.0537137373951184
 10
14.219043189566312
 20
2.180726436468708
 10
14.193539266467354
 20
2.3076443608431227
 10
14.168757928426439
 20
2.4344083454894063
 10
14.144596225460365
 20
2.5610292247060014
 10
14.121013145580989
 20
2.6875125021803443
 10
14.09802619004785
 20
2.813851299522769
 10
14.075882809219529
 20
2.939982290296704
 10
14.054493932341217
 20
3.065927719585834
 10
14.03379130263464
 20
3.191706448901755
 10
14.013793768021493
 20
3.317315942272698
 10
13.994766745532637
 20
3.4426988183778118
 10
13.976640988802416
 20
3.5678807618818293
 10
13.959311971442574
 20
3.692892041128062
 10
13.942797933643238
 20
3.817734285430951
 10
13.92737245642461
 20
3.9423631673540993
 10
13.912994107356441
 20
4.066803070741457
 10
13.899514472626773
 20
4.191091377956527
 10
13.886949248369618
 20
4.315233300483749
 10
13.87556807146091
 20
4.439201358932901
 10
13.86536540151136
 20
4.563017189449083
 10
13.856144176666112
 20
4.686719360906122
 10
13.847915854306375
 20
4.810315792284595
 10
13.840933500405134
 20
4.933796507732082
 10
13.835233731198569
 20
5.05718175289518
 10
13.83057006508507
 20
5.180504605565769
 10
13.826948469431763
 20
5.303774645713626
  0
LWPOLYLINE
  5
6C
330
17
100
AcDbEntity
  8
CLAMP
100
AcDbPolyline
 90
2
 70
0
 10
12.59937231433316
 20
5.29685370458034
 10
13.826948469431763
 20
5.303774645713626
  0
LWPOLYLINE
  5
6D
330
17
100
AcDbEntity
  8
KEDER
100
AcDbPolyline
 90
2
 70
0
 10
13.48521289185899
 20
0.0
 10
14.658045751499367
 20
0.2760233026764451
  0
TEXT
  5
6E
330
17
100
AcDbEntity
  8
TEXTO
100
AcDbText
 10
12.595415612375199
 20
-0.35
 30
0.0
 40
0.12
  1
P5D · x1 · 6.35 m2
 11
12.595415612375199
 21
-0.35
 31
0.0
100
AcDbText
  0
TEXT
  5
6F
330
17
100
AcDbEntity
  8
TEXTO
100
AcDbText
 10
12.595415612375199
 20
-0.55
 30
0.0
 40
0.06
  1
ZION CASULO · LONA EXTERNA · PVDF tipo II 1050 g/m² (poliéster de alta tenacidade, PVC + 
 11
12.595415612375199
 21
-0.55
 31
0.0
100
AcDbText
  0
LWPOLYLINE
  5
70
330
17
100
AcDbEntity
  8
CONTORNO
100
AcDbPolyline
 90
112
 70
1
 10
15.258042028663748
 20
5.9185580102461754
 10
15.26188554588776
 20
6.044724004316479
 10
15.266835633319799
 20
6.171021027670574
 10
15.272886043191303
 20
6.297472729384162
 10
15.280298729143155
 20
6.42416082398249
 10
15.289035145250145
 20
6.551134849887869
 10
15.298826716250668
 20
6.678369680569425
 10
15.309661495420778
 20
6.805884497515754
 10
15.321749403389855
 20
6.933773635744413
 10
15.335097155456992
 20
7.062089187134302
 10
15.349418489313445
 20
7.190763039997702
 10
15.364697166790211
 20
7.319807496769932
 10
15.38109213265445
 20
7.449313211152641
 10
15.39864906263752
 20
7.579338745726519
 10
15.417076997469055
 20
7.7097757291338205
 10
15.43635717394976
 20
7.840628024454794
 10
15.456602579465846
 20
7.9719692558009
 10
15.477889426756018
 20
8.10386265545595
 10
15.49993422481405
 20
8.236169540601505
 10
15.52271752209927
 20
8.368884773958865
 10
15.546313946232079
 20
8.502056363202263
 10
15.5708213997758
 20
8.635744026869036
 10
15.595973666514825
 20
8.769795144726766
 10
15.62175229988004
 20
8.904196012959805
 10
15.64820229154232
 20
9.038966063956074
 10
15.675435693914299
 20
9.174147479031907
 10
15.70320996848021
 20
9.309594765053635
 10
15.731509116727498
 20
9.445286948555106
 10
15.760357078873076
 20
9.581217474555913
 10
15.789875384334715
 20
9.717392746847509
 10
15.819847581602499
 20
9.853697801588812
 10
15.850261291380859
 20
9.990106349075777
 10
15.881126856534717
 20
10.126593114795131
 10
15.912574751657427
 20
10.263108711364366
 10
15.944412746968425
 20
10.399591826828726
 10
15.976632996312853
 20
10.53601323587896
 10
16.009237822715
 20
10.672339479211296
 10
16.04237117300874
 20
10.808446525148947
 10
16.075858793380895
 20
10.944346967438753
 10
16.109698031171423
 20
11.080011232291804
 10
16.143886329025197
 20
11.215409756335301
 10
16.21718859638072
 20
11.19815920765622
 10
16.290490863736245
 20
11.180908658977138
 10
16.363793131091768
 20
11.163658110298057
 10
16.43709539844729
 20
11.146407561618975
 10
16.510397665802813
 20
11.129157012939894
 10
16.58369993315834
 20
11.111906464260812
 10
16.657002200513862
 20
11.09465591558173
 10
16.730304467869384
 20
11.07740536690265
 10
16.803606735224907
 20
11.060154818223568
 10
16.876909002580433
 20
11.042904269544486
 10
16.950211269935956
 20
11.025653720865405
 10
17.02351353729148
 20
11.008403172186323
 10
17.096815804647
 20
10.991152623507242
 10
17.170118072002523
 20
10.97390207482816
 10
17.24342033935805
 20
10.956651526149079
 10
17.316722606713572
 20
10.939400977469997
 10
17.284535310077082
 20
10.813180759598923
 10
17.25271451965196
 20
10.68676150406261
 10
17.221258623398583
 20
10.56016034915545
 10
17.19016611316062
 20
10.433394428781378
 10
17.15960435559379
 20
10.306435292182217
 10
17.129421149369588
 20
10.179373608732908
 10
17.0996106004853
 20
10.052229472807745
 10
17.070177044002335
 20
9.925019253529886
 10
17.04129851453942
 20
9.797756261809162
 10
17.01284564103683
 20
9.670485545261348
 10
16.9848065519341
 20
9.543223445392297
 10
16.95719105261059
 20
9.415984185058656
 10
16.93019762576413
 20
9.288810548423289
 10
16.903711513439923
 20
9.161713677367667
 10
16.877709991421614
 20
9.034700678766882
 10
16.852207411076243
 20
8.907782484472209
 10
16.827427179205916
 20
8.781018283583494
 10
16.80326634717132
 20
8.654397237810324
 10
16.779683914363993
 20
8.527913839136046
 10
16.756697374728454
 20
8.40157496591799
 10
16.73455409833057
 20
8.275443956810438
 10
16.713165082690406
 20
8.149498550661828
 10
16.692462122427052
 20
8.023719875229883
 10
16.6724640845907
 20
7.898110461806657
 10
16.653436381171534
 20
7.772727689035538
 10
16.6353098495799
 20
7.647545857549166
 10
16.61798001694887
 20
7.522534691239986
 10
16.601465153803765
 20
7.397692556176605
 10
16.586038899881814
 20
7.273063770389485
 10
16.571659885577382
 20
7.148623944089938
 10
16.558179713033947
 20
7.024335695761078
 10
16.545614100753244
 20
6.900193812882771
 10
16.534232761863098
 20
6.7762257693048085
 10
16.524030178387786
 20
6.652409932166883
 10
16.514809250276617
 20
6.528707739521984
 10
16.506581436005067
 20
6.405111274840141
 10
16.4995998460629
 20
6.281630516196112
 10
16.49390107418113
 20
6.158245225422449
 10
16.489238566239756
 20
6.034922329670975
 10
16.485618269266197
 20
5.911652251686561
 10
16.408894754228545
 20
5.912083861596536
 10
16.33217123919089
 20
5.912515471506513
 10
16.25544772415324
 20
5.912947081416489
 10
16.178724209115586
 20
5.913378691326464
 10
16.10200069407793
 20
5.91381030123644
 10
16.025277179040277
 20
5.914241911146416
 10
15.948553664002626
 20
5.914673521056392
 10
15.871830148964973
 20
5.915105130966368
 10
15.79510663392732
 20
5.915536740876344
 10
15.718383118889665
 20
5.91596835078632
 10
15.641659603852013
 20
5.916399960696296
 10
15.56493608881436
 20
5.916831570606272
 10
15.488212573776707
 20
5.9172631805162474
 10
15.411489058739054
 20
5.917694790426223
 10
15.334765543701401
 20
5.9181264003362
  0
LWPOLYLINE
  5
71
330
17
100
AcDbEntity
  8
KEDER
100
AcDbPolyline
 90
41
 70
0
 10
15.258042028663748
 20
5.9185580102461754
 10
15.26188554588776
 20
6.044724004316479
 10
15.266835633319799
 20
6.171021027670574
 10
15.272886043191303
 20
6.297472729384162
 10
15.280298729143155
 20
6.42416082398249
 10
15.289035145250145
 20
6.551134849887869
 10
15.298826716250668
 20
6.678369680569425
 10
15.309661495420778
 20
6.805884497515754
 10
15.321749403389855
 20
6.933773635744413
 10
15.335097155456992
 20
7.062089187134302
 10
15.349418489313445
 20
7.190763039997702
 10
15.364697166790211
 20
7.319807496769932
 10
15.38109213265445
 20
7.449313211152641
 10
15.39864906263752
 20
7.579338745726519
 10
15.417076997469055
 20
7.7097757291338205
 10
15.43635717394976
 20
7.840628024454794
 10
15.456602579465846
 20
7.9719692558009
 10
15.477889426756018
 20
8.10386265545595
 10
15.49993422481405
 20
8.236169540601505
 10
15.52271752209927
 20
8.368884773958865
 10
15.546313946232079
 20
8.502056363202263
 10
15.5708213997758
 20
8.635744026869036
 10
15.595973666514825
 20
8.769795144726766
 10
15.62175229988004
 20
8.904196012959805
 10
15.64820229154232
 20
9.038966063956074
 10
15.675435693914299
 20
9.174147479031907
 10
15.70320996848021
 20
9.309594765053635
 10
15.731509116727498
 20
9.445286948555106
 10
15.760357078873076
 20
9.581217474555913
 10
15.789875384334715
 20
9.717392746847509
 10
15.819847581602499
 20
9.853697801588812
 10
15.850261291380859
 20
9.990106349075777
 10
15.881126856534717
 20
10.126593114795131
 10
15.912574751657427
 20
10.263108711364366
 10
15.944412746968425
 20
10.399591826828726
 10
15.976632996312853
 20
10.53601323587896
 10
16.009237822715
 20
10.672339479211296
 10
16.04237117300874
 20
10.808446525148947
 10
16.075858793380895
 20
10.944346967438753
 10
16.109698031171423
 20
11.080011232291804
 10
16.143886329025197
 20
11.215409756335301
  0
LWPOLYLINE
  5
72
330
17
100
AcDbEntity
  8
KEDER
100
AcDbPolyline
 90
41
 70
0
 10
16.485618269266197
 20
5.911652251686561
 10
16.489238566239756
 20
6.034922329670975
 10
16.49390107418113
 20
6.158245225422449
 10
16.4995998460629
 20
6.281630516196112
 10
16.506581436005067
 20
6.405111274840141
 10
16.514809250276617
 20
6.528707739521984
 10
16.524030178387786
 20
6.652409932166883
 10
16.534232761863098
 20
6.776225769304808
 10
16.545614100753244
 20
6.900193812882771
 10
16.558179713033947
 20
7.024335695761078
 10
16.571659885577382
 20
7.148623944089938
 10
16.586038899881814
 20
7.273063770389485
 10
16.601465153803765
 20
7.3976925561766045
 10
16.61798001694887
 20
7.522534691239986
 10
16.6353098495799
 20
7.647545857549166
 10
16.653436381171534
 20
7.772727689035538
 10
16.6724640845907
 20
7.898110461806657
 10
16.692462122427052
 20
8.023719875229883
 10
16.713165082690406
 20
8.14949855066183
 10
16.73455409833057
 20
8.275443956810438
 10
16.756697374728454
 20
8.40157496591799
 10
16.779683914363993
 20
8.527913839136046
 10
16.80326634717132
 20
8.654397237810326
 10
16.827427179205916
 20
8.781018283583494
 10
16.852207411076243
 20
8.907782484472209
 10
16.877709991421614
 20
9.034700678766882
 10
16.903711513439923
 20
9.161713677367667
 10
16.93019762576413
 20
9.288810548423289
 10
16.95719105261059
 20
9.415984185058656
 10
16.9848065519341
 20
9.543223445392297
 10
17.01284564103683
 20
9.670485545261348
 10
17.04129851453942
 20
9.797756261809162
 10
17.070177044002335
 20
9.925019253529886
 10
17.0996106004853
 20
10.052229472807744
 10
17.129421149369588
 20
10.179373608732908
 10
17.15960435559379
 20
10.306435292182217
 10
17.19016611316062
 20
10.433394428781378
 10
17.221258623398583
 20
10.56016034915545
 10
17.25271451965196
 20
10.68676150406261
 10
17.284535310077082
 20
10.813180759598923
 10
17.316722606713572
 20
10.939400977469997
  0
LWPOLYLINE
  5
73
330
17
100
AcDbEntity
  8
CLAMP
100
AcDbPolyline
 90
2
 70
0
 10
15.258042028663748
 20
5.9185580102461754
 10
16.485618269266197
 20
5.911652251686561
  0
LWPOLYLINE
  5
74
330
17
100
AcDbEntity
  8
KEDER
100
AcDbPolyline
 90
2
 70
0
 10
16.143886329025197
 20
11.215409756335301
 10
17.316722606713572
 20
10.939400977469997
  0
LWPOLYLINE
  5
75
330
17
100
AcDbEntity
  8
RECORTE
100
AcDbPolyline
 90
48
 70
1
 10
16.862850483555164
 20
9.596584335883364
 10
16.858708600082604
 20
9.644884255813604
 10
16.84375487112558
 20
9.691374417807346
 10
16.823119256820505
 20
9.735125772419048
 10
16.798643723799444
 20
9.776267678205075
 10
16.771174895930734
 20
9.815188649394015
 10
16.74097443057157
 20
9.852314119263525
 10
16.707818001584222
 20
9.88800260786291
 10
16.67132050768892
 20
9.922479596655323
 10
16.63088851745352
 20
9.955737360417666
 10
16.58576873824402
 20
9.98734466414838
 10
16.535144984663074
 20
10.01599079135734
 10
16.478320737173927
 20
10.037454635023696
 10
16.41627719927486
 20
10.03614375775379
 10
16.356840981033738
 20
10.025885865553297
 10
16.301140502316734
 20
10.010782997399222
 10
16.248991677898776
 20
9.992314943012724
 10
16.199886422155828
 20
9.971132972530432
 10
16.153278592349697
 20
9.947438124149969
 10
16.108711130029665
 20
9.921138213019429
 10
16.066010490836184
 20
9.891937286214253
 10
16.02517227178745
 20
9.859346170517261
 10
15.986703069329206
 20
9.82273637071989
 10
15.952267721169575
 20
9.781439072588755
 10
15.927222667197166
 20
9.734902355699429
 10
15.930999121715278
 20
9.68417025977903
 10
15.945736142218538
 20
9.635690390615524
 10
15.966241962729828
 20
9.59043872083253
 10
15.99071736063944
 20
9.548280329387856
 10
16.01845885199554
 20
9.508823673206726
 10
16.04908526732475
 20
9.471573780109463
 10
16.08272459191272
 20
9.436162473365817
 10
16.119766082521057
 20
9.402373116898932
 10
16.16080668074609
 20
9.370236848899461
 10
16.206631705497582
 20
9.34022630932201
 10
16.25808170874852
 20
9.31368042724415
 10
16.315691486562656
 20
9.29471850047189
 10
16.37799833278588
 20
9.298439488481598
 10
16.437471472213005
 20
9.310638648697873
 10
16.49312009025195
 20
9.327204273262653
 10
16.54511213563741
 20
9.346667211278808
 10
16.593937802375113
 20
9.368400574587312
 10
16.64014983244013
 20
9.392227248959818
 10
16.684204739255996
 20
9.418247487065198
 10
16.72637252177252
 20
9.446762228519809
 10
16.76675941241062
 20
9.47825485326516
 10
16.804703170607453
 20
9.513298039525525
 10
16.838489597138867
 20
9.552533205380769
  0
TEXT
  5
76
330
17
100
AcDbEntity
  8
TEXTO
100
AcDbText
 10
16.39592188632444
 20
9.665895731303497
 30
0.0
 40
0.05
  1
Olho suíte (esq,) · 0,94 x 0,77 m
 11
16.39592188632444
 21
9.665895731303497
 31
0.0
100
AcDbText
  0
TEXT
  5
77
330
17
100
AcDbEntity
  8
TEXTO
100
AcDbText
 10
15.254089049541406
 20
-0.35
 30
0.0
 40
0.12
  1
P5E · x1 · 6.35 m2
 11
15.254089049541406
 21
-0.35
 31
0.0
100
AcDbText
  0
TEXT
  5
78
330
17
100
AcDbEntity
  8
TEXTO
100
AcDbText
 10
15.254089049541406
 20
-0.55
 30
0.0
 40
0.06
  1
ZION CASULO · LONA EXTERNA · PVDF tipo II 1050 g/m² (poliéster de alta tenacidade, PVC + 
 11
15.254089049541406
 21
-0.55
 31
0.0
100
AcDbText
  0
LWPOLYLINE
  5
79
330
17
100
AcDbEntity
  8
CONTORNO
100
AcDbPolyline
 90
224
 70
1
 10
19.36586371310449
 20
0.0
 10
19.30686967079351
 20
0.11627688598943385
 10
19.248681187793764
 20
0.2330727849148561
 10
19.191301771822136
 20
0.3503663528491701
 10
19.134735055211955
 20
0.4681362868816403
 10
19.07936124315944
 20
0.5865406609827085
 10
19.024852547703436
 20
0.7053573656110036
 10
18.971190731226454
 20
0.8245526148381941
 10
18.91838525502789
 20
0.9441073560201886
 10
18.866820799726007
 20
1.0641244903659368
 10
18.81621788869041
 20
1.1844542889168526
 10
18.76653250888013
 20
1.305058723741937
 10
18.717779487230672
 20
1.4259217330514902
 10
18.670354380628993
 20
1.5471057083384738
 10
18.624023701861862
 20
1.668515189424703
 10
18.57871006642469
 20
1.790114121206665
 10
18.534432720364965
 20
1.9118898685993462
 10
18.49159901468395
 20
2.0338775244232976
 10
18.450025302711953
 20
2.156019943980443
 10
18.409590387142895
 20
2.278286824767167
 10
18.370316540736052
 20
2.400668984036823
 10
18.332618412304054
 20
2.523184886695191
 10
18.296371156964643
 20
2.645802684562706
 10
18.261397597229703
 20
2.7684991674751736
 10
18.227721224090097
 20
2.8912681952065595
 10
18.195754597303868
 20
3.0141191243112884
 10
18.165443919639422
 20
3.1370355907852567
 10
18.13654369338745
 20
3.2600009030173474
 10
18.109076492069303
 20
3.383011220029372
 10
18.083439610713686
 20
3.5060712374234226
 10
18.059663447722595
 20
3.6291732341749348
 10
18.037423617283437
 20
3.752305483517838
 10
18.016739509685298
 20
3.8754655826278483
 10
17.99797792555424
 20
3.9986556657580956
 10
17.981264848587575
 20
4.12187218679092
 10
17.966190307075212
 20
4.245106846276311
 10
17.95276840778594
 20
4.3683579426722865
 10
17.941320375432316
 20
4.491625836464654
 10
17.932074868176258
 20
4.614908337601785
 10
17.924535325296414
 20
4.738199707342069
 10
17.918708960006608
 20
4.861498483842669
 10
17.928694566668405
 20
4.861643698875929
 10
17.938680173330205
 20
4.861788913909188
 10
17.948665779992005
 20
4.861934128942447
 10
17.958651386653806
 20
4.862079343975706
 10
17.968636993315602
 20
4.862224559008966
 10
17.978622599977403
 20
4.862369774042225
 10
17.988608206639203
 20
4.862514989075485
 10
17.998593813301
 20
4.862660204108743
 10
18.0085794199628
 20
4.862805419142003
 10
18.0185650266246
 20
4.862950634175262
 10
18.028550633286397
 20
4.863095849208522
 10
18.038536239948197
 20
4.863241064241781
 10
18.048521846609997
 20
4.86338627927504
 10
18.058507453271794
 20
4.863531494308299
 10
18.068493059933594
 20
4.863676709341559
 10
18.078478666595394
 20
4.863821924374818
 10
18.07801777467591
 20
4.878659914991764
 10
18.07755688275643
 20
4.893497905608711
 10
18.077095990836945
 20
4.9083358962256565
 10
18.076635098917464
 20
4.923173886842602
 10
18.07617420699798
 20
4.938011877459549
 10
18.075713315078495
 20
4.952849868076495
 10
18.075252423159014
 20
4.967687858693441
 10
18.07479153123953
 20
4.982525849310387
 10
18.07433063932005
 20
4.997363839927334
 10
18.074155746278247
 20
5.012203001775399
 10
18.07400181047139
 20
5.027042249448157
 10
18.073847874664533
 20
5.041881497120915
 10
18.073693938857676
 20
5.056720744793673
 10
18.07354000305082
 20
5.071559992466431
 10
18.073386067243963
 20
5.086399240139189
 10
18.073232131437106
 20
5.101238487811947
 10
18.07307819563025
 20
5.116077735484706
 10
18.072924259823388
 20
5.130916983157464
 10
18.07277032401653
 20
5.145756230830221
 10
18.072616388209674
 20
5.160595478502979
 10
18.072769859346348
 20
5.175434730988749
 10
18.07292333048302
 20
5.190273983474519
 10
18.073076801619695
 20
5.205113235960289
 10
18.07323027275637
 20
5.21995248844606
 10
18.073383743893043
 20
5.23479174093183
 10
18.073537215029717
 20
5.2496309934175995
 10
18.07369068616639
 20
5.26447024590337
 10
18.073844157303064
 20
5.279309498389139
 10
18.073997628439738
 20
5.29414875087491
 10
18.07415109957641
 20
5.30898800336068
 10
18.074325528721054
 20
5.323827170654107
 10
18.074785967292694
 20
5.338665175345957
 10
18.075246405864338
 20
5.353503180037808
 10
18.075706844435977
 20
5.368341184729657
 10
18.07616728300762
 20
5.383179189421507
 10
18.07662772157926
 20
5.398017194113358
 10
18.077088160150904
 20
5.4128551988052065
 10
18.077548598722544
 20
5.427693203497056
 10
18.078009037294187
 20
5.442531208188905
 10
18.078469475865827
 20
5.457369212880755
 10
18.06848386464772
 20
5.457514114264281
 10
18.05849825342962
 20
5.457659015647807
 10
18.048512642211513
 20
5.457803917031333
 10
18.038527030993407
 20
5.4579488184148595
 10
18.028541419775305
 20
5.458093719798385
 10
18.0185558085572
 20
5.458238621181911
 10
18.008570197339093
 20
5.458383522565438
 10
17.99858458612099
 20
5.458528423948963
 10
17.988598974902885
 20
5.45867332533249
 10
17.97861336368478
 20
5.458818226716016
 10
17.968627752466677
 20
5.458963128099541
 10
17.95864214124857
 20
5.459108029483068
 10
17.948656530030465
 20
5.459252930866594
 10
17.938670918812363
 20
5.4593978322501195
 10
17.928685307594257
 20
5.459542733633646
 10
17.91869969637615
 20
5.459687635017172
 10
17.924522432062226
 20
5.5829865823298945
 10
17.932058498240593
 20
5.70627816335473
 10
17.94130070427586
 20
5.829560911359296
 10
17.952745701083046
 20
5.952829087028686
 10
17.966164827785892
 20
6.076080484249803
 10
17.981236819284035
 20
6.19931545400802
 10
17.99794756472934
 20
6.322532290537762
 10
18.016707075510354
 20
6.445722689416901
 10
18.037389311944885
 20
6.568883102067919
 10
18.059627398810967
 20
6.692015665535174
 10
18.083401915408885
 20
6.815117980082496
 10
18.10903720993504
 20
6.93817832804732
 10
18.13650279452132
 20
7.0611890061371705
 10
18.165401324076214
 20
7.184154717753778
 10
18.195710188888185
 20
7.30707163189006
 10
18.22767480518162
 20
7.4299230841207855
 10
18.26134888696228
 20
7.552692740989043
 10
18.296319908599514
 20
7.675389948824612
 10
18.332564369505025
 20
7.798008573731875
 10
18.37025939754476
 20
7.920525430337623
 10
18.40952982960735
 20
8.042908685791899
 10
18.449961141474805
 20
8.165176759267325
 10
18.491531104293045
 20
8.28732045518676
 10
18.534360967706657
 20
8.40930946008377
 10
18.57863454405994
 20
8.531086577984096
 10
18.623944613221177
 20
8.652686837605064
 10
18.67027203117721
 20
8.774097561396966
 10
18.71769435316264
 20
8.89528262640106
 10
18.766445511608463
 20
9.016146386460171
 10
18.816129923052177
 20
9.13675121607332
 10
18.866732896566006
 20
9.257080983856147
 10
18.918298679641772
 20
9.377097547725175
 10
18.971107540979
 20
9.496650792505068
 10
19.024774435925984
 20
9.61584374770407
 10
19.07929002752039
 20
9.73465728050416
 10
19.13467274968636
 20
9.853057487231098
 10
19.191251502487578
 20
9.970821638403642
 10
19.248645272960328
 20
10.088108172492303
 10
19.306850491903585
 20
10.204895720837056
 10
19.365863713104492
 20
10.321162874268635
 10
19.435814454866627
 20
10.289489322437097
 10
19.50576519662876
 20
10.25781577060556
 10
19.575715938390896
 20
10.226142218774022
 10
19.64566668015303
 20
10.194468666942484
 10
19.715617421915166
 20
10.162795115110947
 10
19.7855681636773
 20
10.13112156327941
 10
19.855518905439435
 20
10.09944801144787
 10
19.92546964720157
 20
10.067774459616334
 10
19.995420388963705
 20
10.036100907784796
 10
20.06537113072584
 20
10.004427355953258
 10
20.135321872487975
 20
9.97275380412172
 10
20.205272614250106
 20
9.941080252290183
 10
20.27522335601224
 20
9.909406700458645
 10
20.345174097774375
 20
9.877733148627106
 10
20.41512483953651
 20
9.84605959679557
 10
20.485075581298645
 20
9.814386044964031
 10
20.373561409150994
 20
9.598584754300058
 10
20.265965464651586
 20
9.380903207396369
 10
20.16254535259319
 20
9.161264086739143
 10
20.063279379426998
 20
8.939723778240687
 10
19.967879924477664
 20
8.716450665717494
 10
19.877101114097368
 20
8.491160798483692
 10
19.79043512176638
 20
8.264132664031669
 10
19.708423031074
 20
8.03520676208309
 10
19.63134028960102
 20
7.804369810161653
 10
19.5590644945299
 20
7.5717675293526305
 10
19.49276463816357
 20
7.337126051086941
 10
19.43191887931028
 20
7.100780262602389
 10
19.377306743626143
 20
6.8626599991336565
 10
19.32928951530932
 20
6.622884013555335
 10
19.287636777964625
 20
6.381707184900745
 10
19.253737092774724
 20
6.139103707477662
 10
19.226724561452578
 20
5.8954886997121685
 10
19.207362226941914
 20
5.651009499864411
 10
19.195808953626514
 20
5.4059537522485535
 10
19.191543712538785
 20
5.160613051282101
 10
19.19581656074456
 20
4.915272481763427
 10
19.207376957978468
 20
4.670217066986037
 10
19.226745517850006
 20
4.425738357095698
 10
19.253763140221157
 20
4.182123908978011
 10
19.287666873555214
 20
3.93952099434023
 10
19.329322719790298
 20
3.698344701015381
 10
19.377342689418665
 20
3.458569263902453
 10
19.43195770103938
 20
3.2204496613131215
 10
19.492807066696024
 20
2.9841048051341983
 10
19.55911156726405
 20
2.7494646422369198
 10
19.631393363622745
 20
2.516864229054165
 10
19.708482992898936
 20
2.2860295797674337
 10
19.790502216393136
 20
2.0571062326856686
 10
19.877174261999365
 20
1.8300804035133362
 10
19.967956684956555
 20
1.6047919851196997
 10
20.06335466403941
 20
1.3815182298863469
 10
20.16261274270331
 20
1.1599743597059917
 10
20.266016084967006
 20
0.9403273216624759
 10
20.373584512493846
 20
0.7226321379062987
 10
20.485060148794798
 20
0.5068109104634443
 10
20.415110371564154
 20
0.47513522855947904
 10
20.34516059433351
 20
0.44345954665551374
 10
20.275210817102867
 20
0.4117838647515485
 10
20.205261039872223
 20
0.3801081828475832
 10
20.13531126264158
 20
0.34843250094361794
 10
20.065361485410932
 20
0.3167568190396527
 10
19.99541170818029
 20
0.2850811371356874
 10
19.925461930949645
 20
0.25340545523172214
 10
19.855512153719
 20
0.22172977332775687
 10
19.785562376488357
 20
0.1900540914237916
 10
19.71561259925771
 20
0.15837840951982635
 10
19.645662822027067
 20
0.12670272761586107
 10
19.575713044796423
 20
0.0950270457118958
 10
19.50576326756578
 20
0.06335136380793054
 10
19.435813490335136
 20
0.03167568190396527
  0
LWPOLYLINE
  5
7A
330
17
100
AcDbEntity
  8
KEDER
100
AcDbPolyline
 90
65
 70
0
 10
19.36586371310449
 20
0.0
 10
19.287649410679965
 20
0.1541598976693118
 10
19.211019223622618
 20
0.3093404233125017
 10
19.135986500186235
 20
0.4654603548226217
 10
19.06257189910764
 20
0.62244087627104
 10
18.990803353893238
 20
0.7802059383063161
 10
18.920715962488583
 20
0.9386825953242165
 10
18.852351806662856
 20
1.0978013143358856
 10
18.785759704832053
 20
1.2574962500369609
 10
18.72099490129256
 20
1.4177054803926246
 10
18.65811869405275
 20
1.578371197146506
 10
18.5971980027403
 20
1.7394398460702538
 10
18.53830487752499
 20
1.9008622125181545
 10
18.481515949713632
 20
2.0625934489433244
 10
18.426911824710157
 20
2.224593042453467
 10
18.374576418430692
 20
2.386824722194635
 10
18.324596239034335
 20
2.5492563082829793
 10
18.277059616957448
 20
2.7118595060618302
 10
18.23205588767421
 20
2.874609651525178
 10
18.189674533269468
 20
3.037485415682517
 10
18.150004290698277
 20
3.200468477301443
 10
18.11313223639999
 20
3.3635431747177247
 10
18.07914285860825
 20
3.5266961481330474
 10
18.04811713013252
 20
3.689915983947537
 10
18.020131595481818
 20
3.853192872160581
 10
17.99525748688193
 20
4.016518286731442
 10
17.97355988396275
 20
4.1798846970816586
 10
17.955096931653262
 20
4.343285316748128
 10
17.939919130139813
 20
4.5067138926963155
 10
17.928068709664288
 20
4.670164536135148
 10
17.919579101522555
 20
4.833631593003952
 10
17.91447451493759
 20
4.997109549787817
 10
17.91276962759123
 20
5.160592968105963
 10
17.91446939556212
 20
5.324076439731369
 10
17.91956898628386
 20
5.487554552434267
 10
17.928053835945295
 20
5.651021856363746
 10
17.939899830535868
 20
5.8144728206257374
 10
17.95507360752179
 20
5.977901770286486
 10
17.97353297295397
 20
6.1413027952012955
 10
17.995227426693777
 20
6.304669623780677
 10
18.02009878644614
 20
6.4679954569714235
 10
18.04808189946932
 20
6.6312727602310995
 10
18.079105429256735
 20
6.794493013969071
 10
18.113092703229945
 20
6.957646425655131
 10
18.149962606614675
 20
7.120721609389467
 10
18.189630507250243
 20
7.283705241020078
 10
18.232009196143608
 20
7.446581698737873
 10
18.27700982912855
 20
7.609332700359045
 10
18.324542855999734
 20
7.771936949143792
 10
18.374518924895966
 20
7.934369799975593
 10
18.426849751411023
 20
8.096602957062325
 10
18.48144894379344
 20
8.258604213094602
 10
18.538232777526588
 20
8.420337238120858
 10
18.597120914425908
 20
8.581761424412113
 10
18.658037063032495
 20
8.74283179144171
 10
18.72090957842802
 20
8.90349895294256
 10
18.78567200058091
 20
9.063709145956468
 10
18.852263530929328
 20
9.223404319962043
 10
18.920629447117694
 20
9.382522282635664
 10
18.990721455665398
 20
9.540996897609883
 10
19.06249798192151
 20
9.698758328763986
 10
19.13592439602869
 20
9.8557333251077
 10
19.210973172879868
 20
10.011845540177971
 10
19.287623983307334
 20
10.167015880024715
 10
19.365863713104492
 20
10.321162874268635
  0
LWPOLYLINE
  5
7B
330
17
100
AcDbEntity
  8
KEDER
100
AcDbPolyline
 90
65
 70
0
 10
20.485060148794798
 20
0.5068109104634443
 10
20.414771451935533
 20
0.6414002477131121
 10
20.346126552866053
 20
0.7767867313684227
 10
20.279100818278344
 20
0.9129451897279361
 10
20.21367715172167
 20
1.0498558494006331
 10
20.14984664044872
 20
1.1875039872823319
 10
20.087609041354828
 20
1.32587949153758
 10
20.026973098066282
 20
1.4649763374094977
 10
19.967956684956555
 20
1.6047919851196997
 10
19.910586777479935
 20
1.745326708739865
 10
19.854899251678987
 20
1.8865828666956501
 10
19.800938519024886
 20
2.0285641264377885
 10
19.74875700586614
 20
2.171274657677186
 10
19.69841448965714
 20
2.314718310289996
 10
19.64997730676218
 20
2.4588977943960435
 10
19.60351744891359
 20
2.603813881041348
 10
19.55911156726405
 20
2.7494646422369198
 10
19.516839904333168
 20
2.895844748726697
 10
19.47678517493793
 20
3.0429448427391987
 10
19.439031417375958
 20
3.1907510011451867
 10
19.403662835693076
 20
3.3392443019848583
 10
19.37076265285006
 20
3.4884005043818522
 10
19.34041199308406
 20
3.6381898486023907
 10
19.31268880984965
 20
3.7885769796348665
 10
19.287666873555214
 20
3.93952099434023
 10
19.26541483102505
 20
4.090975609113547
 10
19.245995346351894
 20
4.242889442220987
 10
19.229464330677256
 20
4.395206402608232
 10
19.215870266541017
 20
4.547866175045561
 10
19.20525363083783
 20
4.700804789971157
 10
19.19764641913633
 20
4.853955265277242
 10
19.19307177315691
 20
5.007248306492705
 10
19.191543712538785
 20
5.160613051282101
 10
19.19306697160958
 20
5.313977843836888
 10
19.197636941637803
 20
5.467271024522996
 10
19.205239718925718
 20
5.620421720028638
 10
19.215852259006702
 20
5.773360619207503
 10
19.229442637064043
 20
5.926020719838335
 10
19.245970414404923
 20
6.078338031648304
 10
19.26538711032942
 20
6.230252221221699
 10
19.287636777964625
 20
6.381707184900745
 10
19.31265668154163
 20
6.532651536554896
 10
19.340378071154444
 20
6.683038998222293
 10
19.370727049259578
 20
6.832828683174978
 10
19.403625521092394
 20
6.981985262968369
 10
19.43899221886475
 20
7.130479012510895
 10
19.47674378717557
 20
7.278285730094562
 10
19.516795914645574
 20
7.42538653257551
 10
19.5590644945299
 20
7.5717675293526305
 10
19.60346679511978
 20
7.7174193822905455
 10
19.64992261925518
 20
7.862336762075724
 10
19.6983554313443
 20
8.006517714482849
 10
19.748693429992787
 20
8.149962952484056
 10
19.800870544709777
 20
8.292675091918573
 10
19.854827336159108
 20
8.434657849473938
 10
19.910511781004754
 20
8.575915221998326
 10
19.967879924477664
 20
8.716450665717494
 10
20.026896386274103
 20
8.856266292876946
 10
20.087534708195598
 20
8.995362101816514
 10
20.14977753498338
 20
9.13373525467621
 10
20.21361662303245
 20
9.27137941499087
 10
20.27905267505637
 20
9.408284155497745
 10
20.346095002290202
 20
9.544434444659883
 10
20.41476101944218
 20
9.67981021876032
 10
20.485075581298645
 20
9.814386044964031
  0
LWPOLYLINE
  5
7C
330
17
100
AcDbEntity
  8
KEDER
100
AcDbPolyline
 90
2
 70
0
 10
19.36586371310449
 20
0.0
 10
20.485060148794798
 20
0.5068109104634443
  0
LWPOLYLINE
  5
7D
330
17
100
AcDbEntity
  8
KEDER
100
AcDbPolyline
 90
2
 70
0
 10
19.365863713104492
 20
10.321162874268635
 10
20.485075581298645
 20
9.814386044964031
  0
LWPOLYLINE
  5
7E
330
17
100
AcDbEntity
  8
CLAMP
100
AcDbPolyline
 90
42
 70
0
 10
18.078478666595394
 20
4.863821924374818
 10
18.07801777467591
 20
4.878659914991764
 10
18.07755688275643
 20
4.893497905608711
 10
18.077095990836945
 20
4.9083358962256565
 10
18.076635098917464
 20
4.923173886842602
 10
18.07617420699798
 20
4.938011877459549
 10
18.075713315078495
 20
4.952849868076495
 10
18.075252423159014
 20
4.967687858693441
 10
18.07479153123953
 20
4.982525849310387
 10
18.07433063932005
 20
4.997363839927334
 10
18.074155746278247
 20
5.012203001775399
 10
18.07400181047139
 20
5.027042249448157
 10
18.073847874664533
 20
5.041881497120915
 10
18.073693938857676
 20
5.056720744793673
 10
18.07354000305082
 20
5.071559992466431
 10
18.073386067243963
 20
5.086399240139189
 10
18.073232131437106
 20
5.101238487811947
 10
18.07307819563025
 20
5.116077735484706
 10
18.072924259823388
 20
5.130916983157464
 10
18.07277032401653
 20
5.145756230830221
 10
18.072616388209674
 20
5.160595478502979
 10
18.072769859346348
 20
5.175434730988749
 10
18.07292333048302
 20
5.190273983474519
 10
18.073076801619695
 20
5.205113235960289
 10
18.07323027275637
 20
5.21995248844606
 10
18.073383743893043
 20
5.23479174093183
 10
18.073537215029717
 20
5.2496309934175995
 10
18.07369068616639
 20
5.26447024590337
 10
18.073844157303064
 20
5.279309498389139
 10
18.073997628439738
 20
5.29414875087491
 10
18.07415109957641
 20
5.30898800336068
 10
18.074325528721054
 20
5.323827170654107
 10
18.074785967292694
 20
5.338665175345957
 10
18.075246405864338
 20
5.353503180037808
 10
18.075706844435977
 20
5.368341184729657
 10
18.07616728300762
 20
5.383179189421507
 10
18.07662772157926
 20
5.398017194113358
 10
18.077088160150904
 20
5.4128551988052065
 10
18.077548598722544
 20
5.427693203497056
 10
18.078009037294187
 20
5.442531208188905
 10
18.078469475865827
 20
5.457369212880755
 10
17.91869969637615
 20
5.459687635017172
  0
LWPOLYLINE
  5
7F
330
17
100
AcDbEntity
  8
CLAMP
100
AcDbPolyline
 90
2
 70
0
 10
18.078478666595394
 20
4.863821924374818
 10
17.918708960006608
 20
4.861498483842669
  0
TEXT
  5
80
330
17
100
AcDbEntity
  8
TEXTO
100
AcDbText
 10
17.91276962759123
 20
-0.35
 30
0.0
 40
0.12
  1
P6 · x1 · 12.72 m2
 11
17.91276962759123
 21
-0.35
 31
0.0
100
AcDbText
  0
TEXT
  5
81
330
17
100
AcDbEntity
  8
TEXTO
100
AcDbText
 10
17.91276962759123
 20
-0.55
 30
0.0
 40
0.06
  1
ZION CASULO · LONA EXTERNA · PVDF tipo II 1050 g/m² (poliéster de alta tenacidade, PVC + 
 11
17.91276962759123
 21
-0.55
 31
0.0
100
AcDbText
  0
LWPOLYLINE
  5
82
330
17
100
AcDbEntity
  8
CONTORNO
100
AcDbPolyline
 90
130
 70
1
 10
23.15494821164606
 20
0.0
 10
23.040125960459672
 20
0.09935110084929961
 10
22.927834978554763
 20
0.20149001364770527
 10
22.818120346380766
 20
0.30634359902648994
 10
22.711029278723274
 20
0.4138437762622083
 10
22.60661189267993
 20
0.5239271697579571
 10
22.50492186570777
 20
0.6365346177055419
 10
22.40601697271576
 20
0.7516105591192321
 10
22.309959494304593
 20
0.8691023171376111
 10
22.216816490911665
 20
0.9889592975176328
 10
22.126659939807904
 20
1.111132121759917
 10
22.03956673371024
 20
1.23557171448732
 10
21.955618541373575
 20
1.3622283647097744
 10
21.874901532085644
 20
1.4910507805572135
 10
21.797505967666837
 20
1.6219851569912869
 10
21.72352566748342
 20
1.7549742758870548
 10
21.65305735415365
 20
1.8899566576203
 10
21.586199890018754
 20
2.0268657827813064
 10
21.5230534169512
 20
2.165629401732892
 10
21.463718414517718
 20
2.3061689483345624
 10
21.40829469372051
 20
2.4483990722096145
 10
21.35688034533305
 20
2.592227301443273
 10
21.309570663090444
 20
2.737553844636022
 10
21.26645706260506
 20
2.884271537918103
 10
21.227626016835508
 20
3.032265939014019
 10
21.19315802827725
 20
3.1814155668970474
 10
21.16312665684976
 20
3.3315922821512762
 10
21.13759762084151
 20
3.482661799994337
 10
21.116627986365962
 20
3.6344843251028305
 10
21.100265458700612
 20
3.78691529497908
 10
21.088547786732494
 20
3.9398062166193104
 10
21.08150228959601
 20
4.093005579676154
 10
21.079145512513726
 20
4.246359828118622
 10
21.081483016858574
 20
4.39971437153683
 10
21.088509307542207
 20
4.5529146166742045
 10
21.100207898973704
 20
4.705806999463113
 10
21.116551518986846
 20
4.858239997773452
 10
21.13750244825826
 20
5.010065105259077
 10
21.16301299079096
 20
5.161137747125605
 10
21.193026068987088
 20
5.31131811938363
 10
21.22747593466776
 20
5.460471934244269
 10
21.2662889851294
 20
5.608471055813139
 10
21.30938467099865
 20
5.755194012191094
 10
21.35667648033793
 20
5.900526372523084
 10
21.408072981268564
 20
6.0443609804472
 10
21.463478903450614
 20
6.186598038739603
 10
21.52279623723509
 20
6.327145043636488
 10
21.585925328329214
 20
6.465916571202637
 10
21.65276594551229
 20
6.602833922029646
 10
21.723218299390165
 20
6.737824634284188
 10
21.79718399140243
 20
6.870821878485142
 10
21.874566874251617
 20
7.001763750191005
 10
21.95527380748855
 20
7.1305924788995005
 10
22.039215294984206
 20
7.257253572843868
 10
22.12630599422848
 20
7.381694920038742
 10
22.21646509059639
 20
7.503865865980826
 10
22.30961653271496
 20
7.623716287999702
 10
22.405689127711277
 20
7.741195685562147
 10
22.50461649736562
 20
7.856252305029607
 10
22.60633689806299
 20
7.9688323165806505
 10
22.71079290903957
 20
8.078879060296794
 10
22.817930994920022
 20
8.18633237774956
 10
22.927700950116545
 20
8.291128044721123
 10
23.040055234469147
 20
8.393197319786754
 10
23.154948211646065
 20
8.4924666222065
 10
24.070233325887436
 20
7.661182424748811
 10
23.974829689176374
 20
7.588475008251265
 10
23.881976609303795
 20
7.513376117317581
 10
23.791662748641375
 20
7.435926405623309
 10
23.703873345216927
 20
7.356155482867926
 10
23.61859265647986
 20
7.274082269908899
 10
23.535806363142502
 20
7.189715796197316
 10
23.455503838903393
 20
7.103056426740785
 10
23.377680196661704
 20
7.014097483425562
 10
23.30233803248394
 20
6.922827204513876
 10
23.229488804311845
 20
6.829230968297171
 10
23.159153801906292
 20
6.733293693747854
 10
23.091364686139972
 20
6.635002323609967
 10
23.02616359765435
 20
6.534348294140692
 10
22.96360285532039
 20
6.431329900459094
 10
22.903744282393323
 20
6.32595447639211
 10
22.846658211661055
 20
6.218240321598103
 10
22.792422229693024
 20
6.108218325100889
 10
22.74111972445539
 20
5.995933251631964
 10
22.692838300469358
 20
5.881444673935845
 10
22.647668122084653
 20
5.764827549297673
 10
22.605700239240974
 20
5.646172451212227
 10
22.567024942270518
 20
5.5255854769128625
 10
22.53173018376354
 20
5.403187858341631
 10
22.49990009704032
 20
5.279115308263739
 10
22.471613632923155
 20
5.153517134993031
 10
22.446943329660197
 20
5.026555159083494
 10
22.425954225219176
 20
4.898402463866623
 10
22.4087029167956
 20
4.769242009360889
 10
22.3952367692112
 20
4.639265136272083
 10
22.385593271787435
 20
4.508669983889299
 10
22.379799542100834
 20
4.377659842928457
 10
22.377871974581204
 20
4.246441461978444
 10
22.37981603202239
 20
4.115223324297897
 10
22.385626178568288
 20
3.9842139103789864
 10
22.39528595345665
 20
3.853619960987942
 10
22.40876818560202
 20
3.723644755332837
 10
22.426035349832347
 20
3.5944864195976
 10
22.447040066117655
 20
3.466336282296237
 10
22.471725743291707
 20
3.339377294696308
 10
22.500027368408354
 20
3.2137825368560735
 10
22.53187244182456
 20
3.0897138324912934
 10
22.567182056189637
 20
2.967320498753853
 10
22.60587211458526
 20
2.8467382598139004
 10
22.647854678974838
 20
2.728088355560579
 10
22.69303943481701
 20
2.611476878365303
 10
22.74133525120709
 20
2.4969943712115246
 10
22.792651808397476
 20
2.3847157190745074
 10
22.84690125634781
 20
2.274700361735847
 10
22.903999859593437
 20
2.166992849824952
 10
22.963869575910024
 20
2.0616237565464566
 10
23.02643950986278
 20
1.958610945288529
 10
23.091647178314183
 20
1.857961178456987
 10
23.159439524255117
 20
1.7596720361685947
 10
23.229773618693354
 20
1.6637340959629985
 10
23.30261699825394
 20
1.5701333078605684
 10
23.37794759866793
 20
1.478853484477337
 10
23.455753260997657
 20
1.3898788150654422
 10
23.536030807303963
 20
1.3031963066060366
 10
23.618784704095795
 20
1.2187980553395978
 10
23.704025353604113
 20
1.1366832586931581
 10
23.79176707287424
 20
1.0568598901198607
 10
23.882025837172467
 20
0.9793459769388488
 10
23.974816875877952
 20
0.90417044237307
 10
24.070152214992586
 20
0.8313734958207485
  0
LWPOLYLINE
  5
83
330
17
100
AcDbEntity
  8
KEDER
100
AcDbPolyline
 90
65
 70
0
 10
23.15494821164606
 20
0.0
 10
23.040125960459672
 20
0.09935110084929961
 10
22.927834978554763
 20
0.20149001364770527
 10
22.818120346380766
 20
0.30634359902648994
 10
22.711029278723274
 20
0.4138437762622083
 10
22.60661189267993
 20
0.5239271697579571
 10
22.50492186570777
 20
0.6365346177055419
 10
22.40601697271576
 20
0.7516105591192321
 10
22.309959494304593
 20
0.8691023171376111
 10
22.216816490911665
 20
0.9889592975176328
 10
22.126659939807904
 20
1.111132121759917
 10
22.03956673371024
 20
1.23557171448732
 10
21.955618541373575
 20
1.3622283647097744
 10
21.874901532085644
 20
1.4910507805572135
 10
21.797505967666837
 20
1.6219851569912869
 10
21.72352566748342
 20
1.7549742758870548
 10
21.65305735415365
 20
1.8899566576203
 10
21.586199890018754
 20
2.0268657827813064
 10
21.5230534169512
 20
2.165629401732892
 10
21.463718414517718
 20
2.3061689483345624
 10
21.40829469372051
 20
2.4483990722096145
 10
21.35688034533305
 20
2.592227301443273
 10
21.309570663090444
 20
2.737553844636022
 10
21.26645706260506
 20
2.884271537918103
 10
21.227626016835508
 20
3.032265939014019
 10
21.19315802827725
 20
3.1814155668970474
 10
21.16312665684976
 20
3.3315922821512762
 10
21.13759762084151
 20
3.482661799994337
 10
21.116627986365962
 20
3.6344843251028305
 10
21.100265458700612
 20
3.78691529497908
 10
21.088547786732494
 20
3.9398062166193104
 10
21.08150228959601
 20
4.093005579676154
 10
21.079145512513726
 20
4.246359828118622
 10
21.081483016858574
 20
4.39971437153683
 10
21.088509307542207
 20
4.5529146166742045
 10
21.100207898973704
 20
4.705806999463113
 10
21.116551518986846
 20
4.858239997773452
 10
21.13750244825826
 20
5.010065105259077
 10
21.16301299079096
 20
5.161137747125605
 10
21.193026068987088
 20
5.31131811938363
 10
21.22747593466776
 20
5.460471934244269
 10
21.2662889851294
 20
5.608471055813139
 10
21.30938467099865
 20
5.755194012191094
 10
21.35667648033793
 20
5.900526372523084
 10
21.408072981268564
 20
6.0443609804472
 10
21.463478903450614
 20
6.186598038739603
 10
21.52279623723509
 20
6.327145043636488
 10
21.585925328329214
 20
6.465916571202637
 10
21.65276594551229
 20
6.602833922029646
 10
21.723218299390165
 20
6.737824634284188
 10
21.79718399140243
 20
6.870821878485142
 10
21.874566874251617
 20
7.001763750191005
 10
21.95527380748855
 20
7.1305924788995005
 10
22.039215294984206
 20
7.257253572843868
 10
22.12630599422848
 20
7.381694920038742
 10
22.21646509059639
 20
7.503865865980826
 10
22.30961653271496
 20
7.623716287999702
 10
22.405689127711277
 20
7.741195685562147
 10
22.50461649736562
 20
7.856252305029607
 10
22.60633689806299
 20
7.9688323165806505
 10
22.71079290903957
 20
8.078879060296794
 10
22.817930994920022
 20
8.18633237774956
 10
22.927700950116545
 20
8.291128044721123
 10
23.040055234469147
 20
8.393197319786754
 10
23.154948211646065
 20
8.4924666222065
  0
LWPOLYLINE
  5
84
330
17
100
AcDbEntity
  8
KEDER
100
AcDbPolyline
 90
65
 70
0
 10
24.070152214992586
 20
0.8313734958207485
 10
23.974816875877952
 20
0.90417044237307
 10
23.882025837172467
 20
0.9793459769388488
 10
23.79176707287424
 20
1.0568598901198607
 10
23.704025353604113
 20
1.1366832586931581
 10
23.618784704095795
 20
1.2187980553395978
 10
23.536030807303963
 20
1.3031963066060366
 10
23.455753260997657
 20
1.3898788150654422
 10
23.37794759866793
 20
1.478853484477337
 10
23.30261699825394
 20
1.5701333078605684
 10
23.229773618693354
 20
1.6637340959629985
 10
23.159439524255117
 20
1.7596720361685947
 10
23.091647178314183
 20
1.857961178456987
 10
23.02643950986278
 20
1.958610945288529
 10
22.963869575910024
 20
2.0616237565464566
 10
22.903999859593437
 20
2.166992849824952
 10
22.84690125634781
 20
2.274700361735847
 10
22.792651808397476
 20
2.3847157190745074
 10
22.74133525120709
 20
2.4969943712115246
 10
22.69303943481701
 20
2.611476878365303
 10
22.647854678974838
 20
2.728088355560579
 10
22.60587211458526
 20
2.8467382598139004
 10
22.567182056189637
 20
2.967320498753853
 10
22.53187244182456
 20
3.0897138324912934
 10
22.500027368408354
 20
3.2137825368560735
 10
22.471725743291707
 20
3.339377294696308
 10
22.447040066117655
 20
3.466336282296237
 10
22.426035349832347
 20
3.5944864195976
 10
22.40876818560202
 20
3.723644755332837
 10
22.39528595345665
 20
3.853619960987942
 10
22.385626178568288
 20
3.9842139103789864
 10
22.37981603202239
 20
4.115223324297897
 10
22.377871974581204
 20
4.246441461978444
 10
22.379799542100834
 20
4.377659842928457
 10
22.385593271787435
 20
4.508669983889299
 10
22.3952367692112
 20
4.639265136272083
 10
22.4087029167956
 20
4.769242009360889
 10
22.425954225219176
 20
4.898402463866623
 10
22.446943329660197
 20
5.026555159083494
 10
22.471613632923155
 20
5.153517134993031
 10
22.49990009704032
 20
5.279115308263739
 10
22.53173018376354
 20
5.403187858341631
 10
22.567024942270518
 20
5.5255854769128625
 10
22.605700239240974
 20
5.646172451212227
 10
22.647668122084653
 20
5.764827549297673
 10
22.692838300469358
 20
5.881444673935845
 10
22.74111972445539
 20
5.995933251631964
 10
22.792422229693024
 20
6.108218325100889
 10
22.846658211661055
 20
6.218240321598103
 10
22.903744282393323
 20
6.32595447639211
 10
22.96360285532039
 20
6.431329900459094
 10
23.02616359765435
 20
6.534348294140692
 10
23.091364686139972
 20
6.635002323609967
 10
23.159153801906292
 20
6.733293693747854
 10
23.229488804311845
 20
6.829230968297171
 10
23.30233803248394
 20
6.922827204513876
 10
23.377680196661704
 20
7.014097483425562
 10
23.455503838903393
 20
7.103056426740785
 10
23.535806363142502
 20
7.189715796197316
 10
23.61859265647986
 20
7.274082269908899
 10
23.703873345216927
 20
7.356155482867926
 10
23.791662748641375
 20
7.435926405623309
 10
23.881976609303795
 20
7.513376117317581
 10
23.974829689176374
 20
7.588475008251265
 10
24.070233325887436
 20
7.661182424748811
  0
LWPOLYLINE
  5
85
330
17
100
AcDbEntity
  8
KEDER
100
AcDbPolyline
 90
2
 70
0
 10
23.15494821164606
 20
0.0
 10
24.070152214992586
 20
0.8313734958207485
  0
LWPOLYLINE
  5
86
330
17
100
AcDbEntity
  8
KEDER
100
AcDbPolyline
 90
2
 70
0
 10
23.154948211646065
 20
8.4924666222065
 10
24.070233325887436
 20
7.661182424748811
  0
LWPOLYLINE
  5
87
330
17
100
AcDbEntity
  8
RECORTE
100
AcDbPolyline
 90
48
 70
1
 10
22.806343428394584
 20
1.9991536117801483
 10
22.778651679138925
 20
2.0200553631101763
 10
22.742798865125476
 20
2.0358497410093754
 10
22.703498040855905
 20
2.04821829579589
 10
22.6622170098558
 20
2.057979905150553
 10
22.61942032381475
 20
2.0656369037061717
 10
22.575511095860236
 20
2.071802632939666
 10
22.52979782503017
 20
2.0762875370265346
 10
22.481798860410994
 20
2.0790169777986325
 10
22.43101751784483
 20
2.0797540199348314
 10
22.377036078173855
 20
2.077984227273465
 10
22.319832972127063
 20
2.072711348673534
 10
22.26095462856359
 20
2.061448487498232
 10
22.209310771518588
 20
2.036422365354719
 10
22.164465005294684
 20
2.0076402449556476
 10
22.125320425051807
 20
1.9776440442781413
 10
22.090969094658806
 20
1.9471237822956826
 10
22.060649451723776
 20
1.9162191679819514
 10
22.03379850118905
 20
1.8848194192979573
 10
22.01013056792754
 20
1.8527234813174291
 10
21.990043061068487
 20
1.8199402954688435
 10
21.97334511329139
 20
1.7859246986640493
 10
21.960837236157325
 20
1.7505807529586617
 10
21.9542533493461
 20
1.7142534401580307
 10
21.95833329309061
 20
1.6789375041809722
 10
21.989091535427114
 20
1.6538762031004943
 10
22.02759262376541
 20
1.6347638060182685
 10
22.069003653189437
 20
1.619960565035821
 10
22.111882727751894
 20
1.6086139624948175
 10
22.15590540269293
 20
1.6002367224059864
 10
22.201415479466927
 20
1.594701803658654
 10
22.248283594063082
 20
1.5915798040812295
 10
22.296945710990773
 20
1.5909323815424916
 10
22.347870534687214
 20
1.5930375552952536
 10
22.401419748694238
 20
1.5984519889100208
 10
22.457531336957693
 20
1.608164009358176
 10
22.514519840688934
 20
1.624425345607435
 10
22.563232765279775
 20
1.6537003491657538
 10
22.605208707093666
 20
1.6856412187339593
 10
22.641785935033838
 20
1.717744754887741
 10
22.6739163542249
 20
1.7494048544475351
 10
22.70235497286113
 20
1.7805596628010625
 10
22.72764634887643
 20
1.811367916652657
 10
22.750111023777947
 20
1.8420727809928619
 10
22.770196028027144
 20
1.8732439669173422
 10
22.787368841322028
 20
1.9048644355445454
 10
22.800762778953892
 20
1.9368907340439305
 10
22.808657670223397
 20
1.9689354707803748
  0
TEXT
  5
88
330
17
100
AcDbEntity
  8
TEXTO
100
AcDbText
 10
22.38485495436592
 20
1.8408603862726192
 30
0.0
 40
0.05
  1
Olho banho (dir,) · 0,80 x 0,51 m
 11
22.38485495436592
 21
1.8408603862726192
 31
0.0
100
AcDbText
  0
LWPOLYLINE
  5
89
330
17
100
AcDbEntity
  8
RECORTE
100
AcDbPolyline
 90
48
 70
1
 10
22.97482508361965
 20
6.758605029005753
 10
22.97885075014061
 20
6.78851229512676
 10
22.97289805004796
 20
6.8208830840054615
 10
22.962031301260843
 20
6.853138211500431
 10
22.94736678666268
 20
6.885282442600161
 10
22.929680819143883
 20
6.91729095712526
 10
22.909253380154613
 20
6.949338333869825
 10
22.886035980482966
 20
6.981679841771863
 10
22.859729098796116
 20
7.014575643299029
 10
22.830147436627787
 20
7.047926178892592
 10
22.796165434938573
 20
7.0820421464632615
 10
22.756788053275898
 20
7.116393028178715
 10
22.71049022448434
 20
7.148604679873186
 10
22.654947980620744
 20
7.168579892745108
 10
22.599780068667165
 20
7.182029521501394
 10
22.54683914203302
 20
7.191050366944577
 10
22.49626278289766
 20
7.196611115619973
 10
22.448131742399344
 20
7.198970525629914
 10
22.401637037867214
 20
7.19872637369806
 10
22.35634787832607
 20
7.195970083366722
 10
22.311952848230373
 20
7.190588855701762
 10
22.268375306751125
 20
7.182258037633983
 10
22.225996432583937
 20
7.170399664685816
 10
22.186845858274573
 20
7.153595456744709
 10
22.15501906092294
 20
7.130348646376382
 10
22.148302670494175
 20
7.095715443075186
 10
22.152053750595552
 20
7.059454476130931
 10
22.16211229572494
 20
7.02355952068349
 10
22.176680524171545
 20
6.9885494311924745
 10
22.194669526250653
 20
6.954581791009222
 10
22.215786484606856
 20
6.921426249177478
 10
22.24008028260215
 20
6.888803713578986
 10
22.267867524809684
 20
6.8564638622541665
 10
22.299802326124272
 20
6.824188205197569
 10
22.33680285252455
 20
6.791953199621224
 10
22.379510440066746
 20
6.7606013179422755
 10
22.42915422444042
 20
6.73259507225748
 10
22.486734394649172
 20
6.717857018916291
 10
22.542998247239236
 20
6.709168744558584
 10
22.596275124518257
 20
6.704144834636985
 10
22.646803873381696
 20
6.701574339239837
 10
22.69481230554647
 20
6.701038184450965
 10
22.740680379327944
 20
6.702347465997624
 10
22.78484010912697
 20
6.705433377406976
 10
22.827584068254502
 20
6.710400099810356
 10
22.868949970206884
 20
6.717537138052639
 10
22.908759062433255
 20
6.727154861398073
 10
22.94568901017582
 20
6.740084155817616
  0
TEXT
  5
8A
330
17
100
AcDbEntity
  8
TEXTO
100
AcDbText
 10
22.56694474971837
 20
6.942875685724313
 30
0.0
 40
0.05
  1
Olho banheira (esq,) · 0,80 x 0,51 m
 11
22.56694474971837
 21
6.942875685724313
 31
0.0
100
AcDbText
  0
TEXT
  5
8B
330
17
100
AcDbEntity
  8
TEXTO
100
AcDbText
 10
21.079145512513726
 20
-0.35
 30
0.0
 40
0.12
  1
P7 · x1 · 11.02 m2
 11
21.079145512513726
 21
-0.35
 31
0.0
100
AcDbText
  0
TEXT
  5
8C
330
17
100
AcDbEntity
  8
TEXTO
100
AcDbText
 10
21.079145512513726
 20
-0.55
 30
0.0
 40
0.06
  1
ZION CASULO · LONA EXTERNA · PVDF tipo II 1050 g/m² (poliéster de alta tenacidade, PVC + 
 11
21.079145512513726
 21
-0.55
 31
0.0
100
AcDbText
  0
LWPOLYLINE
  5
8D
330
17
100
AcDbEntity
  8
CONTORNO
100
AcDbPolyline
 90
130
 70
1
 10
27.13285056021779
 20
0.004019428766864508
 10
27.012967006283848
 20
0.0
 10
26.89356063548378
 20
0.00191219079836219
 10
26.774849693091454
 20
0.009834527928416673
 10
26.657059170636305
 20
0.023826393086765194
 10
26.540419856702197
 20
0.0439280995284389
 10
26.425167474074918
 20
0.0701609138990078
 10
26.311541870744332
 20
0.10252700698322573
 10
26.199786228135327
 20
0.14100933062112647
 10
26.09014625043519
 20
0.1855714311721523
 10
25.982869303724396
 20
0.2361572215051341
 10
25.878203482053536
 20
0.2926907424047201
 10
25.776396588428643
 20
0.35507594954882127
 10
25.677695030331453
 20
0.42319656329604827
 10
25.582342640301153
 20
0.4969160155025253
 10
25.490579440861886
 20
0.5760775211655069
 10
25.402640378801433
 20
0.6605042940433403
 10
25.318754056197626
 20
0.7499999159098814
 10
25.23914148492301
 20
0.8443488600620226
 10
25.16401488831532
 20
0.9433171620942642
 10
25.0935765691556
 20
1.046653225344874
 10
25.028017857917998
 20
1.1540887449504138
 10
24.967518150169372
 20
1.2653397329404512
 10
24.912244037511773
 20
1.3801076268824841
 10
24.86234853286116
 20
1.4980804657874598
 10
24.817970388233828
 20
1.6189341188585442
 10
24.779233501519478
 20
1.7423335548281624
 10
24.74624640782157
 20
1.867934141793152
 10
24.71910185066629
 20
1.9953829694350607
 10
24.69787642854117
 20
2.124320187197501
 10
24.682630312662425
 20
2.2543803533478504
 10
24.67340703245686
 20
2.3851937908858605
 10
24.670233325887438
 20
2.5163879470144654
 10
24.67311905239394
 20
2.6475887534076246
 10
24.682057166835598
 20
2.7784219848455476
 10
24.697023753408306
 20
2.908514613978816
 10
24.717978119078822
 20
3.037496160054426
 10
24.744862946651562
 20
3.1650000293950753
 10
24.777604508178904
 20
3.2906648452559026
 10
24.816112940049667
 20
3.414135764361557
 10
24.86028258173041
 20
3.5350657769100766
 10
24.909992380750438
 20
3.653116986073842
 10
24.965106367042026
 20
3.767961861993603
 10
25.025474200065435
 20
3.8792844639326813
 10
25.09093179212627
 20
3.9867816226562742
 10
25.161302010773053
 20
4.0901640733033
 10
25.23639546198848
 20
4.18915752717554
 10
25.31601135393343
 20
4.283503669213197
 10
25.39993843821464
 20
4.372961066768256
 10
25.487956022088092
 20
4.457305974994639
 10
25.579835040900036
 20
4.536333025125057
 10
25.675339175807448
 20
4.609855784415634
 10
25.77422599798172
 20
4.677707180778462
 10
25.876248117774214
 20
4.739739791017019
 10
25.981154316413765
 20
4.795825998754209
 10
26.088690639288398
 20
4.8458580359084715
 10
26.198601434028326
 20
4.889747928996102
 10
26.310630323345418
 20
4.927427377584193
 10
26.424521111346476
 20
4.958847595951895
 10
26.540018631894654
 20
4.983979149789418
 10
26.656869557392966
 20
5.002811817340111
 10
26.774823194931024
 20
5.015354498967518
 10
26.89363230305794
 20
5.021635191235315
 10
27.013053965775804
 20
5.021701031907403
 10
27.13285056021779
 20
5.015618411456791
 10
27.78457839391318
 20
2.9974972033429905
 10
27.7331946348295
 20
3.057309181502555
 10
27.678977013373775
 20
3.1143169808862896
 10
27.622057021788656
 20
3.1681128465922903
 10
27.562606221589352
 20
3.2183007307345126
 10
27.50083181148037
 20
3.264501205429403
 10
27.43697218178771
 20
3.306355646094088
 10
27.371292660508164
 20
3.3435297709864407
 10
27.30408159730177
 20
3.3757166455198844
 10
27.235646874181008
 20
3.402639271068335
 10
27.16631287530834
 20
3.4240528772080268
 10
27.096417894985677
 20
3.4397470233288105
 10
27.026311916161692
 20
3.4495475912403273
 10
26.956354655980174
 20
3.4533187175294424
 10
26.88691375383835
 20
3.4509646773377507
 10
26.818362973015766
 20
3.4424316950733216
 10
26.751080298480293
 20
3.427709627180966
 10
26.685445837832905
 20
3.4068334409583856
 10
26.62183946475774
 20
3.3798844030918147
 10
26.560638179585577
 20
3.3469908917442788
 10
26.502213195060282
 20
3.308328754855434
 10
26.446926783819656
 20
3.264121152224327
 10
26.395128945679332
 20
3.2146378372509465
 10
26.34715396710837
 20
3.1601938535732583
 10
26.303316952856836
 20
3.101147640514769
 10
26.263910411650144
 20
3.0378985581523272
 10
26.22920097551829
 20
2.9708838573738343
 10
26.199426326951652
 20
2.900575132377781
 10
26.17479240075315
 20
2.827474302790199
 10
26.15547091903303
 20
2.752109180199246
 10
26.141597308870775
 20
2.6750286797456675
 10
26.133269043141865
 20
2.596797741768157
 10
26.130544436101783
 20
2.5179920316615476
 10
26.133441916637075
 20
2.439192488290552
 10
26.14193979364434
 20
2.360979792688995
 10
26.155976519735127
 20
2.283928829490859
 10
26.175451451301186
 20
2.208603213665246
 10
26.20022609480338
 20
2.135549954698345
 10
26.230125820855534
 20
2.065294329373083
 10
26.264942019156827
 20
1.9983350326857134
 10
26.30443465850514
 20
1.9351396740992657
 10
26.348335206971555
 20
1.8761406830961496
 10
26.396349857892314
 20
1.8217316836150124
 10
26.44816299782949
 20
1.772264391121721
 10
26.503440843449315
 20
1.7280460783781548
 10
26.561835166013022
 20
1.689337645990385
 10
26.622987015839943
 20
1.656352321098232
 10
26.686530356021702
 20
1.6292549917786128
 10
26.7520955165014
 20
1.608162165819411
 10
26.819312388215174
 20
1.593142520927237
 10
26.887813293990536
 20
1.58421799037006
 10
26.957235499268496
 20
1.5813653056977146
 10
27.027223361049632
 20
1.5845178996927167
 10
27.09743015531999
 20
1.593568061930868
 10
27.167519666817427
 20
1.6083692400872394
 10
27.23716766357222
 20
1.6287383950924244
 10
27.306063404565176
 20
1.654458347815338
 10
27.37391133541974
 20
1.685280096440618
 10
27.44043311047627
 20
1.7209251314434226
 10
27.50537004017289
 20
1.7610878214605699
 10
27.568486004707903
 20
1.8054379807292902
 10
27.629570805509914
 20
1.853623751139123
 10
27.688443852789604
 20
1.9052749361508128
 10
27.744958017011943
 20
1.96000690952235
 10
27.799003409402467
 20
2.0174251904987446
  0
LWPOLYLINE
  5
8E
330
17
100
AcDbEntity
  8
KEDER
100
AcDbPolyline
 90
65
 70
0
 10
27.13285056021779
 20
0.004019428766864508
 10
27.012967006283848
 20
0.0
 10
26.89356063548378
 20
0.00191219079836219
 10
26.774849693091454
 20
0.009834527928416673
 10
26.657059170636305
 20
0.023826393086765194
 10
26.540419856702197
 20
0.0439280995284389
 10
26.425167474074918
 20
0.0701609138990078
 10
26.311541870744332
 20
0.10252700698322573
 10
26.199786228135327
 20
0.14100933062112647
 10
26.09014625043519
 20
0.1855714311721523
 10
25.982869303724396
 20
0.2361572215051341
 10
25.878203482053536
 20
0.2926907424047201
 10
25.776396588428643
 20
0.35507594954882127
 10
25.677695030331453
 20
0.42319656329604827
 10
25.582342640301153
 20
0.4969160155025253
 10
25.490579440861886
 20
0.5760775211655069
 10
25.402640378801433
 20
0.6605042940433403
 10
25.318754056197626
 20
0.7499999159098814
 10
25.23914148492301
 20
0.8443488600620226
 10
25.16401488831532
 20
0.9433171620942642
 10
25.0935765691556
 20
1.046653225344874
 10
25.028017857917998
 20
1.1540887449504138
 10
24.967518150169372
 20
1.2653397329404512
 10
24.912244037511773
 20
1.3801076268824841
 10
24.86234853286116
 20
1.4980804657874598
 10
24.817970388233828
 20
1.6189341188585442
 10
24.779233501519478
 20
1.7423335548281624
 10
24.74624640782157
 20
1.867934141793152
 10
24.71910185066629
 20
1.9953829694350607
 10
24.69787642854117
 20
2.124320187197501
 10
24.682630312662425
 20
2.2543803533478504
 10
24.67340703245686
 20
2.3851937908858605
 10
24.670233325887438
 20
2.5163879470144654
 10
24.67311905239394
 20
2.6475887534076246
 10
24.682057166835598
 20
2.7784219848455476
 10
24.697023753408306
 20
2.908514613978816
 10
24.717978119078822
 20
3.037496160054426
 10
24.744862946651562
 20
3.1650000293950753
 10
24.777604508178904
 20
3.2906648452559026
 10
24.816112940049667
 20
3.414135764361557
 10
24.86028258173041
 20
3.5350657769100766
 10
24.909992380750438
 20
3.653116986073842
 10
24.965106367042026
 20
3.767961861993603
 10
25.025474200065435
 20
3.8792844639326813
 10
25.09093179212627
 20
3.9867816226562742
 10
25.161302010773053
 20
4.0901640733033
 10
25.23639546198848
 20
4.18915752717554
 10
25.31601135393343
 20
4.283503669213197
 10
25.39993843821464
 20
4.372961066768256
 10
25.487956022088092
 20
4.457305974994639
 10
25.579835040900036
 20
4.536333025125057
 10
25.675339175807448
 20
4.609855784415634
 10
25.77422599798172
 20
4.677707180778462
 10
25.876248117774214
 20
4.739739791017019
 10
25.981154316413765
 20
4.795825998754209
 10
26.088690639288398
 20
4.8458580359084715
 10
26.198601434028326
 20
4.889747928996102
 10
26.310630323345418
 20
4.927427377584193
 10
26.424521111346476
 20
4.958847595951895
 10
26.540018631894654
 20
4.983979149789418
 10
26.656869557392966
 20
5.002811817340111
 10
26.774823194931024
 20
5.015354498967518
 10
26.89363230305794
 20
5.021635191235315
 10
27.013053965775804
 20
5.021701031907403
 10
27.13285056021779
 20
5.015618411456791
  0
LWPOLYLINE
  5
8F
330
17
100
AcDbEntity
  8
BOLSA
100
AcDbPolyline
 90
65
 70
0
 10
27.799003409402467
 20
2.0174251904987446
 10
27.744958017011943
 20
1.96000690952235
 10
27.688443852789604
 20
1.9052749361508128
 10
27.629570805509914
 20
1.853623751139123
 10
27.568486004707903
 20
1.8054379807292902
 10
27.50537004017289
 20
1.7610878214605699
 10
27.44043311047627
 20
1.7209251314434226
 10
27.37391133541974
 20
1.685280096440618
 10
27.306063404565176
 20
1.654458347815338
 10
27.23716766357222
 20
1.6287383950924244
 10
27.167519666817427
 20
1.6083692400872394
 10
27.09743015531999
 20
1.593568061930868
 10
27.027223361049632
 20
1.5845178996927167
 10
26.957235499268496
 20
1.5813653056977146
 10
26.887813293990536
 20
1.58421799037006
 10
26.819312388215174
 20
1.593142520927237
 10
26.7520955165014
 20
1.608162165819411
 10
26.686530356021702
 20
1.6292549917786128
 10
26.622987015839943
 20
1.656352321098232
 10
26.561835166013022
 20
1.689337645990385
 10
26.503440843449315
 20
1.7280460783781548
 10
26.44816299782949
 20
1.772264391121721
 10
26.396349857892314
 20
1.8217316836150124
 10
26.348335206971555
 20
1.8761406830961496
 10
26.30443465850514
 20
1.9351396740992657
 10
26.264942019156827
 20
1.9983350326857134
 10
26.230125820855534
 20
2.065294329373083
 10
26.20022609480338
 20
2.135549954698345
 10
26.175451451301186
 20
2.208603213665246
 10
26.155976519735127
 20
2.283928829490859
 10
26.14193979364434
 20
2.360979792688995
 10
26.133441916637075
 20
2.439192488290552
 10
26.130544436101783
 20
2.5179920316615476
 10
26.133269043141865
 20
2.596797741768157
 10
26.141597308870775
 20
2.6750286797456675
 10
26.15547091903303
 20
2.752109180199246
 10
26.17479240075315
 20
2.827474302790199
 10
26.199426326951652
 20
2.900575132377781
 10
26.22920097551829
 20
2.9708838573738343
 10
26.263910411650144
 20
3.0378985581523272
 10
26.303316952856836
 20
3.101147640514769
 10
26.34715396710837
 20
3.1601938535732583
 10
26.395128945679332
 20
3.2146378372509465
 10
26.446926783819656
 20
3.264121152224327
 10
26.502213195060282
 20
3.308328754855434
 10
26.560638179585577
 20
3.3469908917442788
 10
26.62183946475774
 20
3.3798844030918147
 10
26.685445837832905
 20
3.4068334409583856
 10
26.751080298480293
 20
3.427709627180966
 10
26.818362973015766
 20
3.4424316950733216
 10
26.88691375383835
 20
3.4509646773377507
 10
26.956354655980174
 20
3.4533187175294424
 10
27.026311916161692
 20
3.4495475912403273
 10
27.096417894985677
 20
3.4397470233288105
 10
27.16631287530834
 20
3.4240528772080268
 10
27.235646874181008
 20
3.402639271068335
 10
27.30408159730177
 20
3.3757166455198844
 10
27.371292660508164
 20
3.3435297709864407
 10
27.43697218178771
 20
3.306355646094088
 10
27.50083181148037
 20
3.264501205429403
 10
27.562606221589352
 20
3.2183007307345126
 10
27.622057021788656
 20
3.1681128465922903
 10
27.678977013373775
 20
3.1143169808862896
 10
27.7331946348295
 20
3.057309181502555
 10
27.78457839391318
 20
2.9974972033429905
  0
LWPOLYLINE
  5
90
330
17
100
AcDbEntity
  8
KEDER
100
AcDbPolyline
 90
2
 70
0
 10
27.13285056021779
 20
0.004019428766864508
 10
27.799003409402467
 20
2.0174251904987446
  0
LWPOLYLINE
  5
91
330
17
100
AcDbEntity
  8
KEDER
100
AcDbPolyline
 90
2
 70
0
 10
27.13285056021779
 20
5.015618411456791
 10
27.78457839391318
 20
2.9974972033429905
  0
LWPOLYLINE
  5
92
330
17
100
AcDbEntity
  8
LINHA
100
AcDbPolyline
 90
41
 70
0
 10
27.585176568923437
 20
1.3711467978440677
 10
27.463976867842206
 20
1.3089389515916425
 10
27.339358553059682
 20
1.2561446699148877
 10
27.211692204026033
 20
1.2146331314386425
 10
27.08188876637359
 20
1.1855244764046502
 10
26.950962088674114
 20
1.1686598978517646
 10
26.819952095631983
 20
1.1669435204269476
 10
26.690003438174916
 20
1.1787784444598788
 10
26.56235972629732
 20
1.2056623926114942
 10
26.43838620513683
 20
1.2477953728959494
 10
26.31893707723968
 20
1.3039756884591913
 10
26.206270230919134
 20
1.3762355278740925
 10
26.100700054556587
 20
1.4617649015937124
 10
26.004029515885723
 20
1.5609355893614496
 10
25.917574580204757
 20
1.6726501202575257
 10
25.84154281570584
 20
1.7948490640238715
 10
25.778837174950844
 20
1.9275975540721686
 10
25.7284094943434
 20
2.067751295646972
 10
25.691951755182465
 20
2.2141895701566154
 10
25.67002717742425
 20
2.3648014424514616
 10
25.661802598255203
 20
2.5174771402933485
 10
25.669693334436904
 20
2.670170404315263
 10
25.691296507849884
 20
2.820828460030882
 10
25.727458151897775
 20
2.9673395530742606
 10
25.777627977191532
 20
3.107584186519012
 10
25.840120734964405
 20
3.240430005283633
 10
25.91600274777114
 20
3.3627152482735934
 10
26.002368300174638
 20
3.4744855344307726
 10
26.099016693710674
 20
3.5736529963293737
 10
26.20462713650935
 20
3.6590841553934568
 10
26.317380442098727
 20
3.7311236695176264
 10
26.436942080873692
 20
3.7868902342673327
 10
26.56101316033588
 20
3.8283966016152124
 10
26.688688327115518
 20
3.8543772533742375
 10
26.818530198787798
 20
3.8649829390787893
 10
26.949236112794246
 20
3.861701995771509
 10
27.079525990493476
 20
3.842847635883108
 10
27.208313301042857
 20
3.8113672696637257
 10
27.33445952529867
 20
3.7670650409485593
 10
27.456949982461182
 20
3.711067433054464
 10
27.575381805319598
 20
3.645289196070876
  0
TEXT
  5
93
330
17
100
AcDbEntity
  8
TEXTO
100
AcDbText
 10
24.670233325887438
 20
-0.35
 30
0.0
 40
0.12
  1
P8 · x1 · 9.37 m2
 11
24.670233325887438
 21
-0.35
 31
0.0
100
AcDbText
  0
TEXT
  5
94
330
17
100
AcDbEntity
  8
TEXTO
100
AcDbText
 10
24.670233325887438
 20
-0.55
 30
0.0
 40
0.06
  1
ZION CASULO · LONA EXTERNA · PVDF tipo II 1050 g/m² (poliéster de alta tenacidade, PVC + 
 11
24.670233325887438
 21
-0.55
 31
0.0
100
AcDbText
  0
LWPOLYLINE
  5
95
330
17
100
AcDbEntity
  8
CONTORNO
100
AcDbPolyline
 90
130
 70
1
 10
28.399003409402468
 20
0.0
 10
28.426681512137485
 20
0.11366309169467037
 10
28.453907661119597
 20
0.22651100894822934
 10
28.48064322693551
 20
0.3384958108789804
 10
28.506852468192317
 20
0.4495723718761772
 10
28.532500950637147
 20
0.5596990360970487
 10
28.557555206724363
 20
0.6688379661596298
 10
28.58198260474676
 20
0.7769554385077457
 10
28.60575129564007
 20
0.8840221170809994
 10
28.62883019484465
 20
0.9900133145267395
 10
28.651188981678747
 20
1.0949092436259555
 10
28.67279810790507
 20
1.1986952589241386
 10
28.69362881116414
 20
1.301362087133615
 10
28.713653130883014
 20
1.4029060439191052
 10
28.732843925294812
 20
1.5033292339149897
 10
28.75117488879316
 20
1.6026397301458333
 10
28.76862056920873
 20
1.700851728396515
 10
28.78515638483545
 20
1.7979856715045353
 10
28.80075864120412
 20
1.8940683380448584
 10
28.815404547728463
 20
1.9891328894813594
 10
28.829072234447622
 20
2.083218869613488
 10
28.841740769166005
 20
2.1763721501041697
 10
28.853390175349066
 20
2.268644816090745
 10
28.864001451171227
 20
2.3600949864077574
 10
28.87355659012797
 20
2.4507865638330917
 10
28.88203860361579
 20
2.5407889120347398
 10
28.889431545848474
 20
2.630176457547083
 10
28.89572054141486
 20
2.7190282171136304
 10
28.900891815692244
 20
2.8074272530311126
 10
28.904932728212582
 20
2.8954600616128117
 10
28.90783180894124
 20
2.9832159024178746
 10
28.90957879727665
 20
3.0707860783040015
 10
28.91016468342353
 20
3.158263178479527
 10
28.9095817516426
 20
3.2457402983923065
 10
28.90783751842402
 20
3.3333105291985023
 10
28.90494098837306
 20
3.4210664542300284
 10
28.900902418532564
 20
3.5090993703149933
 10
28.895733276944856
 20
3.5974985309673353
 10
28.889446203549948
 20
3.6863504265657556
 10
28.88205497377335
 20
3.775738113693047
 10
28.873574465002417
 20
3.8657406036897384
 10
28.864020625999192
 20
3.956432318066954
 10
28.85341044916019
 20
4.047882615896047
 10
28.841761945416057
 20
4.140155395810879
 10
28.82909412147188
 20
4.233308772961714
 10
28.815426959024343
 20
4.327394829252266
 10
28.800781395555298
 20
4.422459433540178
 10
28.785179306291457
 20
4.518542127215449
 10
28.76864348693425
 20
4.615676069688401
 10
28.751197636800207
 20
4.713888037791349
 10
28.732866342068586
 20
4.813198472881809
 10
28.71367505890836
 20
4.913621569477014
 10
28.693650096354215
 20
5.015165399494216
 10
28.67281859892615
 20
5.1178320665666694
 10
28.651208529154236
 20
5.2216178854062045
 10
28.628848650404716
 20
5.326513581755421
 10
28.605768510756494
 20
5.4325045090949615
 10
28.581998429245836
 20
5.539570878943138
 10
28.55756948678235
 20
5.64768800233812
 10
28.53251352587997
 20
5.7568265410242665
 10
28.506863167095286
 20
5.866952768229036
 10
28.480651858559206
 20
5.978028841417855
 10
28.453913997220326
 20
6.090013095284144
 10
28.42668523265354
 20
6.202860381458994
 10
28.399003409402468
 20
6.316522567106192
 10
28.399003410874165
 20
6.31652256929091
 10
28.55247299242037
 20
6.213140427168741
 10
28.68088247434036
 20
6.106437405030821
 10
28.80126161303418
 20
5.999030382747807
 10
28.91654725931761
 20
5.891494261943988
 10
29.028032234467265
 20
5.784125183698399
 10
29.136432404569298
 20
5.677113039786566
 10
29.24219434282274
 20
5.570593659535145
 10
29.3456177950389
 20
5.4646702747100235
 10
29.446914047768182
 20
5.359423978824052
 10
29.546237240387384
 20
5.2549194088008795
 10
29.643702645877397
 20
5.151208071990274
 10
29.73939804793209
 20
5.04833040339118
 10
29.83339118575704
 20
4.946317091596902
 10
29.925734827151505
 20
4.845189963190422
 10
30.01647034316064
 20
4.744962592138117
 10
30.10563029891701
 20
4.645640735560386
 10
30.193240377290483
 20
4.54722266086876
 10
30.27932083740353
 20
4.449699407999043
 10
30.363887641087036
 20
4.353055017538858
 10
30.446953337365755
 20
4.257266747365058
 10
30.52852776746282
 20
4.162305294991065
 10
30.60861863461826
 20
4.0681350390309365
 10
30.68723197073591
 20
3.9747143103272347
 10
30.76437252340336
 20
3.8819957009367916
 10
30.840044080869863
 20
3.7899264170555282
 10
30.914249748292033
 20
3.6984486799278273
 10
30.986992185432015
 20
3.6075001767394568
 10
31.058273813664673
 20
3.5170145614046726
 10
31.128096998383167
 20
3.426922003042675
 10
31.196464211525974
 20
3.337149777848188
 10
31.263378177874262
 20
3.2476228980748445
 10
31.328842007912574
 20
3.1582647700642754
 10
31.263375227761113
 20
3.0689088033835983
 10
31.196458514316287
 20
2.979383976904271
 10
31.128088762362943
 20
2.889613685230903
 10
31.05826325067217
 20
2.799522930358025
 10
30.98697950920983
 20
2.709038979796923
 10
30.914235172947635
 20
2.6180919955971085
 10
30.840027819477175
 20
2.5266156261977635
 10
30.764354786770326
 20
2.434547554833352
 10
30.68721296635446
 20
2.34183000020607
 10
30.608598565805117
 20
2.248410167229633
 10
30.528506832692003
 20
2.154240647764766
 10
30.446931729787245
 20
2.0592797733547377
 10
30.363865548221177
 20
1.9634919240146926
 10
30.279298440997266
 20
1.8668477991625103
 10
30.193217853319503
 20
1.76932465888998
 10
30.105607817717594
 20
1.6709065461238597
 10
30.016448069675707
 20
1.571584503083895
 10
29.92571292127755
 20
1.47135679923578
 10
29.83336980278201
 20
1.3702291933497102
 10
29.739377339058844
 20
1.2682152604549062
 10
29.6436827588339
 20
1.1653368274071292
 10
29.546218320133715
 20
1.0616245820393129
 10
29.446896237323823
 20
0.957118957242824
 10
29.345601236474984
 20
0.8518714564756095
 10
29.242179178500564
 20
0.7459467103326246
 10
29.13641877877518
 20
0.6394258025154352
 10
29.028020295735836
 20
0.5324119496854133
 10
28.916537164066902
 20
0.4250409573238196
 10
28.801253532039542
 20
0.31750267714832575
 10
28.68087660670527
 20
0.21009317423803764
 10
28.552469608333386
 20
0.10338716339773973
 10
28.399003409402468
 20
0.0
  0
LWPOLYLINE
  5
96
330
17
100
AcDbEntity
  8
KEDER
100
AcDbPolyline
 90
65
 70
0
 10
28.399003409402468
 20
0.0
 10
28.426681512137485
 20
0.11366309169467037
 10
28.453907661119597
 20
0.22651100894822934
 10
28.48064322693551
 20
0.3384958108789804
 10
28.506852468192317
 20
0.4495723718761772
 10
28.532500950637147
 20
0.5596990360970487
 10
28.557555206724363
 20
0.6688379661596298
 10
28.58198260474676
 20
0.7769554385077457
 10
28.60575129564007
 20
0.8840221170809994
 10
28.62883019484465
 20
0.9900133145267395
 10
28.651188981678747
 20
1.0949092436259555
 10
28.67279810790507
 20
1.1986952589241386
 10
28.69362881116414
 20
1.301362087133615
 10
28.713653130883014
 20
1.4029060439191052
 10
28.732843925294812
 20
1.5033292339149897
 10
28.75117488879316
 20
1.6026397301458333
 10
28.76862056920873
 20
1.700851728396515
 10
28.78515638483545
 20
1.7979856715045353
 10
28.80075864120412
 20
1.8940683380448584
 10
28.815404547728463
 20
1.9891328894813594
 10
28.829072234447622
 20
2.083218869613488
 10
28.841740769166005
 20
2.1763721501041697
 10
28.853390175349066
 20
2.268644816090745
 10
28.864001451171227
 20
2.3600949864077574
 10
28.87355659012797
 20
2.4507865638330917
 10
28.88203860361579
 20
2.5407889120347398
 10
28.889431545848474
 20
2.630176457547083
 10
28.89572054141486
 20
2.7190282171136304
 10
28.900891815692244
 20
2.8074272530311126
 10
28.904932728212582
 20
2.8954600616128117
 10
28.90783180894124
 20
2.9832159024178746
 10
28.90957879727665
 20
3.0707860783040015
 10
28.91016468342353
 20
3.158263178479527
 10
28.9095817516426
 20
3.2457402983923065
 10
28.90783751842402
 20
3.3333105291985023
 10
28.90494098837306
 20
3.4210664542300284
 10
28.900902418532564
 20
3.5090993703149933
 10
28.895733276944856
 20
3.5974985309673353
 10
28.889446203549948
 20
3.6863504265657556
 10
28.88205497377335
 20
3.775738113693047
 10
28.873574465002417
 20
3.8657406036897384
 10
28.864020625999192
 20
3.956432318066954
 10
28.85341044916019
 20
4.047882615896047
 10
28.841761945416057
 20
4.140155395810879
 10
28.82909412147188
 20
4.233308772961714
 10
28.815426959024343
 20
4.327394829252266
 10
28.800781395555298
 20
4.422459433540178
 10
28.785179306291457
 20
4.518542127215449
 10
28.76864348693425
 20
4.615676069688401
 10
28.751197636800207
 20
4.713888037791349
 10
28.732866342068586
 20
4.813198472881809
 10
28.71367505890836
 20
4.913621569477014
 10
28.693650096354215
 20
5.015165399494216
 10
28.67281859892615
 20
5.1178320665666694
 10
28.651208529154236
 20
5.2216178854062045
 10
28.628848650404716
 20
5.326513581755421
 10
28.605768510756494
 20
5.4325045090949615
 10
28.581998429245836
 20
5.539570878943138
 10
28.55756948678235
 20
5.64768800233812
 10
28.53251352587997
 20
5.7568265410242665
 10
28.506863167095286
 20
5.866952768229036
 10
28.480651858559206
 20
5.978028841417855
 10
28.453913997220326
 20
6.090013095284144
 10
28.42668523265354
 20
6.202860381458994
 10
28.399003409402468
 20
6.316522567106192
  0
LWPOLYLINE
  5
97
330
17
100
AcDbEntity
  8
BOLSA
100
AcDbPolyline
 90
65
 70
0
 10
28.399003409402468
 20
0.0
 10
28.552469608333386
 20
0.10338716339773973
 10
28.68087660670527
 20
0.21009317423803764
 10
28.801253532039542
 20
0.31750267714832575
 10
28.916537164066902
 20
0.4250409573238196
 10
29.028020295735836
 20
0.5324119496854133
 10
29.13641877877518
 20
0.6394258025154352
 10
29.242179178500564
 20
0.7459467103326246
 10
29.345601236474984
 20
0.8518714564756095
 10
29.446896237323823
 20
0.957118957242824
 10
29.546218320133715
 20
1.0616245820393129
 10
29.6436827588339
 20
1.1653368274071292
 10
29.739377339058844
 20
1.2682152604549062
 10
29.83336980278201
 20
1.3702291933497102
 10
29.92571292127755
 20
1.47135679923578
 10
30.016448069675707
 20
1.571584503083895
 10
30.105607817717594
 20
1.6709065461238597
 10
30.193217853319503
 20
1.76932465888998
 10
30.279298440997266
 20
1.8668477991625103
 10
30.363865548221177
 20
1.9634919240146926
 10
30.446931729787245
 20
2.0592797733547377
 10
30.528506832692003
 20
2.154240647764766
 10
30.608598565805117
 20
2.248410167229633
 10
30.68721296635446
 20
2.34183000020607
 10
30.764354786770326
 20
2.434547554833352
 10
30.840027819477175
 20
2.5266156261977635
 10
30.914235172947635
 20
2.6180919955971085
 10
30.98697950920983
 20
2.709038979796923
 10
31.05826325067217
 20
2.799522930358025
 10
31.128088762362943
 20
2.889613685230903
 10
31.196458514316287
 20
2.979383976904271
 10
31.263375227761113
 20
3.0689088033835983
 10
31.328842007912574
 20
3.1582647700642754
 10
31.263378177874262
 20
3.2476228980748445
 10
31.196464211525974
 20
3.337149777848188
 10
31.128096998383167
 20
3.426922003042675
 10
31.058273813664673
 20
3.5170145614046726
 10
30.986992185432015
 20
3.6075001767394568
 10
30.914249748292033
 20
3.6984486799278273
 10
30.840044080869863
 20
3.7899264170555282
 10
30.76437252340336
 20
3.8819957009367916
 10
30.68723197073591
 20
3.9747143103272347
 10
30.60861863461826
 20
4.0681350390309365
 10
30.52852776746282
 20
4.162305294991065
 10
30.446953337365755
 20
4.257266747365058
 10
30.363887641087036
 20
4.353055017538858
 10
30.27932083740353
 20
4.449699407999043
 10
30.193240377290483
 20
4.54722266086876
 10
30.10563029891701
 20
4.645640735560386
 10
30.01647034316064
 20
4.744962592138117
 10
29.925734827151505
 20
4.845189963190422
 10
29.83339118575704
 20
4.946317091596902
 10
29.73939804793209
 20
5.04833040339118
 10
29.643702645877397
 20
5.151208071990274
 10
29.546237240387384
 20
5.2549194088008795
 10
29.446914047768182
 20
5.359423978824052
 10
29.3456177950389
 20
5.4646702747100235
 10
29.24219434282274
 20
5.570593659535145
 10
29.136432404569298
 20
5.677113039786566
 10
29.028032234467265
 20
5.784125183698399
 10
28.91654725931761
 20
5.891494261943988
 10
28.80126161303418
 20
5.999030382747807
 10
28.68088247434036
 20
6.106437405030821
 10
28.55247299242037
 20
6.213140427168741
 10
28.399003410874165
 20
6.31652256929091
  0
LWPOLYLINE
  5
98
330
17
100
AcDbEntity
  8
LINHA
100
AcDbPolyline
 90
2
 70
0
 10
28.399003409402468
 20
0.0
 10
28.399003409402468
 20
0.0
  0
LWPOLYLINE
  5
99
330
17
100
AcDbEntity
  8
LINHA
100
AcDbPolyline
 90
2
 70
0
 10
28.399003409402468
 20
6.316522567106192
 10
28.399003410874165
 20
6.31652256929091
  0
LWPOLYLINE
  5
9A
330
17
100
AcDbEntity
  8
LINHA
100
AcDbPolyline
 90
17
 70
0
 10
28.91016468342353
 20
3.158263178479527
 10
29.061332016204098
 20
3.1582632779535738
 10
29.21249934898466
 20
3.1582633774276205
 10
29.363666681765228
 20
3.1582634769016673
 10
29.51483401454579
 20
3.158263576375714
 10
29.666001347326358
 20
3.158263675849761
 10
29.817168680106924
 20
3.1582637753238076
 10
29.968336012887487
 20
3.1582638747978544
 10
30.119503345668054
 20
3.158263974271901
 10
30.270670678448617
 20
3.158264073745948
 10
30.421838011229184
 20
3.1582641732199948
 10
30.573005344009747
 20
3.1582642726940415
 10
30.724172676790314
 20
3.1582643721680883
 10
30.875340009570877
 20
3.158264471642135
 10
31.026507342351444
 20
3.158264571116182
 10
31.177674675132007
 20
3.1582646705902286
 10
31.328842007912574
 20
3.1582647700642754
  0
LWPOLYLINE
  5
9B
330
17
100
AcDbEntity
  8
LINHA
100
AcDbPolyline
 90
41
 70
0
 10
28.399003409402468
 20
0.0
 10
28.536265504441634
 20
0.17439130597436214
 10
28.65509766681594
 20
0.34986072813092217
 10
28.766547461775115
 20
0.5243057272329845
 10
28.873024552299327
 20
0.6970595603705936
 10
28.975676266057526
 20
0.8679467867783044
 10
29.074367476977432
 20
1.036386602053493
 10
29.169892961717885
 20
1.202570569291359
 10
29.262109788488306
 20
1.3662118296663783
 10
29.351091645665484
 20
1.5272506565911768
 10
29.43711419346316
 20
1.6858791372601873
 10
29.519691972291405
 20
1.8417369072411138
 10
29.599308434803344
 20
1.9952997896952431
 10
29.67569943716669
 20
2.1464949834443967
 10
29.748839505851393
 20
2.295501492318879
 10
29.818955688449147
 20
2.442667059333222
 10
29.885513300257426
 20
2.587961443589758
 10
29.948995526886318
 20
2.731921897103135
 10
30.00912410286665
 20
2.8747245170763995
 10
30.065877901984813
 20
3.0167189401341634
 10
30.119503345668054
 20
3.158263974271901
 10
30.06588250488837
 20
3.2998107314074376
 10
30.009132817922215
 20
3.441806776081048
 10
29.94900780817047
 20
3.584610876254683
 10
29.885528596481237
 20
3.72857263809779
 10
29.81897349420289
 20
3.873868152313265
 10
29.748859244480556
 20
4.021034622156932
 10
29.675720631035315
 20
4.170041828353455
 10
29.599330585928314
 20
4.321237490749127
 10
29.519714606604037
 20
4.474800610078608
 10
29.43713689292563
 20
4.630658402624394
 10
29.351113946758197
 20
4.789286656807563
 10
29.26213131229479
 20
4.950325044718106
 10
29.16991331235005
 20
5.113965635711317
 10
29.074386270497065
 20
5.280148700378019
 10
28.975693152897698
 20
5.4485873919024925
 10
28.873039121819208
 20
5.619473220333063
 10
28.766559346780184
 20
5.792225392906369
 10
28.655106431278643
 20
5.966668392683567
 10
28.53627058648299
 20
6.142135311820036
 10
28.399003410138317
 20
6.316522568198551
  0
TEXT
  5
9C
330
17
100
AcDbEntity
  8
TEXTO
100
AcDbText
 10
28.399003409402468
 20
-0.35
 30
0.0
 40
0.12
  1
P0 · x1 · 7.99 m2
 11
28.399003409402468
 21
-0.35
 31
0.0
100
AcDbText
  0
TEXT
  5
9D
330
17
100
AcDbEntity
  8
TEXTO
100
AcDbText
 10
28.399003409402468
 20
-0.55
 30
0.0
 40
0.06
  1
ZION CASULO · LONA EXTERNA · PVDF tipo II 1050 g/m² (poliéster de alta tenacidade, PVC + 
 11
28.399003409402468
 21
-0.55
 31
0.0
100
AcDbText
  0
LWPOLYLINE
  5
9E
330
17
100
AcDbEntity
  8
CONTORNO
100
AcDbPolyline
 90
130
 70
1
 10
31.92884200791257
 20
0.14964185101534075
 10
31.941813853073462
 20
0.21955775321060234
 10
31.960864911302195
 20
0.3999786348003904
 10
31.97789506849319
 20
0.5810166843938813
 10
31.99292724742485
 20
0.7624370809683273
 10
32.00599479357467
 20
0.9440039179333636
 10
32.017141521754425
 20
1.1254823708844512
 10
32.02642169543947
 20
1.3066408533660845
 10
32.03389993724739
 20
1.4872531586325926
 10
32.03965106738146
 20
1.6671005845333116
 10
32.04375986533019
 20
1.8459740373335098
 10
32.046320748717115
 20
2.0236761085113595
 10
32.04743736195512
 20
2.2000231163337536
 10
32.0472220663247
 20
2.374847101297201
 10
32.04579532233911
 20
2.5479977613187534
 10
32.043284954877656
 20
2.719344308888529
 10
32.03982529168243
 20
2.888777228293637
 10
32.03555616656628
 20
3.056209906583098
 10
32.03062178022583
 20
3.2215801073163886
 10
32.025169414049884
 20
3.384851251553724
 10
32.01934799590055
 20
3.546013466322517
 10
32.01330652161847
 20
3.7050843573449486
 10
32.007192341990034
 20
3.862109460638718
 10
32.00114933203147
 20
4.017162327275758
 10
31.995315967471115
 20
4.170344197695045
 10
31.989823341863286
 20
4.321783227066083
 10
31.98479316628655
 20
4.471633231709903
 10
31.98033580135344
 20
4.620071938693919
 10
31.97654837746354
 20
4.767298736283813
 10
31.9735130630197
 20
4.913531941408031
 10
31.971295540932577
 20
5.059005620676074
 10
31.969943750609644
 20
5.203966022393328
 10
31.969486945539348
 20
5.34866769674883
 10
31.96993510573455
 20
5.493369398136883
 10
31.971278730329516
 20
5.638329875771488
 10
31.973489019566195
 20
5.783803665113342
 10
31.976518438569105
 20
5.9300369924883976
 10
31.980301639109463
 20
6.077263898663759
 10
31.984756701324443
 20
6.225702674776656
 10
31.989786646150463
 20
6.375552687166154
 10
31.995281161727412
 20
6.526991647977052
 10
32.001118483472624
 20
6.6801733676504105
 10
32.00716736773073
 20
6.835226005231831
 10
32.0132891023615
 20
6.992250814169969
 10
32.01933950359395
 20
7.151321365898118
 10
32.02517085611261
 20
7.312483221516174
 10
32.03063376182822
 20
7.475754013449783
 10
32.03557887139175
 20
7.641123893871008
 10
32.0398584806612
 20
7.808556304511661
 10
32.043327981615484
 20
7.977989022753123
 10
32.04584716338458
 20
8.149335440959302
 10
32.047281364028095
 20
8.322486039378177
 10
32.0475024774531
 20
8.49731001708021
 10
32.046389822504715
 20
8.67365704992171
 10
32.043830882922535
 20
8.8513591491013
 10
32.0397219276892
 20
9.030232598288535
 10
32.03396852146162
 20
9.210079951390307
 10
32.02648593441717
 20
9.390692076690197
 10
32.017199460093195
 20
9.571850236300254
 10
32.00604464875127
 20
9.753328192588503
 10
31.992967462536036
 20
9.934894335491187
 10
31.97792435727705
 20
10.11631382639784
 10
31.960882294235127
 20
10.297350755619036
 10
31.941818683439656
 20
10.477770311312728
 10
31.92884200791257
 20
10.547685317133515
 10
32.694258414912035
 20
10.697382187905975
 10
32.71044164888445
 20
10.62661335762993
 10
32.73704775030985
 20
10.446347679298405
 10
32.76153166329656
 20
10.265472914887082
 10
32.78390447302368
 20
10.084174497911974
 10
32.804188837993635
 20
9.902639350553029
 10
32.822418968145826
 20
9.721053931313852
 10
32.83864050020917
 20
9.539602302219402
 10
32.852910271571844
 20
9.358464224892668
 10
32.86529599289102
 20
9.177813294974875
 10
32.87587581879185
 20
8.997815124863102
 10
32.88473781535893
 20
8.818625585586922
 10
32.89197932275205
 20
8.640389119779453
 10
32.8977062112254
 20
8.463237139059029
 10
32.90203202914231
 20
8.287286520657364
 10
32.905077042299915
 20
8.112638219727899
 10
32.90696716504839
 20
7.939376015348322
 10
32.90783278533779
 20
7.76756540968204
 10
32.90780748796339
 20
7.597252700955304
 10
32.907026682899684
 20
7.428464251695033
 10
32.90562614867189
 20
7.26120597390077
 10
32.9037405041365
 20
7.095463052331371
 10
32.90150162570947
 20
6.931199925717203
 10
32.89903703083222
 20
6.768360543323973
 10
32.89646825209829
 20
6.6068689107912615
 10
32.89390922974552
 20
6.446629934495265
 10
32.89146475289416
 20
6.287530567858304
 10
32.8892289817297
 20
6.129441256149137
 10
32.88728408355753
 20
5.9722176685858726
 10
32.88569901511286
 20
5.815702698263879
 10
32.88452848158063
 20
5.659728701972708
 10
32.88381209944533
 20
5.504119943798383
 10
32.883573785629146
 20
5.348695199028522
 10
32.88382138957385
 20
5.193270468780927
 10
32.88454657825325
 20
5.03766175139884
 10
32.88572497692014
 20
4.881687814331233
 10
32.88731656108558
 20
4.725172910131302
 10
32.88926628820042
 20
4.567949382377529
 10
32.89150495113061
 20
4.409860111591486
 10
32.893950230104124
 20
4.250760757280726
 10
32.896507915586966
 20
4.090521759640445
 10
32.8990732716551
 20
3.9290300727011225
 10
32.901532507902395
 20
3.7661906092925332
 10
32.90376432770512
 20
3.6019273866222052
 10
32.90564152161788
 20
3.4361843691261793
 10
32.90703257661341
 20
3.268926012226366
 10
32.90780327457383
 20
3.100137516513867
 10
32.90781825665663
 20
2.929824806567332
 10
32.9069425336627
 20
2.7580142520977717
 10
32.90504292611547
 20
2.584752151447799
 10
32.901989421241375
 20
2.4101039987788884
 10
32.89765643727966
 20
2.234153556703381
 10
32.891923988440716
 20
2.0570017558232747
 10
32.884678746309234
 20
1.8787654417923858
 10
32.875814995516144
 20
1.6995759892818005
 10
32.865235483072524
 20
1.519577800746098
 10
32.85285216188031
 20
1.3389267062877224
 10
32.83858682963362
 20
1.157788279309182
 10
32.82237166463521
 20
0.9763360811202723
 10
32.8041496600119
 20
0.7947498463084306
 10
32.78387495746267
 20
0.6132136195507734
 10
32.7615130810518
 20
0.4319138537038433
 10
32.737041070708315
 20
0.25103747850315206
 10
32.71044751405262
 20
0.07076994908705532
 10
32.694269173387994
 20
0.0
  0
LWPOLYLINE
  5
9F
330
17
100
AcDbEntity
  8
KEDER
100
AcDbPolyline
 90
65
 70
0
 10
31.92884200791257
 20
0.14964185101534075
 10
31.941813853073462
 20
0.21955775321060234
 10
31.960864911302195
 20
0.3999786348003904
 10
31.97789506849319
 20
0.5810166843938813
 10
31.99292724742485
 20
0.7624370809683273
 10
32.00599479357467
 20
0.9440039179333636
 10
32.017141521754425
 20
1.1254823708844512
 10
32.02642169543947
 20
1.3066408533660845
 10
32.03389993724739
 20
1.4872531586325926
 10
32.03965106738146
 20
1.6671005845333116
 10
32.04375986533019
 20
1.8459740373335098
 10
32.046320748717115
 20
2.0236761085113595
 10
32.04743736195512
 20
2.2000231163337536
 10
32.0472220663247
 20
2.374847101297201
 10
32.04579532233911
 20
2.5479977613187534
 10
32.043284954877656
 20
2.719344308888529
 10
32.03982529168243
 20
2.888777228293637
 10
32.03555616656628
 20
3.056209906583098
 10
32.03062178022583
 20
3.2215801073163886
 10
32.025169414049884
 20
3.384851251553724
 10
32.01934799590055
 20
3.546013466322517
 10
32.01330652161847
 20
3.7050843573449486
 10
32.007192341990034
 20
3.862109460638718
 10
32.00114933203147
 20
4.017162327275758
 10
31.995315967471115
 20
4.170344197695045
 10
31.989823341863286
 20
4.321783227066083
 10
31.98479316628655
 20
4.471633231709903
 10
31.98033580135344
 20
4.620071938693919
 10
31.97654837746354
 20
4.767298736283813
 10
31.9735130630197
 20
4.913531941408031
 10
31.971295540932577
 20
5.059005620676074
 10
31.969943750609644
 20
5.203966022393328
 10
31.969486945539348
 20
5.34866769674883
 10
31.96993510573455
 20
5.493369398136883
 10
31.971278730329516
 20
5.638329875771488
 10
31.973489019566195
 20
5.783803665113342
 10
31.976518438569105
 20
5.9300369924883976
 10
31.980301639109463
 20
6.077263898663759
 10
31.984756701324443
 20
6.225702674776656
 10
31.989786646150463
 20
6.375552687166154
 10
31.995281161727412
 20
6.526991647977052
 10
32.001118483472624
 20
6.6801733676504105
 10
32.00716736773073
 20
6.835226005231831
 10
32.0132891023615
 20
6.992250814169969
 10
32.01933950359395
 20
7.151321365898118
 10
32.02517085611261
 20
7.312483221516174
 10
32.03063376182822
 20
7.475754013449783
 10
32.03557887139175
 20
7.641123893871008
 10
32.0398584806612
 20
7.808556304511661
 10
32.043327981615484
 20
7.977989022753123
 10
32.04584716338458
 20
8.149335440959302
 10
32.047281364028095
 20
8.322486039378177
 10
32.0475024774531
 20
8.49731001708021
 10
32.046389822504715
 20
8.67365704992171
 10
32.043830882922535
 20
8.8513591491013
 10
32.0397219276892
 20
9.030232598288535
 10
32.03396852146162
 20
9.210079951390307
 10
32.02648593441717
 20
9.390692076690197
 10
32.017199460093195
 20
9.571850236300254
 10
32.00604464875127
 20
9.753328192588503
 10
31.992967462536036
 20
9.934894335491187
 10
31.97792435727705
 20
10.11631382639784
 10
31.960882294235127
 20
10.297350755619036
 10
31.941818683439656
 20
10.477770311312728
 10
31.92884200791257
 20
10.547685317133515
  0
LWPOLYLINE
  5
A0
330
17
100
AcDbEntity
  8
KEDER
100
AcDbPolyline
 90
65
 70
0
 10
32.694269173387994
 20
0.0
 10
32.71044751405262
 20
0.07076994908705532
 10
32.737041070708315
 20
0.25103747850315206
 10
32.7615130810518
 20
0.4319138537038433
 10
32.78387495746267
 20
0.6132136195507734
 10
32.8041496600119
 20
0.7947498463084306
 10
32.82237166463521
 20
0.9763360811202723
 10
32.83858682963362
 20
1.157788279309182
 10
32.85285216188031
 20
1.3389267062877224
 10
32.865235483072524
 20
1.519577800746098
 10
32.875814995516144
 20
1.6995759892818005
 10
32.884678746309234
 20
1.8787654417923858
 10
32.891923988440716
 20
2.0570017558232747
 10
32.89765643727966
 20
2.234153556703381
 10
32.901989421241375
 20
2.4101039987788884
 10
32.90504292611547
 20
2.584752151447799
 10
32.9069425336627
 20
2.7580142520977717
 10
32.90781825665663
 20
2.929824806567332
 10
32.90780327457383
 20
3.100137516513867
 10
32.90703257661341
 20
3.268926012226366
 10
32.90564152161788
 20
3.4361843691261793
 10
32.90376432770512
 20
3.6019273866222052
 10
32.901532507902395
 20
3.7661906092925332
 10
32.8990732716551
 20
3.9290300727011225
 10
32.896507915586966
 20
4.090521759640445
 10
32.893950230104124
 20
4.250760757280726
 10
32.89150495113061
 20
4.409860111591486
 10
32.88926628820042
 20
4.567949382377529
 10
32.88731656108558
 20
4.725172910131302
 10
32.88572497692014
 20
4.881687814331233
 10
32.88454657825325
 20
5.03766175139884
 10
32.88382138957385
 20
5.193270468780927
 10
32.883573785629146
 20
5.348695199028522
 10
32.88381209944533
 20
5.504119943798383
 10
32.88452848158063
 20
5.659728701972708
 10
32.88569901511286
 20
5.815702698263879
 10
32.88728408355753
 20
5.9722176685858726
 10
32.8892289817297
 20
6.129441256149137
 10
32.89146475289416
 20
6.287530567858304
 10
32.89390922974552
 20
6.446629934495265
 10
32.89646825209829
 20
6.6068689107912615
 10
32.89903703083222
 20
6.768360543323973
 10
32.90150162570947
 20
6.931199925717203
 10
32.9037405041365
 20
7.095463052331371
 10
32.90562614867189
 20
7.26120597390077
 10
32.907026682899684
 20
7.428464251695033
 10
32.90780748796339
 20
7.597252700955304
 10
32.90783278533779
 20
7.76756540968204
 10
32.90696716504839
 20
7.939376015348322
 10
32.905077042299915
 20
8.112638219727899
 10
32.90203202914231
 20
8.287286520657364
 10
32.8977062112254
 20
8.463237139059029
 10
32.89197932275205
 20
8.640389119779453
 10
32.88473781535893
 20
8.818625585586922
 10
32.87587581879185
 20
8.997815124863102
 10
32.86529599289102
 20
9.177813294974875
 10
32.852910271571844
 20
9.358464224892668
 10
32.83864050020917
 20
9.539602302219402
 10
32.822418968145826
 20
9.721053931313852
 10
32.804188837993635
 20
9.902639350553029
 10
32.78390447302368
 20
10.084174497911974
 10
32.76153166329656
 20
10.265472914887082
 10
32.73704775030985
 20
10.446347679298405
 10
32.71044164888445
 20
10.62661335762993
 10
32.694258414912035
 20
10.697382187905975
  0
LWPOLYLINE
  5
A1
330
17
100
AcDbEntity
  8
KEDER
100
AcDbPolyline
 90
2
 70
0
 10
31.92884200791257
 20
0.14964185101534075
 10
32.694269173387994
 20
0.0
  0
LWPOLYLINE
  5
A2
330
17
100
AcDbEntity
  8
KEDER
100
AcDbPolyline
 90
2
 70
0
 10
31.92884200791257
 20
10.547685317133515
 10
32.694258414912035
 20
10.697382187905975
  0
TEXT
  5
A3
330
17
100
AcDbEntity
  8
TEXTO
100
AcDbText
 10
31.92884200791257
 20
-0.35
 30
0.0
 40
0.12
  1
F1 · x1 · 9.07 m2
 11
31.92884200791257
 21
-0.35
 31
0.0
100
AcDbText
  0
TEXT
  5
A4
330
17
100
AcDbEntity
  8
TEXTO
100
AcDbText
 10
31.92884200791257
 20
-0.55
 30
0.0
 40
0.06
  1
ZION CASULO · FORRO / REVESTIMENTO INTERNO · Trevira CS (poliéster FR) 210 g/m² tensionado, cor creme; ou
 11
31.92884200791257
 21
-0.55
 31
0.0
100
AcDbText
  0
LWPOLYLINE
  5
A5
330
17
100
AcDbEntity
  8
CONTORNO
100
AcDbPolyline
 90
130
 70
1
 10
33.68407174154557
 20
0.052531833324323096
 10
33.68339527431269
 20
0.12512430395680618
 10
33.67819557948005
 20
0.3072686494387084
 10
33.672545066013214
 20
0.4897055264497831
 10
33.66648280856439
 20
0.6722785464921507
 10
33.660049364405545
 20
0.8548301172471635
 10
33.65328666736962
 20
1.0372029991524334
 10
33.646237907670695
 20
1.2192418598119636
 10
33.6389473983726
 20
1.4007948215243595
 10
33.63146042915491
 20
1.5817149969186257
 10
33.6238231079073
 20
1.7618620071181836
 10
33.616082190572186
 20
1.9411034760029708
 10
33.608284899557354
 20
2.1193164929958144
 10
33.600478730959
 20
2.296389035352245
 10
33.59271125077951
 20
2.4722213391767713
 10
33.58502988029989
 20
2.6467272063280918
 10
33.57748167078409
 20
2.819835232033373
 10
33.57011306776156
 20
2.9914899354568334
 10
33.56296966526737
 20
3.1616527727468875
 10
33.556095950626556
 20
3.330303009352921
 10
33.54953504066297
 20
3.4974384258488733
 10
33.54332841059852
 20
3.6630758293811585
 10
33.537515617390525
 20
3.82725134149181
 10
33.53213401982425
 20
3.990020432825982
 10
33.527218498319954
 20
4.151457676517162
 10
33.522801178096366
 20
4.3116561952426276
 10
33.51891116001022
 20
4.470726782375035
 10
33.515574264004705
 20
4.628796685501551
 10
33.5128127905772
 20
4.786008050802132
 10
33.51064530594427
 20
4.94251603905588
 10
33.509086456570685
 20
5.0984866377481275
 10
33.50814681838834
 20
5.254094207949598
 10
33.50783278533778
 20
5.409518818174279
 10
33.508146500835956
 20
5.564943429040246
 10
33.50908583446473
 20
5.720551001080469
 10
33.51064440467967
 20
5.876521602562521
 10
33.51281164677722
 20
6.033029594174962
 10
33.515572923859374
 20
6.190240962924296
 10
33.51890967721944
 20
6.348310869062029
 10
33.522799611534005
 20
6.50738145824302
 10
33.527216909543576
 20
6.667579977581014
 10
33.53213247055396
 20
6.829017220069288
 10
33.53751416707118
 20
6.991786308131836
 10
33.54332711414446
 20
7.155961814794665
 10
33.549533946465594
 20
7.321599210748028
 10
33.55609509888453
 20
7.488734617726205
 10
33.56296908667916
 20
7.657384843199028
 10
33.57011278260127
 20
7.827547668170782
 10
33.577481688365246
 20
7.999202358598225
 10
33.58503019881822
 20
8.172310371181167
 10
33.592711857514814
 20
8.34681622564556
 10
33.600479602807965
 20
8.522648517758356
 10
33.60828600386255
 20
8.699721049866898
 10
33.61608348620818
 20
8.87793405848841
 10
33.62382454658129
 20
9.057175521195747
 10
33.631461956876855
 20
9.2373225276201
 10
33.63894895704809
 20
9.418242701733421
 10
33.64623943676847
 20
9.599795664633548
 10
33.653288105614365
 20
9.781834528810991
 10
33.66005065144646
 20
9.964207416323097
 10
33.6664838865693
 20
10.146758994444792
 10
33.67254588113887
 20
10.32933202321576
 10
33.678196083170334
 20
10.51176890987248
 10
33.683395424379064
 20
10.69391326544898
 10
33.68407174154557
 20
10.766505737479733
 10
34.894111308641904
 20
10.81904062915579
 10
34.897873719248366
 20
10.745724861379868
 10
34.90473517440108
 20
10.562952617929994
 10
34.911213355429176
 20
10.37988742160675
 10
34.917309982314016
 20
10.196674784895299
 10
34.92302816247355
 20
10.013461580705748
 10
34.9283723975679
 20
9.830394556403036
 10
34.933348575571294
 20
9.647618848499016
 10
34.937963948638895
 20
9.465276503410577
 10
34.942227097193715
 20
9.283505009945229
 10
34.94614788055518
 20
9.102435849688424
 10
34.949737374333274
 20
8.922193072240226
 10
34.953007794726396
 20
8.742891903288568
 10
34.95597240979297
 20
8.564637394815495
 10
34.95864543772359
 20
8.387523128309342
 10
34.961041932129525
 20
8.211629983685235
 10
34.96317765439345
 20
8.037024988667715
 10
34.96506893320817
 20
7.863760265606163
 10
34.96673251156928
 20
7.691872094986451
 10
34.96818538169609
 20
7.521380117140738
 10
34.969444608640366
 20
7.352286695663142
 10
34.970527143708374
 20
7.184576467583871
 10
34.971449629266765
 20
7.018216106161885
 10
34.97222819702029
 20
6.853154321914024
 10
34.972878262419435
 20
6.68932212588183
 10
34.97341431845076
 20
6.526633375843796
 10
34.97384973264091
 20
6.364985620979349
 10
34.97419655161425
 20
6.2042612532777754
 10
34.9744653179265
 20
6.044328964840373
 10
34.974664904090616
 20
5.88504549945585
 10
34.97480236866444
 20
5.726257674994498
 10
34.974882838943124
 20
5.567804641053261
 10
34.97490942418052
 20
5.409520324845757
 10
34.97488316236929
 20
5.251236008584262
 10
34.97480300248909
 20
5.092782974485694
 10
34.97466582286322
 20
4.933995149777914
 10
34.974466484945516
 20
4.774711684082523
 10
34.974197920594015
 20
4.614779395305855
 10
34.973851249774576
 20
4.454055027284656
 10
34.97341592475221
 20
4.29240727218005
 10
34.97287989621875
 20
4.129718522051414
 10
34.97222979648887
 20
3.9658863261554425
 10
34.971451134857446
 20
3.800824542350413
 10
34.97052850041128
 20
3.634464181754093
 10
34.96944576797423
 20
3.4667539549489157
 10
34.968186303375525
 20
3.297660535241282
 10
34.96673316480869
 20
3.1271685596833296
 10
34.96506929764172
 20
2.9552803918589983
 10
34.96317772060709
 20
2.7820156720529337
 10
34.96104170181433
 20
2.607410680662729
 10
34.958644923470644
 20
2.4315175399074227
 10
34.955971634558566
 20
2.2544032773402263
 10
34.95300679100215
 20
2.0761487726673966
 10
34.94973618306062
 20
1.8968476071366838
 10
34.9461465498267
 20
1.7166048324657717
 10
34.94222568078631
 20
1.535535674064235
 10
34.937962504425386
 20
1.3537641812510377
 10
34.933347163858485
 20
1.1714218353399586
 10
34.92837107940991
 20
0.988646124888874
 10
34.92302699801
 20
0.8055790960994579
 10
34.917309029182746
 20
0.6223658853142401
 10
34.91121266730265
 20
0.43915323978461906
 10
34.90473479969447
 20
0.25608803237056404
 10
34.89787370004469
 20
0.07331577557509529
 10
34.89411144141896
 20
0.0
  0
LWPOLYLINE
  5
A6
330
17
100
AcDbEntity
  8
KEDER
100
AcDbPolyline
 90
65
 70
0
 10
33.68407174154557
 20
0.052531833324323096
 10
33.68339527431269
 20
0.12512430395680618
 10
33.67819557948005
 20
0.3072686494387084
 10
33.672545066013214
 20
0.4897055264497831
 10
33.66648280856439
 20
0.6722785464921507
 10
33.660049364405545
 20
0.8548301172471635
 10
33.65328666736962
 20
1.0372029991524334
 10
33.646237907670695
 20
1.2192418598119636
 10
33.6389473983726
 20
1.4007948215243595
 10
33.63146042915491
 20
1.5817149969186257
 10
33.6238231079073
 20
1.7618620071181836
 10
33.616082190572186
 20
1.9411034760029708
 10
33.608284899557354
 20
2.1193164929958144
 10
33.600478730959
 20
2.296389035352245
 10
33.59271125077951
 20
2.4722213391767713
 10
33.58502988029989
 20
2.6467272063280918
 10
33.57748167078409
 20
2.819835232033373
 10
33.57011306776156
 20
2.9914899354568334
 10
33.56296966526737
 20
3.1616527727468875
 10
33.556095950626556
 20
3.330303009352921
 10
33.54953504066297
 20
3.4974384258488733
 10
33.54332841059852
 20
3.6630758293811585
 10
33.537515617390525
 20
3.82725134149181
 10
33.53213401982425
 20
3.990020432825982
 10
33.527218498319954
 20
4.151457676517162
 10
33.522801178096366
 20
4.3116561952426276
 10
33.51891116001022
 20
4.470726782375035
 10
33.515574264004705
 20
4.628796685501551
 10
33.5128127905772
 20
4.786008050802132
 10
33.51064530594427
 20
4.94251603905588
 10
33.509086456570685
 20
5.0984866377481275
 10
33.50814681838834
 20
5.254094207949598
 10
33.50783278533778
 20
5.409518818174279
 10
33.508146500835956
 20
5.564943429040246
 10
33.50908583446473
 20
5.720551001080469
 10
33.51064440467967
 20
5.876521602562521
 10
33.51281164677722
 20
6.033029594174962
 10
33.515572923859374
 20
6.190240962924296
 10
33.51890967721944
 20
6.348310869062029
 10
33.522799611534005
 20
6.50738145824302
 10
33.527216909543576
 20
6.667579977581014
 10
33.53213247055396
 20
6.829017220069288
 10
33.53751416707118
 20
6.991786308131836
 10
33.54332711414446
 20
7.155961814794665
 10
33.549533946465594
 20
7.321599210748028
 10
33.55609509888453
 20
7.488734617726205
 10
33.56296908667916
 20
7.657384843199028
 10
33.57011278260127
 20
7.827547668170782
 10
33.577481688365246
 20
7.999202358598225
 10
33.58503019881822
 20
8.172310371181167
 10
33.592711857514814
 20
8.34681622564556
 10
33.600479602807965
 20
8.522648517758356
 10
33.60828600386255
 20
8.699721049866898
 10
33.61608348620818
 20
8.87793405848841
 10
33.62382454658129
 20
9.057175521195747
 10
33.631461956876855
 20
9.2373225276201
 10
33.63894895704809
 20
9.418242701733421
 10
33.64623943676847
 20
9.599795664633548
 10
33.653288105614365
 20
9.781834528810991
 10
33.66005065144646
 20
9.964207416323097
 10
33.6664838865693
 20
10.146758994444792
 10
33.67254588113887
 20
10.32933202321576
 10
33.678196083170334
 20
10.51176890987248
 10
33.683395424379064
 20
10.69391326544898
 10
33.68407174154557
 20
10.766505737479733
  0
LWPOLYLINE
  5
A7
330
17
100
AcDbEntity
  8
KEDER
100
AcDbPolyline
 90
65
 70
0
 10
34.89411144141896
 20
0.0
 10
34.89787370004469
 20
0.07331577557509529
 10
34.90473479969447
 20
0.25608803237056404
 10
34.91121266730265
 20
0.43915323978461906
 10
34.917309029182746
 20
0.6223658853142401
 10
34.92302699801
 20
0.8055790960994579
 10
34.92837107940991
 20
0.988646124888874
 10
34.933347163858485
 20
1.1714218353399586
 10
34.937962504425386
 20
1.3537641812510377
 10
34.94222568078631
 20
1.535535674064235
 10
34.9461465498267
 20
1.7166048324657717
 10
34.94973618306062
 20
1.8968476071366838
 10
34.95300679100215
 20
2.0761487726673966
 10
34.955971634558566
 20
2.2544032773402263
 10
34.958644923470644
 20
2.4315175399074227
 10
34.96104170181433
 20
2.607410680662729
 10
34.96317772060709
 20
2.7820156720529337
 10
34.96506929764172
 20
2.9552803918589983
 10
34.96673316480869
 20
3.1271685596833296
 10
34.968186303375525
 20
3.297660535241282
 10
34.96944576797423
 20
3.4667539549489157
 10
34.97052850041128
 20
3.634464181754093
 10
34.971451134857446
 20
3.800824542350413
 10
34.97222979648887
 20
3.9658863261554425
 10
34.97287989621875
 20
4.129718522051414
 10
34.97341592475221
 20
4.29240727218005
 10
34.973851249774576
 20
4.454055027284656
 10
34.974197920594015
 20
4.614779395305855
 10
34.974466484945516
 20
4.774711684082523
 10
34.97466582286322
 20
4.933995149777914
 10
34.97480300248909
 20
5.092782974485694
 10
34.97488316236929
 20
5.251236008584262
 10
34.97490942418052
 20
5.409520324845757
 10
34.974882838943124
 20
5.567804641053261
 10
34.97480236866444
 20
5.726257674994498
 10
34.974664904090616
 20
5.88504549945585
 10
34.9744653179265
 20
6.044328964840373
 10
34.97419655161425
 20
6.2042612532777754
 10
34.97384973264091
 20
6.364985620979349
 10
34.97341431845076
 20
6.526633375843796
 10
34.972878262419435
 20
6.68932212588183
 10
34.97222819702029
 20
6.853154321914024
 10
34.971449629266765
 20
7.018216106161885
 10
34.970527143708374
 20
7.184576467583871
 10
34.969444608640366
 20
7.352286695663142
 10
34.96818538169609
 20
7.521380117140738
 10
34.96673251156928
 20
7.691872094986451
 10
34.96506893320817
 20
7.863760265606163
 10
34.96317765439345
 20
8.037024988667715
 10
34.961041932129525
 20
8.211629983685235
 10
34.95864543772359
 20
8.387523128309342
 10
34.95597240979297
 20
8.564637394815495
 10
34.953007794726396
 20
8.742891903288568
 10
34.949737374333274
 20
8.922193072240226
 10
34.94614788055518
 20
9.102435849688424
 10
34.942227097193715
 20
9.283505009945229
 10
34.937963948638895
 20
9.465276503410577
 10
34.933348575571294
 20
9.647618848499016
 10
34.9283723975679
 20
9.830394556403036
 10
34.92302816247355
 20
10.013461580705748
 10
34.917309982314016
 20
10.196674784895299
 10
34.911213355429176
 20
10.37988742160675
 10
34.90473517440108
 20
10.562952617929994
 10
34.897873719248366
 20
10.745724861379868
 10
34.894111308641904
 20
10.81904062915579
  0
LWPOLYLINE
  5
A8
330
17
100
AcDbEntity
  8
KEDER
100
AcDbPolyline
 90
2
 70
0
 10
33.68407174154557
 20
0.052531833324323096
 10
34.89411144141896
 20
0.0
  0
LWPOLYLINE
  5
A9
330
17
100
AcDbEntity
  8
KEDER
100
AcDbPolyline
 90
2
 70
0
 10
33.68407174154557
 20
10.766505737479733
 10
34.894111308641904
 20
10.81904062915579
  0
LWPOLYLINE
  5
AA
330
17
100
AcDbEntity
  8
RECORTE
100
AcDbPolyline
 90
112
 70
1
 10
33.81435417903522
 20
5.116607273303014
 10
33.814285955573375
 20
5.131261865884289
 10
33.81421773211154
 20
5.145916458465565
 10
33.81414950864969
 20
5.16057105104684
 10
33.814081285187854
 20
5.1752256436281145
 10
33.81401306172601
 20
5.18988023620939
 10
33.81394483826417
 20
5.204534828790665
 10
33.813876614802325
 20
5.219189421371941
 10
33.81380839134049
 20
5.233844013953216
 10
33.81374016787865
 20
5.248498606534491
 10
33.81370186213395
 20
5.263142074097704
 10
33.81367905109689
 20
5.277779779894351
 10
33.81365624005983
 20
5.292417485690997
 10
33.81363342902277
 20
5.307055191487644
 10
33.81361061798571
 20
5.32169289728429
 10
33.81358780694865
 20
5.3363306030809365
 10
33.81356499591159
 20
5.350968308877584
 10
33.81354218487453
 20
5.36560601467423
 10
33.81351937383747
 20
5.380243720470877
 10
33.81349656280041
 20
5.394881426267523
 10
33.813473751763354
 20
5.40951913206417
 10
33.8134965328931
 20
5.424156837907392
 10
33.81351931402284
 20
5.438794543750614
 10
33.81354209515259
 20
5.4534322495938365
 10
33.813564876282335
 20
5.468069955437057
 10
33.81358765741208
 20
5.482707661280281
 10
33.81361043854182
 20
5.4973453671235015
 10
33.81363321967157
 20
5.511983072966724
 10
33.813656000801316
 20
5.526620778809946
 10
33.81367878193106
 20
5.541258484653168
 10
33.8137015630608
 20
5.555896190496391
 10
33.813739839314486
 20
5.570539658135835
 10
33.81380803408912
 20
5.585194250850606
 10
33.81387622886375
 20
5.599848843565376
 10
33.813944423638375
 20
5.614503436280147
 10
33.814012618413
 20
5.629158028994918
 10
33.81408081318764
 20
5.643812621709689
 10
33.814149007962264
 20
5.6584672144244585
 10
33.81421720273689
 20
5.67312180713923
 10
33.81428539751152
 20
5.687776399854001
 10
33.81435359228615
 20
5.702430992568771
 10
33.88688226252423
 20
5.702695949977994
 10
33.95941093276232
 20
5.702960907387218
 10
34.0319396030004
 20
5.703225864796441
 10
34.10446827323849
 20
5.703490822205665
 10
34.17699694347657
 20
5.703755779614888
 10
34.24952561371465
 20
5.704020737024112
 10
34.32205428395274
 20
5.704285694433335
 10
34.39458295419082
 20
5.704550651842559
 10
34.4671116244289
 20
5.704815609251782
 10
34.53964029466699
 20
5.705080566661005
 10
34.612168964905074
 20
5.705345524070228
 10
34.68469763514315
 20
5.705610481479452
 10
34.75722630538124
 20
5.705875438888675
 10
34.82975497561932
 20
5.706140396297899
 10
34.90228364585741
 20
5.706405353707122
 10
34.97481231609549
 20
5.706670311116346
 10
34.974819865751805
 20
5.69180437591613
 10
34.97482741540812
 20
5.676938440715914
 10
34.97483496506444
 20
5.662072505515697
 10
34.974842514720756
 20
5.647206570315482
 10
34.97485006437707
 20
5.632340635115265
 10
34.97485761403338
 20
5.61747469991505
 10
34.9748651636897
 20
5.602608764714833
 10
34.974872713346016
 20
5.587742829514617
 10
34.97488026300233
 20
5.572876894314401
 10
34.9748844821263
 20
5.558021387237779
 10
34.97488697633172
 20
5.5431712809985765
 10
34.97488947053714
 20
5.528321174759373
 10
34.97489196474256
 20
5.513471068520172
 10
34.974894458947986
 20
5.498620962280969
 10
34.974896953153404
 20
5.483770856041768
 10
34.97489944735883
 20
5.468920749802566
 10
34.97490194156425
 20
5.454070643563364
 10
34.97490443576967
 20
5.439220537324161
 10
34.97490692997509
 20
5.424370431084959
 10
34.97490942418052
 20
5.409520324845757
 10
34.97490696031867
 20
5.394670218601489
 10
34.97490449645683
 20
5.379820112357222
 10
34.97490203259499
 20
5.364970006112955
 10
34.97489956873315
 20
5.350119899868687
 10
34.97489710487131
 20
5.335269793624419
 10
34.97489464100947
 20
5.320419687380151
 10
34.97489217714762
 20
5.3055695811358845
 10
34.97488971328578
 20
5.290719474891617
 10
34.974887249423944
 20
5.275869368647349
 10
34.974884785562104
 20
5.261019262403082
 10
34.97488059636469
 20
5.2461637553180855
 10
34.974873075829706
 20
5.231297820103109
 10
34.97486555529473
 20
5.216431884888132
 10
34.97485803475974
 20
5.201565949673156
 10
34.97485051422476
 20
5.186700014458179
 10
34.974842993689784
 20
5.171834079243201
 10
34.9748354731548
 20
5.156968144028225
 10
34.97482795261982
 20
5.142102208813248
 10
34.97482043208483
 20
5.127236273598271
 10
34.974812911549854
 20
5.112370338383294
 10
34.90228424076769
 20
5.1126351468157765
 10
34.82975556998552
 20
5.112899955248259
 10
34.75722689920336
 20
5.113164763680742
 10
34.6846982284212
 20
5.113429572113224
 10
34.61216955763903
 20
5.113694380545707
 10
34.539640886856866
 20
5.113959188978189
 10
34.4671122160747
 20
5.114223997410671
 10
34.394583545292534
 20
5.114488805843154
 10
34.32205487451037
 20
5.114753614275637
 10
34.24952620372821
 20
5.115018422708119
 10
34.17699753294604
 20
5.115283231140602
 10
34.10446886216388
 20
5.115548039573084
 10
34.031940191381715
 20
5.115812848005566
 10
33.959411520599545
 20
5.116077656438049
 10
33.88688284981738
 20
5.116342464870532
  0
TEXT
  5
AB
330
17
100
AcDbEntity
  8
TEXTO
100
AcDbText
 10
34.39440757491233
 20
5.409519728670076
 30
0.0
 40
0.05
  1
abertura da Espinha de Luz (requadro)
 11
34.39440757491233
 21
5.409519728670076
 31
0.0
100
AcDbText
  0
LWPOLYLINE
  5
AC
330
17
100
AcDbEntity
  8
RECORTE
100
AcDbPolyline
 90
48
 70
1
 10
34.79677306904028
 20
1.333495390206184
 10
34.782035316551074
 20
1.383859367213851
 10
34.756044632906935
 20
1.4308267299471076
 10
34.72451019233105
 20
1.4740849996695253
 10
34.68934523468704
 20
1.51398318944562
 10
34.651292030043
 20
1.5510020448841786
 10
34.61046450193333
 20
1.5855226353987542
 10
34.56669726025422
 20
1.618022607780438
 10
34.51952602821244
 20
1.6486837769934801
 10
34.468318543705806
 20
1.6774191179499263
 10
34.41237604159193
 20
1.7036886356531928
 10
34.35115787096385
 20
1.7260579591991168
 10
34.28497388279268
 20
1.740181305109323
 10
34.219036297320855
 20
1.7305878434344912
 10
34.15823509408681
 20
1.7124305151878834
 10
34.10279322452818
 20
1.690041644892187
 10
34.05214012951459
 20
1.6648937559761823
 10
34.00556544177738
 20
1.6375745083608062
 10
33.9624346617196
 20
1.608214347609917
 10
33.922286917247526
 20
1.5766641729538047
 10
33.88488140387188
 20
1.5424555017425001
 10
33.85040220545935
 20
1.505202593198456
 10
33.819615169538544
 20
1.4643743681559453
 10
33.79444095943609
 20
1.4194846656131046
 10
33.78050912369383
 20
1.3704221112494372
 10
33.79767619514641
 20
1.320144390168322
 10
33.825616219575544
 20
1.2731648333362688
 10
33.85861479107184
 20
1.229873244791223
 10
33.894748978842124
 20
1.1898679636502176
 10
33.93330450877902
 20
1.1526602809099389
 10
33.974180142129626
 20
1.1178262368017482
 10
34.01759927226664
 20
1.085005351633664
 10
34.06401695122381
 20
1.0540135851999588
 10
34.114042275852455
 20
1.0249374071566357
 10
34.168310935751094
 20
0.99828672223435
 10
34.22738085275807
 20
0.975540854973618
 10
34.291030035671895
 20
0.9611045167933558
 10
34.3545860389502
 20
0.9706715498017915
 10
34.41349679436114
 20
0.9889262171217047
 10
34.46755540069871
 20
1.0114847647327034
 10
34.517271540837086
 20
1.0368285963808106
 10
34.563356525453834
 20
1.0643948423970775
 10
34.606420699257015
 20
1.0940503353629059
 10
34.646917215470445
 20
1.1259452473588734
 10
34.68506545809512
 20
1.1604247940104027
 10
34.72069726178795
 20
1.1979283742326932
 10
34.7530756217348
 20
1.2390023324086168
 10
34.780338119850796
 20
1.284184680456372
  0
TEXT
  5
AD
330
17
100
AcDbEntity
  8
TEXTO
100
AcDbText
 10
34.28835743893279
 20
1.3513633522862223
 30
0.0
 40
0.05
  1
Olho estar (dir,) · 0,94 x 0,83 m
 11
34.28835743893279
 21
1.3513633522862223
 31
0.0
100
AcDbText
  0
TEXT
  5
AE
330
17
100
AcDbEntity
  8
TEXTO
100
AcDbText
 10
33.50783278533778
 20
-0.35
 30
0.0
 40
0.12
  1
F2 · x1 · 14.72 m2
 11
33.50783278533778
 21
-0.35
 31
0.0
100
AcDbText
  0
TEXT
  5
AF
330
17
100
AcDbEntity
  8
TEXTO
100
AcDbText
 10
33.50783278533778
 20
-0.55
 30
0.0
 40
0.06
  1
ZION CASULO · FORRO / REVESTIMENTO INTERNO · Trevira CS (poliéster FR) 210 g/m² tensionado, cor creme; ou
 11
33.50783278533778
 21
-0.55
 31
0.0
100
AcDbText
  0
LWPOLYLINE
  5
B0
330
17
100
AcDbEntity
  8
CONTORNO
100
AcDbPolyline
 90
130
 70
1
 10
35.65833522172015
 20
0.0
 10
35.65684473129401
 20
0.0733971114992559
 10
35.653006014748904
 20
0.2562578147621476
 10
35.649158012580344
 20
0.43939717648870497
 10
35.64530773120004
 20
0.6226707819081113
 10
35.641462751912144
 20
0.8059328672067723
 10
35.63763119497228
 20
0.9890377972529353
 10
35.63382168048044
 20
1.1718415426923394
 10
35.63004328625324
 20
1.3542031510916073
 10
35.62630550278787
 20
1.5359862065367962
 10
35.62261818540008
 20
1.7170602715730523
 10
35.61899150359235
 20
1.8973023045922366
 10
35.61543588768735
 20
2.0765980447326964
 10
35.61196197274611
 20
2.254843355045341
 10
35.60858053978297
 20
2.4319455131051604
 10
35.60530245429087
 20
2.6078244364208922
 10
35.602138602104134
 20
2.7824138279485475
 10
35.59909982265345
 20
2.955662224802897
 10
35.596196839712974
 20
3.1275339309735233
 10
35.59344018980346
 20
3.298009812618477
 10
35.590840148502394
 20
3.467087932506091
 10
35.58840665502143
 20
3.6347839986318418
 10
35.58614923554442
 20
3.801131601227622
 10
35.584076925972965
 20
3.9661822126165975
 10
35.5821981948954
 20
4.130004925972508
 10
35.580520867771206
 20
4.292685912319177
 10
35.57905205349397
 20
4.454327580285244
 10
35.577798074646516
 20
4.615047430314794
 10
35.57676440287497
 20
4.774976604147536
 10
35.575955600865456
 20
4.934258141115413
 10
35.57537527239271
 20
5.093044964600683
 10
35.57502602181201
 20
5.251497634078607
 10
35.57490942418051
 20
5.409781909573819
 10
35.575026006926315
 20
5.568066185079995
 10
35.575375243647514
 20
5.726518854588466
 10
35.57595556024249
 20
5.885305678117145
 10
35.57676435317575
 20
6.04458721513111
 10
35.577798019301966
 20
6.20451638900034
 10
35.579051996333924
 20
6.365236239044055
 10
35.58052081277063
 20
6.5268779069904985
 10
35.582198145915186
 20
6.689558893275095
 10
35.584076886512584
 20
6.853381606521832
 10
35.58614920852189
 20
7.018432217754642
 10
35.58840664259332
 20
7.184779820152368
 10
35.590840151933236
 20
7.352475886047984
 10
35.59344020939036
 20
7.521554005687152
 10
35.59619687476772
 20
7.692029887081986
 10
35.59909987154128
 20
7.863901593018967
 10
35.60213866233551
 20
8.037149989674349
 10
35.60530252266055
 20
8.211739381054525
 10
35.608580612548685
 20
8.387618304288319
 10
35.61196204583846
 20
8.564720462341901
 10
35.61543595694132
 20
8.742965772729354
 10
35.618991564991
 20
8.922261513025592
 10
35.622618235320715
 20
9.102503546275729
 10
35.62630553824135
 20
9.283577611606589
 10
35.630043305107655
 20
9.465360667393082
 10
35.63382168166109
 20
9.647722276158536
 10
35.63763117863054
 20
9.830526021963093
 10
35.64146271955701
 20
10.013630952344343
 10
35.64530768578687
 20
10.196893037916974
 10
35.649157958552756
 20
10.380166643517352
 10
35.653005958030846
 20
10.56330600530044
 10
35.65684467923022
 20
10.746166708465628
 10
35.65833522172015
 20
10.819563818907596
 10
36.859946912863734
 20
10.807847112879262
 10
36.85920537823329
 20
10.734904868529604
 10
36.857393488436465
 20
10.552730786702757
 10
36.855584633268535
 20
10.370283598690815
 10
36.85377940397156
 20
10.187703767016675
 10
36.85197895389818
 20
10.00513310194396
 10
36.850184982952676
 20
9.822713314396502
 10
36.84839971864521
 20
9.640584569265346
 10
36.846625893851
 20
9.45888404461886
 10
36.8448667213372
 20
9.277744502588499
 10
36.84312586509505
 20
9.097292878204174
 10
36.84140740849255
 20
8.917648893202326
 10
36.83971581924646
 20
8.738923702831935
 10
36.83805591120079
 20
8.561218584938835
 10
36.83643280289577
 20
8.384623682112903
 10
36.83485187291635
 20
8.209216809418816
 10
36.83331871202669
 20
8.035062342166151
 10
36.83183907212761
 20
7.862210200250812
 10
36.83041881212126
 20
7.690694947728726
 10
36.829063840833065
 20
7.52053502833688
 10
36.82778005722762
 20
7.351732159485286
 10
36.8265732882635
 20
7.184270908589384
 10
36.82544922486141
 20
7.01811847623647
 10
36.824413356608325
 20
6.853224710292415
 10
36.82347090598212
 20
6.689522373358635
 10
36.822626763047786
 20
6.52692768271147
 10
36.82188542173732
 20
6.365341136794844
 10
36.82125091896493
 20
6.204648635410797
 10
36.82072677793234
 20
6.044722892051313
 10
36.820315957028626
 20
5.885425126639292
 10
36.82002080571048
 20
5.726607015823125
 10
36.81984302865266
 20
5.568112866631985
 10
36.81978365928061
 20
5.4097819686292725
 10
36.81984304354279
 20
5.251451070632143
 10
36.82002083446403
 20
5.092956921456555
 10
36.82031599766292
 20
4.934138810662466
 10
36.820726827644435
 20
4.774841045273857
 10
36.82125097432203
 20
4.614915301932874
 10
36.82188547890732
 20
4.454222800555985
 10
36.82262681805308
 20
4.292636254629428
 10
36.82347095495885
 20
4.1300415639509644
 10
36.82441339605376
 20
3.9663392269623126
 10
36.82544925185401
 20
3.8014454609400286
 10
36.82657330064299
 20
3.6352930284882534
 10
36.82778005372558
 20
3.4678317774779073
 10
36.82906382114841
 20
3.299028908503241
 10
36.83041877693817
 20
3.128868988987983
 10
36.8318390230768
 20
2.957353736351064
 10
36.833318651593714
 20
2.7845015943382916
 10
36.83485180430261
 20
2.6103471270136076
 10
36.83643272983982
 20
2.434940254279484
 10
36.83805583776856
 20
2.2583453514500915
 10
36.83971574959972
 20
2.0806402335923524
 10
36.84140734664532
 20
1.901915043295782
 10
36.843125814667395
 20
1.7222710584031733
 10
36.84486668531598
 20
1.5418194341578293
 10
36.84662587436614
 20
1.36067989228807
 10
36.84839971676977
 20
1.1789793678134914
 10
36.85018499853389
 20
0.996850622853451
 10
36.85197898542596
 20
0.8144308354628154
 10
36.85377944848966
 20
0.6318601705182085
 10
36.85558468633263
 20
0.4492803389285657
 10
36.85739354412207
 20
0.2668331509426155
 10
36.85920542919526
 20
0.0846590690687866
 10
36.85994691171156
 20
0.011716824189351422
  0
LWPOLYLINE
  5
B1
330
17
100
AcDbEntity
  8
KEDER
100
AcDbPolyline
 90
65
 70
0
 10
35.65833522172015
 20
0.0
 10
35.65684473129401
 20
0.0733971114992559
 10
35.653006014748904
 20
0.2562578147621476
 10
35.649158012580344
 20
0.43939717648870497
 10
35.64530773120004
 20
0.6226707819081113
 10
35.641462751912144
 20
0.8059328672067723
 10
35.63763119497228
 20
0.9890377972529353
 10
35.63382168048044
 20
1.1718415426923394
 10
35.63004328625324
 20
1.3542031510916073
 10
35.62630550278787
 20
1.5359862065367962
 10
35.62261818540008
 20
1.7170602715730523
 10
35.61899150359235
 20
1.8973023045922366
 10
35.61543588768735
 20
2.0765980447326964
 10
35.61196197274611
 20
2.254843355045341
 10
35.60858053978297
 20
2.4319455131051604
 10
35.60530245429087
 20
2.6078244364208922
 10
35.602138602104134
 20
2.7824138279485475
 10
35.59909982265345
 20
2.955662224802897
 10
35.596196839712974
 20
3.1275339309735233
 10
35.59344018980346
 20
3.298009812618477
 10
35.590840148502394
 20
3.467087932506091
 10
35.58840665502143
 20
3.6347839986318418
 10
35.58614923554442
 20
3.801131601227622
 10
35.584076925972965
 20
3.9661822126165975
 10
35.5821981948954
 20
4.130004925972508
 10
35.580520867771206
 20
4.292685912319177
 10
35.57905205349397
 20
4.454327580285244
 10
35.577798074646516
 20
4.615047430314794
 10
35.57676440287497
 20
4.774976604147536
 10
35.575955600865456
 20
4.934258141115413
 10
35.57537527239271
 20
5.093044964600683
 10
35.57502602181201
 20
5.251497634078607
 10
35.57490942418051
 20
5.409781909573819
 10
35.575026006926315
 20
5.568066185079995
 10
35.575375243647514
 20
5.726518854588466
 10
35.57595556024249
 20
5.885305678117145
 10
35.57676435317575
 20
6.04458721513111
 10
35.577798019301966
 20
6.20451638900034
 10
35.579051996333924
 20
6.365236239044055
 10
35.58052081277063
 20
6.5268779069904985
 10
35.582198145915186
 20
6.689558893275095
 10
35.584076886512584
 20
6.853381606521832
 10
35.58614920852189
 20
7.018432217754642
 10
35.58840664259332
 20
7.184779820152368
 10
35.590840151933236
 20
7.352475886047984
 10
35.59344020939036
 20
7.521554005687152
 10
35.59619687476772
 20
7.692029887081986
 10
35.59909987154128
 20
7.863901593018967
 10
35.60213866233551
 20
8.037149989674349
 10
35.60530252266055
 20
8.211739381054525
 10
35.608580612548685
 20
8.387618304288319
 10
35.61196204583846
 20
8.564720462341901
 10
35.61543595694132
 20
8.742965772729354
 10
35.618991564991
 20
8.922261513025592
 10
35.622618235320715
 20
9.102503546275729
 10
35.62630553824135
 20
9.283577611606589
 10
35.630043305107655
 20
9.465360667393082
 10
35.63382168166109
 20
9.647722276158536
 10
35.63763117863054
 20
9.830526021963093
 10
35.64146271955701
 20
10.013630952344343
 10
35.64530768578687
 20
10.196893037916974
 10
35.649157958552756
 20
10.380166643517352
 10
35.653005958030846
 20
10.56330600530044
 10
35.65684467923022
 20
10.746166708465628
 10
35.65833522172015
 20
10.819563818907596
  0
LWPOLYLINE
  5
B2
330
17
100
AcDbEntity
  8
KEDER
100
AcDbPolyline
 90
65
 70
0
 10
36.85994691171156
 20
0.011716824189351422
 10
36.85920542919526
 20
0.0846590690687866
 10
36.85739354412207
 20
0.2668331509426155
 10
36.85558468633263
 20
0.4492803389285657
 10
36.85377944848966
 20
0.6318601705182085
 10
36.85197898542596
 20
0.8144308354628154
 10
36.85018499853389
 20
0.996850622853451
 10
36.84839971676977
 20
1.1789793678134914
 10
36.84662587436614
 20
1.36067989228807
 10
36.84486668531598
 20
1.5418194341578293
 10
36.843125814667395
 20
1.7222710584031733
 10
36.84140734664532
 20
1.901915043295782
 10
36.83971574959972
 20
2.0806402335923524
 10
36.83805583776856
 20
2.2583453514500915
 10
36.83643272983982
 20
2.434940254279484
 10
36.83485180430261
 20
2.6103471270136076
 10
36.833318651593714
 20
2.7845015943382916
 10
36.8318390230768
 20
2.957353736351064
 10
36.83041877693817
 20
3.128868988987983
 10
36.82906382114841
 20
3.299028908503241
 10
36.82778005372558
 20
3.4678317774779073
 10
36.82657330064299
 20
3.6352930284882534
 10
36.82544925185401
 20
3.8014454609400286
 10
36.82441339605376
 20
3.9663392269623126
 10
36.82347095495885
 20
4.1300415639509644
 10
36.82262681805308
 20
4.292636254629428
 10
36.82188547890732
 20
4.454222800555985
 10
36.82125097432203
 20
4.614915301932874
 10
36.820726827644435
 20
4.774841045273857
 10
36.82031599766292
 20
4.934138810662466
 10
36.82002083446403
 20
5.092956921456555
 10
36.81984304354279
 20
5.251451070632143
 10
36.81978365928061
 20
5.4097819686292725
 10
36.81984302865266
 20
5.568112866631985
 10
36.82002080571048
 20
5.726607015823125
 10
36.820315957028626
 20
5.885425126639292
 10
36.82072677793234
 20
6.044722892051313
 10
36.82125091896493
 20
6.204648635410797
 10
36.82188542173732
 20
6.365341136794844
 10
36.822626763047786
 20
6.52692768271147
 10
36.82347090598212
 20
6.689522373358635
 10
36.824413356608325
 20
6.853224710292415
 10
36.82544922486141
 20
7.01811847623647
 10
36.8265732882635
 20
7.184270908589384
 10
36.82778005722762
 20
7.351732159485286
 10
36.829063840833065
 20
7.52053502833688
 10
36.83041881212126
 20
7.690694947728726
 10
36.83183907212761
 20
7.862210200250812
 10
36.83331871202669
 20
8.035062342166151
 10
36.83485187291635
 20
8.209216809418816
 10
36.83643280289577
 20
8.384623682112903
 10
36.83805591120079
 20
8.561218584938835
 10
36.83971581924646
 20
8.738923702831935
 10
36.84140740849255
 20
8.917648893202326
 10
36.84312586509505
 20
9.097292878204174
 10
36.8448667213372
 20
9.277744502588499
 10
36.846625893851
 20
9.45888404461886
 10
36.84839971864521
 20
9.640584569265346
 10
36.850184982952676
 20
9.822713314396502
 10
36.85197895389818
 20
10.00513310194396
 10
36.85377940397156
 20
10.187703767016675
 10
36.855584633268535
 20
10.370283598690815
 10
36.857393488436465
 20
10.552730786702757
 10
36.85920537823329
 20
10.734904868529604
 10
36.859946912863734
 20
10.807847112879262
  0
LWPOLYLINE
  5
B3
330
17
100
AcDbEntity
  8
KEDER
100
AcDbPolyline
 90
2
 70
0
 10
35.65833522172015
 20
0.0
 10
36.85994691171156
 20
0.011716824189351422
  0
LWPOLYLINE
  5
B4
330
17
100
AcDbEntity
  8
KEDER
100
AcDbPolyline
 90
2
 70
0
 10
35.65833522172015
 20
10.819563818907596
 10
36.859946912863734
 20
10.807847112879262
  0
LWPOLYLINE
  5
B5
330
17
100
AcDbEntity
  8
RECORTE
100
AcDbPolyline
 90
112
 70
1
 10
35.57533236828955
 20
5.11251027132544
 10
35.575299588436636
 20
5.127382272936995
 10
35.57526680858373
 20
5.142254274548549
 10
35.57523402873081
 20
5.1571262761601036
 10
35.5752012488779
 20
5.1719982777716575
 10
35.57516846902499
 20
5.186870279383212
 10
35.57513568917208
 20
5.201742280994767
 10
35.57510290931916
 20
5.216614282606321
 10
35.575070129466255
 20
5.231486284217876
 10
35.575037349613346
 20
5.246358285829431
 10
35.57501886002462
 20
5.261219944161397
 10
35.57500791644021
 20
5.276076140702639
 10
35.5749969728558
 20
5.2909323372438815
 10
35.574986029271386
 20
5.305788533785123
 10
35.57497508568698
 20
5.320644730326365
 10
35.574964142102566
 20
5.335500926867607
 10
35.57495319851815
 20
5.35035712340885
 10
35.574942254933745
 20
5.365213319950092
 10
35.57493131134933
 20
5.380069516491335
 10
35.574920367764925
 20
5.394925713032577
 10
35.57490942418051
 20
5.409781909573819
 10
35.574920366367785
 20
5.424638106116091
 10
35.57493130855506
 20
5.439494302658361
 10
35.57494225074233
 20
5.4543504992006335
 10
35.574953192929605
 20
5.469206695742904
 10
35.57496413511688
 20
5.484062892285175
 10
35.57497507730415
 20
5.4989190888274475
 10
35.574986019491426
 20
5.513775285369718
 10
35.5749969616787
 20
5.52863148191199
 10
35.57500790386597
 20
5.543487678454261
 10
35.57501884605325
 20
5.558343874996533
 10
35.575037334278115
 20
5.573205533330162
 10
35.57507011283021
 20
5.588077534944585
 10
35.5751028913823
 20
5.602949536559006
 10
35.57513566993439
 20
5.617821538173427
 10
35.57516844848648
 20
5.632693539787849
 10
35.575201227038576
 20
5.647565541402271
 10
35.575234005590666
 20
5.662437543016693
 10
35.575266784142755
 20
5.677309544631114
 10
35.575299562694845
 20
5.6921815462455365
 10
35.57533234124694
 20
5.7070535478599576
 10
35.653124005323775
 20
5.7070587394608125
 10
35.7309156694006
 20
5.707063931061668
 10
35.808707333477436
 20
5.707069122662523
 10
35.88649899755427
 20
5.707074314263378
 10
35.964290661631104
 20
5.707079505864234
 10
36.04208232570794
 20
5.707084697465089
 10
36.11987398978477
 20
5.707089889065944
 10
36.197665653861606
 20
5.7070950806668
 10
36.27545731793844
 20
5.707100272267655
 10
36.35324898201527
 20
5.70710546386851
 10
36.43104064609211
 20
5.707110655469365
 10
36.50883231016894
 20
5.707115847070221
 10
36.58662397424577
 20
5.707121038671076
 10
36.6644156383226
 20
5.707126230271931
 10
36.742207302399436
 20
5.707131421872787
 10
36.81999896647627
 20
5.707136613473642
 10
36.8199822807322
 20
5.692260718672003
 10
36.819965594988126
 20
5.677384823870362
 10
36.81994890924406
 20
5.662508929068722
 10
36.81993222349999
 20
5.647633034267082
 10
36.81991553775592
 20
5.6327571394654425
 10
36.819898852011846
 20
5.617881244663803
 10
36.819882166267774
 20
5.603005349862163
 10
36.8198654805237
 20
5.588129455060524
 10
36.81984879477963
 20
5.573253560258883
 10
36.81983938200209
 20
5.558387692850491
 10
36.81983380972994
 20
5.543527120428369
 10
36.81982823745779
 20
5.528666548006248
 10
36.81982266518565
 20
5.513805975584125
 10
36.819817092913496
 20
5.498945403162004
 10
36.81981152064135
 20
5.4840848307398815
 10
36.8198059483692
 20
5.46922425831776
 10
36.81980037609706
 20
5.454363685895639
 10
36.819794803824905
 20
5.439503113473516
 10
36.81978923155276
 20
5.424642541051395
 10
36.81978365928061
 20
5.4097819686292725
 10
36.81978923295031
 20
5.394921396207675
 10
36.81979480662001
 20
5.380060823786077
 10
36.81980038028971
 20
5.365200251364479
 10
36.81980595395941
 20
5.350339678942881
 10
36.81981152762911
 20
5.335479106521284
 10
36.81981710129881
 20
5.320618534099686
 10
36.81982267496851
 20
5.305757961678088
 10
36.81982824863821
 20
5.29089738925649
 10
36.81983382230791
 20
5.276036816834893
 10
36.81983939597761
 20
5.261176244413295
 10
36.81984881011941
 20
5.2463103770057495
 10
36.81986549716467
 20
5.231434482205569
 10
36.81988218420993
 20
5.216558587405389
 10
36.81989887125519
 20
5.201682692605209
 10
36.81991555830045
 20
5.186806797805028
 10
36.81993224534571
 20
5.171930903004848
 10
36.81994893239098
 20
5.157055008204669
 10
36.81996561943624
 20
5.142179113404488
 10
36.8199823064815
 20
5.1273032186043075
 10
36.81999899352676
 20
5.112427323804128
 10
36.742207329449435
 20
5.1124325080242095
 10
36.664415665372104
 20
5.112437692244292
 10
36.58662400129478
 20
5.112442876464374
 10
36.508832337217456
 20
5.112448060684455
 10
36.43104067314013
 20
5.112453244904538
 10
36.35324900906281
 20
5.11245842912462
 10
36.27545734498548
 20
5.112463613344702
 10
36.19766568090815
 20
5.112468797564784
 10
36.11987401683083
 20
5.1124739817848655
 10
36.0420823527535
 20
5.112479166004948
 10
35.96429068867618
 20
5.11248435022503
 10
35.886499024598855
 20
5.112489534445112
 10
35.808707360521524
 20
5.112494718665194
 10
35.7309156964442
 20
5.112499902885276
 10
35.653124032366875
 20
5.112505087105358
  0
TEXT
  5
B6
330
17
100
AcDbEntity
  8
TEXTO
100
AcDbText
 10
36.19752246705468
 20
5.4097819391094735
 30
0.0
 40
0.05
  1
abertura da Espinha de Luz (requadro)
 11
36.19752246705468
 21
5.4097819391094735
 31
0.0
100
AcDbText
  0
LWPOLYLINE
  5
B7
330
17
100
AcDbEntity
  8
RECORTE
100
AcDbPolyline
 90
48
 70
1
 10
36.7151262451108
 20
9.486682662333154
 10
36.70108662587992
 20
9.53653031073328
 10
36.67669518725383
 20
9.582729591079547
 10
36.64728490288541
 20
9.62506806670841
 10
36.61465002011211
 20
9.664006970141921
 10
36.579488899459925
 20
9.70005164281615
 10
36.54193925285675
 20
9.733640087582193
 10
36.501802256554676
 20
9.765126268000023
 10
36.45865147427547
 20
9.794679972860415
 10
36.41190438840406
 20
9.82219512382721
 10
36.36091083402662
 20
9.847140620276702
 10
36.30513691576066
 20
9.868015299026224
 10
36.24473612744168
 20
9.880423042004114
 10
36.18396568419673
 20
9.86881199067066
 10
36.12756035255737
 20
9.848659790361983
 10
36.07580925420048
 20
9.824357152189979
 10
36.02822724578791
 20
9.797412363294704
 10
35.98417805491162
 20
9.768365089313857
 10
35.94308253367194
 20
9.73732905014251
 10
35.9045091182397
 20
9.704139577060012
 10
35.868248157950006
 20
9.668444420511632
 10
35.834426588219294
 20
9.629803638280672
 10
35.80372855235113
 20
9.587703252825932
 10
35.77793035900299
 20
9.5416605388296
 10
35.76237062692812
 20
9.491833213223114
 10
35.775998182166255
 20
9.441920018066167
 10
35.80005656295622
 20
9.39575374757149
 10
35.829215920265256
 20
9.353463169447995
 10
35.861680504859095
 20
9.314639370111175
 10
35.89674699008164
 20
9.278771160182616
 10
35.934278480958056
 20
9.245483725415044
 10
35.97446470409636
 20
9.214301040836093
 10
36.017733599400394
 20
9.185055347697743
 10
36.064671619997455
 20
9.15785300414159
 10
36.11593568507076
 20
9.133255915823366
 10
36.17206086230788
 20
9.112717149939186
 10
36.23288223483806
 20
9.100576527915493
 10
36.29406029415855
 20
9.112191922252999
 10
36.350794733693284
 20
9.13223118029132
 10
36.40279031049923
 20
9.15635416000043
 10
36.4505383911181
 20
9.183103349425073
 10
36.494678941997186
 20
9.211911569872884
 10
36.535795146892596
 20
9.242667433164923
 10
36.57431992056965
 20
9.27553451576037
 10
36.610465680349414
 20
9.31098391156344
 10
36.644100043534884
 20
9.349392014561761
 10
36.674534335142496
 20
9.391275998988778
 10
36.69998546899483
 20
9.437063000043889
  0
TEXT
  5
B8
330
17
100
AcDbEntity
  8
TEXTO
100
AcDbText
 10
36.23877579733306
 20
9.489818936815995
 30
0.0
 40
0.05
  1
Olho estar (esq,) · 0,94 x 0,83 m
 11
36.23877579733306
 21
9.489818936815995
 31
0.0
100
AcDbText
  0
TEXT
  5
B9
330
17
100
AcDbEntity
  8
TEXTO
100
AcDbText
 10
35.57490942418051
 20
-0.35
 30
0.0
 40
0.12
  1
F3 · x1 · 13.27 m2
 11
35.57490942418051
 21
-0.35
 31
0.0
100
AcDbText
  0
TEXT
  5
BA
330
17
100
AcDbEntity
  8
TEXTO
100
AcDbText
 10
35.57490942418051
 20
-0.55
 30
0.0
 40
0.06
  1
ZION CASULO · FORRO / REVESTIMENTO INTERNO · Trevira CS (poliéster FR) 210 g/m² tensionado, cor creme; ou
 11
35.57490942418051
 21
-0.55
 31
0.0
100
AcDbText
  0
LWPOLYLINE
  5
BB
330
17
100
AcDbEntity
  8
CONTORNO
100
AcDbPolyline
 90
130
 70
1
 10
37.842839033185015
 20
0.0
 10
37.83490078439711
 20
0.07251279259933924
 10
37.816307511441615
 20
0.2537446033691194
 10
37.79788211031549
 20
0.43526802600053816
 10
37.77963330602132
 20
0.6169425562154387
 10
37.76157366302971
 20
0.7986267290554948
 10
37.743719449029705
 20
0.9801795430327385
 10
37.72609048078745
 20
1.1614618820799008
 10
37.70870995257928
 20
1.3423379290026891
 10
37.6916042473214
 20
1.5226765638609223
 10
37.674802730207844
 20
1.7023527402062595
 10
37.658337524398945
 20
1.8812488313824214
 10
37.64224326808445
 20
2.05925593815289
 10
37.62655685208925
 20
2.236275147769659
 10
37.61131713711086
 20
2.4122187332510534
 10
37.596564649690905
 20
2.587011280125464
 10
37.58234125614681
 20
2.760590726266023
 10
37.56868981394336
 20
2.9329092987552285
 10
37.55565380038414
 20
3.103934330071361
 10
37.54327691906748
 20
3.2736489344031763
 10
37.53160268528846
 20
3.4420525237311574
 10
37.520673992481115
 20
3.60916114264854
 10
37.51053266286993
 20
3.775007600943672
 10
37.50121898671066
 20
3.9396413839490174
 10
37.49277125579757
 20
4.103128322794857
 10
37.48522529822973
 20
4.265550010165495
 10
37.478614022671
 20
4.427002952051642
 10
37.472966981400276
 20
4.587597452330193
 10
37.4683099622135
 20
4.747456234651337
 10
37.46466461959434
 20
4.906712814786246
 10
37.462048155418294
 20
5.065509645840058
 10
37.460473058734664
 20
5.2239960679807025
 10
37.459946912863735
 20
5.38232610290014
 10
37.460472276195375
 20
5.540656140418097
 10
37.462046640776016
 20
5.6991425698329605
 10
37.464662470175035
 20
5.8579394113446
 10
37.46830731541241
 20
6.017196002863676
 10
37.472964005107144
 20
6.177054794783271
 10
37.47861090365812
 20
6.337649300080263
 10
37.48522222935213
 20
6.49910223991343
 10
37.492768422913656
 20
6.661523916319853
 10
37.50121655621668
 20
6.825010834372821
 10
37.51053077066155
 20
6.989644586925344
 10
37.5206727350221
 20
7.155491006405026
 10
37.531602113297744
 20
7.322599580492238
 10
37.543277034148076
 20
7.4910031221889986
 10
37.55565455472744
 20
7.660717679899699
 10
37.56869111306285
 20
7.831742669690572
 10
37.58234296443748
 20
8.00406120976388
 10
37.59656659847989
 20
8.177640636197431
 10
37.61131913476513
 20
8.352433178947607
 10
37.62655869567713
 20
8.528376777773708
 10
37.642244756048335
 20
8.705396018903455
 10
37.65833846968273
 20
8.883403174738728
 10
37.67480297329142
 20
9.062299330542475
 10
37.691603668641164
 20
9.24197558372904
 10
37.708708483854565
 20
9.422314303008669
 10
37.72608811482457
 20
9.603190436145566
 10
37.74371624763466
 20
9.784472856433156
 10
37.76156976272579
 20
9.966025739140933
 10
37.77962892133665
 20
10.147709960128417
 10
37.797877534477195
 20
10.329384509544173
 10
37.8163031143866
 20
10.510907914028236
 10
37.83489700808462
 20
10.692139661112563
 10
37.842839033185015
 20
10.764652040205227
 10
39.037393737553906
 20
10.646517106962397
 10
39.02981259174137
 20
10.577905210098724
 10
39.0117957637704
 20
10.402719511506598
 10
38.993953050542174
 20
10.227283298205096
 10
38.97628926445549
 20
10.05170823800925
 10
38.958813336905315
 20
9.876106863426886
 10
38.941538217556754
 20
9.700591384499818
 10
38.92448074387051
 20
9.525272504128864
 10
38.90766148153677
 20
9.350258243224449
 10
38.891104536379906
 20
9.17565278317085
 10
38.87483733822893
 20
9.001555333378116
 10
38.858890397215696
 20
8.828059032114844
 10
38.84329703297418
 20
8.655249889354835
 10
38.82809307727769
 20
8.483205781014167
 10
38.81331655077674
 20
8.311995504678075
 10
38.79900731469607
 20
8.141677907685247
 10
38.785206698624364
 20
7.972301099207474
 10
38.77195710588973
 20
7.803901758677922
 10
38.759301598462876
 20
7.63650455351304
 10
38.74728346386731
 20
7.470121679458259
 10
38.73594576719652
 20
7.304752536972287
 10
38.725330892029746
 20
7.140383556746759
 10
38.71548007477937
 20
6.976988186632952
 10
38.706432937764866
 20
6.814527050816926
 10
38.69822702705072
 20
6.652948289968803
 10
38.69089736176162
 20
6.492188088240669
 10
38.68447600214253
 20
6.3321713893954295
 10
38.6789916440076
 20
6.1728128000675815
 10
38.67446924736525
 20
6.014017673304014
 10
38.670929706870695
 20
5.855683360296345
 10
38.66838957130919
 20
5.697700612847929
 10
38.66686081854219
 20
5.5399551139211205
 10
38.666350691265556
 20
5.3823291089121135
 10
38.66686159757298
 20
5.224703106426218
 10
38.66839107875059
 20
5.066957614560309
 10
38.670931845032015
 20
4.908974877254224
 10
38.67447187831178
 20
4.750640575263463
 10
38.67899459914419
 20
4.5918454577329815
 10
38.684479093837
 20
4.432486873104858
 10
38.690900396158156
 20
4.272470171960301
 10
38.69822981716491
 20
4.111709959094597
 10
38.70643531596638
 20
3.9501311773276764
 10
38.71548190384885
 20
3.7876700109325108
 10
38.725332074109375
 20
3.6242746018141188
 10
38.735946250122716
 20
3.4599055764390694
 10
38.747283244561466
 20
3.2945363858096126
 10
38.75930072324645
 20
3.12815346437853
 10
38.7719556677691
 20
2.9607562166581065
 10
38.78520483174908
 20
2.7923568423948586
 10
38.79900518632459
 20
2.622980012610898
 10
38.81331435118397
 20
2.452662409634428
 10
38.828091008107286
 20
2.2814521445546565
 10
38.843295294578496
 20
2.1094080654456766
 10
38.858889175539794
 20
1.9365989693124468
 10
38.87483679178634
 20
1.763102730114682
 10
38.89110478384137
 20
1.589005354504034
 10
38.90766259041187
 20
1.414399976136041
 10
38.92448272071068
 20
1.2393857986471875
 10
38.94154100004853
 20
1.0640669966631602
 10
38.95881678815767
 20
0.8885515835601726
 10
38.97629316971619
 20
0.7129502541615171
 10
38.99395711650677
 20
0.5373752101334134
 10
39.01179962057377
 20
0.361938975559325
 10
39.02981579764703
 20
0.18675321002738876
 10
39.03739314806202
 20
0.11814089390447537
  0
LWPOLYLINE
  5
BC
330
17
100
AcDbEntity
  8
KEDER
100
AcDbPolyline
 90
65
 70
0
 10
37.842839033185015
 20
0.0
 10
37.83490078439711
 20
0.07251279259933924
 10
37.816307511441615
 20
0.2537446033691194
 10
37.79788211031549
 20
0.43526802600053816
 10
37.77963330602132
 20
0.6169425562154387
 10
37.76157366302971
 20
0.7986267290554948
 10
37.743719449029705
 20
0.9801795430327385
 10
37.72609048078745
 20
1.1614618820799008
 10
37.70870995257928
 20
1.3423379290026891
 10
37.6916042473214
 20
1.5226765638609223
 10
37.674802730207844
 20
1.7023527402062595
 10
37.658337524398945
 20
1.8812488313824214
 10
37.64224326808445
 20
2.05925593815289
 10
37.62655685208925
 20
2.236275147769659
 10
37.61131713711086
 20
2.4122187332510534
 10
37.596564649690905
 20
2.587011280125464
 10
37.58234125614681
 20
2.760590726266023
 10
37.56868981394336
 20
2.9329092987552285
 10
37.55565380038414
 20
3.103934330071361
 10
37.54327691906748
 20
3.2736489344031763
 10
37.53160268528846
 20
3.4420525237311574
 10
37.520673992481115
 20
3.60916114264854
 10
37.51053266286993
 20
3.775007600943672
 10
37.50121898671066
 20
3.9396413839490174
 10
37.49277125579757
 20
4.103128322794857
 10
37.48522529822973
 20
4.265550010165495
 10
37.478614022671
 20
4.427002952051642
 10
37.472966981400276
 20
4.587597452330193
 10
37.4683099622135
 20
4.747456234651337
 10
37.46466461959434
 20
4.906712814786246
 10
37.462048155418294
 20
5.065509645840058
 10
37.460473058734664
 20
5.2239960679807025
 10
37.459946912863735
 20
5.38232610290014
 10
37.460472276195375
 20
5.540656140418097
 10
37.462046640776016
 20
5.6991425698329605
 10
37.464662470175035
 20
5.8579394113446
 10
37.46830731541241
 20
6.017196002863676
 10
37.472964005107144
 20
6.177054794783271
 10
37.47861090365812
 20
6.337649300080263
 10
37.48522222935213
 20
6.49910223991343
 10
37.492768422913656
 20
6.661523916319853
 10
37.50121655621668
 20
6.825010834372821
 10
37.51053077066155
 20
6.989644586925344
 10
37.5206727350221
 20
7.155491006405026
 10
37.531602113297744
 20
7.322599580492238
 10
37.543277034148076
 20
7.4910031221889986
 10
37.55565455472744
 20
7.660717679899699
 10
37.56869111306285
 20
7.831742669690572
 10
37.58234296443748
 20
8.00406120976388
 10
37.59656659847989
 20
8.177640636197431
 10
37.61131913476513
 20
8.352433178947607
 10
37.62655869567713
 20
8.528376777773708
 10
37.642244756048335
 20
8.705396018903455
 10
37.65833846968273
 20
8.883403174738728
 10
37.67480297329142
 20
9.062299330542475
 10
37.691603668641164
 20
9.24197558372904
 10
37.708708483854565
 20
9.422314303008669
 10
37.72608811482457
 20
9.603190436145566
 10
37.74371624763466
 20
9.784472856433156
 10
37.76156976272579
 20
9.966025739140933
 10
37.77962892133665
 20
10.147709960128417
 10
37.797877534477195
 20
10.329384509544173
 10
37.8163031143866
 20
10.510907914028236
 10
37.83489700808462
 20
10.692139661112563
 10
37.842839033185015
 20
10.764652040205227
  0
LWPOLYLINE
  5
BD
330
17
100
AcDbEntity
  8
KEDER
100
AcDbPolyline
 90
65
 70
0
 10
39.03739314806202
 20
0.11814089390447537
 10
39.02981579764703
 20
0.18675321002738876
 10
39.01179962057377
 20
0.361938975559325
 10
38.99395711650677
 20
0.5373752101334134
 10
38.97629316971619
 20
0.7129502541615171
 10
38.95881678815767
 20
0.8885515835601726
 10
38.94154100004853
 20
1.0640669966631602
 10
38.92448272071068
 20
1.2393857986471875
 10
38.90766259041187
 20
1.414399976136041
 10
38.89110478384137
 20
1.589005354504034
 10
38.87483679178634
 20
1.763102730114682
 10
38.858889175539794
 20
1.9365989693124468
 10
38.843295294578496
 20
2.1094080654456766
 10
38.828091008107286
 20
2.2814521445546565
 10
38.81331435118397
 20
2.452662409634428
 10
38.79900518632459
 20
2.622980012610898
 10
38.78520483174908
 20
2.7923568423948586
 10
38.7719556677691
 20
2.9607562166581065
 10
38.75930072324645
 20
3.12815346437853
 10
38.747283244561466
 20
3.2945363858096126
 10
38.735946250122716
 20
3.4599055764390694
 10
38.725332074109375
 20
3.6242746018141188
 10
38.71548190384885
 20
3.7876700109325108
 10
38.70643531596638
 20
3.9501311773276764
 10
38.69822981716491
 20
4.111709959094597
 10
38.690900396158156
 20
4.272470171960301
 10
38.684479093837
 20
4.432486873104858
 10
38.67899459914419
 20
4.5918454577329815
 10
38.67447187831178
 20
4.750640575263463
 10
38.670931845032015
 20
4.908974877254224
 10
38.66839107875059
 20
5.066957614560309
 10
38.66686159757298
 20
5.224703106426218
 10
38.666350691265556
 20
5.3823291089121135
 10
38.66686081854219
 20
5.5399551139211205
 10
38.66838957130919
 20
5.697700612847929
 10
38.670929706870695
 20
5.855683360296345
 10
38.67446924736525
 20
6.014017673304014
 10
38.6789916440076
 20
6.1728128000675815
 10
38.68447600214253
 20
6.3321713893954295
 10
38.69089736176162
 20
6.492188088240669
 10
38.69822702705072
 20
6.652948289968803
 10
38.706432937764866
 20
6.814527050816926
 10
38.71548007477937
 20
6.976988186632952
 10
38.725330892029746
 20
7.140383556746759
 10
38.73594576719652
 20
7.304752536972287
 10
38.74728346386731
 20
7.470121679458259
 10
38.759301598462876
 20
7.63650455351304
 10
38.77195710588973
 20
7.803901758677922
 10
38.785206698624364
 20
7.972301099207474
 10
38.79900731469607
 20
8.141677907685247
 10
38.81331655077674
 20
8.311995504678075
 10
38.82809307727769
 20
8.483205781014167
 10
38.84329703297418
 20
8.655249889354835
 10
38.858890397215696
 20
8.828059032114844
 10
38.87483733822893
 20
9.001555333378116
 10
38.891104536379906
 20
9.17565278317085
 10
38.90766148153677
 20
9.350258243224449
 10
38.92448074387051
 20
9.525272504128864
 10
38.941538217556754
 20
9.700591384499818
 10
38.958813336905315
 20
9.876106863426886
 10
38.97628926445549
 20
10.05170823800925
 10
38.993953050542174
 20
10.227283298205096
 10
39.0117957637704
 20
10.402719511506598
 10
39.02981259174137
 20
10.577905210098724
 10
39.037393737553906
 20
10.646517106962397
  0
LWPOLYLINE
  5
BE
330
17
100
AcDbEntity
  8
KEDER
100
AcDbPolyline
 90
2
 70
0
 10
37.842839033185015
 20
0.0
 10
39.03739314806202
 20
0.11814089390447537
  0
LWPOLYLINE
  5
BF
330
17
100
AcDbEntity
  8
KEDER
100
AcDbPolyline
 90
2
 70
0
 10
37.842839033185015
 20
10.764652040205227
 10
39.037393737553906
 20
10.646517106962397
  0
LWPOLYLINE
  5
C0
330
17
100
AcDbEntity
  8
RECORTE
100
AcDbPolyline
 90
112
 70
1
 10
37.46184776860505
 20
5.085672591649037
 10
37.46170027827734
 20
5.100513086572652
 10
37.46155278794964
 20
5.115353581496268
 10
37.461405297621944
 20
5.130194076419883
 10
37.461257807294245
 20
5.145034571343499
 10
37.46111031696654
 20
5.159875066267114
 10
37.46096282663884
 20
5.17471556119073
 10
37.46081533631114
 20
5.189556056114345
 10
37.46066784598344
 20
5.20439655103796
 10
37.46052035565574
 20
5.2192370459615764
 10
37.460439590092555
 20
5.234067592944466
 10
37.46039032236967
 20
5.248893443940034
 10
37.46034105464679
 20
5.263719294935601
 10
37.46029178692391
 20
5.278545145931169
 10
37.460242519201024
 20
5.293370996926735
 10
37.460193251478145
 20
5.308196847922303
 10
37.460143983755266
 20
5.32302269891787
 10
37.46009471603238
 20
5.337848549913438
 10
37.4600454483095
 20
5.352674400909005
 10
37.459996180586614
 20
5.3675002519045725
 10
37.459946912863735
 20
5.38232610290014
 10
37.459996107310495
 20
5.397151954139029
 10
37.460045301757255
 20
5.411977805377919
 10
37.460094496204015
 20
5.4268036566168085
 10
37.460143690650774
 20
5.4416295078556995
 10
37.460192885097534
 20
5.456455359094589
 10
37.460242079544294
 20
5.471281210333479
 10
37.460291273991054
 20
5.486107061572368
 10
37.46034046843782
 20
5.500932912811258
 10
37.46038966288458
 20
5.515758764050148
 10
37.46043885733134
 20
5.5305846152890386
 10
37.4605195511329
 20
5.545415162655653
 10
37.460666972907276
 20
5.5602556582604175
 10
37.460814394681655
 20
5.575096153865183
 10
37.460961816456035
 20
5.58993664946995
 10
37.461109238230414
 20
5.604777145074714
 10
37.46125666000479
 20
5.61961764067948
 10
37.46140408177917
 20
5.634458136284245
 10
37.46155150355355
 20
5.649298631889011
 10
37.46169892532793
 20
5.664139127493776
 10
37.46184634710231
 20
5.678979623098542
 10
37.537243142937015
 20
5.678895392199108
 10
37.61263993877173
 20
5.678811161299674
 10
37.68803673460644
 20
5.67872693040024
 10
37.76343353044115
 20
5.678642699500806
 10
37.83883032627586
 20
5.678558468601372
 10
37.91422712211057
 20
5.678474237701938
 10
37.98962391794528
 20
5.678390006802504
 10
38.06502071377999
 20
5.67830577590307
 10
38.1404175096147
 20
5.678221545003637
 10
38.21581430544941
 20
5.678137314104203
 10
38.29121110128412
 20
5.678053083204769
 10
38.36660789711883
 20
5.677968852305335
 10
38.44200469295354
 20
5.677884621405901
 10
38.51740148878825
 20
5.677800390506467
 10
38.59279828462296
 20
5.677716159607033
 10
38.66819508045767
 20
5.677631928707599
 10
38.668051929723546
 20
5.662860813021935
 10
38.66790877898942
 20
5.648089697336271
 10
38.667765628255296
 20
5.633318581650606
 10
38.66762247752118
 20
5.618547465964942
 10
38.66747932678705
 20
5.6037763502792775
 10
38.66733617605293
 20
5.589005234593613
 10
38.6671930253188
 20
5.574234118907949
 10
38.66704987458468
 20
5.559463003222284
 10
38.66690672385055
 20
5.54469188753662
 10
38.666828368858184
 20
5.529928372973362
 10
38.66678060109892
 20
5.515168446567238
 10
38.66673283333966
 20
5.500408520161113
 10
38.666685065580396
 20
5.485648593754988
 10
38.66663729782113
 20
5.470888667348863
 10
38.66658953006187
 20
5.456128740942738
 10
38.66654176230261
 20
5.441368814536613
 10
38.666493994543345
 20
5.426608888130487
 10
38.66644622678408
 20
5.411848961724363
 10
38.66639845902482
 20
5.397089035318238
 10
38.666350691265556
 20
5.3823291089121135
 10
38.666398531972405
 20
5.367569182742249
 10
38.66644637267926
 20
5.352809256572386
 10
38.666494213386116
 20
5.338049330402522
 10
38.66654205409297
 20
5.323289404232659
 10
38.66658989479982
 20
5.308529478062796
 10
38.666637735506676
 20
5.293769551892932
 10
38.66668557621353
 20
5.279009625723068
 10
38.66673341692038
 20
5.264249699553205
 10
38.666781257627235
 20
5.249489773383342
 10
38.66682909833409
 20
5.234729847213478
 10
38.66690752475402
 20
5.219966333022742
 10
38.66705074369572
 20
5.205195217998253
 10
38.66719396263741
 20
5.190424102973764
 10
38.66733718157911
 20
5.175652987949274
 10
38.6674804005208
 20
5.160881872924785
 10
38.667623619462496
 20
5.146110757900296
 10
38.66776683840419
 20
5.131339642875806
 10
38.667910057345885
 20
5.116568527851316
 10
38.66805327628758
 20
5.101797412826827
 10
38.668196495229274
 20
5.087026297802337
 10
38.59279969981526
 20
5.086941691167756
 10
38.51740290440125
 20
5.086857084533174
 10
38.442006108987236
 20
5.086772477898593
 10
38.36660931357322
 20
5.0866878712640125
 10
38.291212518159206
 20
5.086603264629431
 10
38.21581572274519
 20
5.08651865799485
 10
38.140418927331176
 20
5.086434051360269
 10
38.06502213191716
 20
5.086349444725688
 10
37.989625336503146
 20
5.086264838091106
 10
37.91422854108913
 20
5.086180231456525
 10
37.838831745675115
 20
5.086095624821944
 10
37.7634349502611
 20
5.086011018187362
 10
37.68803815484709
 20
5.085926411552781
 10
37.61264135943308
 20
5.0858418049182
 10
37.53724456401906
 20
5.085757198283618
  0
TEXT
  5
C1
330
17
100
AcDbEntity
  8
TEXTO
100
AcDbText
 10
38.064180941884615
 20
5.382327608357469
 30
0.0
 40
0.05
  1
abertura da Espinha de Luz (requadro)
 11
38.064180941884615
 21
5.382327608357469
 31
0.0
100
AcDbText
  0
LWPOLYLINE
  5
C2
330
17
100
AcDbEntity
  8
RECORTE
100
AcDbPolyline
 90
48
 70
1
 10
38.77934223661326
 20
1.3902967531697834
 10
38.760394261641686
 20
1.4373465365823006
 10
38.73161878495499
 20
1.480231577699653
 10
38.69826238277152
 20
1.5191419221420175
 10
38.66204901133752
 20
1.5545872657688102
 10
38.623635544000834
 20
1.58707663555248
 10
38.58312112351604
 20
1.6170559468907069
 10
38.54023738001823
 20
1.6449188288472965
 10
38.494545422815925
 20
1.6708034194037862
 10
38.445480126084625
 20
1.6945742923632041
 10
38.39245571814541
 20
1.7156493585177248
 10
38.33510031887416
 20
1.7325821475154306
 10
38.27404932216727
 20
1.741103949184229
 10
38.215135054122584
 20
1.7264989818819994
 10
38.161482759108544
 20
1.7038164158510714
 10
38.11290448910025
 20
1.6773272438946327
 10
38.068762747834484
 20
1.6484265245297127
 10
38.0283687246804
 20
1.6176344666148557
 10
37.99113742253224
 20
1.585028224482171
 10
37.95666018797223
 20
1.550422461468595
 10
37.92480564853788
 20
1.5133836428800955
 10
37.89573935641478
 20
1.4734710432718479
 10
37.87017251083057
 20
1.4302492413507835
 10
37.84990643640889
 20
1.3834121701258077
 10
37.84020339814166
 20
1.3334221286755923
 10
37.85931519251487
 20
1.2850799985742405
 10
37.888252956519025
 20
1.2410877616713587
 10
37.921742938879625
 20
1.2013205902070863
 10
37.95807812778384
 20
1.165233668594553
 10
37.996642801763585
 20
1.1322345928713895
 10
38.037314129347386
 20
1.1019009031667142
 10
38.08032640301657
 20
1.0738983658521182
 10
38.12611885676425
 20
1.0480916961231466
 10
38.17525502415738
 20
1.0246287376272822
 10
38.22832900629352
 20
1.0040982081879657
 10
38.285705373264825
 20
0.9879681728993974
 10
38.3467245646007
 20
0.9805075949524623
 10
38.40544072862598
 20
0.9964554379942956
 10
38.45888325854809
 20
1.020309693524019
 10
38.50726900128904
 20
1.0477495178295213
 10
38.5512407561553
 20
1.077379137393662
 10
38.59147610444197
 20
1.1087021128938517
 10
38.62855942308713
 20
1.1416520083661892
 10
38.66289822962283
 20
1.1764195990712563
 10
38.694659846646395
 20
1.2133591331346587
 10
38.723703547753864
 20
1.2528754113805294
 10
38.74927968064652
 20
1.295459334487503
 10
38.76957226340968
 20
1.3414283914967577
  0
TEXT
  5
C3
330
17
100
AcDbEntity
  8
TEXTO
100
AcDbText
 10
38.310049137161634
 20
1.3613812759784283
 30
0.0
 40
0.05
  1
Olho suíte (dir,) · 0,94 x 0,81 m
 11
38.310049137161634
 21
1.3613812759784283
 31
0.0
100
AcDbText
  0
TEXT
  5
C4
330
17
100
AcDbEntity
  8
TEXTO
100
AcDbText
 10
37.459946912863735
 20
-0.35
 30
0.0
 40
0.12
  1
F4 · x1 · 12.84 m2
 11
37.459946912863735
 21
-0.35
 31
0.0
100
AcDbText
  0
TEXT
  5
C5
330
17
100
AcDbEntity
  8
TEXTO
100
AcDbText
 10
37.459946912863735
 20
-0.55
 30
0.0
 40
0.06
  1
ZION CASULO · FORRO / REVESTIMENTO INTERNO · Trevira CS (poliéster FR) 210 g/m² tensionado, cor creme; ou
 11
37.459946912863735
 21
-0.55
 31
0.0
100
AcDbText
  0
LWPOLYLINE
  5
C6
330
17
100
AcDbEntity
  8
CONTORNO
100
AcDbPolyline
 90
130
 70
1
 10
40.4572703268831
 20
0.0
 10
40.4388266292659
 20
0.06651989312429409
 10
40.39644047861889
 20
0.23745277268429774
 10
40.3547078526176
 20
0.4087846590334299
 10
40.31364609756974
 20
0.5804020922215535
 10
40.273278710079175
 20
0.7521918614924307
 10
40.23363509415787
 20
0.9240420776930159
 10
40.194750287022885
 20
1.095843238914812
 10
40.15666465544594
 20
1.2674892810269278
 10
40.11942356377327
 20
1.438878604511455
 10
40.08307701404672
 20
1.609915068702554
 10
40.04767925806364
 20
1.7805089441819428
 10
40.01328838074415
 20
1.9505778137231224
 10
39.97996585386022
 20
2.1200474118392023
 10
39.94777605905047
 20
2.288852392715422
 10
39.91678577912569
 20
2.456937016143049
 10
39.88706365698493
 20
2.624255741065049
 10
39.858679622026756
 20
2.790773716544921
 10
39.831704284761734
 20
2.9564671604245225
 10
39.80620830140143
 20
3.1213236166838296
 10
39.78226171149452
 20
3.285342083583675
 10
39.75993325315819
 20
3.4485330060748143
 10
39.73928966205322
 20
3.6109181276882762
 10
39.720394961893476
 20
3.772530199157787
 10
39.70330975587197
 20
3.933412543319805
 10
39.68809052982112
 20
4.093618478326389
 10
39.674788979099006
 20
4.253210603812182
 10
39.66345137200431
 20
4.412259957291158
 10
39.65411796288422
 20
4.57084505063049
 10
39.6468224679479
 20
4.729050798870425
 10
39.64159161609727
 20
4.886967355852072
 10
39.63844478583648
 20
5.044688873014442
 10
39.63739373755391
 20
5.202312199278184
 10
39.638442448255525
 20
5.359935541111817
 10
39.64158705326142
 20
5.517657102656354
 10
39.64681589658281
 20
5.675573726156038
 10
39.65410968881
 20
5.833779552905466
 10
39.66344176850771
 20
5.9923647244813845
 10
39.67477846047315
 20
6.151414143191402
 10
39.68807952189143
 20
6.311006309458525
 10
39.70329866552896
 20
6.471212252294181
 10
39.72038414771593
 20
6.632094567128044
 10
39.73927940802834
 20
6.7937065731069275
 10
39.75992374729762
 20
6.95609159960649
 10
39.782253030826176
 20
7.1192824091892835
 10
39.8062004044136
 20
7.283300761670368
 10
39.831697011918834
 20
7.448157121400922
 10
39.85867270449969
 20
7.613850507433763
 10
39.88705673327403
 20
7.780368483967707
 10
39.91677841882991
 20
7.947687286443077
 10
39.94776779267362
 20
8.115772076925136
 10
39.97995620725995
 20
8.284577320993364
 10
40.013276912628505
 20
8.454047277260832
 10
40.04766559882597
 20
8.624116589870223
 10
40.08306090419677
 20
8.794710973826504
 10
40.11940489026324
 20
8.965747982794792
 10
40.1566434842942
 20
9.13713784897145
 10
40.19472689079347
 20
9.308784384779141
 10
40.23360997305036
 20
9.48058593639404
 10
40.27325260561111
 20
9.652436379440188
 10
40.313619998084796
 20
9.824226147540125
 10
40.35468299012124
 20
9.995843284757555
 10
40.396418316724635
 20
10.167174513277702
 10
40.43880884232625
 20
10.338106307922715
 10
40.4572703268831
 20
10.404621266774237
 10
41.63038385524915
 20
10.13010698161507
 10
41.61346885156531
 20
10.07097228489728
 10
41.573810253780735
 20
9.91245148010863
 10
41.53482388148146
 20
9.753615099964643
 10
41.49651170303911
 20
9.594528089863923
 10
41.45888260775015
 20
9.43525459607249
 10
41.421952333300126
 20
9.275857370809058
 10
41.38574332024943
 20
9.11639719165846
 10
41.350284495319464
 20
8.956932302891023
 10
41.31561098557592
 20
8.797517886104055
 10
41.281763765929355
 20
8.638205567298355
 10
41.248789242733594
 20
8.479042967052415
 10
41.21673877668499
 20
8.32007329985749
 10
41.185668148726606
 20
8.161335027930482
 10
41.155636973249656
 20
8.002861573937414
 10
41.1267080635572
 20
7.844681096054618
 10
41.09894675529705
 20
7.686816327692751
 10
41.0724201943579
 20
7.529284483043358
 10
41.04719659651999
 20
7.372097228419854
 10
41.02334448691616
 20
7.215260718199923
 10
41.0009319280472
 20
7.058775693082634
 10
40.98002574565959
 20
6.902637637397053
 10
40.96069076219465
 20
6.74683699138008
 10
40.94298904772304
 20
6.591359413710567
 10
40.92697919826662
 20
6.4361860891620575
 10
40.91271565117521
 20
6.2812940760215215
 10
40.90024804677469
 20
6.1266566879042985
 10
40.88962064485632
 20
5.972243904751217
 10
40.88087180376462
 20
5.81802280808653
 10
40.87403352889839
 20
5.663958036000945
 10
40.8691310964053
 20
5.510012253756372
 10
40.866182756759855
 20
5.356146636341449
 10
40.86519952179857
 20
5.202321359697677
 10
40.86618503766755
 20
5.0484960976501405
 10
40.869135545030396
 20
4.894630521787822
 10
40.874039926796904
 20
4.740684801630583
 10
40.88087984256476
 20
4.586620102386343
 10
40.88962994791791
 20
4.43239907744741
 10
40.90025819569268
 20
4.277986352512407
 10
40.91272621530905
 20
4.123348997872427
 10
40.92698976527494
 20
3.9684569849965956
 10
40.94299925301957
 20
3.813283623129266
 10
40.96070031531757
 20
3.657805971208687
 10
40.98003445175299
 20
3.5020052200770215
 10
41.00093970297183
 20
3.3458670397149617
 10
41.02335136490935
 20
3.189381886137342
 10
41.04720272978186
 20
3.0325452626585174
 10
41.07242584441775
 20
2.8753579304970884
 10
41.09895227647977
 20
2.7178260641463154
 10
41.12671387929506
 20
2.559961347583723
 10
41.155643546348685
 20
2.40178100821315
 10
41.18567594698329
 20
2.2433077863958863
 10
41.21674823544995
 20
2.0845698394974024
 10
41.248800726133794
 20
1.9256005805101404
 10
41.28177752849282
 20
1.766438452467035
 10
41.31562713596156
 20
1.6071266409926053
 10
41.35030296375068
 20
1.4477127284109081
 10
41.38576383109419
 20
1.2882482938109892
 10
41.42197438404387
 20
1.128788464336844
 10
41.45890545538064
 20
0.96939142370386
 10
41.496534358611505
 20
0.8101178845379371
 10
41.534845113363616
 20
0.6510305315833199
 10
41.57382859979711
 20
0.49219344313168356
 10
41.61348263996559
 20
0.33367149819219855
 10
41.63037978113368
 20
0.27453169496395996
  0
LWPOLYLINE
  5
C7
330
17
100
AcDbEntity
  8
KEDER
100
AcDbPolyline
 90
65
 70
0
 10
40.4572703268831
 20
0.0
 10
40.4388266292659
 20
0.06651989312429409
 10
40.39644047861889
 20
0.23745277268429774
 10
40.3547078526176
 20
0.4087846590334299
 10
40.31364609756974
 20
0.5804020922215535
 10
40.273278710079175
 20
0.7521918614924307
 10
40.23363509415787
 20
0.9240420776930159
 10
40.194750287022885
 20
1.095843238914812
 10
40.15666465544594
 20
1.2674892810269278
 10
40.11942356377327
 20
1.438878604511455
 10
40.08307701404672
 20
1.609915068702554
 10
40.04767925806364
 20
1.7805089441819428
 10
40.01328838074415
 20
1.9505778137231224
 10
39.97996585386022
 20
2.1200474118392023
 10
39.94777605905047
 20
2.288852392715422
 10
39.91678577912569
 20
2.456937016143049
 10
39.88706365698493
 20
2.624255741065049
 10
39.858679622026756
 20
2.790773716544921
 10
39.831704284761734
 20
2.9564671604245225
 10
39.80620830140143
 20
3.1213236166838296
 10
39.78226171149452
 20
3.285342083583675
 10
39.75993325315819
 20
3.4485330060748143
 10
39.73928966205322
 20
3.6109181276882762
 10
39.720394961893476
 20
3.772530199157787
 10
39.70330975587197
 20
3.933412543319805
 10
39.68809052982112
 20
4.093618478326389
 10
39.674788979099006
 20
4.253210603812182
 10
39.66345137200431
 20
4.412259957291158
 10
39.65411796288422
 20
4.57084505063049
 10
39.6468224679479
 20
4.729050798870425
 10
39.64159161609727
 20
4.886967355852072
 10
39.63844478583648
 20
5.044688873014442
 10
39.63739373755391
 20
5.202312199278184
 10
39.638442448255525
 20
5.359935541111817
 10
39.64158705326142
 20
5.517657102656354
 10
39.64681589658281
 20
5.675573726156038
 10
39.65410968881
 20
5.833779552905466
 10
39.66344176850771
 20
5.9923647244813845
 10
39.67477846047315
 20
6.151414143191402
 10
39.68807952189143
 20
6.311006309458525
 10
39.70329866552896
 20
6.471212252294181
 10
39.72038414771593
 20
6.632094567128044
 10
39.73927940802834
 20
6.7937065731069275
 10
39.75992374729762
 20
6.95609159960649
 10
39.782253030826176
 20
7.1192824091892835
 10
39.8062004044136
 20
7.283300761670368
 10
39.831697011918834
 20
7.448157121400922
 10
39.85867270449969
 20
7.613850507433763
 10
39.88705673327403
 20
7.780368483967707
 10
39.91677841882991
 20
7.947687286443077
 10
39.94776779267362
 20
8.115772076925136
 10
39.97995620725995
 20
8.284577320993364
 10
40.013276912628505
 20
8.454047277260832
 10
40.04766559882597
 20
8.624116589870223
 10
40.08306090419677
 20
8.794710973826504
 10
40.11940489026324
 20
8.965747982794792
 10
40.1566434842942
 20
9.13713784897145
 10
40.19472689079347
 20
9.308784384779141
 10
40.23360997305036
 20
9.48058593639404
 10
40.27325260561111
 20
9.652436379440188
 10
40.313619998084796
 20
9.824226147540125
 10
40.35468299012124
 20
9.995843284757555
 10
40.396418316724635
 20
10.167174513277702
 10
40.43880884232625
 20
10.338106307922715
 10
40.4572703268831
 20
10.404621266774237
  0
LWPOLYLINE
  5
C8
330
17
100
AcDbEntity
  8
KEDER
100
AcDbPolyline
 90
65
 70
0
 10
41.63037978113368
 20
0.27453169496395996
 10
41.61348263996559
 20
0.33367149819219855
 10
41.57382859979711
 20
0.49219344313168356
 10
41.534845113363616
 20
0.6510305315833199
 10
41.496534358611505
 20
0.8101178845379371
 10
41.45890545538064
 20
0.96939142370386
 10
41.42197438404387
 20
1.128788464336844
 10
41.38576383109419
 20
1.2882482938109892
 10
41.35030296375068
 20
1.4477127284109081
 10
41.31562713596156
 20
1.6071266409926053
 10
41.28177752849282
 20
1.766438452467035
 10
41.248800726133794
 20
1.9256005805101404
 10
41.21674823544995
 20
2.0845698394974024
 10
41.18567594698329
 20
2.2433077863958863
 10
41.155643546348685
 20
2.40178100821315
 10
41.12671387929506
 20
2.559961347583723
 10
41.09895227647977
 20
2.7178260641463154
 10
41.07242584441775
 20
2.8753579304970884
 10
41.04720272978186
 20
3.0325452626585174
 10
41.02335136490935
 20
3.189381886137342
 10
41.00093970297183
 20
3.3458670397149617
 10
40.98003445175299
 20
3.5020052200770215
 10
40.96070031531757
 20
3.657805971208687
 10
40.94299925301957
 20
3.813283623129266
 10
40.92698976527494
 20
3.9684569849965956
 10
40.91272621530905
 20
4.123348997872427
 10
40.90025819569268
 20
4.277986352512407
 10
40.88962994791791
 20
4.43239907744741
 10
40.88087984256476
 20
4.586620102386343
 10
40.874039926796904
 20
4.740684801630583
 10
40.869135545030396
 20
4.894630521787822
 10
40.86618503766755
 20
5.0484960976501405
 10
40.86519952179857
 20
5.202321359697677
 10
40.866182756759855
 20
5.356146636341449
 10
40.8691310964053
 20
5.510012253756372
 10
40.87403352889839
 20
5.663958036000945
 10
40.88087180376462
 20
5.81802280808653
 10
40.88962064485632
 20
5.972243904751217
 10
40.90024804677469
 20
6.1266566879042985
 10
40.91271565117521
 20
6.2812940760215215
 10
40.92697919826662
 20
6.4361860891620575
 10
40.94298904772304
 20
6.591359413710567
 10
40.96069076219465
 20
6.74683699138008
 10
40.98002574565959
 20
6.902637637397053
 10
41.0009319280472
 20
7.058775693082634
 10
41.02334448691616
 20
7.215260718199923
 10
41.04719659651999
 20
7.372097228419854
 10
41.0724201943579
 20
7.529284483043358
 10
41.09894675529705
 20
7.686816327692751
 10
41.1267080635572
 20
7.844681096054618
 10
41.155636973249656
 20
8.002861573937414
 10
41.185668148726606
 20
8.161335027930482
 10
41.21673877668499
 20
8.32007329985749
 10
41.248789242733594
 20
8.479042967052415
 10
41.281763765929355
 20
8.638205567298355
 10
41.31561098557592
 20
8.797517886104055
 10
41.350284495319464
 20
8.956932302891023
 10
41.38574332024943
 20
9.11639719165846
 10
41.421952333300126
 20
9.275857370809058
 10
41.45888260775015
 20
9.43525459607249
 10
41.49651170303911
 20
9.594528089863923
 10
41.53482388148146
 20
9.753615099964643
 10
41.573810253780735
 20
9.91245148010863
 10
41.61346885156531
 20
10.07097228489728
 10
41.63038385524915
 20
10.13010698161507
  0
LWPOLYLINE
  5
C9
330
17
100
AcDbEntity
  8
KEDER
100
AcDbPolyline
 90
2
 70
0
 10
40.4572703268831
 20
0.0
 10
41.63037978113368
 20
0.27453169496395996
  0
LWPOLYLINE
  5
CA
330
17
100
AcDbEntity
  8
KEDER
100
AcDbPolyline
 90
2
 70
0
 10
40.4572703268831
 20
10.404621266774237
 10
41.63038385524915
 20
10.13010698161507
  0
LWPOLYLINE
  5
CB
330
17
100
AcDbEntity
  8
RECORTE
100
AcDbPolyline
 90
112
 70
1
 10
39.64114751730681
 20
4.909225923742956
 10
39.640855039220256
 20
4.923885147064649
 10
39.6405625611337
 20
4.938544370386342
 10
39.64027008304714
 20
4.953203593708035
 10
39.639977604960585
 20
4.967862817029728
 10
39.63968512687403
 20
4.98252204035142
 10
39.63939264878747
 20
4.997181263673113
 10
39.639100170700914
 20
5.011840486994806
 10
39.63880769261436
 20
5.026499710316498
 10
39.6385152145278
 20
5.041158933638192
 10
39.63837062084626
 20
5.0558112283276255
 10
39.638272932517026
 20
5.070461325422682
 10
39.638175244187785
 20
5.085111422517738
 10
39.63807755585855
 20
5.099761519612793
 10
39.63797986752932
 20
5.11441161670785
 10
39.63788217920008
 20
5.129061713802905
 10
39.63778449087085
 20
5.143711810897961
 10
39.637686802541616
 20
5.158361907993017
 10
39.637589114212375
 20
5.173012005088072
 10
39.63749142588314
 20
5.187662102183128
 10
39.63739373755391
 20
5.202312199278184
 10
39.63749120861969
 20
5.216962297820364
 10
39.63758867968547
 20
5.231612396362542
 10
39.63768615075126
 20
5.246262494904722
 10
39.63778362181704
 20
5.260912593446902
 10
39.63788109288283
 20
5.275562691989081
 10
39.63797856394861
 20
5.2902127905312595
 10
39.63807603501439
 20
5.304862889073439
 10
39.63817350608018
 20
5.319512987615619
 10
39.638270977145964
 20
5.3341630861577976
 10
39.63836844821174
 20
5.348813184699977
 10
39.638512827143785
 20
5.363465481481377
 10
39.63880509840689
 20
5.378124708928113
 10
39.63909736967
 20
5.392783936374849
 10
39.6393896409331
 20
5.407443163821586
 10
39.63968191219621
 20
5.4221023912683215
 10
39.639974183459316
 20
5.436761618715058
 10
39.640266454722415
 20
5.451420846161795
 10
39.64055872598552
 20
5.466080073608531
 10
39.64085099724863
 20
5.480739301055266
 10
39.64114326851173
 20
5.495398528502003
 10
39.71786650233928
 20
5.494954736259456
 10
39.79458973616682
 20
5.494510944016909
 10
39.871312969994364
 20
5.494067151774362
 10
39.94803620382191
 20
5.493623359531815
 10
40.02475943764945
 20
5.493179567289269
 10
40.10148267147699
 20
5.4927357750467225
 10
40.17820590530453
 20
5.492291982804176
 10
40.254929139132074
 20
5.491848190561629
 10
40.33165237295962
 20
5.491404398319082
 10
40.40837560678716
 20
5.490960606076535
 10
40.485098840614704
 20
5.490516813833988
 10
40.56182207444225
 20
5.490073021591442
 10
40.63854530826979
 20
5.489629229348895
 10
40.715268542097334
 20
5.489185437106348
 10
40.79199177592488
 20
5.488741644863802
 10
40.86871500975242
 20
5.488297852621255
 10
40.86844098012052
 20
5.473997010936518
 10
40.868166950488614
 20
5.4596961692517825
 10
40.86789292085672
 20
5.445395327567046
 10
40.867618891224815
 20
5.4310944858823085
 10
40.86734486159291
 20
5.416793644197572
 10
40.867070831961016
 20
5.402492802512836
 10
40.86679680232911
 20
5.3881919608281
 10
40.86652277269721
 20
5.373891119143362
 10
40.86624874306531
 20
5.359590277458627
 10
40.866113376872654
 20
5.345292282334745
 10
40.866021991365244
 20
5.330995190071038
 10
40.86593060585784
 20
5.316698097807332
 10
40.86583922035043
 20
5.302401005543625
 10
40.86574783484302
 20
5.288103913279918
 10
40.86565644933562
 20
5.273806821016212
 10
40.86556506382821
 20
5.259509728752505
 10
40.8654736783208
 20
5.245212636488797
 10
40.86538229281339
 20
5.23091554422509
 10
40.86529090730598
 20
5.216618451961384
 10
40.86519952179857
 20
5.202321359697677
 10
40.865291119302015
 20
5.188024268790599
 10
40.86538271680545
 20
5.17372717788352
 10
40.865474314308884
 20
5.159430086976442
 10
40.865565911812325
 20
5.145132996069363
 10
40.86565750931576
 20
5.130835905162285
 10
40.865749106819194
 20
5.116538814255207
 10
40.865840704322636
 20
5.102241723348127
 10
40.86593230182607
 20
5.087944632441049
 10
40.866023899329505
 20
5.07364754153397
 10
40.86611549683295
 20
5.059350450626892
 10
40.86625107248834
 20
5.045052457462945
 10
40.86652530359594
 20
5.030751619640261
 10
40.866799534703546
 20
5.0164507818175785
 10
40.86707376581115
 20
5.002149943994895
 10
40.86734799691875
 20
4.987849106172212
 10
40.867622228026356
 20
4.973548268349529
 10
40.86789645913396
 20
4.959247430526846
 10
40.86817069024156
 20
4.944946592704163
 10
40.868444921349166
 20
4.930645754881479
 10
40.86871915245677
 20
4.9163449170587965
 10
40.7919959252599
 20
4.915899979976556
 10
40.715272698063025
 20
4.915455042894316
 10
40.63854947086615
 20
4.915010105812076
 10
40.56182624366928
 20
4.914565168729837
 10
40.48510301647241
 20
4.914120231647597
 10
40.408379789275536
 20
4.913675294565357
 10
40.33165656207866
 20
4.913230357483116
 10
40.25493333488179
 20
4.912785420400876
 10
40.17821010768492
 20
4.912340483318636
 10
40.101486880488046
 20
4.911895546236396
 10
40.024763653291174
 20
4.911450609154156
 10
39.9480404260943
 20
4.911005672071916
 10
39.87131719889743
 20
4.9105607349896765
 10
39.79459397170056
 20
4.910115797907436
 10
39.717870744503685
 20
4.909670860825196
  0
TEXT
  5
CC
330
17
100
AcDbEntity
  8
TEXTO
100
AcDbText
 10
40.25329872692141
 20
5.202316793901498
 30
0.0
 40
0.05
  1
abertura da Espinha de Luz (requadro)
 11
40.25329872692141
 21
5.202316793901498
 31
0.0
100
AcDbText
  0
LWPOLYLINE
  5
CD
330
17
100
AcDbEntity
  8
RECORTE
100
AcDbPolyline
 90
48
 70
1
 10
41.21796440520579
 20
8.9626188258376
 10
41.21327306528872
 20
9.008393289985023
 10
41.19781277124873
 20
9.05257257525546
 10
41.17671718785087
 20
9.094225088123364
 10
41.15182275135171
 20
9.133454865194146
 10
41.12396662163269
 20
9.170622442879138
 10
41.09340326984391
 20
9.206128832755043
 10
41.05990998470819
 20
9.240313798397036
 10
41.02309997147271
 20
9.27339526313375
 10
40.982381352554405
 20
9.30537244103492
 10
40.93700766508817
 20
9.335844618219333
 10
40.886179705964345
 20
9.363577030084484
 10
40.82924895162786
 20
9.384571220752106
 10
40.767375141637366
 20
9.384010561256177
 10
40.708200841893266
 20
9.374923874811348
 10
40.65280610747866
 20
9.361189143897105
 10
40.600990401326534
 20
9.344212562970892
 10
40.55223949767077
 20
9.324617910317313
 10
40.50600630634731
 20
9.302601975501588
 10
40.461835881514844
 20
9.278082039721761
 10
40.419553265007735
 20
9.2507816420161
 10
40.379161041928356
 20
9.220235263365064
 10
40.34117451882232
 20
9.185839184825058
 10
40.307262365709285
 20
9.146942103972252
 10
40.28277263035205
 20
9.10297224250819
 10
40.28708252229446
 20
9.05474629940732
 10
40.302308359810326
 20
9.008562391415447
 10
40.32325887629062
 20
8.965398643065384
 10
40.34813788150271
 20
8.925145737294507
 10
40.37624324398843
 20
8.887441420189123
 10
40.407206699784915
 20
8.851813909253886
 10
40.441159880094375
 20
8.817912582950068
 10
40.47849363449214
 20
8.785528460792625
 10
40.519803505706186
 20
8.754685927361683
 10
40.56586678021018
 20
8.725827606575207
 10
40.61750604932743
 20
8.700216829304392
 10
40.67521579041012
 20
8.681748356683958
 10
40.73737439513408
 20
8.684737358628427
 10
40.79661283797301
 20
8.69577843000818
 10
40.851980662910954
 20
8.710984939961094
 10
40.90366336937023
 20
8.72896133071818
 10
40.95215869133984
 20
8.749108238720531
 10
40.99802030718204
 20
8.771253017240214
 10
41.041702769676235
 20
8.795486499856183
 10
41.083472220497924
 20
8.822091127875437
 10
41.12342199000293
 20
8.851527577853508
 10
41.16088904379162
 20
8.884341877628387
 10
41.19415773884262
 20
8.921157273456634
  0
TEXT
  5
CE
330
17
100
AcDbEntity
  8
TEXTO
100
AcDbText
 10
40.751206311545
 20
9.032957388188636
 30
0.0
 40
0.05
  1
Olho suíte (esq,) · 0,94 x 0,77 m
 11
40.751206311545
 21
9.032957388188636
 31
0.0
100
AcDbText
  0
TEXT
  5
CF
330
17
100
AcDbEntity
  8
TEXTO
100
AcDbText
 10
39.63739373755391
 20
-0.35
 30
0.0
 40
0.12
  1
F5 · x1 · 12.47 m2
 11
39.63739373755391
 21
-0.35
 31
0.0
100
AcDbText
  0
TEXT
  5
D0
330
17
100
AcDbEntity
  8
TEXTO
100
AcDbText
 10
39.63739373755391
 20
-0.55
 30
0.0
 40
0.06
  1
ZION CASULO · FORRO / REVESTIMENTO INTERNO · Trevira CS (poliéster FR) 210 g/m² tensionado, cor creme; ou
 11
39.63739373755391
 21
-0.55
 31
0.0
100
AcDbText
  0
LWPOLYLINE
  5
D1
330
17
100
AcDbEntity
  8
CONTORNO
100
AcDbPolyline
 90
130
 70
1
 10
43.56039756331825
 20
0.0
 10
43.5288515520528
 20
0.052800368168879966
 10
43.45650833861162
 20
0.19932036474984077
 10
43.385664540509175
 20
0.34673165723696175
 10
43.316341162832884
 20
0.494957056906972
 10
43.24856600841903
 20
0.6439218953117942
 10
43.182373553227194
 20
0.7935543766395814
 10
43.11780475908774
 20
0.9437859052353526
 10
43.05490682751029
 20
1.0945513827768123
 10
42.99373289741844
 20
1.2457894693640987
 10
42.934341688826834
 20
1.3974428028028332
 10
42.87679709370267
 20
1.5494581706740844
 10
42.82116771464855
 20
1.7017866304183193
 10
42.767526351687124
 20
1.8543835736240784
 10
42.71594943738398
 20
2.007208731997911
 10
42.66651642085532
 20
2.1602261240685525
 10
42.619309101886614
 20
2.3134039434878426
 10
42.574410917425176
 20
2.4667143917487664
 10
42.53190618405885
 20
2.6201334601379993
 10
42.49187930168267
 20
2.773640667648799
 10
42.45441392528688
 20
2.927218763263162
 10
42.41959211355842
 20
3.0808534023366656
 10
42.38749346465236
 20
3.234532807669001
 10
42.358194250941104
 20
3.388247426131644
 10
42.331766565687275
 20
3.541989591405779
 10
42.30827749533239
 20
3.695753202459303
 10
42.28778833140194
 20
3.849533425910292
 10
42.270353835883796
 20
4.003326428477517
 10
42.2560215733563
 20
4.157129143433233
 10
42.24483132216436
 20
4.310939072498917
 10
42.23681457562267
 20
4.464754122120626
 10
42.23199414262768
 20
4.618572470684384
 10
42.230383855249144
 20
4.772392461128018
 10
42.231988388905286
 20
4.926212511697728
 10
42.23680319865398
 20
5.0800310363825805
 10
42.24481457299693
 20
5.233846365905942
 10
42.25599980442942
 20
5.38765666009567
 10
42.2703274738073
 20
5.541459802999529
 10
42.28775784347943
 20
5.695253273230575
 10
42.3082433520886
 20
5.84903398366016
 10
42.33172920202541
 20
6.002798086633196
 10
42.358154028788356
 20
6.156540743243529
 10
42.3874506400253
 20
6.310255857735387
 10
42.419546810876504
 20
6.463935780632248
 10
42.454366121473676
 20
6.617570986574232
 10
42.49182882212367
 20
6.771149734912086
 10
42.53185271185062
 20
6.92465772272264
 10
42.57435401658575
 20
7.078077740972458
 10
42.61924825434721
 20
7.23138934500071
 10
42.666451076174624
 20
7.384568550305447
 10
42.71587907327755
 20
7.537587563835196
 10
42.76745054270499
 20
7.690414559690362
 10
42.821086205714934
 20
7.843013506441594
 10
42.87670987479241
 20
7.995344051311481
 10
42.9342490668196
 20
8.147361464386083
 10
42.9936355611535
 20
8.29901664396061
 10
43.05480590225804
 20
8.450256182199192
 10
43.11770184704339
 20
8.601022488596158
 10
43.18227075719321
 20
8.751253967331174
 10
43.24846593654691
 20
8.900885243550308
 10
43.31624691310945
 20
9.049847432890502
 10
43.38557966456493
 20
9.198068448186566
 10
43.45643678536381
 20
9.34547333723166
 10
43.52879759263887
 20
9.491984645667506
 10
43.56039756331825
 20
9.544752737906958
 10
44.680855955623414
 20
9.041761530546925
 10
44.652684737470324
 20
8.998385102045072
 10
44.58848542191892
 20
8.871837277592213
 10
44.525806016124065
 20
8.744566697916426
 10
44.464629879749204
 20
8.616591547732359
 10
44.40494797005617
 20
8.487925271294603
 10
44.34675932130759
 20
8.358576981755167
 10
44.29007136622851
 20
8.22855195152865
 10
44.23490009451435
 20
8.097852177038217
 10
44.18127004683862
 20
7.966477009638742
 10
44.1292141461799
 20
7.834423842780112
 10
44.07877337152984
 20
7.70168884364244
 10
44.0299962821364
 20
7.568267715645994
 10
43.98293840334435
 20
7.43415647654604
 10
43.9376614877644
 20
7.299352235420375
 10
43.894232667862035
 20
7.163853950901062
 10
43.85272351802136
 20
7.027663152629081
 10
43.81320904562143
 20
6.890784608219989
 10
43.775766631583274
 20
6.753226919065163
 10
43.7404749411531
 20
6.615003030038799
 10
43.707412825363086
 20
6.476130640554743
 10
43.67665823268199
 20
6.336632507284703
 10
43.6482871489032
 20
6.196536632037391
 10
43.62237258142526
 20
6.055876331616977
 10
43.5989836018945
 20
5.914690189743108
 10
43.57818445884852
 20
5.773021894162158
 10
43.56003376966705
 20
5.630919964786901
 10
43.544583798932564
 20
5.4884373809910345
 10
43.531879828328044
 20
5.345631118025064
 10
43.52195962152448
 20
5.20256160392018
 10
43.51485298617003
 20
5.059292109249534
 10
43.510581434091314
 20
4.915888082784876
 10
43.509157940129455
 20
4.772416446493528
 10
43.51058679961306
 20
4.628944863538044
 10
43.514863584255046
 20
4.485540993030434
 10
43.521975196176236
 20
4.342271745300414
 10
43.531900019726855
 20
4.199202551388089
 10
43.544608170718256
 20
4.056396660368825
 10
43.560061842511516
 20
3.91391447794257
 10
43.57821574806663
 20
3.7718129594319345
 10
43.59901765647294
 20
3.630145069877124
 10
43.62240902161231
 20
3.4889593232252896
 10
43.6483256994237
 20
3.3482994116187834
 10
43.67669874873869
 20
3.2082039344303226
 10
43.70745530886979
 20
3.0687062349306244
 10
43.74051954511252
 20
2.9298343502915487
 10
43.775813651157165
 20
2.7916110780487697
 10
43.81325889520937
 20
2.6540541592388083
 10
43.85277669452145
 20
2.51717657529561
 10
43.894289701175325
 20
2.380986952588845
 10
43.937722880463696
 20
2.2454900653821914
 10
43.983004562196626
 20
2.110687425165698
 10
44.03006744479381
 20
1.9765779419403258
 10
44.07884953214637
 20
1.8431586412411156
 10
44.12929498394392
 20
1.7104254195657682
 10
44.18135486142555
 20
1.5783738204562459
 10
44.234987752264566
 20
1.4469998137304414
 10
44.29016026045873
 20
1.3163005611925174
 10
44.346847349594164
 20
1.1862751534377034
 10
44.40503253061459
 20
1.0569253039612392
 10
44.46470788820668
 20
0.928255988531257
 10
44.52587394307302
 20
0.800276019557681
 10
44.58853935068239
 20
0.6729985468810135
 10
44.65272044054129
 20
0.5464414779534206
 10
44.68083833242529
 20
0.5030304627867016
  0
LWPOLYLINE
  5
D2
330
17
100
AcDbEntity
  8
KEDER
100
AcDbPolyline
 90
65
 70
0
 10
43.56039756331825
 20
0.0
 10
43.5288515520528
 20
0.052800368168879966
 10
43.45650833861162
 20
0.19932036474984077
 10
43.385664540509175
 20
0.34673165723696175
 10
43.316341162832884
 20
0.494957056906972
 10
43.24856600841903
 20
0.6439218953117942
 10
43.182373553227194
 20
0.7935543766395814
 10
43.11780475908774
 20
0.9437859052353526
 10
43.05490682751029
 20
1.0945513827768123
 10
42.99373289741844
 20
1.2457894693640987
 10
42.934341688826834
 20
1.3974428028028332
 10
42.87679709370267
 20
1.5494581706740844
 10
42.82116771464855
 20
1.7017866304183193
 10
42.767526351687124
 20
1.8543835736240784
 10
42.71594943738398
 20
2.007208731997911
 10
42.66651642085532
 20
2.1602261240685525
 10
42.619309101886614
 20
2.3134039434878426
 10
42.574410917425176
 20
2.4667143917487664
 10
42.53190618405885
 20
2.6201334601379993
 10
42.49187930168267
 20
2.773640667648799
 10
42.45441392528688
 20
2.927218763263162
 10
42.41959211355842
 20
3.0808534023366656
 10
42.38749346465236
 20
3.234532807669001
 10
42.358194250941104
 20
3.388247426131644
 10
42.331766565687275
 20
3.541989591405779
 10
42.30827749533239
 20
3.695753202459303
 10
42.28778833140194
 20
3.849533425910292
 10
42.270353835883796
 20
4.003326428477517
 10
42.2560215733563
 20
4.157129143433233
 10
42.24483132216436
 20
4.310939072498917
 10
42.23681457562267
 20
4.464754122120626
 10
42.23199414262768
 20
4.618572470684384
 10
42.230383855249144
 20
4.772392461128018
 10
42.231988388905286
 20
4.926212511697728
 10
42.23680319865398
 20
5.0800310363825805
 10
42.24481457299693
 20
5.233846365905942
 10
42.25599980442942
 20
5.38765666009567
 10
42.2703274738073
 20
5.541459802999529
 10
42.28775784347943
 20
5.695253273230575
 10
42.3082433520886
 20
5.84903398366016
 10
42.33172920202541
 20
6.002798086633196
 10
42.358154028788356
 20
6.156540743243529
 10
42.3874506400253
 20
6.310255857735387
 10
42.419546810876504
 20
6.463935780632248
 10
42.454366121473676
 20
6.617570986574232
 10
42.49182882212367
 20
6.771149734912086
 10
42.53185271185062
 20
6.92465772272264
 10
42.57435401658575
 20
7.078077740972458
 10
42.61924825434721
 20
7.23138934500071
 10
42.666451076174624
 20
7.384568550305447
 10
42.71587907327755
 20
7.537587563835196
 10
42.76745054270499
 20
7.690414559690362
 10
42.821086205714934
 20
7.843013506441594
 10
42.87670987479241
 20
7.995344051311481
 10
42.9342490668196
 20
8.147361464386083
 10
42.9936355611535
 20
8.29901664396061
 10
43.05480590225804
 20
8.450256182199192
 10
43.11770184704339
 20
8.601022488596158
 10
43.18227075719321
 20
8.751253967331174
 10
43.24846593654691
 20
8.900885243550308
 10
43.31624691310945
 20
9.049847432890502
 10
43.38557966456493
 20
9.198068448186566
 10
43.45643678536381
 20
9.34547333723166
 10
43.52879759263887
 20
9.491984645667506
 10
43.56039756331825
 20
9.544752737906958
  0
LWPOLYLINE
  5
D3
330
17
100
AcDbEntity
  8
KEDER
100
AcDbPolyline
 90
65
 70
0
 10
44.68083833242529
 20
0.5030304627867016
 10
44.65272044054129
 20
0.5464414779534206
 10
44.58853935068239
 20
0.6729985468810135
 10
44.52587394307302
 20
0.800276019557681
 10
44.46470788820668
 20
0.928255988531257
 10
44.40503253061459
 20
1.0569253039612392
 10
44.346847349594164
 20
1.1862751534377034
 10
44.29016026045873
 20
1.3163005611925174
 10
44.234987752264566
 20
1.4469998137304414
 10
44.18135486142555
 20
1.5783738204562459
 10
44.12929498394392
 20
1.7104254195657682
 10
44.07884953214637
 20
1.8431586412411156
 10
44.03006744479381
 20
1.9765779419403258
 10
43.983004562196626
 20
2.110687425165698
 10
43.937722880463696
 20
2.2454900653821914
 10
43.894289701175325
 20
2.380986952588845
 10
43.85277669452145
 20
2.51717657529561
 10
43.81325889520937
 20
2.6540541592388083
 10
43.775813651157165
 20
2.7916110780487697
 10
43.74051954511252
 20
2.9298343502915487
 10
43.70745530886979
 20
3.0687062349306244
 10
43.67669874873869
 20
3.2082039344303226
 10
43.6483256994237
 20
3.3482994116187834
 10
43.62240902161231
 20
3.4889593232252896
 10
43.59901765647294
 20
3.630145069877124
 10
43.57821574806663
 20
3.7718129594319345
 10
43.560061842511516
 20
3.91391447794257
 10
43.544608170718256
 20
4.056396660368825
 10
43.531900019726855
 20
4.199202551388089
 10
43.521975196176236
 20
4.342271745300414
 10
43.514863584255046
 20
4.485540993030434
 10
43.51058679961306
 20
4.628944863538044
 10
43.509157940129455
 20
4.772416446493528
 10
43.510581434091314
 20
4.915888082784876
 10
43.51485298617003
 20
5.059292109249534
 10
43.52195962152448
 20
5.20256160392018
 10
43.531879828328044
 20
5.345631118025064
 10
43.544583798932564
 20
5.4884373809910345
 10
43.56003376966705
 20
5.630919964786901
 10
43.57818445884852
 20
5.773021894162158
 10
43.5989836018945
 20
5.914690189743108
 10
43.62237258142526
 20
6.055876331616977
 10
43.6482871489032
 20
6.196536632037391
 10
43.67665823268199
 20
6.336632507284703
 10
43.707412825363086
 20
6.476130640554743
 10
43.7404749411531
 20
6.615003030038799
 10
43.775766631583274
 20
6.753226919065163
 10
43.81320904562143
 20
6.890784608219989
 10
43.85272351802136
 20
7.027663152629081
 10
43.894232667862035
 20
7.163853950901062
 10
43.9376614877644
 20
7.299352235420375
 10
43.98293840334435
 20
7.43415647654604
 10
44.0299962821364
 20
7.568267715645994
 10
44.07877337152984
 20
7.70168884364244
 10
44.1292141461799
 20
7.834423842780112
 10
44.18127004683862
 20
7.966477009638742
 10
44.23490009451435
 20
8.097852177038217
 10
44.29007136622851
 20
8.22855195152865
 10
44.34675932130759
 20
8.358576981755167
 10
44.40494797005617
 20
8.487925271294603
 10
44.464629879749204
 20
8.616591547732359
 10
44.525806016124065
 20
8.744566697916426
 10
44.58848542191892
 20
8.871837277592213
 10
44.652684737470324
 20
8.998385102045072
 10
44.680855955623414
 20
9.041761530546925
  0
LWPOLYLINE
  5
D4
330
17
100
AcDbEntity
  8
KEDER
100
AcDbPolyline
 90
2
 70
0
 10
43.56039756331825
 20
0.0
 10
44.68083833242529
 20
0.5030304627867016
  0
LWPOLYLINE
  5
D5
330
17
100
AcDbEntity
  8
KEDER
100
AcDbPolyline
 90
2
 70
0
 10
43.56039756331825
 20
9.544752737906958
 10
44.680855955623414
 20
9.041761530546925
  0
LWPOLYLINE
  5
D6
330
17
100
AcDbEntity
  8
RECORTE
100
AcDbPolyline
 90
112
 70
1
 10
42.235992871689554
 20
4.490974410242314
 10
42.23555191358671
 20
4.505045230692606
 10
42.23511095548387
 20
4.519116051142897
 10
42.23466999738102
 20
4.5331868715931884
 10
42.234229039278176
 20
4.54725769204348
 10
42.233788081175334
 20
4.5613285124937715
 10
42.23334712307249
 20
4.5753993329440625
 10
42.23290616496965
 20
4.5894701533943545
 10
42.232465206866806
 20
4.603540973844646
 10
42.23202424876396
 20
4.6176117942949375
 10
42.23185689567561
 20
4.631682754684852
 10
42.23170959163296
 20
4.645753725329168
 10
42.231562287590314
 20
4.659824695973485
 10
42.23141498354767
 20
4.673895666617802
 10
42.231267679505024
 20
4.687966637262118
 10
42.231120375462375
 20
4.702037607906434
 10
42.23097307141973
 20
4.7161085785507515
 10
42.230825767377084
 20
4.730179549195068
 10
42.230678463334435
 20
4.744250519839385
 10
42.23053115929179
 20
4.758321490483701
 10
42.230383855249144
 20
4.7723924611280175
 10
42.2305306329593
 20
4.786463437272479
 10
42.23067741066946
 20
4.8005344134169405
 10
42.23082418837961
 20
4.814605389561403
 10
42.230970966089764
 20
4.8286763657058644
 10
42.23111774379992
 20
4.842747341850326
 10
42.23126452151008
 20
4.8568183179947875
 10
42.231411299220234
 20
4.87088929413925
 10
42.23155807693038
 20
4.8849602702837105
 10
42.23170485464054
 20
4.899031246428172
 10
42.2318516323507
 20
4.9131022225726335
 10
42.23201845992145
 20
4.927173189187143
 10
42.23245890362735
 20
4.94124402574844
 10
42.23289934733324
 20
4.955314862309737
 10
42.233339791039135
 20
4.969385698871035
 10
42.23378023474503
 20
4.983456535432332
 10
42.234220678450924
 20
4.997527371993629
 10
42.23466112215682
 20
5.011598208554925
 10
42.23510156586272
 20
5.0256690451162225
 10
42.23554200956861
 20
5.039739881677519
 10
42.23598245327451
 20
5.053810718238816
 10
42.245967940717286
 20
5.0536625647712965
 10
42.255953428160055
 20
5.053514411303777
 10
42.26593891560283
 20
5.053366257836257
 10
42.27592440304561
 20
5.053218104368737
 10
42.28590989048838
 20
5.053069950901216
 10
42.29589537793115
 20
5.052921797433696
 10
42.30588086537393
 20
5.052773643966177
 10
42.3158663528167
 20
5.052625490498657
 10
42.325851840259475
 20
5.052477337031137
 10
42.33583732770225
 20
5.052329183563617
 10
42.34582281514502
 20
5.052181030096097
 10
42.355808302587796
 20
5.052032876628577
 10
42.36579379003057
 20
5.051884723161057
 10
42.37577927747334
 20
5.051736569693537
 10
42.38576476491612
 20
5.051588416226017
 10
42.395750252358894
 20
5.051440262758497
 10
42.39531602059163
 20
5.037488511904387
 10
42.394881788824364
 20
5.023536761050277
 10
42.3944475570571
 20
5.009585010196166
 10
42.39401332528983
 20
4.995633259342057
 10
42.39357909352257
 20
4.981681508487947
 10
42.3931448617553
 20
4.967729757633837
 10
42.39271062998804
 20
4.953778006779726
 10
42.39227639822077
 20
4.939826255925616
 10
42.39184216645351
 20
4.925874505071506
 10
42.391677691780934
 20
4.911921920111313
 10
42.39153298418876
 20
4.897969274030053
 10
42.39138827659658
 20
4.884016627948792
 10
42.39124356900441
 20
4.870063981867532
 10
42.39109886141223
 20
4.856111335786271
 10
42.390954153820054
 20
4.84215868970501
 10
42.390809446227884
 20
4.82820604362375
 10
42.39066473863571
 20
4.814253397542489
 10
42.39052003104353
 20
4.8003007514612275
 10
42.39037532345136
 20
4.786348105379967
 10
42.39023061585918
 20
4.772395459298706
 10
42.39037584534493
 20
4.7584428186399474
 10
42.39052107483067
 20
4.744490177981189
 10
42.39066630431641
 20
4.730537537322429
 10
42.39081153380216
 20
4.7165848966636705
 10
42.3909567632879
 20
4.70263225600491
 10
42.39110199277365
 20
4.688679615346151
 10
42.39124722225939
 20
4.674726974687393
 10
42.39139245174513
 20
4.660774334028633
 10
42.39153768123088
 20
4.6468216933698745
 10
42.39168291071662
 20
4.632869052711116
 10
42.39184790646594
 20
4.618916473887434
 10
42.39228264816285
 20
4.604964738913761
 10
42.39271738985975
 20
4.5910130039400885
 10
42.393152131556654
 20
4.577061268966416
 10
42.39358687325356
 20
4.563109533992744
 10
42.39402161495047
 20
4.5491577990190715
 10
42.394456356647375
 20
4.535206064045399
 10
42.394891098344274
 20
4.521254329071726
 10
42.39532584004118
 20
4.5073025940980544
 10
42.39576058173809
 20
4.493350859124381
 10
42.385775099860055
 20
4.493202331069252
 10
42.37578961798202
 20
4.4930538030141225
 10
42.36580413610399
 20
4.492905274958994
 10
42.355818654225956
 20
4.492756746903864
 10
42.34583317234792
 20
4.492608218848735
 10
42.33584769046989
 20
4.4924596907936065
 10
42.32586220859185
 20
4.492311162738477
 10
42.31587672671382
 20
4.492162634683348
 10
42.305891244835784
 20
4.492014106628218
 10
42.29590576295775
 20
4.49186557857309
 10
42.28592028107972
 20
4.49171705051796
 10
42.275934799201686
 20
4.491568522462831
 10
42.26594931732365
 20
4.491419994407702
 10
42.25596383544562
 20
4.491271466352573
 10
42.24597835356759
 20
4.491122938297443
  0
TEXT
  5
D7
330
17
100
AcDbEntity
  8
TEXTO
100
AcDbText
 10
42.31336844486832
 20
4.772394016709481
 30
0.0
 40
0.05
  1
abertura da Espinha de Luz (requadro)
 11
42.31336844486832
 21
4.772394016709481
 31
0.0
100
AcDbText
  0
TEXT
  5
D8
330
17
100
AcDbEntity
  8
TEXTO
100
AcDbText
 10
42.230383855249144
 20
-0.35
 30
0.0
 40
0.12
  1
F6 · x1 · 11.80 m2
 11
42.230383855249144
 21
-0.35
 31
0.0
100
AcDbText
  0
TEXT
  5
D9
330
17
100
AcDbEntity
  8
TEXTO
100
AcDbText
 10
42.230383855249144
 20
-0.55
 30
0.0
 40
0.06
  1
ZION CASULO · FORRO / REVESTIMENTO INTERNO · Trevira CS (poliéster FR) 210 g/m² tensionado, cor creme; ou
 11
42.230383855249144
 21
-0.55
 31
0.0
100
AcDbText
  0
LWPOLYLINE
  5
DA
330
17
100
AcDbEntity
  8
CONTORNO
100
AcDbPolyline
 90
130
 70
1
 10
47.15888082790689
 20
0.0
 10
47.11369811524074
 20
0.025172496060847722
 10
47.008728594184426
 20
0.12065706884738485
 10
46.90617086085205
 20
0.21867961572070996
 10
46.80606870622109
 20
0.31917696575855314
 10
46.7084686292246
 20
0.4220903565648174
 10
46.61342045107838
 20
0.5273649626246347
 10
46.520977816681345
 20
0.6349493113106329
 10
46.4311985763495
 20
0.7447946037898474
 10
46.34414504352467
 20
0.8568539588016321
 10
46.25988412595999
 20
0.9710815974970995
 10
46.178487329341976
 20
1.0874319874564877
 10
46.10003063354232
 20
1.2058589638163475
 10
46.024594242906424
 20
1.3263148452715992
 10
45.95226221336334
 20
1.4487495626195703
 10
45.88312196080944
 20
1.5731098174543516
 10
45.81726365722237
 20
1.6993382885022463
 10
45.75477952325781
 20
1.8273729027723535
 10
45.69576302854906
 20
1.9571461880313488
 10
45.64030801339195
 20
2.088584721973707
 10
45.588507747756395
 20
2.2216086917746782
 10
45.54045394543522
 20
2.356131575475867
 10
45.49623575247149
 20
2.492059953922444
 10
45.4559387297085
 20
2.6292934588633585
 10
45.41964384935544
 20
2.7677248594951407
 10
45.38742652489226
 20
2.9072402863435447
 10
45.35935569253111
 20
3.0477195880946732
 10
45.3354929609241
 20
3.1890368139416823
 10
45.315891843982804
 20
3.331060811301564
 10
45.30059708967658
 20
3.4736559264350975
 10
45.28964411560919
 20
3.616682793590617
 10
45.28305856011555
 20
3.759999196776985
 10
45.280855955623416
 20
3.903460987120711
 10
45.2830415291097
 20
4.046923037934548
 10
45.28961013264345
 20
4.19024021907852
 10
45.30054630522325
 20
4.333268371896587
 10
45.31582446534783
 20
4.475865265945655
 10
45.33540923196124
 20
4.617891518899552
 10
45.359255869547674
 20
4.759211461429487
 10
45.387310851184225
 20
4.89969392957162
 10
45.41951253128095
 20
5.039212968140579
 10
45.45579191755793
 20
5.177648430187284
 10
45.49607352957176
 20
5.314886459375614
 10
45.54027632888273
 20
5.45081984449188
 10
45.588314703855616
 20
5.585348238099961
 10
45.64009949024138
 20
5.718378234568821
 10
45.695539007241074
 20
5.849823306236924
 10
45.754540087849534
 20
5.979603600201971
 10
45.81700908203893
 20
6.107645601957496
 10
45.8828528118524
 20
6.233881675639726
 10
45.95197945875738
 20
6.358249493798056
 10
46.024299365607234
 20
6.480691372185836
 10
46.09972573815478
 20
6.601153526963393
 10
46.17817523406459
 20
6.719585272863873
 10
46.259568430555625
 20
6.8359381813292295
 10
46.3438301649344
 20
6.950165217490831
 10
46.430889745144675
 20
7.062219874317547
 10
46.52068102991644
 20
7.1720553214803076
 10
46.61314238008771
 20
7.279623585670824
 10
46.70821648423464
 20
7.384874778398609
 10
46.80585006300488
 20
7.487756386733041
 10
46.90599345769074
 20
7.588212642024494
 10
47.00860010981005
 20
7.686183981214464
 10
47.11362593996527
 20
7.781606614751929
 10
47.15888082790689
 20
7.806649122597523
 10
48.07781503810392
 20
6.983734632730405
 10
48.034662203134694
 20
6.965264978889956
 10
47.949871224402685
 20
6.896852678188152
 10
47.867441953542254
 20
6.82630035298165
 10
47.787355525529556
 20
6.753631080366505
 10
47.709591913841514
 20
6.678857536611237
 10
47.634132291640455
 20
6.601982793676649
 10
47.56096126926702
 20
6.523001540916109
 10
47.490068917363516
 20
6.441901696349092
 10
47.42145249542202
 20
6.358666350198197
 10
47.35511782147467
 20
6.273275965092957
 10
47.291080238639225
 20
6.185710744114576
 10
47.229365156499036
 20
6.095953070778233
 10
47.170008167844976
 20
6.003989924531281
 10
47.11305476222492
 20
5.909815181079192
 10
47.05855967543532
 20
5.813431717892472
 10
47.00658592743752
 20
5.714853260188329
 10
46.95720360964769
 20
5.614105919869608
 10
46.910488486158116
 20
5.51122939768119
 10
46.86652047269815
 20
5.406277835743804
 10
46.825382052871554
 20
5.299320322515321
 10
46.78715668442328
 20
5.1904410643809955
 10
46.7519272400276
 20
5.079739247161008
 10
46.719774518289405
 20
4.967328616869669
 10
46.69077585207543
 20
4.853336812352686
 10
46.665003833496264
 20
4.7379044834213015
 10
46.642525168188655
 20
4.621184227325782
 10
46.62339966616122
 20
4.503339374401102
 10
46.6076793723812
 20
4.384542650963407
 10
46.595407837408715
 20
4.264974744450353
 10
46.58661952658001
 20
4.144822792708743
 10
46.5813393653224
 20
4.024278816482632
 10
46.5795824179665
 20
3.903538111714571
 10
46.581353697726605
 20
3.782797616354021
 10
46.58664810618432
 20
3.662254265038445
 10
46.595450501484066
 20
3.5421033443115224
 10
46.607735895394434
 20
3.4225368609854554
 10
46.623469780273226
 20
3.303741936840175
 10
46.64260858766307
 20
3.185899244065716
 10
46.66510028059536
 20
3.069181497659889
 10
46.69088508153919
 20
2.953752023328351
 10
46.71989633713084
 20
2.8397634221955017
 10
46.75206151918223
 20
2.7273563566645898
 10
46.78730335882217
 20
2.6166584848375827
 10
46.82554110682294
 20
2.507783573711479
 10
46.86669190811276
 20
2.4008308235128233
 10
46.91067227216697
 20
2.2958844365413213
 10
46.957399613534356
 20
2.1930134632351157
 10
47.00679382848991
 20
2.0922719553026083
 10
47.058778865211686
 20
1.9936994502045708
 10
47.113284236666274
 20
1.8973218026784489
 10
47.17024641844788
 20
1.8031523672831533
 10
47.22961006915671
 20
1.7111935213561
 10
47.29132900953744
 20
1.6214385009694698
 10
47.35536689940109
 20
1.533873504525626
 10
47.42169755889679
 20
1.4484800009847363
 10
47.49030489310907
 20
1.3652371640484735
 10
47.56118239580899
 20
1.2841243416451837
 10
47.63433222848715
 20
1.2051234632832686
 10
47.70976389304084
 20
1.128221287328056
 10
47.78749253882398
 20
1.0534113964498584
 10
47.86753696522297
 20
0.9806958620936715
 10
47.9499173976516
 20
0.9100865168233981
 10
48.03465312640129
 20
0.8416057951938349
 10
48.07774451586343
 20
0.8229932340296684
  0
LWPOLYLINE
  5
DB
330
17
100
AcDbEntity
  8
KEDER
100
AcDbPolyline
 90
65
 70
0
 10
47.15888082790689
 20
0.0
 10
47.11369811524074
 20
0.025172496060847722
 10
47.008728594184426
 20
0.12065706884738485
 10
46.90617086085205
 20
0.21867961572070996
 10
46.80606870622109
 20
0.31917696575855314
 10
46.7084686292246
 20
0.4220903565648174
 10
46.61342045107838
 20
0.5273649626246347
 10
46.520977816681345
 20
0.6349493113106329
 10
46.4311985763495
 20
0.7447946037898474
 10
46.34414504352467
 20
0.8568539588016321
 10
46.25988412595999
 20
0.9710815974970995
 10
46.178487329341976
 20
1.0874319874564877
 10
46.10003063354232
 20
1.2058589638163475
 10
46.024594242906424
 20
1.3263148452715992
 10
45.95226221336334
 20
1.4487495626195703
 10
45.88312196080944
 20
1.5731098174543516
 10
45.81726365722237
 20
1.6993382885022463
 10
45.75477952325781
 20
1.8273729027723535
 10
45.69576302854906
 20
1.9571461880313488
 10
45.64030801339195
 20
2.088584721973707
 10
45.588507747756395
 20
2.2216086917746782
 10
45.54045394543522
 20
2.356131575475867
 10
45.49623575247149
 20
2.492059953922444
 10
45.4559387297085
 20
2.6292934588633585
 10
45.41964384935544
 20
2.7677248594951407
 10
45.38742652489226
 20
2.9072402863435447
 10
45.35935569253111
 20
3.0477195880946732
 10
45.3354929609241
 20
3.1890368139416823
 10
45.315891843982804
 20
3.331060811301564
 10
45.30059708967658
 20
3.4736559264350975
 10
45.28964411560919
 20
3.616682793590617
 10
45.28305856011555
 20
3.759999196776985
 10
45.280855955623416
 20
3.903460987120711
 10
45.2830415291097
 20
4.046923037934548
 10
45.28961013264345
 20
4.19024021907852
 10
45.30054630522325
 20
4.333268371896587
 10
45.31582446534783
 20
4.475865265945655
 10
45.33540923196124
 20
4.617891518899552
 10
45.359255869547674
 20
4.759211461429487
 10
45.387310851184225
 20
4.89969392957162
 10
45.41951253128095
 20
5.039212968140579
 10
45.45579191755793
 20
5.177648430187284
 10
45.49607352957176
 20
5.314886459375614
 10
45.54027632888273
 20
5.45081984449188
 10
45.588314703855616
 20
5.585348238099961
 10
45.64009949024138
 20
5.718378234568821
 10
45.695539007241074
 20
5.849823306236924
 10
45.754540087849534
 20
5.979603600201971
 10
45.81700908203893
 20
6.107645601957496
 10
45.8828528118524
 20
6.233881675639726
 10
45.95197945875738
 20
6.358249493798056
 10
46.024299365607234
 20
6.480691372185836
 10
46.09972573815478
 20
6.601153526963393
 10
46.17817523406459
 20
6.719585272863873
 10
46.259568430555625
 20
6.8359381813292295
 10
46.3438301649344
 20
6.950165217490831
 10
46.430889745144675
 20
7.062219874317547
 10
46.52068102991644
 20
7.1720553214803076
 10
46.61314238008771
 20
7.279623585670824
 10
46.70821648423464
 20
7.384874778398609
 10
46.80585006300488
 20
7.487756386733041
 10
46.90599345769074
 20
7.588212642024494
 10
47.00860010981005
 20
7.686183981214464
 10
47.11362593996527
 20
7.781606614751929
 10
47.15888082790689
 20
7.806649122597523
  0
LWPOLYLINE
  5
DC
330
17
100
AcDbEntity
  8
KEDER
100
AcDbPolyline
 90
65
 70
0
 10
48.07774451586343
 20
0.8229932340296684
 10
48.03465312640129
 20
0.8416057951938349
 10
47.9499173976516
 20
0.9100865168233981
 10
47.86753696522297
 20
0.9806958620936715
 10
47.78749253882398
 20
1.0534113964498584
 10
47.70976389304084
 20
1.128221287328056
 10
47.63433222848715
 20
1.2051234632832686
 10
47.56118239580899
 20
1.2841243416451837
 10
47.49030489310907
 20
1.3652371640484735
 10
47.42169755889679
 20
1.4484800009847363
 10
47.35536689940109
 20
1.533873504525626
 10
47.29132900953744
 20
1.6214385009694698
 10
47.22961006915671
 20
1.7111935213561
 10
47.17024641844788
 20
1.8031523672831533
 10
47.113284236666274
 20
1.8973218026784489
 10
47.058778865211686
 20
1.9936994502045708
 10
47.00679382848991
 20
2.0922719553026083
 10
46.957399613534356
 20
2.1930134632351157
 10
46.91067227216697
 20
2.2958844365413213
 10
46.86669190811276
 20
2.4008308235128233
 10
46.82554110682294
 20
2.507783573711479
 10
46.78730335882217
 20
2.6166584848375827
 10
46.75206151918223
 20
2.7273563566645898
 10
46.71989633713084
 20
2.8397634221955017
 10
46.69088508153919
 20
2.953752023328351
 10
46.66510028059536
 20
3.069181497659889
 10
46.64260858766307
 20
3.185899244065716
 10
46.623469780273226
 20
3.303741936840175
 10
46.607735895394434
 20
3.4225368609854554
 10
46.595450501484066
 20
3.5421033443115224
 10
46.58664810618432
 20
3.662254265038445
 10
46.581353697726605
 20
3.782797616354021
 10
46.5795824179665
 20
3.903538111714571
 10
46.5813393653224
 20
4.024278816482632
 10
46.58661952658001
 20
4.144822792708743
 10
46.595407837408715
 20
4.264974744450353
 10
46.6076793723812
 20
4.384542650963407
 10
46.62339966616122
 20
4.503339374401102
 10
46.642525168188655
 20
4.621184227325782
 10
46.665003833496264
 20
4.7379044834213015
 10
46.69077585207543
 20
4.853336812352686
 10
46.719774518289405
 20
4.967328616869669
 10
46.7519272400276
 20
5.079739247161008
 10
46.78715668442328
 20
5.1904410643809955
 10
46.825382052871554
 20
5.299320322515321
 10
46.86652047269815
 20
5.406277835743804
 10
46.910488486158116
 20
5.51122939768119
 10
46.95720360964769
 20
5.614105919869608
 10
47.00658592743752
 20
5.714853260188329
 10
47.05855967543532
 20
5.813431717892472
 10
47.11305476222492
 20
5.909815181079192
 10
47.170008167844976
 20
6.003989924531281
 10
47.229365156499036
 20
6.095953070778233
 10
47.291080238639225
 20
6.185710744114576
 10
47.35511782147467
 20
6.273275965092957
 10
47.42145249542202
 20
6.358666350198197
 10
47.490068917363516
 20
6.441901696349092
 10
47.56096126926702
 20
6.523001540916109
 10
47.634132291640455
 20
6.601982793676649
 10
47.709591913841514
 20
6.678857536611237
 10
47.787355525529556
 20
6.753631080366505
 10
47.867441953542254
 20
6.82630035298165
 10
47.949871224402685
 20
6.896852678188152
 10
48.034662203134694
 20
6.965264978889956
 10
48.07781503810392
 20
6.983734632730405
  0
LWPOLYLINE
  5
DD
330
17
100
AcDbEntity
  8
KEDER
100
AcDbPolyline
 90
2
 70
0
 10
47.15888082790689
 20
0.0
 10
48.07774451586343
 20
0.8229932340296684
  0
LWPOLYLINE
  5
DE
330
17
100
AcDbEntity
  8
KEDER
100
AcDbPolyline
 90
2
 70
0
 10
47.15888082790689
 20
7.806649122597523
 10
48.07781503810392
 20
6.983734632730405
  0
LWPOLYLINE
  5
DF
330
17
100
AcDbEntity
  8
RECORTE
100
AcDbPolyline
 90
48
 70
1
 10
46.95635597491674
 20
1.83384090554547
 10
46.9299788041982
 20
1.8525345358349563
 10
46.89537941985713
 20
1.8662074649790392
 10
46.85724935896551
 20
1.8765894392956102
 10
46.81705962174289
 20
1.8844937750481556
 10
46.77528529920212
 20
1.8904050351404929
 10
46.73230592901275
 20
1.894897441655088
 10
46.68747346581937
 20
1.8977844798804115
 10
46.640315428093935
 20
1.8989837110228063
 10
46.59033457320125
 20
1.8982591679260061
 10
46.537102161591235
 20
1.8951165180936251
 10
46.48056458070875
 20
1.88861842046055
 10
46.42216749038472
 20
1.8764641872738936
 10
46.37045344986421
 20
1.8515611970040853
 10
46.32533129110804
 20
1.8232867475603047
 10
46.28580482396732
 20
1.793998286792649
 10
46.25100163086797
 20
1.7643204470749865
 10
46.220175337905076
 20
1.7343648233467979
 10
46.19276744598182
 20
1.704012302847948
 10
46.16848648271764
 20
1.6730641152778434
 10
46.14769004799564
 20
1.6415246771330845
 10
46.13020924084746
 20
1.6088879777322254
 10
46.11682949941207
 20
1.575084533896406
 10
46.10926765202922
 20
1.54048879812798
 10
46.11223996373018
 20
1.5071217090089124
 10
46.14172313645166
 20
1.4841803680384464
 10
46.17899285145885
 20
1.4671107669895282
 10
46.21924171240128
 20
1.4542297680245078
 10
46.261024894486795
 20
1.444689656452353
 10
46.304000879914035
 20
1.4380154011025628
 10
46.34848145223002
 20
1.4340853774217392
 10
46.3943577319867
 20
1.4325046186320018
 10
46.44205937251633
 20
1.4333445607533624
 10
46.49205514387487
 20
1.4368830365297558
 10
46.54471848248645
 20
1.4436584893719522
 10
46.600023551606235
 20
1.4546037074399611
 10
46.656402067493126
 20
1.4717915758349593
 10
46.705135896905055
 20
1.5010257609617987
 10
46.74738295722636
 20
1.5325474814656754
 10
46.784368177106025
 20
1.5640281442105202
 10
46.81700234422035
 20
1.5949246266734474
 10
46.84602223435617
 20
1.6252028306628261
 10
46.87196668833914
 20
1.6550301730555323
 10
46.895158735826136
 20
1.6846461049457246
 10
46.91602208108382
 20
1.7145869821692552
 10
46.93405890556431
 20
1.7448286954528105
 10
46.94842676133742
 20
1.775305656131972
 10
46.95742376515723
 20
1.8056007946932398
  0
TEXT
  5
E0
330
17
100
AcDbEntity
  8
TEXTO
100
AcDbText
 10
46.53662247496145
 20
1.6721819848952764
 30
0.0
 40
0.05
  1
Olho banho (dir,) · 0,80 x 0,51 m
 11
46.53662247496145
 21
1.6721819848952764
 31
0.0
100
AcDbText
  0
LWPOLYLINE
  5
E1
330
17
100
AcDbEntity
  8
RECORTE
100
AcDbPolyline
 90
48
 70
1
 10
47.110417959487506
 20
6.216209343139299
 10
47.11310408890754
 20
6.244219686475735
 10
47.10597507022618
 20
6.2749234065315225
 10
47.09403120743029
 20
6.3057399363316415
 10
47.07841475487724
 20
6.336609980132251
 10
47.0598827430663
 20
6.367482572489108
 10
47.03870039565608
 20
6.398512421340663
 10
47.01481008549139
 20
6.429942488900499
 10
46.98790968187764
 20
6.462029911242438
 10
46.95779386586598
 20
6.494703972865056
 10
46.92338690818366
 20
6.5282803261141735
 10
46.88373994218288
 20
6.5622885724241895
 10
46.837454241065906
 20
6.594519732514934
 10
46.78262802086285
 20
6.61543032782466
 10
46.72839286033835
 20
6.630101739982184
 10
46.676470564034595
 20
6.640461292996226
 10
46.62695864683576
 20
6.647425580098653
 10
46.57989694818678
 20
6.651257471989707
 10
46.53450292832918
 20
6.652535763721985
 10
46.49035317878981
 20
6.651361496621954
 10
46.447147179536344
 20
6.64763705671027
 10
46.40482070449055
 20
6.641055208625639
 10
46.36376575688303
 20
6.631053158009997
 10
46.32596943326992
 20
6.616246439535014
 10
46.29553603793543
 20
6.595063650626684
 10
46.29006222581668
 20
6.562276670529077
 10
46.29490923647782
 20
6.527641650222923
 10
46.3059176296179
 20
6.493200391611252
 10
46.32131624121321
 20
6.459497485155584
 10
46.34005313128202
 20
6.426703621989973
 10
46.361848321257476
 20
6.3946085107931925
 10
46.38675877291953
 20
6.362945690384926
 10
46.41510343429228
 20
6.331468466987421
 10
46.447523501716894
 20
6.29995449746292
 10
46.48490812058243
 20
6.268359893382347
 10
46.52788070500681
 20
6.237449907219447
 10
46.57756003592574
 20
6.2095084442932125
 10
46.6345706253039
 20
6.193851593023722
 10
46.69006584722008
 20
6.183925144593188
 10
46.742485790419
 20
6.177524457982026
 10
46.79208210875001
 20
6.173509215272986
 10
46.839106208838714
 20
6.1714717191298805
 10
46.883946019912415
 20
6.171218563345671
 10
46.92702710047701
 20
6.172671077580259
 10
46.96863152228257
 20
6.175917585196038
 10
47.00878463650804
 20
6.181229009782744
 10
47.047275506451655
 20
6.1889135179493415
 10
47.08277224685172
 20
6.1998031909921405
  0
TEXT
  5
E2
330
17
100
AcDbEntity
  8
TEXTO
100
AcDbText
 10
46.70484692026948
 20
6.404140455044267
 30
0.0
 40
0.05
  1
Olho banheira (esq,) · 0,80 x 0,51 m
 11
46.70484692026948
 21
6.404140455044267
 31
0.0
100
AcDbText
  0
TEXT
  5
E3
330
17
100
AcDbEntity
  8
TEXTO
100
AcDbText
 10
45.280855955623416
 20
-0.35
 30
0.0
 40
0.12
  1
F7 · x1 · 10.01 m2
 11
45.280855955623416
 21
-0.35
 31
0.0
100
AcDbText
  0
TEXT
  5
E4
330
17
100
AcDbEntity
  8
TEXTO
100
AcDbText
 10
45.280855955623416
 20
-0.55
 30
0.0
 40
0.06
  1
ZION CASULO · FORRO / REVESTIMENTO INTERNO · Trevira CS (poliéster FR) 210 g/m² tensionado, cor creme; ou
 11
45.280855955623416
 21
-0.55
 31
0.0
100
AcDbText
  0
LWPOLYLINE
  5
E5
330
17
100
AcDbEntity
  8
CONTORNO
100
AcDbPolyline
 90
130
 70
1
 10
50.706620270593575
 20
0.016787867169063164
 10
50.66278577738581
 20
0.0
 10
50.55542780362998
 20
0.018547733896298636
 10
50.449543263352595
 20
0.04222640397874902
 10
50.34529823749653
 20
0.07099502783384579
 10
50.24285308265205
 20
0.10480704341085155
 10
50.1423633727512
 20
0.14361037945337024
 10
50.04398086612275
 20
0.1873473111278823
 10
49.947854442414624
 20
0.2359541111901249
 10
49.85413095740694
 20
0.2893605206081583
 10
49.7629559709964
 20
0.3474890737396612
 10
49.67447431357501
 20
0.4102543208144755
 10
49.58883046731328
 20
0.4775619941052737
 10
49.506168750171106
 20
0.5493081639600013
 10
49.42663330075354
 20
0.6253784275452836
 10
49.350367870778236
 20
0.7056471677294589
 10
49.277515438713436
 20
0.7899769130540524
 10
49.20821766317208
 20
0.8782178230482849
 10
49.142614198159826
 20
0.9702073167886909
 10
49.080841894547966
 20
1.0657698568721221
 10
49.02303391340675
 20
1.164716895929525
 10
48.96931877725468
 20
1.2668469884245952
 10
48.91981938496865
 20
1.3719460666867263
 10
48.87465201515463
 20
1.4797878768614166
 10
48.8339253412981
 20
1.5901345676854333
 10
48.79773948011207
 20
1.7027374226865102
 10
48.76618509230519
 20
1.8173377245497644
 10
48.73934255263098
 20
1.933667738959112
 10
48.7172812036705
 20
2.051451804172138
 10
48.700058705442395
 20
2.17040751186739
 10
48.68772049069468
 20
2.290246964350199
 10
48.680299333654446
 20
2.4106780929486296
 10
48.67781503810392
 20
2.5314060223084804
 10
48.68027424890251
 20
2.652134465246123
 10
48.68767038944963
 20
2.772567132792411
 10
48.69998372603396
 20
2.8924091440267907
 10
48.71718155848313
 20
3.011368420241578
 10
48.739218534950105
 20
3.1291570478940645
 10
48.76603708698955
 20
3.2454925947193933
 10
48.797567979232326
 20
3.3600993633301095
 10
48.83373096592162
 20
3.472709566677223
 10
48.874435544308426
 20
3.5830644099673106
 10
48.91958179242694
 20
3.6909150641076116
 10
48.96906127612637
 20
3.796023516579686
 10
49.022758007509786
 20
3.8981632869124216
 10
49.08054943425273
 20
3.9971199957141264
 10
49.142307436812416
 20
4.092691778582038
 10
49.20789930849402
 20
4.184689539150076
 10
49.27718869192414
 20
4.272937039032313
 10
49.350036444894656
 20
4.357270826397838
 10
49.426301408945974
 20
4.4375400092660024
 10
49.50584105556175
 20
4.513605884218087
 10
49.58851198748672
 20
4.585341435964581
 10
49.67417027643731
 20
4.652630727983305
 10
49.76267162330222
 20
4.715368209152829
 10
49.85387133277234
 20
4.773457965811695
 10
49.94762410114878
 20
4.826812952745139
 10
50.043783623781565
 20
4.875354239854562
 10
50.1422020370311
 20
4.919010313157618
 10
50.24272921848084
 20
4.957716468659764
 10
50.3452119777927
 20
4.991414334947067
 10
50.44949317828847
 20
5.020051554738959
 10
50.555410835153374
 20
5.043581647192558
 10
50.66279723925464
 20
5.0619640620460515
 10
50.706620270593575
 20
5.045146297535451
 10
51.0787950407168
 20
4.25919307536683
 10
51.03007390786941
 20
4.280356273241408
 10
50.94840401591846
 20
4.28162949274044
 10
50.86778375889071
 20
4.278466064467394
 10
50.788365618780105
 20
4.270878653469169
 10
50.71028876210148
 20
4.258886081373048
 10
50.63368018355264
 20
4.2425120946840345
 10
50.55865631321586
 20
4.22178444254109
 10
50.485325002492054
 20
4.1967343578259095
 10
50.413787765040226
 20
4.16739650658632
 10
50.344142120033254
 20
4.133809430889287
 10
50.276483871623014
 20
4.096016464518681
 10
50.21090916368431
 20
4.0540670560814815
 10
50.147516172242696
 20
4.008018396899719
 10
50.08640633558488
 20
3.9579372268429247
 10
50.0276850675529
 20
3.9039016825948947
 10
49.97146194576902
 20
3.846003059287225
 10
49.91785040722156
 20
3.784347374953384
 10
49.8669670144903
 20
3.7190566533653127
 10
49.8189303751054
 20
3.6502698697523077
 10
49.773859804532655
 20
3.5781435316269374
 10
49.73187382201168
 20
3.502851890669556
 10
49.69308856062544
 20
3.4245867999278627
 10
49.657616161282796
 20
3.343557243203009
 10
49.625563207086
 20
3.2599885709527223
 10
49.59702924156196
 20
3.1741214803137443
 10
49.572105402563075
 20
3.0862107770377807
 10
49.550873193857925
 20
2.9965239552925604
 10
49.5334034087021
 20
2.905339628280373
 10
49.51975521391195
 20
2.8129458391441937
 10
49.50997539891927
 20
2.7196382781444046
 10
49.50409779165982
 20
2.6257184289117093
 10
49.50214284163223
 20
2.5314916639043266
 10
49.50411736976387
 20
2.4372653071243664
 10
49.51001448457621
 20
2.3433466807296055
 10
49.51981366432344
 20
2.2500411514330954
 10
49.53348100507444
 20
2.1576501925206197
 10
49.55096963491974
 20
2.066469477935845
 10
49.57222029440537
 20
1.9767870261814262
 10
49.597162082700464
 20
1.8888814137464982
 10
49.62571336764355
 20
1.8030200803569656
 10
49.65778285539931
 20
1.7194577514670843
 10
49.69327081168675
 20
1.638435006903038
 10
49.73207042110361
 20
1.560177028148765
 10
49.77406926371141
 20
1.484892559990242
 10
49.81915087862629
 20
1.4127731244697515
 10
49.867196372981184
 20
1.3439925254943794
 10
49.91808602175596
 20
1.278706679946398
 10
49.971700790597616
 20
1.2170538046026154
 10
50.02792370148528
 20
1.1591549765025029
 10
50.08664095218932
 20
1.1051150668872647
 10
50.1477426976715
 20
1.055024025476307
 10
50.21112340770026
 20
1.0089584637994538
 10
50.276681732270156
 20
0.966983456127446
 10
50.344319835776524
 20
0.929154448222226
 10
50.41394220099735
 20
0.8955191426137699
 10
50.48545395088051
 20
0.8661192193784448
 10
50.558758783730624
 20
0.8409917571602614
 10
50.63375665820102
 20
0.8201702416392722
 10
50.710341391553875
 20
0.8036850857516793
 10
50.78839834323935
 20
0.791563632543981
 10
50.867802344775406
 20
0.7838296604503086
 10
50.9484160087721
 20
0.7805024546122112
 10
51.03008851027646
 20
0.781595540698584
 10
51.078823061763586
 20
0.8027278198364172
  0
LWPOLYLINE
  5
E6
330
17
100
AcDbEntity
  8
KEDER
100
AcDbPolyline
 90
65
 70
0
 10
50.706620270593575
 20
0.016787867169063164
 10
50.66278577738581
 20
0.0
 10
50.55542780362998
 20
0.018547733896298636
 10
50.449543263352595
 20
0.04222640397874902
 10
50.34529823749653
 20
0.07099502783384579
 10
50.24285308265205
 20
0.10480704341085155
 10
50.1423633727512
 20
0.14361037945337024
 10
50.04398086612275
 20
0.1873473111278823
 10
49.947854442414624
 20
0.2359541111901249
 10
49.85413095740694
 20
0.2893605206081583
 10
49.7629559709964
 20
0.3474890737396612
 10
49.67447431357501
 20
0.4102543208144755
 10
49.58883046731328
 20
0.4775619941052737
 10
49.506168750171106
 20
0.5493081639600013
 10
49.42663330075354
 20
0.6253784275452836
 10
49.350367870778236
 20
0.7056471677294589
 10
49.277515438713436
 20
0.7899769130540524
 10
49.20821766317208
 20
0.8782178230482849
 10
49.142614198159826
 20
0.9702073167886909
 10
49.080841894547966
 20
1.0657698568721221
 10
49.02303391340675
 20
1.164716895929525
 10
48.96931877725468
 20
1.2668469884245952
 10
48.91981938496865
 20
1.3719460666867263
 10
48.87465201515463
 20
1.4797878768614166
 10
48.8339253412981
 20
1.5901345676854333
 10
48.79773948011207
 20
1.7027374226865102
 10
48.76618509230519
 20
1.8173377245497644
 10
48.73934255263098
 20
1.933667738959112
 10
48.7172812036705
 20
2.051451804172138
 10
48.700058705442395
 20
2.17040751186739
 10
48.68772049069468
 20
2.290246964350199
 10
48.680299333654446
 20
2.4106780929486296
 10
48.67781503810392
 20
2.5314060223084804
 10
48.68027424890251
 20
2.652134465246123
 10
48.68767038944963
 20
2.772567132792411
 10
48.69998372603396
 20
2.8924091440267907
 10
48.71718155848313
 20
3.011368420241578
 10
48.739218534950105
 20
3.1291570478940645
 10
48.76603708698955
 20
3.2454925947193933
 10
48.797567979232326
 20
3.3600993633301095
 10
48.83373096592162
 20
3.472709566677223
 10
48.874435544308426
 20
3.5830644099673106
 10
48.91958179242694
 20
3.6909150641076116
 10
48.96906127612637
 20
3.796023516579686
 10
49.022758007509786
 20
3.8981632869124216
 10
49.08054943425273
 20
3.9971199957141264
 10
49.142307436812416
 20
4.092691778582038
 10
49.20789930849402
 20
4.184689539150076
 10
49.27718869192414
 20
4.272937039032313
 10
49.350036444894656
 20
4.357270826397838
 10
49.426301408945974
 20
4.4375400092660024
 10
49.50584105556175
 20
4.513605884218087
 10
49.58851198748672
 20
4.585341435964581
 10
49.67417027643731
 20
4.652630727983305
 10
49.76267162330222
 20
4.715368209152829
 10
49.85387133277234
 20
4.773457965811695
 10
49.94762410114878
 20
4.826812952745139
 10
50.043783623781565
 20
4.875354239854562
 10
50.1422020370311
 20
4.919010313157618
 10
50.24272921848084
 20
4.957716468659764
 10
50.3452119777927
 20
4.991414334947067
 10
50.44949317828847
 20
5.020051554738959
 10
50.555410835153374
 20
5.043581647192558
 10
50.66279723925464
 20
5.0619640620460515
 10
50.706620270593575
 20
5.045146297535451
  0
LWPOLYLINE
  5
E7
330
17
100
AcDbEntity
  8
KEDER
100
AcDbPolyline
 90
65
 70
0
 10
51.078823061763586
 20
0.8027278198364172
 10
51.03008851027646
 20
0.781595540698584
 10
50.9484160087721
 20
0.7805024546122112
 10
50.867802344775406
 20
0.7838296604503086
 10
50.78839834323935
 20
0.791563632543981
 10
50.710341391553875
 20
0.8036850857516793
 10
50.63375665820102
 20
0.8201702416392722
 10
50.558758783730624
 20
0.8409917571602614
 10
50.48545395088051
 20
0.8661192193784448
 10
50.41394220099735
 20
0.8955191426137699
 10
50.344319835776524
 20
0.929154448222226
 10
50.276681732270156
 20
0.966983456127446
 10
50.21112340770026
 20
1.0089584637994538
 10
50.1477426976715
 20
1.055024025476307
 10
50.08664095218932
 20
1.1051150668872647
 10
50.02792370148528
 20
1.1591549765025029
 10
49.971700790597616
 20
1.2170538046026154
 10
49.91808602175596
 20
1.278706679946398
 10
49.867196372981184
 20
1.3439925254943794
 10
49.81915087862629
 20
1.4127731244697515
 10
49.77406926371141
 20
1.484892559990242
 10
49.73207042110361
 20
1.560177028148765
 10
49.69327081168675
 20
1.638435006903038
 10
49.65778285539931
 20
1.7194577514670843
 10
49.62571336764355
 20
1.8030200803569656
 10
49.597162082700464
 20
1.8888814137464982
 10
49.57222029440537
 20
1.9767870261814262
 10
49.55096963491974
 20
2.066469477935845
 10
49.53348100507444
 20
2.1576501925206197
 10
49.51981366432344
 20
2.2500411514330954
 10
49.51001448457621
 20
2.3433466807296055
 10
49.50411736976387
 20
2.4372653071243664
 10
49.50214284163223
 20
2.5314916639043266
 10
49.50409779165982
 20
2.6257184289117093
 10
49.50997539891927
 20
2.7196382781444046
 10
49.51975521391195
 20
2.8129458391441937
 10
49.5334034087021
 20
2.905339628280373
 10
49.550873193857925
 20
2.9965239552925604
 10
49.572105402563075
 20
3.0862107770377807
 10
49.59702924156196
 20
3.1741214803137443
 10
49.625563207086
 20
3.2599885709527223
 10
49.657616161282796
 20
3.343557243203009
 10
49.69308856062544
 20
3.4245867999278627
 10
49.73187382201168
 20
3.502851890669556
 10
49.773859804532655
 20
3.5781435316269374
 10
49.8189303751054
 20
3.6502698697523077
 10
49.8669670144903
 20
3.7190566533653127
 10
49.91785040722156
 20
3.784347374953384
 10
49.97146194576902
 20
3.846003059287225
 10
50.0276850675529
 20
3.9039016825948947
 10
50.08640633558488
 20
3.9579372268429247
 10
50.147516172242696
 20
4.008018396899719
 10
50.21090916368431
 20
4.0540670560814815
 10
50.276483871623014
 20
4.096016464518681
 10
50.344142120033254
 20
4.133809430889287
 10
50.413787765040226
 20
4.16739650658632
 10
50.485325002492054
 20
4.1967343578259095
 10
50.55865631321586
 20
4.22178444254109
 10
50.63368018355264
 20
4.2425120946840345
 10
50.71028876210148
 20
4.258886081373048
 10
50.788365618780105
 20
4.270878653469169
 10
50.86778375889071
 20
4.278466064467394
 10
50.94840401591846
 20
4.28162949274044
 10
51.03007390786941
 20
4.280356273241408
 10
51.0787950407168
 20
4.25919307536683
  0
LWPOLYLINE
  5
E8
330
17
100
AcDbEntity
  8
KEDER
100
AcDbPolyline
 90
2
 70
0
 10
50.706620270593575
 20
0.016787867169063164
 10
51.078823061763586
 20
0.8027278198364172
  0
LWPOLYLINE
  5
E9
330
17
100
AcDbEntity
  8
KEDER
100
AcDbPolyline
 90
2
 70
0
 10
50.706620270593575
 20
5.045146297535451
 10
51.0787950407168
 20
4.25919307536683
  0
TEXT
  5
EA
330
17
100
AcDbEntity
  8
TEXTO
100
AcDbText
 10
48.67781503810392
 20
-0.35
 30
0.0
 40
0.12
  1
F8 · x1 · 5.01 m2
 11
48.67781503810392
 21
-0.35
 31
0.0
100
AcDbText
  0
TEXT
  5
EB
330
17
100
AcDbEntity
  8
TEXTO
100
AcDbText
 10
48.67781503810392
 20
-0.55
 30
0.0
 40
0.06
  1
ZION CASULO · FORRO / REVESTIMENTO INTERNO · Trevira CS (poliéster FR) 210 g/m² tensionado, cor creme; ou
 11
48.67781503810392
 21
-0.55
 31
0.0
100
AcDbText
  0
ENDSEC
  0
SECTION
  2
OBJECTS
  0
DICTIONARY
  5
A
330
0
100
AcDbDictionary
281
1
  3
ACAD_COLOR
350
B
  3
ACAD_GROUP
350
C
  3
ACAD_LAYOUT
350
D
  3
ACAD_MATERIAL
350
E
  3
ACAD_MLEADERSTYLE
350
F
  3
ACAD_MLINESTYLE
350
10
  3
ACAD_PLOTSETTINGS
350
11
  3
ACAD_PLOTSTYLENAME
350
12
  3
ACAD_SCALELIST
350
14
  3
ACAD_TABLESTYLE
350
15
  3
ACAD_VISUALSTYLE
350
16
  3
EZDXF_META
350
2D
  0
DICTIONARY
  5
B
330
A
100
AcDbDictionary
281
1
  0
DICTIONARY
  5
C
330
A
100
AcDbDictionary
281
1
  0
DICTIONARY
  5
D
330
A
100
AcDbDictionary
281
1
  3
Model
350
1A
  3
Layout1
350
1E
  0
DICTIONARY
  5
E
330
A
100
AcDbDictionary
281
1
  3
ByBlock
350
1F
  3
ByLayer
350
20
  3
Global
350
21
  0
DICTIONARY
  5
F
330
A
100
AcDbDictionary
281
1
  3
Standard
350
2C
  0
DICTIONARY
  5
10
330
A
100
AcDbDictionary
281
1
  3
Standard
350
22
  0
DICTIONARY
  5
11
330
A
100
AcDbDictionary
281
1
  0
ACDBDICTIONARYWDFLT
  5
12
330
A
100
AcDbDictionary
281
1
  3
Normal
350
13
100
AcDbDictionaryWithDefault
340
13
  0
ACDBPLACEHOLDER
  5
13
330
12
  0
DICTIONARY
  5
14
330
A
100
AcDbDictionary
281
1
  0
DICTIONARY
  5
15
330
A
100
AcDbDictionary
281
1
  0
DICTIONARY
  5
16
330
A
100
AcDbDictionary
281
1
  0
LAYOUT
  5
1A
330
D
100
AcDbPlotSettings
  1

  4
A3
  6

 40
7.5
 41
20.0
 42
7.5
 43
20.0
 44
420.0
 45
297.0
 46
0.0
 47
0.0
 48
0.0
 49
0.0
140
0.0
141
0.0
142
1.0
143
1.0
 70
1024
 72
1
 73
0
 74
5
  7

 75
16
 76
0
 77
2
 78
300
147
1.0
148
0.0
149
0.0
100
AcDbLayout
  1
Model
 70
1
 71
0
 10
0.0
 20
0.0
 11
420.0
 21
297.0
 12
0.0
 22
0.0
 32
0.0
 14
1e+20
 24
1e+20
 34
1e+20
 15
-1e+20
 25
-1e+20
 35
-1e+20
146
0.0
 13
0.0
 23
0.0
 33
0.0
 16
1.0
 26
0.0
 36
0.0
 17
0.0
 27
1.0
 37
0.0
 76
1
330
17
  0
LAYOUT
  5
1E
330
D
100
AcDbPlotSettings
  1

  4
A3
  6

 40
7.5
 41
20.0
 42
7.5
 43
20.0
 44
420.0
 45
297.0
 46
0.0
 47
0.0
 48
0.0
 49
0.0
140
0.0
141
0.0
142
1.0
143
1.0
 70
0
 72
1
 73
0
 74
5
  7

 75
16
 76
0
 77
2
 78
300
147
1.0
148
0.0
149
0.0
100
AcDbLayout
  1
Layout1
 70
1
 71
1
 10
0.0
 20
0.0
 11
420.0
 21
297.0
 12
0.0
 22
0.0
 32
0.0
 14
1e+20
 24
1e+20
 34
1e+20
 15
-1e+20
 25
-1e+20
 35
-1e+20
146
0.0
 13
0.0
 23
0.0
 33
0.0
 16
1.0
 26
0.0
 36
0.0
 17
0.0
 27
1.0
 37
0.0
 76
1
330
1B
  0
MATERIAL
  5
1F
102
{ACAD_REACTORS
330
E
102
}
330
E
100
AcDbMaterial
  1
ByBlock
  2

 70
0
 40
1.0
 71
1
 41
1.0
 91
-1023410177
 42
1.0
 72
1
  3

 73
1
 74
1
 75
1
 44
0.5
 73
0
 45
1.0
 46
1.0
 77
1
  4

 78
1
 79
1
170
1
 48
1.0
171
1
  6

172
1
173
1
174
1
140
1.0
141
1.0
175
1
  7

176
1
177
1
178
1
143
1.0
179
1
  8

270
1
271
1
272
1
145
1.0
146
1.0
273
1
  9

274
1
275
1
276
1
 42
1.0
 72
1
  3

 73
1
 74
1
 75
1
 94
63
  0
MATERIAL
  5
20
102
{ACAD_REACTORS
330
E
102
}
330
E
100
AcDbMaterial
  1
ByLayer
  2

 70
0
 40
1.0
 71
1
 41
1.0
 91
-1023410177
 42
1.0
 72
1
  3

 73
1
 74
1
 75
1
 44
0.5
 73
0
 45
1.0
 46
1.0
 77
1
  4

 78
1
 79
1
170
1
 48
1.0
171
1
  6

172
1
173
1
174
1
140
1.0
141
1.0
175
1
  7

176
1
177
1
178
1
143
1.0
179
1
  8

270
1
271
1
272
1
145
1.0
146
1.0
273
1
  9

274
1
275
1
276
1
 42
1.0
 72
1
  3

 73
1
 74
1
 75
1
 94
63
  0
MATERIAL
  5
21
102
{ACAD_REACTORS
330
E
102
}
330
E
100
AcDbMaterial
  1
Global
  2

 70
0
 40
1.0
 71
1
 41
1.0
 91
-1023410177
 42
1.0
 72
1
  3

 73
1
 74
1
 75
1
 44
0.5
 73
0
 45
1.0
 46
1.0
 77
1
  4

 78
1
 79
1
170
1
 48
1.0
171
1
  6

172
1
173
1
174
1
140
1.0
141
1.0
175
1
  7

176
1
177
1
178
1
143
1.0
179
1
  8

270
1
271
1
272
1
145
1.0
146
1.0
273
1
  9

274
1
275
1
276
1
 42
1.0
 72
1
  3

 73
1
 74
1
 75
1
 94
63
  0
MLINESTYLE
  5
22
102
{ACAD_REACTORS
330
10
102
}
330
10
100
AcDbMlineStyle
  2
Standard
 70
0
  3

 62
256
 51
90.0
 52
90.0
 71
2
 49
0.5
 62
256
  6
BYLAYER
 49
-0.5
 62
256
  6
BYLAYER
  0
MLEADERSTYLE
  5
2C
102
{ACAD_REACTORS
330
F
102
}
330
F
100
AcDbMLeaderStyle
179
2
170
2
171
1
172
0
 90
2
 40
0.0
 41
0.0
173
1
 91
-1056964608
 92
-2
290
1
 42
2.0
291
1
 43
8.0
  3
Standard
 44
4.0
300

342
29
174
1
175
1
176
0
178
1
 93
-1056964608
 45
4.0
292
0
297
0
 46
4.0
 94
-1056964608
 47
1.0
 49
1.0
140
1.0
294
1
141
0.0
177
0
142
1.0
295
0
296
0
143
3.75
271
0
272
9
273
9
  0
DICTIONARY
  5
2D
330
A
100
AcDbDictionary
280
1
281
1
  3
CREATED_BY_EZDXF
350
2E
  3
WRITTEN_BY_EZDXF
350
EE
  0
DICTIONARYVAR
  5
2E
330
2D
100
DictionaryVariables
280
0
  1
1.4.4 @ 2026-09-17T16:50:32.964804+00:00
  0
DICTIONARYVAR
  5
EE
330
2D
100
DictionaryVariables
280
0
  1
1.4.4 @ 2026-09-17T16:50:32.998982+00:00
  0
ENDSEC
  0
EOF
